postTime,lon,lat,sog,cog,heading,rot
2025-07-01 00:27:21,119.06451666666666,32.23206666666667,0.0,173.9,,
2025-07-01 00:58:37,119.06451666666666,32.23206666666667,0.1,126.5,,
2025-07-01 01:29:46,119.06453333333332,32.23209,0.0,25.7,,
2025-07-01 01:59:46,119.06454666666669,32.232083333333335,0.1,216.9,,
2025-07-01 02:29:46,119.06453333333332,32.23209333333333,0.1,234.8,,
2025-07-01 02:59:46,119.06453333333332,32.23209333333333,0.1,319.3,,
2025-07-01 03:31:05,119.06453333333332,32.232083333333335,0.1,20.6,,
2025-07-01 04:02:18,119.06453333333332,32.232083333333335,0.1,191.2,,
2025-07-01 04:32:52,119.06453333333332,32.232083333333335,0.1,131.2,,
2025-07-01 05:03:27,119.06453333333332,32.232083333333335,0.0,154.8,,
2025-07-01 05:35:27,119.06451666666666,32.232083333333335,0.1,343.6,,
2025-07-01 06:05:46,119.06453333333332,32.23208666666667,0.1,159.5,,
2025-07-01 06:35:46,119.06453333333332,32.2321,0.0,341.5,,
2025-07-01 07:08:24,119.0645,32.2321,0.1,178.8,,
2025-07-01 07:38:58,119.06451666666666,32.2321,0.0,16.1,,
2025-07-01 08:09:27,119.06453333333332,32.2321,0.1,142.9,,
2025-07-01 08:39:58,119.06453333333332,32.2321,0.1,146.0,,
2025-07-01 09:10:00,119.06451666666666,32.2321,0.1,201.4,,
2025-07-01 09:42:49,119.06452,32.2321,0.0,219.6,,
2025-07-01 10:12:49,119.06453333333332,32.232083333333335,0.1,55.1,,
2025-07-01 10:42:49,119.06452,32.23209,0.1,158.6,,
2025-07-01 11:12:49,119.06453333333332,32.2321,0.0,245.8,,
2025-07-01 11:42:49,119.06452,32.23209,0.0,117.7,,
2025-07-01 12:13:44,119.06451666666666,32.232083333333335,0.1,147.8,,
2025-07-01 12:44:16,119.06451666666666,32.23206666666667,0.1,10.4,,
2025-07-01 13:14:44,119.06450666666667,32.23209,0.1,172.4,,
2025-07-01 13:44:44,119.06453333333332,32.23209,0.0,297.8,,
2025-07-01 14:14:44,119.06452,32.232083333333335,0.0,0.8,,
2025-07-01 14:44:44,119.06450666666667,32.232063333333336,0.1,36.7,,
2025-07-01 15:16:03,119.06451666666666,32.232083333333335,0.0,110.4,,
2025-07-01 15:46:36,119.0645,32.23206666666667,0.1,196.0,,
2025-07-01 16:17:53,119.06451666666666,32.23206666666667,0.0,179.6,,
2025-07-01 16:50:39,119.06451666666666,32.23206666666667,0.0,359.2,,
2025-07-01 17:20:42,119.06452,32.23208,0.0,319.5,,
2025-07-01 17:50:42,119.06452,32.23208,0.0,267.2,,
2025-07-01 18:20:42,119.06453333333332,32.232063333333336,0.1,187.5,,
2025-07-01 18:53:38,119.06451666666666,32.232083333333335,0.1,259.9,,
2025-07-01 19:23:41,119.06453333333332,32.23207333333333,0.0,280.4,,
2025-07-01 19:53:41,119.06450666666667,32.23206666666667,0.1,327.0,,
2025-07-01 20:23:42,119.06452,32.23207333333333,0.2,262.2,,
2025-07-01 20:53:42,119.06452,32.232063333333336,0.1,160.6,,
2025-07-01 21:23:42,119.06452,32.23208,0.1,336.9,,
2025-07-01 21:54:31,119.06451666666666,32.23205,0.1,345.2,,
2025-07-01 22:24:37,119.06452,32.232063333333336,0.1,163.4,,
2025-07-01 22:54:37,119.06452,32.23205333333333,0.0,0.6,,
2025-07-01 23:24:37,119.06453333333332,32.232063333333336,0.1,312.6,,
2025-07-01 23:55:08,119.06453333333332,32.232083333333335,0.1,151.0,,
2025-07-02 00:26:00,119.06451666666666,32.23206666666667,0.0,344.6,,
2025-07-02 00:57:33,119.06451666666666,32.23206666666667,0.0,123.8,,
2025-07-02 01:27:35,119.06452,32.23208666666667,0.0,130.0,,
2025-07-02 01:57:36,119.06453333333332,32.23209,0.0,142.9,,
2025-07-02 02:27:36,119.06453333333332,32.232083333333335,0.1,299.1,,
2025-07-02 02:58:08,119.06451666666666,32.23206666666667,0.1,1.8,,
2025-07-02 03:31:39,119.06451666666666,32.232083333333335,0.2,144.6,,
2025-07-02 04:02:00,119.06453333333332,32.232083333333335,0.1,169.8,,
2025-07-02 04:32:45,119.06453333333332,32.2321,0.1,167.4,,
2025-07-02 05:03:35,119.06453333333332,32.23209,0.0,5.4,,
2025-07-02 05:33:52,119.06451666666666,32.232083333333335,0.1,214.3,,
2025-07-02 06:05:00,119.06451666666666,32.232083333333335,0.2,152.8,,
2025-07-02 06:36:34,119.06453333333332,32.2321,0.1,33.3,,
2025-07-02 07:06:34,119.06452,32.2321,0.1,4.7,,
2025-07-02 07:36:59,119.0645,32.232083333333335,0.0,199.2,,
2025-07-02 08:07:32,119.06453333333332,32.23211666666667,0.1,313.0,,
2025-07-02 08:38:11,119.06453333333332,32.23211333333333,0.0,167.2,,
2025-07-02 09:08:11,119.06452,32.23211333333333,0.1,183.4,,
2025-07-02 09:27:18,119.06451666666666,32.2321,0.8,345.5,,
2025-07-02 09:57:54,119.06456666666666,32.2321,0.0,26.3,,
2025-07-02 10:28:27,119.06453333333332,32.2321,0.0,161.7,,
2025-07-02 10:59:11,119.06453333333332,32.23209333333333,0.0,188.5,,
2025-07-02 11:29:11,119.06452,32.232083333333335,0.1,174.8,,
2025-07-02 11:59:56,119.06451666666666,32.23206666666667,0.1,326.9,,
2025-07-02 12:31:14,119.06451666666666,32.23206666666667,0.1,315.4,,
2025-07-02 13:01:48,119.06448333333331,32.232083333333335,0.0,333.2,,
2025-07-02 13:32:00,119.0645,32.232083333333335,0.0,136.8,,
2025-07-02 14:02:44,119.06451666666666,32.23206666666667,0.0,312.6,,
2025-07-02 14:33:17,119.06451666666666,32.23206666666667,0.0,141.2,,
2025-07-02 15:05:00,119.06451666666666,32.23206666666667,0.1,320.9,,
2025-07-02 15:20:57,119.06452,32.23209,0.1,315.7,,
2025-07-02 15:50:57,119.06453333333332,32.23208,0.1,335.8,,
2025-07-02 16:20:57,119.06453333333332,32.23208,0.1,2.1,,
2025-07-02 16:51:06,119.06451666666666,32.23206666666667,0.0,128.6,,
2025-07-02 17:22:19,119.06452,32.23207333333333,0.2,171.5,,
2025-07-02 17:52:19,119.06450666666667,32.23208,0.0,196.6,,
2025-07-02 18:22:19,119.06453333333332,32.232056666666665,0.1,191.1,,
2025-07-02 18:52:19,119.06452,32.232083333333335,0.0,327.9,,
2025-07-02 19:22:19,119.06452,32.23207,0.0,193.8,,
2025-07-02 19:52:19,119.06452,32.23208,0.2,90.7,,
2025-07-02 20:22:34,119.06451666666666,32.23206666666667,0.1,181.0,,
2025-07-02 20:54:37,119.06451666666666,32.23205,0.0,179.1,,
2025-07-02 21:25:48,119.0645,32.23206666666667,0.0,173.7,,
2025-07-02 21:57:04,119.06450666666667,32.23208,0.0,160.7,,
2025-07-02 22:27:04,119.06452,32.232063333333336,0.0,351.8,,
2025-07-02 22:58:00,119.06451666666666,32.23205,0.0,130.8,,
2025-07-02 23:28:32,119.06453333333332,32.23206666666667,0.2,130.1,,
2025-07-02 23:58:53,119.06454666666669,32.23208,0.1,122.2,,
2025-07-03 00:28:53,119.06453333333332,32.232083333333335,0.1,277.3,,
2025-07-03 01:00:00,119.06451666666666,32.23206666666667,0.1,90.6,,
2025-07-03 01:30:00,119.06451666666666,32.232083333333335,0.0,96.0,,
2025-07-03 02:00:32,119.06452,32.2321,0.0,168.5,,
2025-07-03 02:30:32,119.06453333333332,32.23209333333333,0.0,355.6,,
2025-07-03 03:01:04,119.0645,32.232083333333335,0.0,325.0,,
2025-07-03 03:32:00,119.06451666666666,32.2321,0.1,191.4,,
2025-07-03 04:02:04,119.06453333333332,32.2321,0.0,345.7,,
2025-07-03 04:32:26,119.06452,32.23209666666666,0.1,34.4,,
2025-07-03 05:02:26,119.06452,32.23208666666667,0.0,192.8,,
2025-07-03 05:32:26,119.06452,32.23209666666666,0.1,216.3,,
2025-07-03 06:02:26,119.06453333333332,32.23209,0.0,177.6,,
2025-07-03 06:33:07,119.06451666666666,32.2321,0.1,197.1,,
2025-07-03 07:04:00,119.06451666666666,32.2321,0.0,164.2,,
2025-07-03 07:34:00,119.06451666666666,32.232083333333335,0.1,190.3,,
2025-07-03 08:06:15,119.06453333333332,32.2321,0.0,25.3,,
2025-07-03 08:36:56,119.06453333333332,32.2321,0.0,154.0,,
2025-07-03 09:06:56,119.06453333333332,32.23211,0.0,222.8,,
2025-07-03 09:36:56,119.06452,32.23210666666667,0.1,57.0,,
2025-07-03 10:07:00,119.06451666666666,32.23206666666667,0.0,24.7,,
2025-07-03 10:37:00,119.06451666666666,32.2321,0.1,21.6,,
2025-07-03 11:07:00,119.06451666666666,32.232083333333335,0.1,222.6,,
2025-07-03 11:37:13,119.06452,32.23208,0.0,163.3,,
2025-07-03 12:07:17,119.06451666666666,32.232083333333335,0.0,117.2,,
2025-07-03 12:37:45,119.0645,32.232083333333335,0.0,326.7,,
2025-07-03 13:08:59,119.0645,32.232083333333335,0.1,112.2,,
2025-07-03 13:39:00,119.0645,32.23206666666667,0.0,207.6,,
2025-07-03 14:10:11,119.06452,32.23207333333333,0.1,226.6,,
2025-07-03 14:40:11,119.06453333333332,32.23208,0.0,183.4,,
2025-07-03 15:10:54,119.06452,32.23208,0.1,123.7,,
2025-07-03 15:40:54,119.06452,32.232083333333335,0.0,351.9,,
2025-07-03 16:10:55,119.06450666666667,32.23209,0.1,212.2,,
2025-07-03 16:40:55,119.06452,32.23207,0.0,144.1,,
2025-07-03 17:11:27,119.06452,32.23208,0.0,145.0,,
2025-07-03 17:41:27,119.06452,32.23208,0.1,208.5,,
2025-07-03 18:11:27,119.06452,32.23207,0.0,323.6,,
2025-07-03 18:41:27,119.06452,32.232083333333335,0.1,261.3,,
2025-07-03 19:11:27,119.06453333333332,32.23206666666667,0.1,270.6,,
2025-07-03 19:41:27,119.06452,32.23207,0.0,50.6,,
2025-07-03 20:11:51,119.06451666666666,32.23206666666667,0.0,293.4,,
2025-07-03 20:42:25,119.06451666666666,32.23206666666667,0.2,197.7,,
2025-07-03 21:13:00,119.06453333333332,32.23206666666667,0.0,344.0,,
2025-07-03 21:44:14,119.06451666666666,32.23206666666667,0.1,141.7,,
2025-07-03 22:14:25,119.06452,32.232056666666665,0.1,143.8,,
2025-07-03 22:44:25,119.06452,32.23205333333333,0.1,186.6,,
2025-07-03 23:14:58,119.06453333333332,32.23206666666667,0.1,139.3,,
2025-07-03 23:46:00,119.06453333333332,32.23206666666667,0.0,125.7,,
2025-07-04 00:16:36,119.06453333333332,32.23206666666667,0.0,177.4,,
2025-07-04 00:47:25,119.06452,32.23207,0.0,61.8,,
2025-07-04 01:17:37,119.06451666666666,32.232083333333335,0.2,96.3,,
2025-07-04 01:48:06,119.06453333333332,32.232083333333335,0.1,129.4,,
2025-07-04 02:19:21,119.06453333333332,32.232083333333335,0.1,169.9,,
2025-07-04 02:50:24,119.06453333333332,32.23208666666667,0.1,318.3,,
2025-07-04 03:20:24,119.06453333333332,32.23209,0.0,307.9,,
2025-07-04 03:50:24,119.06452,32.23209333333333,0.1,355.7,,
2025-07-04 04:21:00,119.06451666666666,32.232083333333335,0.0,184.1,,
2025-07-04 04:51:51,119.06451666666666,32.232083333333335,0.1,160.1,,
2025-07-04 05:21:52,119.06453333333332,32.23209666666666,0.1,151.7,,
2025-07-04 05:52:13,119.06452,32.23208666666667,0.1,208.3,,
2025-07-04 06:22:13,119.06452,32.23209333333333,0.0,156.4,,
2025-07-04 06:52:13,119.06452,32.23211,0.1,202.6,,
2025-07-04 07:22:13,119.06450666666667,32.2321,0.0,351.7,,
2025-07-04 07:52:13,119.06452,32.23211333333333,0.2,156.2,,
2025-07-04 08:22:30,119.06451666666666,32.23211666666667,0.1,184.0,,
2025-07-04 08:53:48,119.06451666666666,32.2321,0.1,202.5,,
2025-07-04 09:24:28,119.06448333333331,32.2321,0.1,23.6,,
2025-07-04 09:55:12,119.06452,32.2321,0.1,151.1,,
2025-07-04 10:25:36,119.06451666666666,32.232083333333335,0.1,109.7,,
2025-07-04 10:56:48,119.06451666666666,32.2321,0.0,170.9,,
2025-07-04 11:27:20,119.06451666666666,32.232083333333335,0.1,180.2,,
2025-07-04 11:57:51,119.06452,32.23208666666667,0.1,109.4,,
2025-07-04 12:27:59,119.06451666666666,32.23206666666667,0.0,180.4,,
2025-07-04 12:58:41,119.0645,32.232083333333335,0.1,358.0,,
2025-07-04 13:30:49,119.06452,32.23208,0.1,280.9,,
2025-07-04 14:00:49,119.06450666666667,32.23209333333333,0.0,277.4,,
2025-07-04 14:30:49,119.06452,32.23207333333333,0.1,41.1,,
2025-07-04 15:00:49,119.06452,32.23208666666667,0.0,196.6,,
2025-07-04 15:30:49,119.06453333333332,32.232083333333335,0.0,14.1,,
2025-07-04 16:00:49,119.06452,32.23207,0.1,197.3,,
2025-07-04 16:31:17,119.06451666666666,32.23206666666667,0.0,203.8,,
2025-07-04 17:02:00,119.06451666666666,32.23206666666667,0.1,166.2,,
2025-07-04 17:32:00,119.06453333333332,32.23206666666667,0.1,186.6,,
2025-07-04 18:02:00,119.06453333333332,32.232083333333335,0.1,241.8,,
2025-07-04 18:33:21,119.0645,32.232083333333335,0.1,281.4,,
2025-07-04 19:03:24,119.06453333333332,32.23207,0.1,235.9,,
2025-07-04 19:34:01,119.06451666666666,32.23206666666667,0.1,150.5,,
2025-07-04 20:04:05,119.0645,32.23206666666667,0.1,77.6,,
2025-07-04 20:35:36,119.0645,32.232083333333335,0.1,195.2,,
2025-07-04 21:03:59,119.06501666666666,32.2305,6.2,143.6,,
2025-07-04 21:06:04,119.07068,32.231926666666666,11.5,52.5,,
2025-07-04 21:08:04,119.0768,32.23597,11.8,54.0,,
2025-07-04 21:10:04,119.08338666666668,32.23949666666667,11.8,59.7,,
2025-07-04 21:35:34,119.18089333333332,32.23842,11.8,109.0,,
2025-07-04 21:37:34,119.18813333333334,32.23613,11.9,112.5,,
2025-07-04 21:40:04,119.19688,32.23269333333333,11.7,115.3,,
2025-07-04 21:42:04,119.20381333333331,32.22987666666667,11.7,116.2,,
2025-07-04 21:44:04,119.21061333333331,32.22691,11.7,118.1,,
2025-07-04 21:46:04,119.21730666666669,32.22398666666667,11.3,117.5,,
2025-07-04 21:48:04,119.22372,32.22113,11.0,119.5,,
2025-07-04 21:50:34,119.23125333333331,32.21698,11.0,124.1,,
2025-07-04 21:53:04,119.23856,32.212806666666665,10.7,125.1,,
2025-07-04 21:55:04,119.24433333333332,32.209293333333335,10.9,125.1,,
2025-07-04 21:57:04,119.25017333333334,32.20576,11.0,125.6,,
2025-07-04 21:59:32,119.25733333333334,32.20121666666667,11.1,128.1,,
2025-07-04 22:02:04,119.26498666666669,32.19694666666667,11.1,120.2,,
2025-07-04 22:04:46,119.2736,32.19286666666667,11.1,119.6,,
2025-07-04 22:06:58,119.28105,32.19025,11.1,107.6,,
2025-07-04 22:09:04,119.28852,32.18881,11.1,98.7,,
2025-07-04 22:11:04,119.29585333333333,32.18844,11.3,87.8,,
2025-07-04 22:13:04,119.30334666666668,32.18846,11.4,92.3,,
2025-07-04 22:15:04,119.31082666666669,32.188293333333334,11.3,90.1,,
2025-07-04 22:17:22,119.31931666666668,32.188583333333334,11.5,87.0,,
2025-07-04 22:19:39,119.3278,32.18926666666667,11.3,80.7,,
2025-07-04 22:22:34,119.3384,32.191563333333335,11.5,73.1,,
2025-07-04 22:24:34,119.34542666666668,32.193823333333334,11.6,66.6,,
2025-07-04 22:26:34,119.35246666666669,32.196396666666665,11.6,67.0,,
2025-07-04 22:29:04,119.36086666666668,32.20003,11.5,57.4,,
2025-07-04 22:31:04,119.36656,32.20403666666667,11.3,43.9,,
2025-07-04 22:33:04,119.37062666666668,32.209426666666666,11.9,35.2,,
2025-07-04 22:34:04,119.37302666666666,32.21208333333333,12.1,39.3,,
2025-07-04 22:35:56,119.37776666666667,32.216833333333334,12.0,39.6,,
2025-07-04 22:38:12,119.38356666666668,32.2226,11.9,42.3,,
2025-07-04 22:39:38,119.38716666666669,32.22626666666667,12.0,40.7,,
2025-07-04 22:41:04,119.39084,32.230003333333336,12.1,39.9,,
2025-07-04 22:42:04,119.39334666666667,32.23261333333333,12.1,38.7,,
2025-07-04 22:43:04,119.39584,32.23531,12.4,38.1,,
2025-07-04 22:44:04,119.39841333333334,32.23796,12.4,41.0,,
2025-07-04 23:25:34,119.53694666666668,32.23692,7.9,133.8,,
2025-07-04 23:27:34,119.54048,32.233653333333336,8.2,138.5,,
2025-07-04 23:29:34,119.54405333333334,32.230446666666666,7.5,137.1,,
2025-07-04 23:31:34,119.54677333333332,32.22741333333333,5.9,146.2,,
2025-07-04 23:35:33,119.54891666666668,32.221983333333334,4.8,174.3,,
2025-07-04 23:38:34,119.54878666666669,32.21808,4.9,186.3,,
2025-07-04 23:41:03,119.54830666666666,32.21427,8.6,184.6,,
2025-07-04 23:43:07,119.54808,32.20873666666667,10.6,178.4,,
2025-07-04 23:46:04,119.55028,32.200026666666666,11.0,161.8,,
2025-07-04 23:48:34,119.55552,32.194026666666666,10.2,129.0,,
2025-07-04 23:51:14,119.56176666666668,32.1902,8.3,114.9,,
2025-07-04 23:54:04,119.56872,32.188233333333336,8.6,106.7,,
2025-07-04 23:56:31,119.57551666666669,32.18685,7.9,101.2,,
2025-07-04 23:58:33,119.58076,32.18646666666667,7.1,91.4,,
2025-07-05 00:00:33,119.58530666666668,32.18644333333334,6.8,90.2,,
2025-07-05 00:03:03,119.59101333333334,32.18638,7.5,91.9,,
2025-07-05 00:05:33,119.59670666666666,32.18643333333333,6.6,85.0,,
2025-07-05 00:07:33,119.60102666666668,32.18701333333333,6.7,77.3,,
2025-07-05 00:10:04,119.60648,32.18842333333333,7.0,71.2,,
2025-07-05 00:12:52,119.61356666666669,32.190466666666666,8.9,74.6,,
2025-07-05 00:15:03,119.62048,32.19159666666667,11.4,88.2,,
2025-07-05 00:17:20,119.62878333333332,32.192433333333334,11.4,77.5,,
2025-07-05 00:19:34,119.63718666666666,32.19432,11.9,71.5,,
2025-07-05 00:21:03,119.64281333333334,32.196063333333335,12.0,67.3,,
2025-07-05 00:23:03,119.64974666666669,32.19904666666667,11.9,63.9,,
2025-07-05 00:25:05,119.65648,32.20232333333333,11.9,61.8,,
2025-07-05 00:26:22,119.66068333333334,32.204948333333334,12.4,45.8,,
2025-07-05 00:27:33,119.6638,32.20822,12.5,35.7,,
2025-07-05 00:28:33,119.66613333333332,32.211166666666664,12.8,32.3,,
2025-07-05 00:29:34,119.66852,32.21428,13.6,33.3,,
2025-07-05 00:30:34,119.67110666666666,32.217196666666666,13.2,46.2,,
2025-07-05 00:32:04,119.67481333333332,32.22152,11.8,29.1,,
2025-07-05 00:34:33,119.67802666666668,32.228366666666666,12.1,16.6,,
2025-07-05 00:35:33,119.67929333333332,32.23163,12.5,19.7,,
2025-07-05 00:36:33,119.68061333333333,32.23495,12.7,17.7,,
2025-07-05 00:37:33,119.68192,32.23834,12.7,18.7,,
2025-07-05 02:03:03,119.87164,32.238973333333334,10.6,172.9,,
2025-07-05 02:05:03,119.87246666666668,32.23306,10.8,171.9,,
2025-07-05 02:07:33,119.87397333333334,32.22556,11.0,167.5,,
2025-07-05 02:09:33,119.87570666666667,32.21959666666667,11.0,166.1,,
2025-07-05 02:11:33,119.87754666666666,32.21363,11.0,166.3,,
2025-07-05 02:13:46,119.87662666666668,32.21664333333333,11.0,165.4,,
2025-07-05 02:16:09,119.87801666666668,32.211933333333334,11.2,166.3,,
2025-07-05 02:18:09,119.87985333333332,32.20444333333333,11.5,168.3,,
2025-07-05 02:20:32,119.88368,32.18541333333334,11.7,172.3,,
2025-07-05 02:23:02,119.88450666666668,32.17745333333333,11.1,174.6,,
2025-07-05 02:25:58,119.88417333333334,32.18058333333333,11.3,176.0,,
2025-07-05 02:27:59,119.88481333333333,32.17273333333333,11.2,177.1,,
2025-07-05 02:31:03,119.88734666666667,32.15270666666667,10.8,168.3,,
2025-07-05 02:33:14,119.88765,32.151516666666666,10.8,168.3,,
2025-07-05 02:35:20,119.88833333333334,32.14928333333334,10.9,164.8,,
2025-07-05 02:38:12,119.89326666666666,32.13883333333333,10.8,157.3,,
2025-07-05 02:40:14,119.90049333333332,32.12743,10.8,159.4,,
2025-07-05 02:43:13,119.90288,32.118543333333335,10.9,165.5,,
2025-07-05 02:46:42,119.90618666666668,32.10841333333333,10.5,164.6,,
2025-07-05 02:48:42,119.90773333333334,32.10269666666667,10.4,169.9,,
2025-07-05 02:52:00,119.91006666666668,32.093266666666665,10.4,165.6,,
2025-07-05 02:54:13,119.91265333333334,32.08734666666667,10.9,156.8,,
2025-07-05 02:57:12,119.91672,32.078633333333336,11.2,159.8,,
2025-07-05 02:59:42,119.92097333333334,32.071533333333335,11.6,155.8,,
2025-07-05 03:01:42,119.92405333333332,32.06557,11.5,156.9,,
2025-07-05 03:04:42,119.92834666666668,32.05663666666667,11.5,157.2,,
2025-07-05 03:07:42,119.93276,32.0477,11.4,155.6,,
2025-07-05 03:09:42,119.93596,32.04185,11.5,153.8,,
2025-07-05 03:11:42,119.93949333333332,32.03609,11.6,152.2,,
2025-07-05 03:13:42,119.94308,32.03036,11.4,150.1,,
2025-07-05 03:17:12,119.94942666666668,32.02071333333333,10.3,152.5,,
2025-07-05 03:19:12,119.95252,32.01660666666667,7.9,141.2,,
2025-07-05 03:21:12,119.95548,32.013603333333336,6.1,138.3,,
2025-07-05 03:23:13,119.95846666666668,32.010913333333335,6.8,132.2,,
2025-07-05 03:25:30,119.96266666666666,32.00833333333333,7.0,125.8,,
2025-07-05 03:27:42,119.96624,32.005763333333334,6.4,132.0,,
2025-07-05 03:29:42,119.96964,32.00311666666666,7.2,132.0,,
2025-07-05 03:31:42,119.97293333333332,32.000643333333336,7.0,129.7,,
2025-07-05 03:33:42,119.97746666666669,31.99707,11.7,136.0,,
2025-07-05 03:35:42,119.98253333333334,31.99271333333333,10.2,131.2,,
2025-07-05 03:37:42,119.987,31.98885333333333,9.9,139.7,,
2025-07-05 03:39:42,119.99125333333332,31.98454,10.2,139.6,,
2025-07-05 03:41:42,119.99574666666666,31.980506666666667,9.7,132.9,,
2025-07-05 03:43:49,120.00129333333334,31.976803333333333,10.3,124.1,,
2025-07-05 03:45:49,120.00684,31.973696666666665,10.4,122.6,,
2025-07-05 03:47:49,120.01261333333332,31.970606666666665,10.3,118.9,,
2025-07-05 03:49:49,120.01885333333334,31.96829333333333,10.5,113.3,,
2025-07-05 03:51:49,120.02534666666666,31.966086666666666,10.7,110.9,,
2025-07-05 03:54:43,120.03486666666667,31.96275,11.0,112.5,,
2025-07-05 03:56:49,120.04184,31.960643333333334,10.8,107.9,,
2025-07-05 03:59:12,120.04986666666667,31.958683333333333,10.6,103.5,,
2025-07-05 04:01:16,120.05693333333332,31.957146666666667,10.8,106.5,,
2025-07-05 04:03:45,120.06537333333333,31.954823333333334,10.8,107.8,,
2025-07-05 04:05:45,120.07198666666666,31.95292,10.7,109.4,,
2025-07-05 04:07:45,120.07848,31.95111,10.4,105.3,,
2025-07-05 04:10:00,120.08823333333332,31.94843333333333,10.6,110.0,,
2025-07-05 04:12:15,120.09317333333334,31.94688333333333,10.2,108.8,,
2025-07-05 04:14:15,120.0994,31.945126666666667,10.1,109.6,,
2025-07-05 04:16:17,120.10568,31.94324,10.0,107.6,,
2025-07-05 04:18:44,120.11362666666666,31.94125,10.2,107.3,,
2025-07-05 04:20:45,120.12001333333332,31.939533333333333,10.3,107.4,,
2025-07-05 04:23:44,120.12962666666668,31.937006666666665,10.2,105.5,,
2025-07-05 04:25:44,120.13610666666666,31.93545,10.3,105.1,,
2025-07-05 04:27:44,120.14266666666668,31.934103333333333,10.4,101.3,,
2025-07-05 04:29:44,120.1494,31.933156666666665,10.4,97.9,,
2025-07-05 04:32:08,120.15745333333334,31.932,10.5,101.7,,
2025-07-05 04:34:08,120.1642,31.93068333333333,10.6,102.3,,
2025-07-05 04:36:08,120.17098666666666,31.929516666666668,10.6,99.6,,
2025-07-05 04:39:08,120.18113333333334,31.92829,10.2,94.9,,
2025-07-05 04:41:47,120.19013333333334,31.9276,10.3,94.5,,
2025-07-05 04:45:08,120.20152,31.927086666666668,10.7,95.4,,
2025-07-05 04:47:50,120.21091666666666,31.926766666666666,10.5,91.1,,
2025-07-05 04:50:08,120.21878666666667,31.927086666666668,10.5,85.2,,
2025-07-05 04:52:08,120.22561333333331,31.927716666666665,10.4,83.8,,
2025-07-05 04:54:08,120.2324,31.928376666666665,10.3,82.2,,
2025-07-05 04:56:08,120.23916,31.929516666666668,10.7,74.2,,
2025-07-05 04:58:08,120.24588,31.931346666666663,10.9,71.8,,
2025-07-05 05:00:08,120.25238666666668,31.93354666666667,10.6,63.5,,
2025-07-05 05:02:39,120.26005,31.93735,10.9,57.9,,
2025-07-05 05:04:50,120.26686666666669,31.9405,10.8,60.9,,
2025-07-05 05:07:00,120.27375,31.943466666666662,10.9,63.5,,
2025-07-05 05:09:18,120.281,31.9464,10.8,66.7,,
2025-07-05 05:11:30,120.28826666666669,31.948833333333333,10.7,68.1,,
2025-07-05 05:13:38,120.29512,31.951163333333334,10.8,66.0,,
2025-07-05 05:15:38,120.30146666666668,31.95369,10.7,65.1,,
2025-07-05 05:18:08,120.30936,31.956983333333334,10.8,62.1,,
2025-07-05 05:20:08,120.31536,31.960106666666668,10.6,56.4,,
2025-07-05 05:22:08,120.32097333333331,31.963466666666665,10.5,54.5,,
2025-07-05 05:24:08,120.32644,31.96697333333333,10.4,51.4,,
2025-07-05 05:26:29,120.33251666666666,31.97138333333333,10.4,48.5,,
2025-07-05 05:28:38,120.33849333333332,31.974976666666667,10.4,54.5,,
2025-07-05 05:30:38,120.34392,31.978373333333334,10.3,54.6,,
2025-07-05 05:32:38,120.34933333333332,31.981786666666668,10.2,51.8,,
2025-07-05 05:34:38,120.35477333333333,31.985216666666663,10.3,54.6,,
2025-07-05 05:36:38,120.36028,31.98850333333333,10.2,55.8,,
2025-07-05 05:39:08,120.36730666666666,31.99256,10.3,56.3,,
2025-07-05 05:41:08,120.37286666666668,31.99588,10.4,52.3,,
2025-07-05 05:43:08,120.37829333333332,31.999486666666662,10.4,51.9,,
2025-07-05 05:45:08,120.38346666666666,32.00328666666667,10.6,43.0,,
2025-07-05 05:47:08,120.38861333333334,32.00711,10.6,56.5,,
2025-07-05 05:49:08,120.39441333333332,32.01035,10.5,56.7,,
2025-07-05 05:51:08,120.40004,32.01378666666667,10.5,54.6,,
2025-07-05 05:53:08,120.40608,32.016693333333336,10.7,65.7,,
2025-07-05 05:55:08,120.41246666666666,32.019193333333334,10.8,65.5,,
2025-07-05 05:57:37,120.42069333333332,32.0219,10.8,70.6,,
2025-07-05 05:59:38,120.42726666666668,32.02404,10.4,62.0,,
2025-07-05 06:01:38,120.43370666666668,32.02647,10.8,68.9,,
2025-07-05 06:03:38,120.44055,32.02835,11.0,76.2,,
2025-07-05 06:06:37,120.45096,32.03011,10.2,79.9,,
2025-07-05 06:08:37,120.45754666666669,32.03064666666667,10.1,87.3,,
2025-07-05 06:10:38,120.46430666666669,32.03081666666667,10.3,86.4,,
2025-07-05 06:13:08,120.47284,32.031193333333334,10.4,90.0,,
2025-07-05 06:16:07,120.48317333333334,32.030836666666666,10.4,94.7,,
2025-07-05 06:18:07,120.49001333333334,32.030253333333334,10.5,96.4,,
2025-07-05 06:20:40,120.4986,32.029066666666665,10.4,102.4,,
2025-07-05 06:23:08,120.50658666666666,32.02714,10.3,108.1,,
2025-07-05 06:26:07,120.51608,32.02427333333333,10.3,111.8,,
2025-07-05 06:28:07,120.52238666666666,32.02220666666667,10.2,110.8,,
2025-07-05 06:30:07,120.52866666666668,32.02005,10.3,113.7,,
2025-07-05 06:32:37,120.53638666666669,32.017066666666665,10.4,115.7,,
2025-07-05 06:34:37,120.54246666666668,32.014653333333335,10.1,113.2,,
2025-07-05 06:37:43,120.55198333333334,32.01136666666667,10.1,110.9,,
2025-07-05 06:40:38,120.56104,32.00843666666667,10.2,113.8,,
2025-07-05 06:43:07,120.56846666666668,32.0055,9.7,115.2,,
2025-07-05 06:45:07,120.57429333333332,32.00319666666667,9.7,114.2,,
2025-07-05 06:47:07,120.58021333333332,32.00104666666667,9.8,111.8,,
2025-07-05 06:49:07,120.58624,31.999136666666665,9.9,109.2,,
2025-07-05 06:51:37,120.59393333333334,31.99683333333333,10.0,111.3,,
2025-07-05 06:55:07,120.60496,31.99382333333333,10.1,104.0,,
2025-07-05 06:57:07,120.61154666666668,31.99271,10.3,97.4,,
2025-07-05 07:00:56,120.62486666666666,31.99215,11.1,90.2,,
2025-07-05 07:04:37,120.63836,31.992616666666667,11.2,86.4,,
2025-07-05 07:08:07,120.6512,31.99352333333333,11.0,82.4,,
2025-07-05 07:14:07,120.67350666666668,31.99707666666667,12.2,82.4,,
2025-07-05 07:20:07,120.69229333333334,31.999256666666668,6.3,81.9,,
2025-07-05 07:22:07,120.69637333333333,31.99969,5.6,83.5,,
2025-07-05 07:25:07,120.70192,32.00040333333333,6.8,82.7,,
2025-07-05 07:29:07,120.70906666666669,32.00152333333333,6.5,83.1,,
2025-07-05 07:31:07,120.71356,32.00190666666666,7.1,82.9,,
2025-07-05 07:35:17,120.72236666666667,32.00288333333334,9.6,84.9,,
2025-07-05 07:40:07,120.74052,32.003663333333336,11.2,80.2,,
2025-07-05 07:42:07,120.74769333333332,32.004646666666666,11.1,82.5,,
2025-07-05 07:44:37,120.75677333333331,32.005723333333336,11.1,83.6,,
2025-07-05 07:54:37,120.79268,32.00493,10.9,107.0,,
2025-07-05 07:57:41,120.80218333333332,32.001,11.1,111.7,,
2025-07-05 08:12:06,120.84118666666669,31.97312,10.7,142.5,,
2025-07-05 08:16:36,120.84992,31.96166,11.3,146.6,,
2025-07-05 08:22:06,120.85922666666669,31.946586666666665,10.9,159.6,,
2025-07-05 08:24:06,120.86146666666669,31.94098,10.4,162.3,,
2025-07-05 08:26:06,120.86412,31.93574333333333,10.3,151.0,,
2025-07-05 08:28:36,120.86722666666668,31.92925333333333,9.9,159.4,,
2025-07-05 08:30:36,120.8698,31.923926666666667,10.7,157.9,,
2025-07-05 08:32:36,120.87194666666667,31.91840333333333,10.3,162.7,,
2025-07-05 08:34:36,120.87381333333332,31.91291333333333,10.2,165.0,,
2025-07-05 08:36:36,120.87538666666669,31.907296666666667,10.4,167.3,,
2025-07-05 08:38:36,120.87686666666669,31.90164333333333,10.6,168.5,,
2025-07-05 08:40:36,120.87848,31.89603,10.4,165.9,,
2025-07-05 08:43:06,120.88016,31.88891,10.5,171.4,,
2025-07-05 08:45:06,120.88129333333332,31.883196666666667,10.2,170.7,,
2025-07-05 08:47:06,120.88249333333331,31.87763333333333,10.2,169.1,,
2025-07-05 08:49:06,120.88382666666666,31.87207666666667,10.2,165.8,,
2025-07-05 08:51:21,120.88578333333334,31.86598333333333,10.0,164.7,,
2025-07-05 08:53:36,120.88768,31.859866666666665,10.1,164.6,,
2025-07-05 08:56:37,120.89056666666669,31.85163333333333,10.2,164.9,,
2025-07-05 08:59:35,120.89356666666669,31.843566666666668,10.1,159.9,,
2025-07-05 09:02:33,120.89741666666669,31.83566666666667,10.5,156.6,,
2025-07-05 09:04:36,120.90069333333334,31.830226666666668,10.9,149.1,,
2025-07-05 09:06:36,120.9044,31.825,11.1,150.0,,
2025-07-05 09:08:36,120.90770666666668,31.81989,9.8,152.9,,
2025-07-05 09:10:36,120.91068,31.81489,10.0,153.7,,
2025-07-05 09:14:29,120.91716666666666,31.805216666666663,10.3,148.2,,
2025-07-05 09:17:06,120.92204,31.798693333333333,10.5,143.8,,
2025-07-05 09:19:06,120.92594666666666,31.79386,10.3,142.0,,
2025-07-05 09:21:06,120.93037333333334,31.78942333333333,10.4,138.2,,
2025-07-05 09:23:06,120.93516,31.78528333333333,10.4,128.6,,
2025-07-05 09:25:06,120.94068,31.78189,10.3,123.1,,
2025-07-06 00:24:36,120.95441333333332,31.785746666666668,6.4,306.6,,
2025-07-06 00:26:57,120.95051666666669,31.78835,6.5,309.2,,
2025-07-06 00:29:36,120.94630666666669,31.791536666666666,6.5,313.8,,
2025-07-06 00:31:36,120.94314666666666,31.794016666666668,6.6,310.0,,
2025-07-06 00:34:06,120.93901333333334,31.79701333333333,6.7,311.6,,
2025-07-06 00:36:06,120.93585333333333,31.799706666666665,6.8,318.0,,
2025-07-06 00:38:06,120.93286666666668,31.80263,7.0,319.6,,
2025-07-06 00:40:06,120.92992,31.805586666666667,7.0,320.7,,
2025-07-06 00:44:00,120.92433333333334,31.811666666666667,7.1,323.2,,
2025-07-06 00:46:06,120.92130666666668,31.814993333333334,7.3,321.0,,
2025-07-06 00:49:36,120.91614666666666,31.82046,7.1,321.9,,
2025-07-06 00:52:00,120.91285,31.824366666666663,6.9,325.5,,
2025-07-06 00:55:05,120.90935,31.82935,6.8,331.2,,
2025-07-06 00:57:06,120.90746666666666,31.83282,6.7,333.6,,
2025-07-06 00:59:06,120.90581333333331,31.83633,6.8,340.8,,
2025-07-06 01:01:06,120.90450666666666,31.839953333333334,6.7,343.0,,
2025-07-06 01:03:36,120.90290666666668,31.84451,6.7,343.7,,
2025-07-06 01:05:36,120.90164,31.848116666666662,6.7,343.0,,
2025-07-06 01:07:36,120.9005,31.8517,6.6,345.9,,
2025-07-06 01:09:36,120.8994,31.85531,6.6,344.3,,
2025-07-06 01:11:36,120.89828,31.85885333333333,6.5,344.4,,
2025-07-06 01:14:06,120.89689333333334,31.86326333333333,6.6,346.5,,
2025-07-06 01:16:29,120.89573333333334,31.8675,6.4,347.6,,
2025-07-06 01:18:36,120.8948,31.871323333333333,6.6,349.0,,
2025-07-06 01:20:36,120.89404,31.874906666666668,6.5,350.1,,
2025-07-06 01:22:36,120.89333333333332,31.8785,6.6,351.4,,
2025-07-06 01:24:36,120.89272,31.88214333333333,6.5,352.5,,
2025-07-06 01:27:06,120.89184,31.886616666666665,6.4,349.1,,
2025-07-06 01:29:06,120.89082666666668,31.89012,6.5,345.2,,
2025-07-06 01:31:06,120.88972,31.89358333333333,6.4,344.0,,
2025-07-06 01:33:06,120.88845333333332,31.897023333333333,6.4,342.5,,
2025-07-06 01:35:06,120.88717333333334,31.900493333333333,6.5,342.2,,
2025-07-06 01:37:06,120.88578666666666,31.903973333333333,6.6,341.4,,
2025-07-06 01:39:06,120.88437333333331,31.90748,6.6,341.3,,
2025-07-06 01:41:06,120.88285333333332,31.911,6.7,338.2,,
2025-07-06 01:43:23,120.88101666666668,31.91498333333333,6.8,341.0,,
2025-07-06 01:45:35,120.87935,31.91895,6.8,340.0,,
2025-07-06 01:47:36,120.87782666666666,31.9225,6.7,339.4,,
2025-07-06 01:49:36,120.87626666666668,31.926016666666666,6.7,341.6,,
2025-07-06 01:51:36,120.87486666666666,31.92953333333333,6.7,342.4,,
2025-07-06 01:53:36,120.87344,31.933006666666667,6.7,340.5,,
2025-07-06 01:55:36,120.87192,31.93647333333333,6.7,338.2,,
2025-07-06 01:57:36,120.87037333333332,31.93997333333333,6.7,341.6,,
2025-07-06 01:59:36,120.86884,31.94340333333333,6.4,338.7,,
2025-07-06 02:02:01,120.8669,31.947266666666668,6.1,335.8,,
2025-07-06 02:04:06,120.86521333333332,31.95051,5.8,335.9,,
2025-07-06 02:07:06,120.86298666666669,31.955016666666666,5.9,341.1,,
2025-07-06 02:09:06,120.86208,31.95823,6.0,346.9,,
2025-07-06 02:11:06,120.86109333333332,31.961526666666668,6.2,344.6,,
2025-07-06 02:13:06,120.85964,31.964766666666662,6.3,335.6,,
2025-07-06 02:15:06,120.85764,31.96795333333333,6.6,326.8,,
2025-07-06 02:17:06,120.85516,31.97104333333333,6.7,324.8,,
2025-07-06 02:19:06,120.85241333333332,31.97409,6.9,322.3,,
2025-07-06 02:21:06,120.84954666666668,31.97714,6.9,320.5,,
2025-07-06 02:23:06,120.84642666666667,31.980093333333333,7.1,313.7,,
2025-07-06 02:25:06,120.84310666666669,31.982876666666662,7.1,315.0,,
2025-07-06 02:27:06,120.83982666666668,31.985556666666668,6.7,313.3,,
2025-07-06 02:29:06,120.83652,31.988126666666663,6.6,312.7,,
2025-07-06 02:31:06,120.83325333333332,31.990656666666663,6.7,310.8,,
2025-07-06 02:33:13,120.82976666666669,31.99333333333333,6.8,312.3,,
2025-07-06 02:35:30,120.82611666666666,31.996166666666667,6.5,311.6,,
2025-07-06 02:37:36,120.82292,31.998786666666668,6.4,312.2,,
2025-07-06 02:39:36,120.81976,32.001326666666664,6.8,310.9,,
2025-07-06 02:41:36,120.81641333333332,32.0039,6.8,313.0,,
2025-07-06 02:43:36,120.813,32.00639,7.0,309.0,,
2025-07-06 02:45:36,120.80945333333334,32.00869333333333,6.5,306.2,,
2025-07-06 02:47:36,120.80596,32.01081,6.5,303.7,,
2025-07-06 02:49:36,120.80202666666666,32.012566666666665,6.8,292.0,,
2025-07-06 02:51:52,120.79705,32.01395,7.2,284.0,,
2025-07-06 02:54:06,120.79201333333332,32.014786666666666,6.8,279.8,,
2025-07-06 02:56:06,120.78753333333331,32.015303333333335,6.9,275.5,,
2025-07-06 02:58:36,120.78197333333334,32.01555333333334,6.6,274.4,,
2025-07-06 03:00:36,120.77761333333332,32.015753333333336,6.7,274.1,,
2025-07-06 03:02:36,120.77313333333332,32.01587,6.7,269.5,,
2025-07-06 03:04:36,120.76874666666669,32.015876666666664,6.7,268.6,,
2025-07-06 03:06:49,120.76395,32.01575,6.6,269.0,,
2025-07-06 03:09:05,120.75890666666666,32.01556333333333,6.8,266.6,,
2025-07-06 03:11:05,120.75448,32.01532,6.6,266.7,,
2025-07-06 03:13:06,120.75012,32.01508666666667,6.7,267.8,,
2025-07-06 03:15:06,120.74572,32.01492666666667,6.7,266.7,,
2025-07-06 03:18:32,120.73818666666666,32.014453333333336,6.7,262.8,,
2025-07-06 03:21:02,120.7328,32.01392333333333,6.6,262.7,,
2025-07-06 03:23:02,120.72849333333332,32.013466666666666,6.7,264.5,,
2025-07-06 03:25:32,120.72302666666668,32.01297,6.7,263.6,,
2025-07-06 03:27:32,120.71861333333334,32.012346666666666,6.8,259.0,,
2025-07-06 03:29:32,120.71430666666669,32.01165,6.6,258.6,,
2025-07-06 03:31:32,120.70994666666668,32.01098666666667,6.9,258.8,,
2025-07-06 03:33:32,120.70552,32.01011666666667,7.0,254.9,,
2025-07-06 03:36:32,120.69877333333334,32.00866,7.1,252.3,,
2025-07-06 03:38:32,120.69438666666667,32.00747666666667,6.9,249.6,,
2025-07-06 03:41:02,120.68901333333334,32.00617333333334,6.7,260.0,,
2025-07-06 03:43:32,120.68352,32.005206666666666,7.0,259.4,,
2025-07-06 03:45:32,120.67908,32.00458,6.7,263.1,,
2025-07-06 03:47:32,120.67472,32.00396333333333,6.7,260.7,,
2025-07-06 03:49:32,120.67029333333332,32.00311333333333,7.0,257.9,,
2025-07-06 03:52:10,120.6643,32.0021,7.0,260.8,,
2025-07-06 03:54:32,120.65893333333334,32.00134666666667,6.9,259.0,,
2025-07-06 03:58:32,120.65054666666668,32.00124666666667,6.3,273.7,,
2025-07-06 04:01:32,120.64442666666666,32.00131666666667,6.2,270.7,,
2025-07-06 04:05:02,120.63724,32.00152666666666,6.2,272.9,,
2025-07-06 04:08:02,120.63109333333334,32.00172333333333,6.3,272.4,,
2025-07-06 04:11:02,120.62498666666669,32.00197,5.9,272.0,,
2025-07-06 04:13:32,120.62017333333333,32.002646666666664,6.1,283.7,,
2025-07-06 04:15:32,120.61641333333333,32.00391,6.3,300.5,,
2025-07-06 04:17:32,120.61285333333332,32.00572666666667,6.2,297.9,,
2025-07-06 04:19:32,120.60932,32.00729,6.0,299.6,,
2025-07-06 04:22:32,120.60413333333334,32.009933333333336,6.1,301.2,,
2025-07-06 04:24:32,120.60065333333333,32.01187,6.4,306.5,,
2025-07-06 04:26:32,120.59749333333332,32.01416,6.0,312.9,,
2025-07-06 04:30:02,120.59298666666666,32.01834,5.7,322.2,,
2025-07-06 04:34:32,120.58761333333334,32.02393333333333,5.8,316.8,,
2025-07-06 04:37:01,120.58398666666666,32.026743333333336,6.2,308.4,,
2025-07-06 04:39:02,120.58088,32.02901333333333,6.3,315.1,,
2025-07-06 04:41:33,120.57738666666668,32.031906666666664,5.6,314.8,,
2025-07-06 04:46:32,120.57124,32.03784666666667,5.6,320.1,,
2025-07-06 04:50:31,120.56665333333332,32.04274,5.7,317.0,,
2025-07-06 04:55:02,120.56025333333334,32.0475,5.9,305.2,,
2025-07-06 04:59:01,120.55412,32.05145,5.8,309.4,,
2025-07-06 05:02:32,120.54853333333334,32.05453333333333,5.8,299.1,,
2025-07-06 05:07:01,120.54145333333334,32.058353333333336,5.6,304.3,,
2025-07-06 05:10:32,120.53618666666668,32.061386666666664,5.5,303.6,,
2025-07-06 05:14:01,120.53121333333333,32.06488,6.0,308.2,,
2025-07-06 05:16:32,120.52712,32.067483333333335,6.2,301.2,,
2025-07-06 05:19:01,120.52266666666668,32.06969,6.3,299.5,,
2025-07-06 05:21:01,120.51894666666666,32.07118666666667,6.1,290.3,,
2025-07-06 05:24:22,120.51285,32.072783333333334,5.8,287.0,,
2025-07-06 05:28:32,120.50508,32.074126666666665,5.8,281.4,,
2025-07-06 05:31:55,120.49858666666668,32.074693333333336,5.9,268.7,,
2025-07-06 05:34:55,120.49285333333331,32.07432333333333,5.8,262.5,,
2025-07-06 05:37:55,120.4874,32.07375666666667,5.4,259.9,,
2025-07-06 05:41:00,120.48033333333332,32.07268333333333,5.4,258.7,,
2025-07-06 05:44:25,120.47594666666669,32.07164,5.5,251.6,,
2025-07-06 05:47:25,120.47076,32.070343333333334,5.5,256.7,,
2025-07-06 05:50:31,120.46533333333332,32.0692,5.6,251.5,,
2025-07-06 05:54:25,120.45844,32.067186666666665,5.8,246.8,,
2025-07-06 05:57:25,120.45318666666668,32.06527,5.7,243.0,,
2025-07-06 06:02:25,120.44489333333334,32.06145,5.7,237.8,,
2025-07-06 06:05:25,120.44042666666668,32.05857,5.7,230.7,,
2025-07-06 06:08:25,120.43614666666667,32.05558,5.6,231.9,,
2025-07-06 06:11:55,120.43116,32.05222,5.5,231.8,,
2025-07-06 06:14:55,120.42684,32.04923333333333,5.6,229.6,,
2025-07-06 06:17:55,120.42257333333332,32.04622666666667,5.6,229.5,,
2025-07-06 06:20:55,120.41834666666666,32.04316333333333,5.7,226.9,,
2025-07-06 06:23:55,120.41453333333334,32.03967333333333,5.6,222.4,,
2025-07-06 06:27:25,120.41014666666666,32.03565,5.7,225.2,,
2025-07-06 06:30:25,120.40597333333334,32.03235333333333,5.8,226.4,,
2025-07-06 06:33:55,120.40118666666666,32.028443333333335,5.8,227.0,,
2025-07-06 06:36:55,120.39701333333332,32.02514,5.8,231.1,,
2025-07-06 06:39:55,120.39248,32.02209333333333,5.9,232.4,,
2025-07-06 06:42:55,120.38788,32.0192,5.7,232.0,,
2025-07-06 06:45:55,120.38361333333332,32.01611666666667,5.5,229.5,,
2025-07-06 06:48:55,120.3794,32.01306666666667,5.5,229.3,,
2025-07-06 06:51:55,120.37522666666666,32.00989,5.6,228.7,,
2025-07-06 06:54:55,120.37106666666666,32.006816666666666,5.5,230.1,,
2025-07-06 06:57:55,120.36692,32.003863333333335,5.4,231.0,,
2025-07-06 07:00:55,120.36264,32.00102,5.6,232.5,,
2025-07-06 07:04:25,120.35784,31.99749,5.5,230.1,,
2025-07-06 07:07:25,120.35370666666668,31.994406666666663,5.6,228.3,,
2025-07-06 07:10:30,120.34946666666669,31.99113333333333,5.7,229.5,,
2025-07-06 07:13:38,120.34501333333333,31.987783333333333,5.8,228.4,,
2025-07-06 07:16:38,120.3408,31.984663333333334,5.6,228.9,,
2025-07-06 07:20:08,120.33572,31.98126333333333,5.6,231.4,,
2025-07-06 07:23:08,120.33094666666666,31.978806666666667,5.7,246.7,,
2025-07-06 07:26:38,120.3248,31.97668,5.8,247.2,,
2025-07-06 07:29:38,120.31970666666666,31.97464,5.6,243.0,,
2025-07-06 07:32:38,120.31474666666666,31.972416666666668,5.7,243.2,,
2025-07-06 07:35:44,120.30961666666668,31.969816666666667,6.0,237.8,,
2025-07-06 07:37:55,120.30598333333332,31.967816666666668,6.1,235.6,,
2025-07-06 07:41:36,120.30021666666669,31.964583333333334,5.7,240.3,,
2025-07-06 07:44:38,120.29538666666669,31.96223,5.5,242.1,,
2025-07-06 07:47:38,120.29056,31.95985333333333,5.7,240.3,,
2025-07-06 07:50:38,120.28569333333331,31.95739,5.8,238.5,,
2025-07-06 07:54:08,120.28005333333331,31.954416666666667,5.8,238.0,,
2025-07-06 07:57:08,120.27508,31.952033333333333,5.9,241.7,,
2025-07-06 08:00:38,120.26905333333332,31.9495,6.0,244.4,,
2025-07-06 08:03:49,120.26341666666669,31.947116666666663,5.9,247.9,,
2025-07-06 08:07:08,120.25750666666669,31.94539,5.7,251.1,,
2025-07-06 08:10:08,120.25229333333333,31.94393,5.7,253.5,,
2025-07-06 08:12:08,120.24853333333331,31.94324,6.0,256.2,,
2025-07-06 08:16:08,120.24116,31.94256333333333,5.5,262.2,,
2025-07-06 08:19:08,120.23585333333334,31.94189,5.4,261.0,,
2025-07-06 08:22:08,120.2306,31.94143333333333,5.2,265.9,,
2025-07-06 08:25:08,120.22537333333334,31.941376666666667,5.2,269.8,,
2025-07-06 08:28:08,120.21996,31.94155,5.7,277.0,,
2025-07-06 08:31:08,120.21468,31.941973333333333,5.1,276.9,,
2025-07-06 08:34:08,120.20956,31.94239333333333,5.3,273.3,,
2025-07-06 08:37:38,120.20348,31.94298333333333,5.4,274.5,,
2025-07-06 08:40:38,120.19818666666669,31.943466666666662,5.5,276.4,,
2025-07-06 08:44:00,120.19243333333333,31.9436,5.3,282.8,,
2025-07-06 08:47:07,120.18701666666666,31.9442,5.6,276.9,,
2025-07-06 08:50:08,120.18148,31.944796666666665,5.6,273.8,,
2025-07-06 08:53:08,120.17570666666668,31.94539333333333,6.0,276.9,,
2025-07-06 08:56:08,120.17008,31.94601,5.7,279.7,,
2025-07-06 08:59:08,120.16458666666666,31.94680333333333,5.6,277.8,,
2025-07-06 09:02:38,120.15822666666666,31.94761,5.5,277.5,,
2025-07-06 09:05:38,120.15286666666668,31.948163333333333,5.5,278.9,,
2025-07-06 09:08:38,120.14770666666666,31.94896333333333,5.4,283.8,,
2025-07-06 09:12:34,120.14106666666666,31.95008333333333,5.2,279.2,,
2025-07-06 09:15:38,120.13588,31.950966666666663,5.3,281.7,,
2025-07-06 09:18:38,120.13086666666666,31.951976666666667,5.1,283.2,,
2025-07-06 09:21:38,120.12598666666666,31.953096666666667,5.1,287.0,,
2025-07-06 09:24:38,120.12108,31.95440333333333,5.3,287.7,,
2025-07-06 09:28:08,120.11529333333333,31.95594333333333,5.3,288.6,,
2025-07-06 09:31:38,120.10924,31.957546666666666,5.7,285.3,,
2025-07-06 09:34:50,120.10336666666667,31.9585,5.6,275.4,,
2025-07-06 09:38:38,120.09657333333334,31.9588,5.2,275.1,,
2025-07-06 09:41:38,120.09150666666666,31.959286666666667,5.1,278.8,,
2025-07-06 09:45:08,120.08585333333332,31.96031333333333,5.0,282.3,,
2025-07-06 09:48:08,120.08112,31.96128333333333,4.9,281.5,,
2025-07-06 09:51:08,120.07634666666668,31.96204333333333,4.9,281.7,,
2025-07-06 09:54:37,120.07082666666666,31.962866666666667,4.8,279.1,,
2025-07-06 09:57:38,120.06616,31.96351,4.9,279.6,,
2025-07-06 10:00:38,120.06152,31.964296666666662,4.8,283.6,,
2025-07-06 10:03:38,120.05692,31.96528,4.7,286.4,,
2025-07-06 10:07:02,120.05176666666668,31.96663333333333,4.9,288.3,,
2025-07-06 10:10:19,120.04674666666666,31.96795333333333,4.9,287.2,,
2025-07-06 10:13:19,120.04213333333334,31.96933333333333,5.0,290.2,,
2025-07-06 10:16:19,120.03761333333334,31.97071,4.9,291.4,,
2025-07-06 10:19:19,120.03309333333333,31.97236333333333,5.0,294.0,,
2025-07-06 10:22:19,120.02856,31.97421333333333,5.1,294.7,,
2025-07-06 10:25:19,120.02401333333331,31.976106666666663,5.2,295.0,,
2025-07-06 10:28:19,120.01930666666668,31.977923333333333,5.2,293.7,,
2025-07-06 10:31:19,120.01466666666668,31.979836666666667,5.1,296.7,,
2025-07-06 10:34:19,120.01012,31.98187,5.1,300.6,,
2025-07-06 10:37:19,120.00601333333331,31.984293333333333,5.1,308.9,,
2025-07-06 10:40:19,120.00208,31.98681,4.9,307.5,,
2025-07-06 10:43:19,119.99838666666666,31.98951,4.9,308.4,,
2025-07-06 10:46:19,119.9946,31.992086666666665,5.0,310.3,,
2025-07-06 10:49:19,119.9908,31.99468333333333,4.7,310.2,,
2025-07-06 10:52:49,119.98706666666666,31.99759333333333,4.5,316.7,,
2025-07-06 10:55:49,119.98405333333334,32.00015333333333,4.3,316.1,,
2025-07-06 10:58:49,119.98088,32.002626666666664,4.3,312.0,,
2025-07-06 11:01:49,119.97768,32.005156666666664,4.4,313.7,,
2025-07-06 11:04:50,119.97454666666668,32.007843333333334,4.5,315.3,,
2025-07-06 11:08:17,119.97241666666666,32.00946666666667,4.6,312.9,,
2025-07-06 11:11:18,119.96771666666666,32.01348333333333,4.5,317.4,,
2025-07-06 11:14:49,119.96429333333332,32.01686,4.5,321.7,,
2025-07-06 11:17:49,119.96144,32.019846666666666,4.4,320.8,,
2025-07-06 11:21:19,119.95825333333332,32.02347666666667,4.5,326.1,,
2025-07-06 11:24:19,119.95566666666669,32.02659333333333,4.4,326.0,,
2025-07-06 11:27:19,119.95316,32.02975333333333,4.6,325.8,,
2025-07-06 11:30:19,119.95073333333332,32.03308333333333,4.8,329.8,,
2025-07-06 11:33:19,119.94882666666666,32.036543333333334,4.5,332.8,,
2025-07-06 11:37:19,119.94612,32.04116333333333,4.6,335.7,,
2025-07-06 11:41:04,119.9439,32.045698333333334,4.7,336.5,,
2025-07-06 11:44:49,119.94169333333332,32.05036666666667,4.9,333.1,,
2025-07-06 11:47:49,119.93953333333332,32.054116666666665,5.0,335.3,,
2025-07-06 11:50:49,119.93746666666668,32.05792666666667,4.9,335.9,,
2025-07-06 11:53:52,119.93577333333332,32.06180666666667,5.0,341.4,,
2025-07-06 11:57:21,119.93408,32.06639333333333,4.9,342.6,,
2025-07-06 12:00:50,119.93244,32.07100333333333,4.9,344.9,,
2025-07-06 12:04:01,119.93109333333334,32.075176666666664,4.8,344.4,,
2025-07-06 12:07:03,119.92955,32.07925,4.9,341.6,,
2025-07-06 12:10:03,119.9279,32.083165,5.1,341.2,,
2025-07-06 12:13:29,119.92674666666667,32.088026666666664,5.4,354.0,,
2025-07-06 12:16:30,119.92564,32.09243333333333,5.5,343.8,,
2025-07-06 12:19:31,119.92417333333331,32.09679333333333,5.4,344.0,,
2025-07-06 12:22:59,119.92264,32.101933333333335,5.3,345.9,,
2025-07-06 12:25:59,119.92144,32.10626,5.5,344.9,,
2025-07-06 12:28:59,119.92018666666668,32.11066666666667,5.3,353.8,,
2025-07-06 12:32:00,119.91925333333332,32.11512666666667,5.3,346.6,,
2025-07-06 12:35:00,119.91797333333334,32.11952333333333,5.4,345.6,,
2025-07-06 12:38:18,119.91631666666666,32.12428333333333,5.2,342.7,,
2025-07-06 12:41:30,119.91484,32.12878666666667,5.1,346.8,,
2025-07-06 12:44:59,119.91348,32.13373333333333,5.1,344.3,,
2025-07-06 12:48:00,119.91230666666668,32.13796,5.1,347.9,,
2025-07-06 12:51:00,119.91126666666666,32.14223333333333,5.2,350.4,,
2025-07-06 12:54:00,119.91049333333332,32.14646,5.2,349.4,,
2025-07-06 12:57:29,119.90942666666666,32.15146,5.1,347.8,,
2025-07-06 13:00:29,119.90848,32.155703333333335,5.0,350.0,,
2025-07-06 13:03:29,119.90758666666666,32.15994333333333,5.0,349.1,,
2025-07-06 13:06:29,119.90656,32.16415666666666,5.2,345.9,,
2025-07-06 13:09:31,119.90543333333332,32.168483333333334,5.2,352.0,,
2025-07-06 13:13:00,119.90437333333334,32.17334,4.9,349.4,,
2025-07-06 13:16:00,119.9035,32.1778,5.0,351.8,,
2025-07-06 13:19:00,119.90292,32.18169,5.0,352.1,,
2025-07-06 13:22:16,119.9023,32.1862,4.9,353.9,,
2025-07-06 13:25:29,119.9014,32.19070333333333,4.9,345.6,,
2025-07-06 13:28:29,119.90021333333334,32.19470333333334,4.8,346.0,,
2025-07-06 13:31:29,119.89913333333334,32.19875666666667,5.0,346.5,,
2025-07-06 13:34:29,119.89797333333334,32.202783333333336,4.8,348.2,,
2025-07-06 13:37:29,119.89678666666669,32.206813333333336,4.9,341.9,,
2025-07-06 13:40:29,119.89552,32.21073,4.9,349.2,,
2025-07-06 13:43:29,119.89445333333332,32.214623333333336,4.7,344.9,,
2025-07-06 13:46:29,119.89333333333332,32.21845666666667,4.7,345.4,,
2025-07-06 13:49:29,119.89248,32.2224,4.8,354.3,,
2025-07-06 13:52:29,119.89178666666666,32.22645333333333,5.0,350.1,,
2025-07-06 13:55:29,119.89068,32.23052666666667,5.0,341.2,,
2025-07-06 13:58:29,119.88922666666669,32.23465,5.3,342.1,,
2025-07-06 14:01:29,119.88761333333332,32.238796666666666,5.3,341.9,,
2025-07-06 17:33:12,119.67622666666666,32.23878333333333,6.3,197.5,,
2025-07-06 17:35:12,119.67504,32.23549,6.1,196.4,,
2025-07-06 17:37:13,119.67382666666668,32.2322,6.2,197.2,,
2025-07-06 17:39:21,119.67226666666669,32.228716666666664,6.2,204.0,,
2025-07-06 17:41:32,119.67006666666668,32.22535,6.5,211.6,,
2025-07-06 17:43:42,119.66766666666666,32.22200333333333,6.5,211.5,,
2025-07-06 17:45:42,119.66558666666668,32.21906333333333,6.2,208.8,,
2025-07-06 17:47:42,119.66348,32.216186666666665,6.2,214.5,,
2025-07-06 17:49:44,119.66111666666669,32.21353333333333,6.0,217.1,,
2025-07-06 17:52:12,119.65776,32.210593333333335,6.0,227.4,,
2025-07-06 17:54:12,119.65497333333332,32.2083,6.0,234.6,,
2025-07-06 17:57:12,119.65086666666669,32.204966666666664,5.7,230.6,,
2025-07-06 18:00:55,119.64483333333334,32.20203333333333,5.7,247.9,,
2025-07-06 18:03:55,119.63951666666668,32.20053333333333,5.7,255.2,,
2025-07-06 18:06:13,119.63525,32.19951666666667,6.0,254.5,,
2025-07-06 18:08:28,119.6308,32.19848,6.3,254.1,,
2025-07-06 18:12:10,119.62375,32.19591666666667,6.0,244.8,,
2025-07-06 18:14:58,119.61833333333334,32.19401333333333,6.4,248.7,,
2025-07-06 18:18:57,119.6108,32.19297,5.5,262.1,,
2025-07-06 18:21:57,119.60530666666666,32.19244333333334,5.7,265.2,,
2025-07-06 18:24:57,119.59972,32.19199,5.9,263.2,,
2025-07-06 18:28:28,119.59308,32.19119333333333,6.0,261.2,,
2025-07-06 18:32:26,119.58537333333334,32.19063666666667,6.0,264.4,,
2025-07-06 18:35:09,119.5801,32.1906,6.0,272.9,,
2025-07-06 18:37:21,119.57581666666668,32.191066666666664,6.0,277.7,,
2025-07-06 18:40:25,119.57017333333332,32.19253,5.9,289.7,,
2025-07-06 18:43:19,119.56501666666666,32.194383333333334,6.0,294.9,,
2025-07-06 18:46:16,119.56015,32.196866666666665,6.0,301.7,,
2025-07-06 18:49:55,119.55492,32.2011,5.9,320.9,,
2025-07-06 18:53:25,119.55254666666669,32.206113333333334,5.3,351.0,,
2025-07-06 18:56:35,119.55216666666666,32.210683333333336,5.1,356.7,,
2025-07-06 19:01:01,119.55178333333332,32.21755,5.5,2.9,,
2025-07-06 19:04:15,119.5514,32.222676666666665,5.8,350.3,,
2025-07-06 19:07:15,119.55034666666668,32.227403333333335,5.7,351.7,,
2025-07-06 19:10:15,119.54954666666669,32.23213666666667,5.5,348.5,,
2025-07-06 19:14:16,119.54576,32.237336666666664,5.8,304.5,,
2025-07-06 20:50:37,119.39228333333334,32.23786666666667,6.6,224.6,,
2025-07-06 20:52:49,119.38890666666668,32.23497,6.7,223.6,,
2025-07-06 20:54:49,119.38574666666666,32.23224,7.1,225.7,,
2025-07-06 20:56:55,119.38208,32.22995,6.5,244.5,,
2025-07-06 20:58:55,119.37810666666668,32.22884666666667,6.2,256.1,,
2025-07-06 21:00:55,119.37409333333332,32.22804333333333,6.3,258.6,,
2025-07-06 21:02:55,119.37,32.227446666666665,6.5,264.4,,
2025-07-06 21:04:55,119.36593333333332,32.22749,6.2,277.4,,
2025-07-06 21:07:55,119.36017333333334,32.228516666666664,5.7,283.4,,
2025-07-06 21:10:55,119.35472,32.22976666666667,5.8,285.9,,
2025-07-06 21:14:17,119.3486,32.23148333333334,5.8,288.9,,
2025-07-06 21:17:13,119.3432,32.233016666666664,6.1,289.0,,
2025-07-06 21:20:25,119.33734666666666,32.234766666666665,5.7,291.3,,
2025-07-06 21:23:25,119.33185333333331,32.236333333333334,6.0,283.8,,
2025-07-06 21:25:25,119.32801333333332,32.23711,6.0,282.7,,
2025-07-06 21:27:31,119.324,32.23786666666667,6.0,280.7,,
2025-07-06 21:30:55,119.31762666666668,32.23875666666667,5.8,276.5,,
2025-07-06 21:33:55,119.31204,32.239063333333334,5.7,269.6,,
2025-07-06 21:36:55,119.30650666666666,32.239223333333335,5.6,270.1,,
2025-07-06 21:39:55,119.30098666666666,32.23927666666667,5.6,269.7,,
2025-07-06 21:42:55,119.29542666666669,32.23943,5.7,271.6,,
2025-07-06 21:45:55,119.28988,32.23951666666667,5.7,271.6,,
2025-07-06 21:48:55,119.28426666666668,32.23941666666666,5.6,267.2,,
2025-07-06 21:51:55,119.27866666666668,32.239153333333334,5.6,266.1,,
2025-07-06 21:55:25,119.27226666666668,32.23848666666667,5.7,263.6,,
2025-07-06 21:58:25,119.26684,32.23791666666666,5.4,260.5,,
2025-07-06 22:01:28,119.26143333333331,32.23725,5.4,262.6,,
2025-07-06 22:04:54,119.25528,32.23665666666667,5.5,259.8,,
2025-07-06 22:07:54,119.24986666666666,32.23572,5.8,258.4,,
2025-07-06 22:10:54,119.24453333333334,32.23466,5.1,258.1,,
2025-07-06 22:13:54,119.23954666666668,32.233776666666664,5.0,256.3,,
2025-07-06 22:16:55,119.23481333333334,32.233243333333334,5.1,258.5,,
2025-07-06 22:20:24,119.22886666666666,32.23247,5.3,264.7,,
2025-07-06 22:23:24,119.22361333333332,32.23222333333333,5.2,270.4,,
2025-07-06 22:26:24,119.21836,32.232503333333334,5.3,278.6,,
2025-07-06 22:29:24,119.21333333333334,32.23343333333333,5.1,281.0,,
2025-07-06 22:32:25,119.20854666666666,32.23461,5.0,298.4,,
2025-07-06 22:35:25,119.20395,32.2364,5.1,289.9,,
2025-07-06 22:38:54,119.19848,32.23829333333333,4.9,293.1,,
2025-07-06 22:41:54,119.19381333333334,32.23999333333333,5.1,293.4,,
2025-07-06 23:59:54,119.07013333333332,32.23693333333333,5.8,220.8,,
2025-07-07 00:03:23,119.06590666666666,32.23383333333334,3.8,229.7,,
2025-07-07 00:07:57,119.06471666666668,32.232416666666666,2.3,209.6,,
2025-07-07 00:40:07,119.06478333333334,32.2324,0.0,1.9,,
2025-07-07 01:10:50,119.06478333333334,32.2324,0.1,222.9,,
2025-07-07 01:41:30,119.06478333333334,32.23238333333333,0.1,163.7,,
2025-07-07 02:12:30,119.0648,32.232413333333334,0.0,9.7,,
2025-07-07 02:42:30,119.06478666666666,32.2324,0.1,317.2,,
2025-07-07 03:12:30,119.0648,32.232413333333334,0.0,228.8,,
2025-07-07 03:43:21,119.0648,32.232416666666666,0.0,358.2,,
2025-07-07 04:14:47,119.0648,32.2324,0.1,186.1,,
2025-07-07 04:45:30,119.0648,32.23240333333333,0.0,234.5,,
2025-07-07 05:18:29,119.0648,32.2324,0.0,353.5,,
2025-07-07 05:44:30,119.06483333333334,32.232616666666665,1.7,34.8,,
2025-07-07 05:48:07,119.06613333333334,32.23365,2.7,176.2,,
2025-07-07 05:51:31,119.06570666666669,32.2331,0.1,346.4,,
2025-07-07 06:06:03,119.06513333333334,32.23200333333333,4.8,196.2,,
2025-07-07 06:09:03,119.06341666666668,32.227516666666666,5.6,207.0,,
2025-07-07 06:12:09,119.06053333333334,32.22374666666666,5.1,214.3,,
2025-07-07 06:15:09,119.05778666666669,32.22004333333334,5.1,212.7,,
2025-07-07 06:18:50,119.05423333333331,32.21528333333333,5.6,210.2,,
2025-07-07 06:22:08,119.05054666666666,32.21108,5.7,221.9,,
2025-07-07 06:25:08,119.04673333333334,32.2076,5.9,220.5,,
2025-07-07 06:28:08,119.04334666666666,32.20386666666667,5.5,222.1,,
2025-07-07 06:31:28,119.03928333333332,32.20008333333333,5.5,227.0,,
2025-07-07 06:36:08,119.03293333333332,32.195456666666665,5.7,229.9,,
2025-07-07 06:40:08,119.02738666666669,32.19127666666667,5.6,232.2,,
2025-07-07 06:43:08,119.02309333333334,32.18862,5.2,233.5,,
2025-07-07 06:46:08,119.01902666666666,32.18626666666667,5.0,234.1,,
2025-07-07 06:50:08,119.01353333333331,32.18336333333333,4.9,239.0,,
2025-07-07 06:53:38,119.00869333333333,32.180976666666666,4.8,246.0,,
2025-07-07 06:57:08,119.00338666666669,32.17941,4.9,254.9,,
2025-07-07 07:00:08,118.99864,32.17883,5.0,261.8,,
2025-07-07 07:03:08,118.99361333333331,32.17796,5.4,255.7,,
2025-07-07 07:06:30,118.98835,32.176966666666665,4.7,259.8,,
2025-07-07 07:09:38,118.98350666666668,32.176876666666665,4.7,268.1,,
2025-07-07 07:12:38,118.97876,32.17643,4.8,269.1,,
2025-07-07 07:15:38,118.97412,32.17624,4.4,269.0,,
2025-07-07 07:18:38,118.96956,32.17606333333333,4.6,266.9,,
2025-07-07 07:21:38,118.96501333333332,32.17566333333333,4.7,261.3,,
2025-07-07 07:24:38,118.96066666666668,32.17555333333333,4.1,266.6,,
2025-07-07 07:27:38,118.95637333333332,32.17533,4.0,269.5,,
2025-07-07 07:31:08,118.95182666666666,32.17574,4.0,278.3,,
2025-07-07 07:34:08,118.94777333333332,32.17628,4.3,277.1,,
2025-07-07 07:37:08,118.94346666666668,32.176986666666664,4.4,281.5,,
2025-07-07 07:40:08,118.93918333333332,32.1777,4.4,277.9,,
2025-07-07 07:43:08,118.93492,32.17853,4.3,284.9,,
2025-07-07 07:46:08,118.93086666666666,32.179453333333335,4.4,277.9,,
2025-07-07 07:49:08,118.92636,32.17980333333333,4.4,282.9,,
2025-07-07 07:52:38,118.9214,32.180573333333335,4.6,278.7,,
2025-07-07 07:55:38,118.91678666666668,32.18122,4.7,282.3,,
2025-07-07 07:58:38,118.91238666666666,32.18191,4.0,279.2,,
2025-07-07 08:01:39,118.9084,32.18253333333333,4.0,281.9,,
2025-07-07 08:05:08,118.90317333333331,32.18324666666667,4.9,280.5,,
2025-07-07 08:08:08,118.89846666666666,32.18376,4.9,268.4,,
2025-07-07 08:11:08,118.89348,32.184023333333336,4.7,283.8,,
2025-07-07 08:14:08,118.88864,32.18402,5.2,268.2,,
2025-07-07 08:17:08,118.88336,32.183456666666665,6.0,259.1,,
2025-07-07 08:20:08,118.87793333333332,32.18234,5.5,246.7,,
2025-07-07 08:23:08,118.87346666666669,32.18116666666667,4.7,252.7,,
2025-07-07 08:26:08,118.86922666666666,32.17975666666667,4.5,246.5,,
2025-07-07 08:29:08,118.86553333333332,32.17809666666667,4.3,240.1,,
2025-07-07 08:32:08,118.86214666666666,32.175976666666664,4.6,241.4,,
2025-07-07 08:35:08,118.85854666666668,32.17453666666667,3.2,252.2,,
2025-07-07 08:38:08,118.85521333333334,32.17370666666667,4.2,243.1,,
2025-07-07 08:41:08,118.85258666666668,32.17267,2.3,251.4,,
2025-07-07 08:44:25,118.84997333333334,32.17216333333333,3.4,250.8,,
2025-07-07 08:47:45,118.84631666666668,32.17171666666667,3.8,277.4,,
2025-07-07 09:19:11,118.84595,32.17115,0.1,236.7,,
2025-07-07 09:49:54,118.84596666666668,32.17115,0.1,206.8,,
2025-07-07 10:20:23,118.84596,32.17115666666667,0.2,173.8,,
2025-07-07 10:50:23,118.84596,32.17117,0.1,23.8,,
2025-07-07 11:20:23,118.84597333333332,32.17115666666667,0.0,195.4,,
2025-07-07 11:23:33,118.846,32.171166666666664,0.5,72.2,,
2025-07-07 11:34:46,118.84696666666666,32.17191666666667,2.5,52.2,,
2025-07-07 11:36:58,118.84670666666666,32.16876,5.6,141.8,,
2025-07-07 11:38:58,118.85257333333334,32.16925666666667,12.1,66.0,,
2025-07-07 11:39:58,118.85616,32.17079666666667,12.1,64.8,,
2025-07-07 11:40:58,118.85982666666666,32.17211,12.0,64.3,,
2025-07-07 11:41:58,118.86322666666666,32.173743333333334,11.9,60.7,,
2025-07-07 11:42:59,118.8667,32.175216666666664,12.1,65.1,,
2025-07-07 11:45:11,118.87468333333334,32.17766666666667,11.7,75.0,,
2025-07-07 11:47:28,118.88336666666666,32.17893333333333,11.6,81.8,,
2025-07-07 11:49:28,118.89097333333332,32.17944333333333,11.6,87.1,,
2025-07-07 11:51:28,118.89853333333332,32.17955,11.4,93.7,,
2025-07-07 11:53:28,118.906,32.17882,11.5,96.8,,
2025-07-07 11:55:28,118.91361333333332,32.17798333333333,11.6,97.6,,
2025-07-07 11:57:28,118.92122666666668,32.17724333333334,12.0,96.5,,
2025-07-07 11:58:28,118.92513333333332,32.17681666666667,12.2,98.1,,
2025-07-07 11:59:28,118.92908,32.176296666666666,12.2,100.3,,
2025-07-07 12:00:28,118.93293333333334,32.17549,12.2,104.4,,
2025-07-07 12:01:28,118.9368,32.174706666666665,12.1,102.4,,
2025-07-07 12:02:28,118.94064,32.173966666666665,12.1,102.7,,
2025-07-07 12:04:30,118.94826666666668,32.17263166666667,11.6,101.0,,
2025-07-07 12:06:58,118.95753333333332,32.17151,11.8,94.5,,
2025-07-07 12:08:15,118.96245,32.17126666666667,12.0,94.1,,
2025-07-07 12:10:28,118.97105333333332,32.17125333333333,11.7,88.7,,
2025-07-07 12:12:28,118.97850666666666,32.17157,11.4,83.4,,
2025-07-07 12:14:00,118.98486666666666,32.172266666666665,12.0,82.8,,
2025-07-07 12:15:28,118.99009333333332,32.17307,12.3,77.0,,
2025-07-07 12:16:28,118.99410666666668,32.17368666666667,12.6,79.3,,
2025-07-07 12:17:28,118.99802666666666,32.17439,11.9,76.4,,
2025-07-07 12:19:28,119.00546666666666,32.176156666666664,11.8,72.8,,
2025-07-07 12:21:28,119.01253333333334,32.178693333333335,11.5,61.3,,
2025-07-07 12:23:58,119.02084,32.18288,11.8,59.1,,
2025-07-07 12:25:58,119.02724,32.18645333333333,11.5,53.9,,
2025-07-07 12:27:58,119.03326666666666,32.19040666666667,11.5,52.5,,
2025-07-07 12:29:58,119.03918666666668,32.19455,11.5,48.5,,
2025-07-07 12:31:58,119.04470666666668,32.19859,11.2,45.4,,
2025-07-07 12:32:58,119.04741333333334,32.200963333333334,12.5,43.4,,
2025-07-07 12:33:58,119.05006666666668,32.203536666666665,11.2,40.0,,
2025-07-07 12:35:58,119.05458666666668,32.208466666666666,12.1,37.1,,
2025-07-07 12:36:58,119.05688,32.21122,12.2,35.3,,
2025-07-07 12:37:58,119.05918333333334,32.21405,12.4,34.5,,
2025-07-07 12:38:58,119.06134666666668,32.217016666666666,12.6,30.9,,
2025-07-07 12:39:58,119.06333333333332,32.220146666666665,12.8,26.5,,
2025-07-07 12:40:58,119.06516,32.2234,12.9,27.1,,
2025-07-07 12:41:58,119.067,32.22669666666667,13.1,18.9,,
2025-07-07 12:42:58,119.06789333333332,32.230003333333336,10.3,11.5,,
2025-07-07 12:44:58,119.06776,32.23394,6.0,287.1,,
2025-07-07 12:48:25,119.0651,32.23325,2.4,230.7,,
2025-07-07 12:51:40,119.06602666666667,32.23305666666667,2.8,211.4,,
2025-07-07 12:55:53,119.0648,32.232,2.8,224.8,,
2025-07-07 13:26:00,119.0648,32.23202,0.0,189.4,,
2025-07-07 13:56:23,119.06478333333334,32.23201666666667,0.0,53.5,,
2025-07-07 14:27:48,119.0648,32.23201666666667,0.0,189.7,,
2025-07-07 14:58:59,119.06478666666666,32.23201,0.0,163.9,,
2025-07-07 15:29:02,119.0648,32.23201666666667,0.2,334.9,,
2025-07-07 15:59:42,119.0648,32.232,0.0,183.9,,
2025-07-07 16:31:05,119.06478333333334,32.23201666666667,0.1,277.8,,
2025-07-07 17:01:58,119.0648,32.23201,0.1,157.1,,
2025-07-07 17:31:58,119.0648,32.23202,0.0,294.0,,
2025-07-07 18:02:12,119.06478333333334,32.232,0.0,251.9,,
2025-07-07 18:32:52,119.0648,32.23201666666667,0.0,66.6,,
2025-07-07 19:03:31,119.06478333333334,32.232,0.0,261.8,,
2025-07-07 19:34:00,119.0648,32.23201666666667,0.1,295.3,,
2025-07-07 20:04:05,119.06478333333334,32.232,0.1,235.8,,
2025-07-07 20:35:25,119.0648,32.232033333333334,0.0,189.7,,
2025-07-07 21:06:36,119.06478666666666,32.23203,0.1,180.7,,
2025-07-07 21:36:36,119.06478666666666,32.231993333333335,0.0,166.6,,
2025-07-07 22:06:36,119.0648,32.231993333333335,0.1,187.5,,
2025-07-07 22:36:36,119.06481333333332,32.23200333333333,0.0,267.8,,
2025-07-07 23:07:00,119.06478333333334,32.232,0.0,342.6,,
2025-07-07 23:37:00,119.06481666666669,32.23201666666667,0.3,325.5,,
2025-07-08 00:07:00,119.06481666666669,32.232,0.2,25.7,,
2025-07-08 00:38:20,119.0648,32.232,0.1,169.8,,
2025-07-08 01:08:23,119.0648,32.23202,0.0,77.9,,
2025-07-08 01:38:23,119.0648,32.232033333333334,0.2,28.4,,
2025-07-08 02:08:23,119.0648,32.232036666666666,0.0,4.4,,
2025-07-08 02:39:34,119.0648,32.232033333333334,0.0,236.9,,
2025-07-08 03:10:07,119.0648,32.23204333333333,0.0,209.3,,
2025-07-08 03:40:11,119.06478333333334,32.23201666666667,0.1,260.8,,
2025-07-08 04:11:06,119.06481333333332,32.23204,0.1,58.0,,
2025-07-08 04:42:09,119.06478333333334,32.23201666666667,0.0,159.4,,
2025-07-08 05:13:36,119.0648,32.23201666666667,0.1,186.2,,
2025-07-08 05:44:05,119.06481333333332,32.232036666666666,0.1,174.9,,
2025-07-08 06:14:05,119.06481333333332,32.23205333333333,0.0,333.9,,
2025-07-08 06:44:48,119.06478333333334,32.23205,0.0,322.4,,
2025-07-08 07:15:31,119.0648,32.232033333333334,0.1,346.8,,
2025-07-08 07:47:00,119.06481666666669,32.23205,0.0,130.9,,
2025-07-08 08:18:14,119.0648,32.23205,0.2,140.0,,
2025-07-08 08:48:43,119.0648,32.23205,0.0,270.5,,
2025-07-08 09:19:12,119.0648,32.232033333333334,0.1,53.4,,
2025-07-08 09:49:36,119.06481333333332,32.23202666666667,0.0,219.3,,
2025-07-08 10:20:00,119.0648,32.232033333333334,0.0,185.8,,
2025-07-08 10:50:33,119.0648,32.23201666666667,0.0,342.0,,
2025-07-08 11:21:34,119.0648,32.23202666666667,0.0,183.9,,
2025-07-08 11:51:34,119.0648,32.232013333333335,0.1,144.3,,
2025-07-08 12:21:58,119.06478333333334,32.232,0.2,133.9,,
2025-07-08 12:52:00,119.06478333333334,32.232,0.1,151.1,,
2025-07-08 13:22:00,119.06478333333334,32.23201666666667,0.2,44.3,,
2025-07-08 13:52:35,119.06478333333334,32.23201666666667,0.2,336.8,,
2025-07-08 14:23:06,119.0648,32.23201666666667,0.1,252.0,,
2025-07-08 14:53:37,119.0648,32.232,0.0,277.4,,
2025-07-08 15:25:36,119.06478333333334,32.23201666666667,0.1,160.9,,
2025-07-08 15:56:05,119.06481333333332,32.23202,0.1,357.7,,
2025-07-08 16:26:05,119.0648,32.23203,0.1,219.9,,
2025-07-08 16:56:05,119.0648,32.23201666666667,0.0,161.8,,
2025-07-08 17:26:05,119.06478666666666,32.23202666666667,0.0,286.9,,
2025-07-08 17:56:05,119.06478666666666,32.23202666666667,0.0,228.8,,
2025-07-08 18:26:05,119.06478666666666,32.232013333333335,0.0,333.6,,
2025-07-08 18:56:05,119.0648,32.23201666666667,0.1,78.5,,
2025-07-08 19:27:31,119.06476666666669,32.23201666666667,0.1,297.2,,
2025-07-08 19:58:51,119.06476666666669,32.23201666666667,0.1,353.9,,
2025-07-08 20:29:03,119.06478666666666,32.23202,0.0,228.4,,
2025-07-08 20:59:03,119.0648,32.23202,0.1,154.3,,
2025-07-08 21:29:03,119.06477333333332,32.232013333333335,0.0,166.5,,
2025-07-08 22:00:16,119.0648,32.231993333333335,0.1,169.8,,
2025-07-08 22:30:16,119.0648,32.231993333333335,0.2,151.4,,
2025-07-08 23:00:16,119.0648,32.23201666666667,0.0,157.2,,
2025-07-08 23:33:16,119.0648,32.23202,0.2,157.2,,
2025-07-09 00:03:17,119.0648,32.23202666666667,0.0,67.3,,
2025-07-09 00:33:46,119.06478333333334,32.23201666666667,0.1,338.9,,
2025-07-09 00:44:54,119.06517333333332,32.230983333333334,5.3,92.5,,
2025-07-09 00:46:54,119.07084,32.233243333333334,11.7,62.0,,
2025-07-09 00:48:54,119.07726666666667,32.236783333333335,11.5,57.5,,
2025-07-09 00:50:54,119.08386666666668,32.23983,11.2,63.5,,
2025-07-09 01:16:54,119.17994666666668,32.23840666666667,11.3,108.7,,
2025-07-09 01:18:54,119.18697333333331,32.236266666666666,11.3,111.4,,
2025-07-09 01:20:54,119.19376,32.23362,11.3,115.4,,
2025-07-09 01:22:54,119.20041333333332,32.230943333333336,11.2,115.0,,
2025-07-09 01:24:54,119.20694666666668,32.22819666666667,10.9,117.6,,
2025-07-09 01:26:54,119.21308,32.22506333333333,10.8,122.9,,
2025-07-09 01:28:54,119.21905333333332,32.22184,10.8,121.9,,
2025-07-09 01:30:54,119.22494666666668,32.21875333333333,10.6,120.5,,
2025-07-09 01:32:54,119.23096,32.21558,10.8,121.9,,
2025-07-09 01:34:54,119.23692,32.212293333333335,11.0,124.2,,
2025-07-09 01:36:54,119.24285333333331,32.20882,10.9,124.8,,
2025-07-09 01:38:54,119.24873333333332,32.20532333333333,11.0,122.3,,
2025-07-09 01:40:55,119.25493333333333,32.20222,10.8,118.2,,
2025-07-09 01:43:24,119.26270666666667,32.19851333333333,10.8,124.9,,
2025-07-09 01:45:01,119.26785,32.1956,12.0,119.9,,
2025-07-09 01:47:12,119.27533333333334,32.192315,11.6,114.1,,
2025-07-09 01:49:29,119.28361666666666,32.19018166666667,10.9,104.8,,
2025-07-09 01:51:40,119.29128333333334,32.1887,11.0,99.6,,
2025-07-09 01:53:54,119.29942666666666,32.18815,11.3,89.0,,
2025-07-09 01:55:54,119.30676,32.18817,11.1,89.9,,
2025-07-09 01:57:54,119.31401333333334,32.18813333333333,11.0,90.7,,
2025-07-09 01:59:54,119.32125333333332,32.18825,11.0,86.1,,
2025-07-09 02:01:54,119.32849333333333,32.18903666666667,11.1,80.1,,
2025-07-09 02:03:54,119.33562666666668,32.19036,11.3,76.7,,
2025-07-09 02:06:24,119.34421333333331,32.19269333333333,10.8,64.7,,
2025-07-09 02:08:24,119.35086666666666,32.19524666666667,11.1,65.6,,
2025-07-09 02:10:24,119.35737333333331,32.19809333333333,11.3,57.9,,
2025-07-09 02:12:24,119.36330666666667,32.201876666666664,11.4,48.6,,
2025-07-09 02:14:24,119.36842666666666,32.20650333333333,11.4,37.5,,
2025-07-09 02:16:24,119.37345333333332,32.21132,11.7,37.7,,
2025-07-09 02:18:54,119.37913333333331,32.21788333333333,11.9,40.4,,
2025-07-09 02:21:24,119.38442666666668,32.22466333333333,12.0,41.3,,
2025-07-09 02:22:51,119.38803333333334,32.22838333333333,12.0,39.3,,
2025-07-09 02:24:17,119.39176666666668,32.23198333333333,12.1,41.3,,
2025-07-09 02:25:24,119.3948,32.23475,12.2,42.6,,
2025-07-09 02:26:24,119.39752,32.23723666666667,12.0,43.7,,
2025-07-09 02:27:24,119.40022666666668,32.239776666666664,12.3,41.3,,
2025-07-09 03:16:23,119.53382666666668,32.23979333333333,10.6,131.3,,
2025-07-09 03:18:24,119.53818666666666,32.23607,8.1,139.7,,
2025-07-09 03:20:49,119.54296,32.23122333333333,9.6,143.1,,
2025-07-09 03:22:49,119.54692,32.226623333333336,9.9,146.8,,
2025-07-09 03:24:49,119.54893333333334,32.22187666666667,7.9,170.7,,
2025-07-09 03:27:35,119.54975,32.21543166666667,10.4,173.1,,
2025-07-09 03:29:49,119.54952,32.20868,11.0,181.1,,
2025-07-09 03:32:02,119.54996666666666,32.2017,11.0,169.6,,
2025-07-09 03:34:20,119.55370666666668,32.19559,10.4,136.4,,
2025-07-09 03:36:30,119.5599,32.19161666666667,11.1,118.7,,
2025-07-09 03:38:49,119.56812,32.18899,11.1,104.6,,
2025-07-09 03:42:25,119.58128333333332,32.18718166666667,11.8,90.8,,
2025-07-09 03:44:41,119.58996666666668,32.186616666666666,11.6,87.3,,
2025-07-09 03:46:52,119.5977,32.18723333333333,10.3,80.3,,
2025-07-09 03:49:49,119.60675,32.18918333333333,8.9,72.5,,
2025-07-09 03:51:49,119.61210666666666,32.190556666666666,10.8,73.5,,
2025-07-09 03:54:00,119.61563333333334,32.19133333333333,12.1,75.4,,
2025-07-09 03:56:00,119.62863333333334,32.192483333333335,11.7,81.1,,
2025-07-09 03:57:14,119.63283333333334,32.19338333333334,12.0,75.0,,
2025-07-09 03:58:49,119.63881333333332,32.19522,12.0,64.3,,
2025-07-09 03:59:49,119.64242666666668,32.19666333333333,12.2,68.3,,
2025-07-09 04:01:48,119.6498,32.199036666666665,12.1,68.1,,
2025-07-09 04:02:48,119.65341333333332,32.20043666666667,12.1,62.1,,
2025-07-09 04:03:48,119.65685333333332,32.20215666666667,12.1,56.2,,
2025-07-09 04:05:48,119.66273333333334,32.20644333333333,11.9,44.0,,
2025-07-09 04:07:48,119.66728,32.21176666666667,12.1,29.4,,
2025-07-09 04:08:48,119.66926666666669,32.214733333333335,11.7,28.8,,
2025-07-09 04:10:18,119.67290666666666,32.218943333333335,12.9,33.1,,
2025-07-09 04:11:18,119.67504,32.221936666666664,12.5,29.6,,
2025-07-09 04:12:18,119.67664,32.225093333333334,12.4,19.9,,
2025-07-09 04:13:18,119.67785333333332,32.228366666666666,12.3,15.7,,
2025-07-09 04:14:19,119.67893333333332,32.231683333333336,12.6,17.6,,
2025-07-09 04:15:49,119.68076,32.23664,12.4,19.2,,
2025-07-09 05:41:18,119.87094666666668,32.23835,11.3,165.5,,
2025-07-09 05:43:18,119.87246666666668,32.23220666666667,11.5,168.8,,
2025-07-09 05:45:27,119.87286666666668,32.23066,11.5,166.4,,
2025-07-09 05:47:27,119.87495,32.22448333333333,11.4,163.7,,
2025-07-09 05:49:31,119.87823333333333,32.213033333333335,11.6,168.2,,
2025-07-09 05:51:54,119.87823333333333,32.213033333333335,11.6,168.2,,
2025-07-09 05:53:58,119.88151666666668,32.1988,11.9,169.2,,
2025-07-09 05:56:08,119.88276666666668,32.19175,11.9,172.8,,
2025-07-09 05:58:11,119.88401333333331,32.18510333333333,11.8,170.4,,
2025-07-09 06:00:52,119.885,32.17975,11.7,171.6,,
2025-07-09 06:03:01,119.88573333333332,32.174816666666665,11.7,174.2,,
2025-07-09 06:05:12,119.88596,32.16878666666667,11.9,180.0,,
2025-07-09 06:07:13,119.88845,32.15605,11.4,165.9,,
2025-07-09 06:10:27,119.89152,32.14613666666666,11.3,163.3,,
2025-07-09 06:12:37,119.89281666666666,32.14256666666667,11.2,161.7,,
2025-07-09 06:14:38,119.89482666666666,32.13728,10.8,160.4,,
2025-07-09 06:16:55,119.89873333333334,32.12733333333333,10.4,161.9,,
2025-07-09 06:19:03,119.90085,32.121433333333336,10.5,162.7,,
2025-07-09 06:22:05,119.90126666666669,32.12037,10.5,162.2,,
2025-07-09 06:24:43,119.90453333333332,32.11095,10.4,164.1,,
2025-07-09 06:27:18,119.90670666666666,32.10505666666667,10.1,164.2,,
2025-07-09 06:29:47,119.9084,32.09964333333333,10.0,164.7,,
2025-07-09 06:31:55,119.91429333333332,32.086326666666665,10.4,157.6,,
2025-07-09 06:34:25,119.91729333333332,32.07951666666666,10.3,159.5,,
2025-07-09 06:36:32,119.91748333333334,32.07908333333334,10.3,159.5,,
2025-07-09 06:38:55,119.92389333333334,32.06765333333333,10.4,152.9,,
2025-07-09 06:41:13,119.92735,32.061616666666666,10.5,155.9,,
2025-07-09 06:43:55,119.92974666666667,32.05396666666667,10.4,163.5,,
2025-07-09 06:46:52,119.93076,32.05121666666667,10.1,161.3,,
2025-07-09 06:49:25,119.93656,32.03952,9.9,158.2,,
2025-07-09 06:51:35,119.93943333333333,32.03405,9.6,150.8,,
2025-07-09 06:54:00,119.94366666666669,32.02785,9.8,151.2,,
2025-07-09 06:56:05,119.94585,32.023916666666665,7.7,155.7,,
2025-07-09 06:58:25,119.94876,32.01954333333333,7.5,144.0,,
2025-07-09 07:00:32,119.9525,32.016416666666665,7.6,130.9,,
2025-07-09 07:02:43,119.9564,32.0132,7.2,131.2,,
2025-07-09 07:04:54,119.96037333333334,32.01031,7.1,125.2,,
2025-07-09 07:06:54,119.96410666666668,32.007983333333335,6.7,127.3,,
2025-07-09 07:08:54,119.96726666666666,32.00583666666667,6.1,129.3,,
2025-07-09 07:10:54,119.97038666666668,32.003616666666666,6.3,129.3,,
2025-07-09 07:12:54,119.97366666666667,32.001553333333334,6.2,128.4,,
2025-07-09 07:14:54,119.97768,31.998786666666668,9.4,130.6,,
2025-07-09 07:16:54,119.98201333333331,31.994986666666662,9.3,136.4,,
2025-07-09 07:18:54,119.986,31.991156666666665,9.1,143.2,,
2025-07-09 07:20:54,119.98926666666668,31.98693,8.8,140.7,,
2025-07-09 07:22:54,119.99286666666669,31.983136666666667,8.8,138.9,,
2025-07-09 07:25:03,119.9972,31.979266666666668,9.0,136.4,,
2025-07-09 07:27:22,120.00211666666668,31.975316666666668,9.0,130.9,,
2025-07-09 07:29:32,120.0076,31.972473333333333,9.0,118.6,,
2025-07-09 07:32:31,120.0154,31.96903333333333,9.1,121.8,,
2025-07-09 07:34:31,120.02073333333334,31.96686,9.1,112.8,,
2025-07-09 07:36:31,120.02621333333332,31.96484333333333,9.1,112.9,,
2025-07-09 07:38:31,120.03176,31.96281,9.3,113.6,,
2025-07-09 07:40:31,120.03741333333332,31.96080333333333,9.3,113.2,,
2025-07-09 07:42:31,120.04309333333332,31.95917,9.2,105.4,,
2025-07-09 07:44:31,120.04886666666668,31.95768,9.2,107.0,,
2025-07-09 07:46:54,120.05570666666668,31.955863333333333,9.3,108.5,,
2025-07-09 07:48:54,120.06141666666667,31.95438333333333,9.2,106.7,,
2025-07-09 07:51:24,120.06864,31.95263333333333,9.0,108.2,,
2025-07-09 07:53:24,120.07414666666666,31.95115333333333,8.7,108.3,,
2025-07-09 07:55:24,120.07968,31.94939,8.9,111.4,,
2025-07-09 07:58:24,120.08762666666668,31.946976666666668,8.4,109.0,,
2025-07-09 08:00:55,120.09414666666666,31.94485333333333,8.5,112.1,,
2025-07-09 08:02:55,120.09934666666666,31.94321,8.3,108.5,,
2025-07-09 08:05:58,120.10725,31.941,8.4,105.6,,
2025-07-09 08:08:25,120.11373333333331,31.93902333333333,8.5,111.3,,
2025-07-09 08:11:14,120.12115,31.936633333333333,8.7,110.4,,
2025-07-09 08:16:00,120.13545,31.93293333333333,8.7,100.0,,
2025-07-09 08:19:29,120.14426666666668,31.9314,9.1,99.3,,
2025-07-09 08:23:14,120.15521666666666,31.93015,9.3,98.7,,
2025-07-09 08:25:25,120.16173333333332,31.92926333333333,9.1,97.5,,
2025-07-09 08:27:25,120.16764,31.92884,9.1,95.5,,
2025-07-09 08:29:55,120.1752,31.928263333333334,9.2,93.4,,
2025-07-09 08:33:25,120.18558666666668,31.927456666666668,9.1,97.2,,
2025-07-09 08:36:25,120.19456,31.92678,9.1,90.8,,
2025-07-09 08:38:55,120.20202666666668,31.926863333333333,9.2,87.8,,
2025-07-09 08:40:55,120.20818666666666,31.9269,9.4,87.2,,
2025-07-09 08:42:55,120.21437333333331,31.92735,9.5,82.2,,
2025-07-09 08:44:55,120.22049333333334,31.92814,9.3,81.5,,
2025-07-09 08:47:10,120.22748333333334,31.92855,9.5,85.6,,
2025-07-09 08:49:25,120.23428,31.92966,9.7,70.9,,
2025-07-09 08:51:25,120.24036,31.93120333333333,9.5,76.7,,
2025-07-09 08:53:25,120.24646666666666,31.932503333333333,9.7,74.9,,
2025-07-09 08:55:25,120.25248,31.934266666666662,9.6,62.3,,
2025-07-09 08:57:25,120.25796,31.936996666666666,9.9,59.1,,
2025-07-09 08:59:25,120.26361333333334,31.939643333333333,9.9,63.8,,
2025-07-09 09:01:55,120.27097333333332,31.94245,10.0,63.3,,
2025-07-09 09:03:55,120.27670666666668,31.94526,10.0,55.5,,
2025-07-09 09:05:56,120.28268333333334,31.94771666666667,10.0,65.7,,
2025-07-09 09:08:00,120.29058333333332,31.95055,10.0,65.1,,
2025-07-09 09:10:25,120.29601333333332,31.952746666666663,9.8,61.8,,
2025-07-09 09:12:25,120.30170666666666,31.95539,9.9,63.2,,
2025-07-09 09:14:25,120.30762666666666,31.957636666666662,9.9,66.2,,
2025-07-09 09:16:25,120.31353333333334,31.96007333333333,10.1,61.6,,
2025-07-09 09:18:25,120.31916,31.96297333333333,10.0,58.8,,
2025-07-09 09:20:25,120.32472,31.965903333333333,9.8,55.4,,
2025-07-09 09:22:25,120.33018666666666,31.968846666666668,9.9,58.6,,
2025-07-09 09:24:25,120.3354,31.97215333333333,9.9,50.0,,
2025-07-09 09:26:25,120.34025333333334,31.97577,9.9,48.7,,
2025-07-09 09:28:25,120.34534666666669,31.979206666666663,10.0,52.1,,
2025-07-09 09:30:25,120.35034666666668,31.982703333333333,9.9,51.0,,
2025-07-09 09:32:25,120.35534666666666,31.98624,9.9,49.7,,
2025-07-09 09:34:55,120.36172,31.990556666666667,9.8,51.5,,
2025-07-09 09:36:55,120.36688,31.993956666666666,10.0,52.9,,
2025-07-09 09:38:55,120.37224,31.99726,10.1,56.7,,
2025-07-09 09:40:55,120.3778,32.00027,10.0,59.0,,
2025-07-09 09:42:55,120.38337333333334,32.00328666666667,10.2,57.1,,
2025-07-09 09:44:55,120.38893333333333,32.00647,10.2,54.7,,
2025-07-09 09:47:12,120.39513333333332,32.01011666666667,10.1,56.6,,
2025-07-09 09:49:25,120.40134666666668,32.01345,10.2,59.3,,
2025-07-09 09:51:25,120.40724,32.01616666666666,10.3,66.9,,
2025-07-09 09:53:25,120.41348,32.01831,10.3,69.1,,
2025-07-09 09:55:27,120.41986666666666,32.02036666666667,10.3,70.1,,
2025-07-09 09:57:54,120.42769333333334,32.02277,10.2,70.7,,
2025-07-09 10:00:24,120.43566666666666,32.02499,10.3,72.1,,
2025-07-09 10:02:24,120.44212,32.02663666666667,10.2,73.7,,
2025-07-09 10:04:27,120.44836666666669,32.02831666666667,9.7,71.2,,
2025-07-09 10:06:54,120.45602666666667,32.029983333333334,9.9,83.1,,
2025-07-09 10:09:25,120.46418666666666,32.03022333333333,10.1,91.2,,
2025-07-09 10:11:53,120.47236666666667,32.029983333333334,10.1,92.2,,
2025-07-09 10:13:54,120.47913333333334,32.02979,10.2,93.1,,
2025-07-09 10:15:55,120.48570666666669,32.02937333333333,10.2,95.3,,
2025-07-09 10:18:24,120.49401333333331,32.02838,10.1,99.4,,
2025-07-09 10:20:54,120.50232,32.02722333333333,10.3,100.6,,
2025-07-09 10:23:00,120.51026666666668,32.02563333333333,10.4,103.9,,
2025-07-09 10:25:11,120.51628333333332,32.0241,10.3,108.2,,
2025-07-09 10:27:24,120.52328,32.0219,10.3,112.2,,
2025-07-09 10:29:24,120.52944,32.01968333333333,10.3,111.6,,
2025-07-09 10:31:24,120.53564,32.017543333333336,10.2,112.7,,
2025-07-09 10:33:25,120.5418,32.015433333333334,10.0,112.1,,
2025-07-09 10:36:24,120.55082666666668,32.01207333333333,10.0,114.6,,
2025-07-09 10:38:54,120.55822666666668,32.009143333333334,9.9,111.7,,
2025-07-09 10:41:42,120.56585,32.0053,9.7,112.8,,
2025-07-09 10:43:54,120.57229333333332,32.00318,9.5,111.7,,
2025-07-09 10:47:25,120.58268,32.000166666666665,9.7,108.9,,
2025-07-09 10:49:54,120.59021333333334,31.99802333333333,9.8,108.3,,
2025-07-09 10:54:25,120.60423333333334,31.9943,10.2,104.3,,
2025-07-09 10:57:25,120.61433333333332,31.99317333333333,10.4,95.0,,
2025-07-09 11:00:26,120.62468333333334,31.992616666666667,10.7,92.8,,
2025-07-09 11:03:25,120.63515,31.9926,10.9,87.5,,
2025-07-09 11:06:25,120.64595,31.99298333333333,10.9,86.4,,
2025-07-09 11:08:25,120.653,31.99365,11.0,82.7,,
2025-07-09 11:10:25,120.66014666666666,31.99456333333333,11.2,80.0,,
2025-07-09 11:13:14,120.67048333333334,31.996116666666666,11.5,80.2,,
2025-07-09 11:15:33,120.67911666666669,31.99715,11.4,82.0,,
2025-07-09 11:17:54,120.68698666666668,31.99804333333333,8.2,84.1,,
2025-07-09 11:19:54,120.69206666666666,31.998596666666668,7.5,81.8,,
2025-07-09 11:21:54,120.69709333333331,31.999213333333334,8.5,82.1,,
2025-07-09 11:23:54,120.70284,31.999946666666663,8.8,80.7,,
2025-07-09 11:26:25,120.71001333333334,32.00106666666667,8.7,77.7,,
2025-07-09 11:28:25,120.71554666666668,32.00193,8.0,84.4,,
2025-07-09 11:30:25,120.72117333333334,32.002633333333335,8.9,80.3,,
2025-07-09 11:32:25,120.72757333333334,32.0037,11.0,78.8,,
2025-07-09 11:35:26,120.73829333333332,32.00479,10.9,85.3,,
2025-07-09 11:37:44,120.74645,32.005716666666665,10.8,81.5,,
2025-07-09 11:39:54,120.75398666666666,32.00650666666667,10.7,82.2,,
2025-07-09 11:41:54,120.76098666666668,32.007016666666665,11.0,89.8,,
2025-07-09 11:43:54,120.76812,32.006746666666665,11.0,97.3,,
2025-07-09 11:45:54,120.77530666666668,32.00606,11.1,94.7,,
2025-07-09 11:47:54,120.78250666666666,32.00572666666667,11.0,96.3,,
2025-07-09 11:50:17,120.79105,32.00488333333333,10.9,96.9,,
2025-07-09 11:52:35,120.7991,32.00358333333333,11.0,108.1,,
2025-07-09 11:54:48,120.80651666666668,32.001016666666665,11.1,112.8,,
2025-07-09 11:56:54,120.81325333333334,31.99776,11.1,123.1,,
2025-07-09 11:58:54,120.81930666666666,31.9942,11.1,127.9,,
2025-07-09 12:01:23,120.8258,31.989076666666666,10.7,136.2,,
2025-07-09 12:03:23,120.83061333333332,31.98488,10.5,134.3,,
2025-07-09 12:05:53,120.83630666666669,31.979406666666662,10.4,137.6,,
2025-07-09 12:07:53,120.84062666666668,31.97503,10.3,139.3,,
2025-07-09 12:09:53,120.84452,31.970303333333334,10.2,147.0,,
2025-07-09 12:11:53,120.84822666666666,31.96546333333333,10.3,147.7,,
2025-07-09 12:13:53,120.85164,31.960346666666663,10.6,150.6,,
2025-07-09 12:15:53,120.85506666666669,31.955126666666665,10.7,149.0,,
2025-07-09 12:17:53,120.85816,31.94986,10.4,157.7,,
2025-07-09 12:19:53,120.86061333333332,31.94445,10.2,158.9,,
2025-07-09 12:21:53,120.86325333333332,31.93936666666667,9.9,155.4,,
2025-07-09 12:23:53,120.86558666666669,31.934216666666668,9.6,160.8,,
2025-07-09 12:25:53,120.86761333333334,31.929096666666663,9.6,160.3,,
2025-07-09 12:27:53,120.86964,31.92399333333333,9.7,163.3,,
2025-07-09 12:29:53,120.87146666666666,31.91887,9.8,165.1,,
2025-07-09 12:31:53,120.87329333333334,31.91362,9.8,165.3,,
2025-07-09 12:33:53,120.87501333333331,31.908303333333333,9.9,167.5,,
2025-07-09 12:35:53,120.87621333333334,31.90282,10.0,169.2,,
2025-07-09 12:37:53,120.87734666666668,31.89734,10.1,170.0,,
2025-07-09 12:39:53,120.87821333333332,31.89175,10.2,175.8,,
2025-07-09 12:41:53,120.87965333333334,31.88634,10.0,164.7,,
2025-07-09 12:43:53,120.88156,31.88107,9.9,162.8,,
2025-07-09 12:46:07,120.8836,31.87505,10.0,165.7,,
2025-07-09 12:48:25,120.88548333333334,31.86895,9.9,163.7,,
2025-07-09 12:50:27,120.88693333333332,31.863423333333333,10.1,166.7,,
2025-07-09 12:52:57,120.88888,31.856436666666667,10.4,165.0,,
2025-07-09 12:54:57,120.89076,31.850766666666665,10.6,162.6,,
2025-07-09 12:56:57,120.893,31.8452,10.5,160.0,,
2025-07-09 12:58:57,120.89556,31.839776666666666,10.6,156.7,,
2025-07-09 13:00:57,120.8984,31.83419333333333,10.9,156.3,,
2025-07-09 13:02:57,120.90149333333332,31.82865333333333,11.1,153.2,,
2025-07-09 13:04:57,120.90481333333334,31.82311333333333,10.9,155.9,,
2025-07-09 13:07:02,120.90786666666666,31.817833333333333,10.0,148.6,,
2025-07-09 13:09:14,120.91203333333333,31.812516666666667,10.1,145.3,,
2025-07-09 13:11:27,120.91609333333334,31.807096666666663,10.5,150.6,,
2025-07-09 13:13:45,120.92008333333334,31.8012,10.4,150.1,,
2025-07-09 13:15:57,120.9242,31.795746666666663,10.5,145.5,,
2025-07-09 13:18:00,120.9299,31.789683333333333,10.3,136.0,,
2025-07-09 13:20:27,120.93430666666669,31.785946666666668,10.3,134.0,,
2025-07-09 13:22:57,120.94084,31.78148333333333,10.0,126.5,,
2025-07-09 23:24:01,120.9623,31.780316666666668,6.3,343.7,,
2025-07-09 23:27:01,120.95949333333331,31.783886666666668,4.8,310.5,,
2025-07-09 23:30:01,120.95601333333332,31.786226666666668,4.3,306.0,,
2025-07-09 23:33:01,120.95237333333333,31.78824333333333,4.5,299.0,,
2025-07-09 23:36:31,120.94810666666666,31.79054333333333,4.2,302.6,,
2025-07-09 23:39:31,120.94461333333334,31.79260333333333,4.3,307.5,,
2025-07-09 23:43:01,120.94096,31.795466666666663,4.3,314.2,,
2025-07-09 23:47:01,120.93674666666666,31.79902,4.7,313.4,,
2025-07-09 23:50:01,120.93345333333332,31.801776666666665,4.7,315.8,,
2025-07-09 23:53:01,120.93064,31.80491,4.7,328.6,,
2025-07-09 23:56:01,120.92806666666668,31.80826,4.8,326.4,,
2025-07-09 23:59:01,120.92534666666668,31.81159,4.8,322.7,,
2025-07-10 00:02:31,120.92189333333332,31.81540333333333,4.9,319.5,,
2025-07-10 00:05:53,120.91851666666666,31.81905,4.9,320.5,,
2025-07-10 00:09:01,120.91561333333334,31.82248,4.8,321.2,,
2025-07-10 00:12:01,120.91276,31.82557333333333,4.6,323.4,,
2025-07-10 00:15:31,120.91012,31.82909666666667,3.8,335.4,,
2025-07-10 00:18:31,120.90884,31.83215333333333,4.0,340.0,,
2025-07-10 00:21:33,120.90735,31.8355,4.4,338.8,,
2025-07-10 00:25:01,120.90558666666666,31.83961,4.6,342.5,,
2025-07-10 00:28:01,120.90429333333331,31.843356666666665,4.6,347.3,,
2025-07-10 00:31:07,120.90295,31.84733333333333,4.8,343.3,,
2025-07-10 00:34:30,120.90129333333331,31.851576666666663,4.6,346.0,,
2025-07-10 00:38:00,120.89997333333334,31.85594,4.6,346.5,,
2025-07-10 00:41:00,120.89871666666669,31.859766666666665,4.5,345.0,,
2025-07-10 00:44:01,120.89784,31.86340333333333,4.3,349.7,,
2025-07-10 00:47:30,120.89702666666666,31.86770333333333,4.5,353.0,,
2025-07-10 00:50:30,120.89653333333334,31.87144,4.4,352.3,,
2025-07-10 00:53:30,120.89578666666668,31.87517666666667,4.4,349.1,,
2025-07-10 00:56:30,120.89493333333331,31.878903333333334,4.5,348.9,,
2025-07-10 00:59:30,120.89389333333334,31.882646666666663,4.5,347.7,,
2025-07-10 01:02:31,120.89302666666669,31.88643,4.6,347.4,,
2025-07-10 01:06:00,120.89145333333332,31.89065666666667,4.5,342.9,,
2025-07-10 01:09:00,120.89006666666668,31.89435333333333,4.7,343.7,,
2025-07-10 01:12:00,120.88881333333332,31.89817333333333,4.6,347.8,,
2025-07-10 01:15:00,120.88750666666668,31.902026666666668,4.8,343.4,,
2025-07-10 01:18:00,120.88618666666666,31.905946666666665,4.7,345.5,,
2025-07-10 01:21:00,120.8848,31.90981,4.8,338.8,,
2025-07-10 01:24:00,120.88310666666666,31.913656666666668,4.9,342.8,,
2025-07-10 01:27:00,120.88150666666668,31.917566666666666,5.0,341.0,,
2025-07-10 01:30:00,120.87984,31.921466666666667,4.9,339.0,,
2025-07-10 01:33:00,120.8782,31.92514333333333,4.6,342.6,,
2025-07-10 01:36:00,120.87673333333332,31.92871333333333,4.6,343.0,,
2025-07-10 01:39:00,120.87526666666666,31.93217,4.1,338.8,,
2025-07-10 01:42:00,120.87376,31.93537333333333,3.8,336.4,,
2025-07-10 01:45:00,120.87228,31.9384,4.0,334.7,,
2025-07-10 01:48:00,120.87085333333332,31.94163333333333,4.1,340.8,,
2025-07-10 01:51:00,120.86950666666668,31.944476666666667,3.8,337.7,,
2025-07-10 01:54:00,120.86745333333332,31.94724666666667,4.0,326.6,,
2025-07-10 01:57:00,120.86568,31.950016666666667,3.4,326.2,,
2025-07-10 02:00:00,120.86398666666666,31.95256333333333,3.6,339.1,,
2025-07-10 02:03:00,120.86305333333334,31.95537,3.4,352.5,,
2025-07-10 02:06:00,120.86230666666668,31.95838333333333,4.0,349.7,,
2025-07-10 02:09:00,120.86134666666666,31.96207666666667,4.6,345.5,,
2025-07-10 02:12:00,120.85945333333332,31.965836666666668,4.9,326.7,,
2025-07-10 02:15:00,120.85697333333331,31.968946666666668,4.5,329.6,,
2025-07-10 02:18:00,120.85413333333334,31.97226,5.2,324.1,,
2025-07-10 02:21:00,120.85058333333332,31.97605,5.3,320.0,,
2025-07-10 02:24:00,120.84734666666668,31.979356666666668,5.7,317.5,,
2025-07-10 02:27:00,120.84361333333334,31.982693333333334,5.1,314.1,,
2025-07-10 02:30:00,120.84008,31.98565,5.1,314.3,,
2025-07-10 02:33:00,120.83634666666669,31.98865,5.4,316.8,,
2025-07-10 02:36:00,120.83252,31.991686666666663,5.3,312.3,,
2025-07-10 02:39:00,120.82852,31.994633333333333,5.3,310.4,,
2025-07-10 02:42:00,120.82473333333331,31.99763,5.0,308.3,,
2025-07-10 02:45:00,120.82104,32.000766666666664,5.6,312.3,,
2025-07-10 02:48:00,120.81685333333331,32.00403333333333,6.2,311.3,,
2025-07-10 02:50:00,120.81374666666666,32.00604666666667,5.9,305.3,,
2025-07-10 02:53:00,120.80889333333332,32.00856,5.7,300.7,,
2025-07-10 02:56:00,120.80404,32.01088,5.9,297.4,,
2025-07-10 02:58:00,120.80033333333331,32.01211,6.0,289.3,,
2025-07-10 03:00:00,120.79654666666669,32.01303,5.9,282.7,,
2025-07-10 03:03:00,120.79109333333334,32.01390333333333,5.0,280.7,,
2025-07-10 03:06:00,120.78612,32.01430666666667,5.2,277.9,,
2025-07-10 03:09:00,120.78091666666668,32.01486666666667,5.3,278.0,,
2025-07-10 03:12:00,120.77581333333332,32.014873333333334,5.5,264.7,,
2025-07-10 03:15:00,120.77056,32.014813333333336,5.1,271.3,,
2025-07-10 03:18:00,120.76550666666668,32.015303333333335,5.7,287.3,,
2025-07-10 03:21:00,120.76001333333332,32.01596333333333,5.9,267.0,,
2025-07-10 03:24:30,120.75374666666669,32.01569666666666,5.2,268.4,,
2025-07-10 03:27:38,120.74841666666669,32.01555,5.4,267.6,,
2025-07-10 03:31:00,120.74246666666669,32.01536333333333,5.4,266.7,,
2025-07-10 03:34:00,120.73709333333332,32.01495666666667,5.4,265.0,,
2025-07-10 03:37:00,120.73158666666669,32.01476666666667,6.0,268.0,,
2025-07-10 03:39:00,120.72742666666667,32.01432333333333,6.6,262.0,,
2025-07-10 03:41:30,120.72217333333332,32.01345,6.5,261.6,,
2025-07-10 03:43:30,120.71782666666668,32.01296,7.2,259.3,,
2025-07-10 03:45:30,120.71324,32.01200333333333,7.3,255.3,,
2025-07-10 03:47:30,120.7086,32.010873333333336,7.1,254.6,,
2025-07-10 03:49:30,120.70441333333332,32.01011666666667,6.1,262.1,,
2025-07-10 03:51:30,120.70048,32.009393333333335,6.0,259.4,,
2025-07-10 03:53:30,120.69662666666666,32.00853333333333,6.3,251.8,,
2025-07-10 03:55:30,120.69266666666668,32.00767666666667,6.1,258.0,,
2025-07-10 03:57:30,120.68886666666668,32.00684,6.0,256.7,,
2025-07-10 04:00:30,120.68333333333334,32.00538,5.7,255.9,,
2025-07-10 04:03:59,120.67734666666666,32.00414,5.0,258.0,,
2025-07-10 04:06:59,120.6724,32.00316,5.1,260.9,,
2025-07-10 04:10:51,120.66503333333333,32.00236666666667,6.5,265.2,,
2025-07-10 04:13:29,120.65922666666668,32.00178,6.5,261.4,,
2025-07-10 04:16:52,120.65236666666668,32.00128333333333,6.0,268.9,,
2025-07-10 04:19:05,120.64796666666666,32.001266666666666,5.9,270.7,,
2025-07-10 04:23:29,120.63930666666668,32.001823333333334,6.0,279.0,,
2025-07-10 04:25:29,120.63544,32.00251333333333,6.2,284.4,,
2025-07-10 04:27:59,120.63042666666666,32.002446666666664,5.9,266.4,,
2025-07-10 04:31:45,120.62369333333334,32.002356666666664,5.5,269.2,,
2025-07-10 04:34:45,120.61868,32.004173333333334,5.5,303.6,,
2025-07-10 04:37:45,120.6142,32.006526666666666,5.2,296.7,,
2025-07-10 04:42:15,120.60714666666668,32.00962666666667,5.6,296.4,,
2025-07-10 04:45:15,120.60225333333334,32.01194666666667,5.8,297.5,,
2025-07-10 04:48:15,120.5974,32.01471333333333,5.9,304.5,,
2025-07-10 04:51:15,120.59329333333334,32.01817333333333,5.9,319.3,,
2025-07-10 04:55:49,120.58755,32.023583333333335,5.9,316.1,,
2025-07-10 04:58:15,120.58425333333334,32.02647666666667,6.0,315.8,,
2025-07-10 05:00:15,120.58145333333331,32.02894333333333,6.1,314.3,,
2025-07-10 05:02:45,120.57785333333334,32.03198,6.2,312.7,,
2025-07-10 05:05:45,120.57342666666666,32.03552,6.3,313.9,,
2025-07-10 05:07:45,120.57068,32.03807666666667,6.1,323.9,,
2025-07-10 05:10:15,120.5676,32.041493333333335,6.4,321.8,,
2025-07-10 05:12:15,120.56506666666668,32.04416,6.2,319.6,,
2025-07-10 05:14:15,120.56206666666668,32.04666666666667,6.5,306.0,,
2025-07-10 05:16:50,120.55751666666669,32.049216666666666,6.4,308.2,,
2025-07-10 05:19:45,120.55218666666669,32.052216666666666,6.7,299.2,,
2025-07-10 05:21:45,120.54844,32.05419666666667,6.7,302.6,,
2025-07-10 05:23:45,120.54468,32.05618333333334,6.7,304.0,,
2025-07-10 05:26:15,120.54016,32.05897,6.7,301.2,,
2025-07-10 05:28:15,120.53636,32.06113666666667,7.1,309.7,,
2025-07-10 05:30:15,120.53285333333334,32.06363,6.8,306.1,,
2025-07-10 05:32:15,120.52904,32.06572666666667,6.9,302.7,,
2025-07-10 05:34:15,120.52541333333332,32.06789666666667,6.7,305.2,,
2025-07-10 05:37:45,120.51845333333333,32.071043333333336,6.9,291.1,,
2025-07-10 05:41:15,120.51093333333333,32.07266666666667,6.6,279.1,,
2025-07-10 05:44:15,120.50450666666669,32.073523333333334,6.4,276.0,,
2025-07-10 05:46:36,120.49971666666669,32.074016666666665,6.2,277.8,,
2025-07-10 05:49:15,120.49444,32.07412,6.0,266.9,,
2025-07-10 05:52:32,120.48781666666666,32.07335,6.4,262.4,,
2025-07-10 05:56:15,120.48041333333332,32.072246666666665,6.0,257.6,,
2025-07-10 05:59:15,120.47473333333332,32.070973333333335,5.9,256.5,,
2025-07-10 06:01:45,120.46990666666666,32.070123333333335,6.0,260.2,,
2025-07-10 06:03:45,120.46604,32.06928333333333,6.0,252.9,,
2025-07-10 06:05:45,120.46226666666666,32.06821333333333,6.0,248.1,,
2025-07-10 06:07:45,120.45865333333332,32.066653333333335,6.2,243.2,,
2025-07-10 06:09:45,120.45494666666669,32.06525333333333,6.1,247.9,,
2025-07-10 06:11:45,120.45117333333332,32.0639,6.2,244.9,,
2025-07-10 06:14:15,120.44670666666669,32.06186666666667,6.0,243.3,,
2025-07-10 06:16:15,120.44316,32.06035,6.1,239.5,,
2025-07-10 06:18:39,120.43926666666668,32.058,6.1,231.2,,
2025-07-10 06:20:45,120.43593333333334,32.055596666666666,6.4,229.9,,
2025-07-10 06:22:45,120.43268,32.053306666666664,6.4,229.3,,
2025-07-10 06:24:45,120.42944,32.05101,6.3,223.8,,
2025-07-10 06:26:45,120.42613333333334,32.04879,6.5,233.7,,
2025-07-10 06:29:02,120.42233333333331,32.046216666666666,6.4,230.7,,
2025-07-10 06:31:15,120.41876,32.04353666666667,6.5,228.8,,
2025-07-10 06:33:15,120.41552,32.041016666666664,6.7,225.7,,
2025-07-10 06:35:15,120.41236,32.03828333333333,6.9,224.6,,
2025-07-10 06:37:15,120.40916,32.03549666666667,6.9,224.9,,
2025-07-10 06:39:15,120.40588,32.03273,7.0,225.6,,
2025-07-10 06:41:15,120.40238666666669,32.03002333333333,7.1,228.2,,
2025-07-10 06:43:15,120.39890666666666,32.02723666666667,7.2,226.7,,
2025-07-10 06:45:15,120.39548,32.024346666666666,7.3,224.9,,
2025-07-10 06:47:39,120.39101666666669,32.0211,7.4,233.0,,
2025-07-10 06:49:45,120.38710666666668,32.01839666666667,7.3,230.2,,
2025-07-10 06:51:45,120.38334666666668,32.01582666666667,7.3,230.7,,
2025-07-10 06:53:45,120.37961333333334,32.01329333333333,7.4,229.8,,
2025-07-10 06:55:45,120.37601333333332,32.01055,7.3,226.9,,
2025-07-10 06:57:45,120.37253333333334,32.00774333333333,7.4,227.7,,
2025-07-10 06:59:45,120.36889333333332,32.005026666666666,7.3,227.9,,
2025-07-10 07:01:45,120.36524,32.00236,7.3,230.3,,
2025-07-10 07:03:45,120.36170666666666,31.999646666666667,7.2,225.6,,
2025-07-10 07:05:45,120.35817333333334,31.996926666666667,7.3,231.2,,
2025-07-10 07:07:45,120.35448,31.994236666666666,7.3,223.2,,
2025-07-10 07:10:15,120.35010666666666,31.99071,7.4,230.9,,
2025-07-10 07:12:15,120.34654666666668,31.987906666666667,7.4,225.0,,
2025-07-10 07:14:15,120.34302666666666,31.985016666666667,7.4,227.6,,
2025-07-10 07:16:45,120.3382,31.98192333333333,7.4,232.7,,
2025-07-10 07:18:45,120.33414666666668,31.9796,7.5,234.5,,
2025-07-10 07:21:15,120.32889333333334,31.97699,7.5,245.9,,
2025-07-10 07:23:15,120.32453333333332,31.975193333333333,7.3,241.5,,
2025-07-10 07:25:15,120.32014666666667,31.973476666666667,7.3,246.2,,
2025-07-10 07:27:15,120.31561333333332,31.97202,7.4,250.0,,
2025-07-10 07:29:15,120.3112,31.970366666666667,7.3,244.5,,
2025-07-10 07:31:15,120.30704,31.96847,7.1,240.3,,
2025-07-10 07:33:15,120.30292,31.966456666666662,7.1,241.2,,
2025-07-10 07:35:45,120.29773333333333,31.964,7.3,241.7,,
2025-07-10 07:37:45,120.29358666666668,31.962,7.2,237.5,,
2025-07-10 07:39:45,120.28954666666668,31.959896666666666,7.3,237.9,,
2025-07-10 07:41:45,120.28544,31.957736666666666,7.4,238.7,,
2025-07-10 07:43:45,120.28129333333334,31.95559666666667,7.4,239.0,,
2025-07-10 07:45:45,120.27714666666668,31.953316666666662,7.5,238.3,,
2025-07-10 07:48:16,120.27188,31.950623333333333,7.5,239.4,,
2025-07-10 07:50:16,120.26737333333334,31.94868,7.9,244.1,,
2025-07-10 07:52:16,120.26282666666668,31.94691,7.7,247.1,,
2025-07-10 07:54:16,120.25805333333334,31.94560333333333,7.9,254.1,,
2025-07-10 07:56:16,120.25296,31.944396666666663,8.2,255.5,,
2025-07-10 07:58:46,120.24658666666669,31.943216666666668,7.7,258.3,,
2025-07-10 08:00:46,120.24174666666669,31.94246,7.6,258.1,,
2025-07-10 08:02:46,120.23686666666669,31.94181333333333,7.6,264.0,,
2025-07-10 08:04:52,120.23166666666668,31.94143333333333,7.6,265.2,,
2025-07-10 08:07:05,120.22623333333334,31.941466666666667,7.3,266.3,,
2025-07-10 08:09:16,120.22097333333332,31.941686666666666,7.5,276.2,,
2025-07-10 08:11:16,120.21641333333334,31.94119333333333,7.0,265.4,,
2025-07-10 08:13:46,120.21050666666666,31.94156,7.3,274.4,,
2025-07-10 08:16:10,120.2048,31.942166666666665,7.3,279.4,,
2025-07-10 08:18:24,120.19951666666668,31.94295,7.3,282.7,,
2025-07-10 08:21:15,120.19268,31.94382,7.3,277.5,,
2025-07-10 08:23:45,120.1866,31.94452,7.5,280.7,,
2025-07-10 08:25:46,120.18172,31.94511333333333,7.4,277.3,,
2025-07-10 08:28:16,120.17566666666669,31.945716666666662,7.3,272.6,,
2025-07-10 08:30:32,120.1703,31.94618333333333,7.3,276.6,,
2025-07-10 08:32:46,120.16506666666666,31.9469,7.2,281.5,,
2025-07-10 08:35:45,120.15818666666668,31.94819333333333,7.2,283.2,,
2025-07-10 08:37:45,120.15350666666669,31.949023333333333,7.3,281.0,,
2025-07-10 08:39:45,120.14870666666668,31.949773333333333,7.5,280.3,,
2025-07-10 08:41:45,120.14385333333334,31.950376666666667,7.4,275.8,,
2025-07-10 08:43:45,120.13904,31.95082333333333,7.2,277.9,,
2025-07-10 08:46:45,120.13192,31.95179333333333,7.2,278.9,,
2025-07-10 08:48:45,120.12734666666668,31.95280333333333,7.2,287.9,,
2025-07-10 08:50:45,120.12273333333331,31.95387,7.2,280.4,,
2025-07-10 08:52:45,120.11809333333332,31.95486,7.3,283.5,,
2025-07-10 08:55:14,120.11235,31.956233333333333,7.3,286.0,,
2025-07-10 08:57:15,120.10770666666669,31.95742333333333,7.3,289.0,,
2025-07-10 08:59:15,120.10310666666666,31.958586666666665,7.4,286.0,,
2025-07-10 09:01:15,120.09838666666668,31.95946,7.3,281.0,,
2025-07-10 09:04:15,120.0914,31.96103,7.3,280.8,,
2025-07-10 09:06:15,120.08661333333332,31.96158,7.4,275.4,,
2025-07-10 09:08:15,120.08193333333334,31.96222333333333,7.1,284.9,,
2025-07-10 09:10:15,120.07733333333331,31.96306,7.2,282.1,,
2025-07-10 09:12:15,120.07266666666666,31.96378,7.2,280.8,,
2025-07-10 09:14:15,120.06806666666668,31.9647,7.1,282.4,,
2025-07-10 09:16:15,120.06348,31.96567,7.3,282.8,,
2025-07-10 09:18:15,120.05882666666666,31.96647,7.3,283.6,,
2025-07-10 09:20:15,120.05421333333334,31.967356666666667,7.2,283.7,,
2025-07-10 09:22:15,120.04962666666668,31.96830333333333,7.2,286.6,,
2025-07-10 09:25:01,120.04630666666668,31.96921,7.2,287.7,,
2025-07-10 09:27:15,120.03848,31.97141,7.1,288.7,,
2025-07-10 09:29:15,120.03416,31.972696666666668,6.8,289.1,,
2025-07-10 09:31:15,120.02997333333332,31.974,6.9,293.2,,
2025-07-10 09:33:15,120.02584,31.97553,7.0,295.2,,
2025-07-10 09:35:15,120.02176,31.97722,6.9,297.3,,
2025-07-10 09:37:15,120.01777333333334,31.979116666666663,7.0,299.9,,
2025-07-10 09:39:15,120.01382666666667,31.98099,6.9,300.9,,
2025-07-10 09:41:15,120.01001333333332,31.982996666666665,6.7,303.2,,
2025-07-10 09:43:15,120.00633333333332,31.98503,6.6,306.2,,
2025-07-10 09:45:15,120.00284,31.98717,6.4,306.6,,
2025-07-10 09:47:15,119.99954666666666,31.989453333333334,6.4,310.4,,
2025-07-10 09:49:15,119.99634666666668,31.991823333333333,6.5,309.3,,
2025-07-10 09:51:15,119.99294666666668,31.99405,6.5,307.1,,
2025-07-10 09:53:15,119.98956,31.996306666666666,6.6,308.1,,
2025-07-10 09:55:15,119.98622666666668,31.99862,6.4,308.3,,
2025-07-10 09:57:15,119.98298666666666,32.00093,6.3,310.2,,
2025-07-10 09:59:15,119.97990666666666,32.00328666666667,6.3,312.8,,
2025-07-10 10:01:15,119.97697333333332,32.00569,6.1,312.8,,
2025-07-10 10:03:15,119.974,32.00808333333333,6.2,313.7,,
2025-07-10 10:05:15,119.97110666666669,32.01054666666667,6.2,317.7,,
2025-07-10 10:07:45,119.96776,32.01383333333333,6.2,320.1,,
2025-07-10 10:09:45,119.96517333333334,32.01654333333333,6.1,320.3,,
2025-07-10 10:11:45,119.96261333333334,32.01923333333333,6.2,322.6,,
2025-07-10 10:13:45,119.96002666666666,32.02188,6.1,319.9,,
2025-07-10 10:15:55,119.95938666666666,32.022553333333335,6.2,319.6,,
2025-07-10 10:18:15,119.95465333333334,32.0281,6.0,325.6,,
2025-07-10 10:20:15,119.95238666666668,32.0309,6.0,327.1,,
2025-07-10 10:23:15,119.94937333333333,32.03520666666667,5.9,330.4,,
2025-07-10 10:26:34,119.94638333333332,32.03998333333333,5.6,331.8,,
2025-07-10 10:29:40,119.94533333333334,32.04168,5.7,332.8,,
2025-07-10 10:32:45,119.94128,32.04902666666667,5.9,338.8,,
2025-07-10 10:34:45,119.93989333333332,32.05208666666667,6.0,339.8,,
2025-07-10 10:38:42,119.93778666666668,32.056673333333336,5.9,340.2,,
2025-07-10 10:42:15,119.93484,32.06366666666667,5.8,340.1,,
2025-07-10 10:45:15,119.93296,32.068333333333335,5.9,341.3,,
2025-07-10 10:48:15,119.93118666666666,32.07299666666667,5.8,342.7,,
2025-07-10 10:52:01,119.9304,32.07521666666667,5.9,344.5,,
2025-07-10 10:55:06,119.92837333333334,32.0817,5.9,346.2,,
2025-07-10 10:57:14,119.92714666666669,32.08575666666667,6.0,344.7,,
2025-07-10 10:59:15,119.92577333333334,32.09069,6.0,348.4,,
2025-07-10 11:01:23,119.9254,32.09233,6.0,350.7,,
2025-07-10 11:04:15,119.92408,32.09903666666667,6.1,350.8,,
2025-07-10 11:06:45,119.92310666666668,32.10332,6.2,348.0,,
2025-07-10 11:09:15,119.92246666666666,32.10593333333333,6.3,348.3,,
2025-07-10 11:11:45,119.92093333333334,32.11175,6.1,346.2,,
2025-07-10 11:13:49,119.91985333333334,32.11505666666667,6.1,344.6,,
2025-07-10 11:15:59,119.91881666666669,32.118316666666665,6.1,345.2,,
2025-07-10 11:18:26,119.91775,32.12193333333333,6.0,345.4,,
2025-07-10 11:20:46,119.91630666666669,32.12667,6.1,345.2,,
2025-07-10 11:23:45,119.91493333333334,32.131503333333335,5.7,344.2,,
2025-07-10 11:26:53,119.91318333333334,32.13633333333333,5.7,341.0,,
2025-07-10 11:29:57,119.91166666666666,32.14093333333334,5.6,347.4,,
2025-07-10 11:33:05,119.91068,32.14552666666667,5.7,350.6,,
2025-07-10 11:36:15,119.90998666666668,32.15105333333333,5.6,355.4,,
2025-07-10 11:39:15,119.90933333333334,32.15593666666667,5.8,350.6,,
2025-07-10 11:42:15,119.90846666666668,32.16078666666667,5.8,351.1,,
2025-07-10 11:45:15,119.90746666666666,32.16553,5.6,350.6,,
2025-07-10 11:48:17,119.90641333333332,32.17028666666667,5.7,348.3,,
2025-07-10 11:50:36,119.9054,32.17395,6.0,346.5,,
2025-07-10 11:53:45,119.90424,32.17889,5.7,348.0,,
2025-07-10 11:56:45,119.90324,32.18358,5.4,351.3,,
2025-07-10 11:59:45,119.90209333333334,32.188206666666666,5.6,347.4,,
2025-07-10 12:02:45,119.90082666666666,32.19279,5.4,345.5,,
2025-07-10 12:06:06,119.89931666666666,32.197833333333335,5.3,346.3,,
2025-07-10 12:09:44,119.89804,32.20323333333333,5.5,347.4,,
2025-07-10 12:12:45,119.89678666666669,32.207636666666666,5.3,346.4,,
2025-07-10 12:15:45,119.89550666666666,32.21197,5.3,351.9,,
2025-07-10 12:19:00,119.8945,32.21673333333333,5.2,349.8,,
2025-07-10 12:22:19,119.89348,32.22136,5.3,349.9,,
2025-07-10 12:25:22,119.89223333333334,32.22595,5.5,345.8,,
2025-07-10 12:28:44,119.89065333333332,32.23099,5.5,345.1,,
2025-07-10 12:31:44,119.88918666666666,32.23557,5.7,344.4,,
2025-07-10 15:42:35,119.67568,32.236803333333334,5.3,195.0,,
2025-07-10 15:45:35,119.6742,32.23267666666667,5.2,199.4,,
2025-07-10 15:49:05,119.67229333333331,32.227783333333335,5.2,201.5,,
2025-07-10 15:52:05,119.67016,32.22387,5.0,210.9,,
2025-07-10 15:55:05,119.66766666666666,32.22034,4.8,212.8,,
2025-07-10 15:58:06,119.66492,32.21718,4.7,216.7,,
2025-07-10 16:01:35,119.66144,32.21359,4.7,223.9,,
2025-07-10 16:05:00,119.65758333333332,32.21005,4.5,228.9,,
2025-07-10 16:08:05,119.65430666666668,32.207786666666664,4.7,231.6,,
2025-07-10 16:11:05,119.65074666666666,32.205486666666665,4.5,237.4,,
2025-07-10 16:14:35,119.646,32.20342,4.6,249.4,,
2025-07-10 16:17:35,119.64149333333332,32.202,5.0,248.4,,
2025-07-10 16:20:35,119.63689333333332,32.20042333333333,5.1,250.3,,
2025-07-10 16:23:35,119.63224,32.198813333333334,5.0,247.8,,
2025-07-10 16:27:35,119.62636,32.19621,4.7,240.4,,
2025-07-10 16:33:05,119.61746666666669,32.19446333333333,5.1,262.2,,
2025-07-10 16:36:05,119.61288,32.19368333333333,4.4,262.1,,
2025-07-10 16:39:35,119.60822666666668,32.19305666666666,4.1,263.7,,
2025-07-10 16:42:35,119.60417333333334,32.19271,4.2,263.1,,
2025-07-10 16:45:36,119.59982666666669,32.19210666666667,4.6,258.9,,
2025-07-10 16:48:58,119.59471666666668,32.19175,4.6,265.4,,
2025-07-10 16:52:06,119.58984,32.19157,5.0,269.6,,
2025-07-10 16:55:35,119.58405333333332,32.191356666666664,5.0,263.1,,
2025-07-10 16:58:35,119.57902666666666,32.19096666666667,5.1,269.2,,
2025-07-10 17:01:36,119.57425333333332,32.19154,4.8,279.8,,
2025-07-10 17:05:05,119.5692,32.19249,4.3,293.1,,
2025-07-10 17:08:05,119.56537333333333,32.193983333333335,4.4,296.6,,
2025-07-10 17:11:05,119.56145333333332,32.196,4.7,302.1,,
2025-07-10 17:14:05,119.55768,32.1984,4.8,304.2,,
2025-07-10 17:17:05,119.55417333333334,32.20112,4.7,324.1,,
2025-07-10 17:20:05,119.55250666666667,32.20467333333333,4.4,342.4,,
2025-07-10 17:23:05,119.55191666666668,32.20815,4.1,356.8,,
2025-07-10 17:26:05,119.55189333333334,32.21163333333333,3.8,4.0,,
2025-07-10 17:29:42,119.5518,32.2159,4.4,358.2,,
2025-07-10 17:33:05,119.55142666666669,32.22015,4.2,353.4,,
2025-07-10 17:36:19,119.5508,32.22376666666667,4.1,350.4,,
2025-07-10 17:39:35,119.55033333333331,32.22744,3.9,357.7,,
2025-07-10 17:42:35,119.5498,32.23138333333333,5.1,347.3,,
2025-07-10 17:45:35,119.54788,32.23505,4.6,319.4,,
2025-07-10 17:49:05,119.54378666666666,32.23852,5.3,309.0,,
2025-07-10 19:38:55,119.39444,32.23941,5.4,219.3,,
2025-07-10 19:41:55,119.39072,32.236043333333335,5.6,224.6,,
2025-07-10 19:44:55,119.3866,32.23260333333333,6.1,219.8,,
2025-07-10 19:47:55,119.38181333333333,32.23023333333333,5.8,260.7,,
2025-07-10 19:50:55,119.37622666666668,32.22929666666667,5.7,256.7,,
2025-07-10 19:53:55,119.37074666666666,32.2282,5.7,255.2,,
2025-07-10 19:56:55,119.36532,32.227806666666666,5.5,272.7,,
2025-07-10 19:59:55,119.35998666666669,32.228496666666665,5.5,280.3,,
2025-07-10 20:02:55,119.35476,32.229533333333336,5.4,285.5,,
2025-07-10 20:05:55,119.34965333333334,32.231123333333336,5.5,288.9,,
2025-07-10 20:08:55,119.34425333333331,32.23252333333333,5.7,284.4,,
2025-07-10 20:11:55,119.33878666666666,32.23371,5.7,285.3,,
2025-07-10 20:14:55,119.33345333333334,32.23520666666667,5.9,286.4,,
2025-07-10 20:17:23,119.32881666666668,32.236383333333336,6.0,285.8,,
2025-07-10 20:20:19,119.32328333333334,32.23758333333333,6.0,281.8,,
2025-07-10 20:23:25,119.31748,32.23834333333333,5.7,278.2,,
2025-07-10 20:26:25,119.31186666666666,32.23903333333333,5.6,273.8,,
2025-07-10 20:29:25,119.30626666666667,32.23916666666667,5.7,269.7,,
2025-07-10 20:32:25,119.30068,32.23918,5.6,271.9,,
2025-07-10 20:35:50,119.29426666666669,32.23916666666667,5.7,267.9,,
2025-07-10 20:39:25,119.28741333333332,32.23911,5.8,269.1,,
2025-07-10 20:42:25,119.28172,32.238816666666665,5.8,264.5,,
2025-07-10 20:45:25,119.27601333333334,32.23832,5.8,263.3,,
2025-07-10 20:48:25,119.27034666666668,32.237946666666666,5.7,265.7,,
2025-07-10 20:51:25,119.26476,32.237496666666665,5.7,258.8,,
2025-07-10 20:54:55,119.25829333333331,32.23648,5.7,257.2,,
2025-07-10 20:57:55,119.25278666666668,32.2356,5.7,259.2,,
2025-07-10 21:01:25,119.24637333333334,32.2347,5.5,257.7,,
2025-07-10 21:04:25,119.24097333333332,32.23377,5.6,257.8,,
2025-07-10 21:07:55,119.23481333333334,32.23264666666667,5.7,259.3,,
2025-07-10 21:10:55,119.22908,32.23225333333333,5.8,270.7,,
2025-07-10 21:12:55,119.22513333333332,32.232443333333336,6.1,275.2,,
2025-07-10 21:14:55,119.22117333333334,32.2329,6.1,278.9,,
2025-07-10 21:16:55,119.21725333333332,32.233596666666664,6.1,284.2,,
2025-07-10 21:19:55,119.21148,32.23478333333333,6.1,285.3,,
2025-07-10 21:21:55,119.20774666666668,32.23587333333333,6.3,286.7,,
2025-07-10 21:23:55,119.20382666666669,32.23696666666667,6.3,289.2,,
2025-07-10 21:25:55,119.19989333333334,32.23834,6.5,292.6,,
2025-07-10 21:27:55,119.19604,32.239646666666665,6.1,288.8,,
2025-07-10 22:34:54,119.07361333333333,32.23949666666667,6.9,232.3,,
2025-07-10 22:36:54,119.07024,32.23694,7.1,227.7,,
2025-07-10 22:39:54,119.06618666666668,32.23393,4.2,230.3,,
2025-07-10 22:43:05,119.0647,32.23243333333333,2.3,211.6,,
2025-07-10 23:14:22,119.0648,32.232396666666666,0.0,344.0,,
2025-07-10 23:44:22,119.0648,32.23240666666667,0.1,142.7,,
2025-07-11 00:15:21,119.06478333333334,32.23238333333333,0.1,78.7,,
2025-07-11 00:45:21,119.06478333333334,32.23238333333333,0.0,119.0,,
2025-07-11 01:15:21,119.06478333333334,32.2324,0.0,35.6,,
2025-07-11 01:46:18,119.06481333333332,32.232413333333334,0.0,320.2,,
2025-07-11 02:16:18,119.0648,32.23240666666667,0.1,12.8,,
2025-07-11 02:46:47,119.0648,32.2324,0.0,213.6,,
2025-07-11 03:18:18,119.0648,32.232416666666666,0.0,345.4,,
2025-07-11 03:49:05,119.06481666666669,32.232416666666666,0.0,193.1,,
2025-07-11 04:19:18,119.0648,32.232416666666666,0.0,299.1,,
2025-07-11 04:49:18,119.06478666666666,32.232416666666666,0.1,126.2,,
2025-07-11 05:19:18,119.0648,32.23240333333333,0.1,189.6,,
2025-07-11 05:49:18,119.06478666666666,32.23242666666667,0.1,157.2,,
2025-07-11 06:20:33,119.06478333333334,32.232416666666666,0.0,144.7,,
2025-07-11 06:50:56,119.06478666666666,32.23241,0.1,28.1,,
2025-07-11 07:20:56,119.0648,32.23242333333334,0.2,133.2,,
2025-07-11 07:50:56,119.06481333333332,32.23245333333333,0.1,179.0,,
2025-07-11 08:21:12,119.06476666666669,32.23243333333333,0.0,75.1,,
2025-07-11 08:51:57,119.06476666666669,32.232416666666666,0.0,291.2,,
2025-07-11 09:22:44,119.0646,32.2322,0.1,66.9,,
2025-07-11 09:53:00,119.06458333333332,32.23218333333333,0.0,181.7,,
2025-07-11 10:23:00,119.0646,32.2322,0.0,12.0,,
2025-07-11 10:53:00,119.0646,32.23218333333333,0.0,47.8,,
2025-07-11 11:23:00,119.0646,32.232166666666664,0.1,107.8,,
2025-07-11 11:53:00,119.0646,32.232166666666664,0.0,67.1,,
2025-07-11 12:23:00,119.06458333333332,32.232166666666664,0.0,340.9,,
2025-07-11 12:54:00,119.0646,32.232166666666664,0.1,273.0,,
2025-07-11 13:25:28,119.06458333333332,32.23218333333333,0.0,156.3,,
2025-07-11 13:57:13,119.06458666666668,32.23216,0.0,231.1,,
2025-07-11 14:27:13,119.0646,32.23217666666667,0.1,350.3,,
2025-07-11 14:57:13,119.06458666666668,32.232173333333336,0.0,358.4,,
2025-07-11 15:27:30,119.06458333333332,32.23215,0.0,218.5,,
2025-07-11 15:59:00,119.06458333333332,32.232166666666664,0.1,115.9,,
2025-07-11 16:30:00,119.06458333333332,32.232166666666664,0.0,96.9,,
2025-07-11 17:00:12,119.0646,32.23217,0.2,281.3,,
2025-07-11 17:30:12,119.0646,32.23217666666667,0.1,188.7,,
2025-07-11 18:00:12,119.06458666666668,32.23217666666667,0.0,298.5,,
2025-07-11 18:30:12,119.06458666666668,32.23217,0.0,190.6,,
2025-07-11 19:01:04,119.06458333333332,32.232166666666664,0.0,40.0,,
2025-07-11 19:31:46,119.06458333333332,32.23215,0.1,172.6,,
2025-07-11 20:02:30,119.06458333333332,32.232166666666664,0.0,190.6,,
2025-07-11 20:33:14,119.06458333333332,32.23215,0.2,174.3,,
2025-07-11 21:03:24,119.0646,32.232146666666665,0.1,237.9,,
2025-07-11 21:33:24,119.06457333333331,32.232146666666665,0.0,172.1,,
2025-07-11 22:03:41,119.06410666666666,32.23178,3.1,213.5,,
2025-07-11 22:05:41,119.06449333333332,32.22855,7.0,197.3,,
2025-07-11 22:07:41,119.06242666666668,32.22511333333333,6.9,208.2,,
2025-07-11 22:09:41,119.06025333333334,32.221673333333335,6.9,209.8,,
2025-07-11 22:11:41,119.05786666666668,32.218363333333336,7.2,213.1,,
2025-07-11 22:13:41,119.05525333333334,32.21497333333333,7.4,214.9,,
2025-07-11 22:15:41,119.05224,32.21167333333333,7.6,218.3,,
2025-07-11 22:17:41,119.04913333333332,32.208396666666665,7.5,218.6,,
2025-07-11 22:19:41,119.04609333333332,32.20518333333333,7.3,219.0,,
2025-07-11 22:21:41,119.04308,32.20192,7.6,216.5,,
2025-07-11 22:23:41,119.03990666666668,32.19877,7.3,224.3,,
2025-07-11 22:25:41,119.03642666666669,32.196216666666665,6.9,230.5,,
2025-07-11 22:27:41,119.0328,32.19369666666667,7.2,228.7,,
2025-07-11 22:29:41,119.02934666666668,32.19121666666667,6.8,229.3,,
2025-07-11 22:31:41,119.02596,32.188786666666665,6.8,226.9,,
2025-07-11 22:33:41,119.02252,32.18647,6.6,234.6,,
2025-07-11 22:35:45,119.0188,32.18433666666667,6.8,236.8,,
2025-07-11 22:38:10,119.01411666666668,32.18195,6.6,239.7,,
2025-07-11 22:40:11,119.01022666666668,32.18020666666666,6.7,242.3,,
2025-07-11 22:42:11,119.00624,32.17852,6.6,247.0,,
2025-07-11 22:44:11,119.00198666666668,32.17762,6.8,261.2,,
2025-07-11 22:46:11,118.99756,32.17698333333333,6.8,259.9,,
2025-07-11 22:48:11,118.99309333333332,32.17653,6.8,263.8,,
2025-07-11 22:50:11,118.98850666666668,32.176226666666665,7.0,267.8,,
2025-07-11 22:52:11,118.98394666666668,32.17614666666667,6.9,269.4,,
2025-07-11 22:54:11,118.97932,32.17604,7.1,266.8,,
2025-07-11 22:56:11,118.97472,32.17579666666666,7.0,267.5,,
2025-07-11 22:58:11,118.97022666666666,32.17569,6.8,269.0,,
2025-07-11 23:00:11,118.96569333333332,32.17563666666667,7.1,269.0,,
2025-07-11 23:02:11,118.96113333333334,32.175596666666664,6.8,267.6,,
2025-07-11 23:04:11,118.95665333333334,32.17551666666667,6.7,267.9,,
2025-07-11 23:06:11,118.95217333333332,32.175666666666665,6.7,273.2,,
2025-07-11 23:08:11,118.94776,32.17601,6.7,277.7,,
2025-07-11 23:10:21,118.94311666666668,32.17665,6.5,281.5,,
2025-07-11 23:12:32,118.93841666666668,32.177533333333336,6.6,281.9,,
2025-07-11 23:14:41,118.93392,32.17838666666667,6.5,282.2,,
2025-07-11 23:16:41,118.92968,32.179003333333334,6.4,276.8,,
2025-07-11 23:18:41,118.92552,32.17958333333333,6.6,280.6,,
2025-07-11 23:20:43,118.92113333333332,32.180283333333335,6.7,280.6,,
2025-07-11 23:22:55,118.91645,32.181016666666665,6.5,280.9,,
2025-07-11 23:25:10,118.91174666666667,32.18169,6.5,277.1,,
2025-07-11 23:27:17,118.90721333333332,32.182006666666666,6.4,276.0,,
2025-07-11 23:29:17,118.90290666666668,32.18237666666667,6.6,274.5,,
2025-07-11 23:31:17,118.89857333333332,32.18297333333334,6.6,281.7,,
2025-07-11 23:33:17,118.89417333333331,32.183323333333334,6.6,272.0,,
2025-07-11 23:35:17,118.88962666666669,32.183323333333334,7.1,269.4,,
2025-07-11 23:37:17,118.88521333333334,32.18315,6.6,267.2,,
2025-07-11 23:39:17,118.88081666666666,32.182833333333335,6.8,264.9,,
2025-07-11 23:41:17,118.87592,32.182006666666666,7.8,255.1,,
2025-07-11 23:43:17,118.87145333333332,32.18076666666666,7.0,254.6,,
2025-07-11 23:45:17,118.86717333333333,32.17946,6.9,245.2,,
2025-07-11 23:47:19,118.86332,32.17765,5.6,238.7,,
2025-07-11 23:50:19,118.85906666666666,32.175443333333334,4.7,239.7,,
2025-07-11 23:53:19,118.85493333333334,32.17350666666667,4.9,239.1,,
2025-07-11 23:55:19,118.85105333333334,32.17219,6.9,256.6,,
2025-07-11 23:58:44,118.8459,32.17138333333333,2.9,259.0,,
2025-07-12 00:28:44,118.84571666666666,32.171,0.0,54.6,,
2025-07-12 00:59:00,118.84573333333331,32.171033333333334,0.0,256.4,,
2025-07-12 01:30:09,118.84571666666666,32.171033333333334,0.1,217.5,,
2025-07-12 02:00:09,118.84573333333331,32.171033333333334,0.1,162.4,,
2025-07-12 02:31:39,118.84573333333331,32.17101666666667,0.0,200.4,,
2025-07-12 03:01:41,118.84574666666668,32.17104333333333,0.0,294.7,,
2025-07-12 03:31:59,118.84575,32.171033333333334,0.0,30.8,,
2025-07-12 04:02:00,118.84575,32.17101666666667,0.1,187.4,,
2025-07-12 04:32:39,118.84576,32.17102333333333,0.0,15.7,,
2025-07-12 05:02:39,118.84576,32.17102333333333,0.1,161.5,,
2025-07-12 05:33:16,118.84575,32.17101666666667,0.0,209.8,,
2025-07-12 06:05:00,118.84575,32.171,0.1,334.3,,
2025-07-12 06:35:38,118.84576,32.17101666666667,0.0,30.1,,
2025-07-12 07:05:38,118.84576,32.17101666666667,0.0,207.6,,
2025-07-12 07:35:38,118.84576,32.171033333333334,0.2,38.1,,
2025-07-12 08:06:35,118.84575,32.171033333333334,0.1,208.4,,
2025-07-12 08:37:04,118.84576,32.17101666666667,0.1,334.7,,
2025-07-12 09:07:04,118.84576,32.17102666666667,0.2,23.5,,
2025-07-12 09:38:22,118.84576,32.17102,0.1,159.7,,
2025-07-12 10:08:22,118.84589333333334,32.171126666666666,0.1,326.4,,
2025-07-12 10:38:22,118.84592,32.17111333333333,0.1,225.0,,
2025-07-12 11:08:22,118.84592,32.171096666666664,0.1,5.2,,
2025-07-12 11:38:22,118.84593333333332,32.171096666666664,0.1,170.2,,
2025-07-12 12:09:00,118.84591666666668,32.171083333333335,0.1,231.3,,
2025-07-12 12:40:08,118.8459,32.1711,0.1,234.2,,
2025-07-12 13:11:21,118.84590666666666,32.171103333333335,0.1,29.4,,
2025-07-12 13:41:21,118.84592,32.17111333333333,0.0,139.8,,
2025-07-12 14:12:00,118.84591666666668,32.171083333333335,0.0,150.4,,
2025-07-12 14:42:46,118.84592,32.17108,0.2,253.8,,
2025-07-12 15:12:46,118.84592,32.17109,0.1,351.4,,
2025-07-12 15:42:46,118.84592,32.17108,0.0,205.8,,
2025-07-12 16:12:52,118.84591666666668,32.171083333333335,0.0,142.1,,
2025-07-12 16:43:26,118.84591666666668,32.171083333333335,0.0,202.5,,
2025-07-12 16:48:39,118.84486666666666,32.169983333333334,3.7,189.2,,
2025-07-12 16:51:41,118.84490666666666,32.16791666666666,4.8,121.5,,
2025-07-12 16:53:41,118.84969333333332,32.16833,9.4,70.4,,
2025-07-12 16:55:41,118.85566666666666,32.17077666666667,10.5,61.5,,
2025-07-12 16:57:41,118.86161333333334,32.173896666666664,10.7,55.4,,
2025-07-12 16:59:41,118.86766666666666,32.17705,10.8,61.4,,
2025-07-12 17:01:41,118.87418666666666,32.17935333333333,10.7,74.1,,
2025-07-12 17:03:41,118.88094666666667,32.180546666666665,10.4,81.4,,
2025-07-12 17:05:41,118.88781333333333,32.180906666666665,10.4,89.7,,
2025-07-12 17:07:41,118.89469333333334,32.18101,10.4,90.3,,
2025-07-12 17:10:11,118.90322666666668,32.180236666666666,10.6,100.3,,
2025-07-12 17:12:11,118.91001333333334,32.17924333333333,10.4,100.1,,
2025-07-12 17:14:11,118.91678666666668,32.17802666666667,10.7,102.0,,
2025-07-12 17:16:11,118.92373333333332,32.17708666666667,10.8,96.7,,
2025-07-12 17:18:11,118.93072,32.17617333333333,10.6,98.2,,
2025-07-12 17:20:11,118.93758666666666,32.17514666666667,10.7,102.6,,
2025-07-12 17:22:11,118.9444,32.17393333333333,10.4,99.7,,
2025-07-12 17:24:17,118.9515,32.172983333333335,10.3,98.3,,
2025-07-12 17:26:29,118.95886666666668,32.17243333333333,10.3,91.5,,
2025-07-12 17:28:41,118.96642666666666,32.17229,10.4,90.0,,
2025-07-12 17:30:41,118.97330666666667,32.17255,10.6,86.2,,
2025-07-12 17:32:41,118.98025333333334,32.173233333333336,10.6,83.2,,
2025-07-12 17:34:41,118.98730666666668,32.173993333333335,10.9,82.0,,
2025-07-12 17:36:41,118.99433333333332,32.17481,10.8,82.1,,
2025-07-12 17:38:41,119.00134666666666,32.17572333333333,10.8,78.2,,
2025-07-12 17:40:41,119.00821333333332,32.17713666666667,10.5,66.8,,
2025-07-12 17:42:41,119.01436,32.17973,10.6,65.2,,
2025-07-12 17:44:41,119.02046666666666,32.18252666666667,10.8,60.5,,
2025-07-12 17:46:41,119.02624,32.185896666666665,10.7,52.2,,
2025-07-12 17:48:41,119.03177333333332,32.18958333333333,10.7,51.0,,
2025-07-12 17:50:41,119.03708,32.19343666666666,10.6,52.0,,
2025-07-12 17:52:41,119.04257333333334,32.197136666666665,10.6,48.6,,
2025-07-12 17:54:41,119.0472,32.20155,10.6,36.2,,
2025-07-12 17:56:41,119.05138666666667,32.20653,10.8,34.8,,
2025-07-12 17:58:41,119.05566666666668,32.21132333333333,10.7,38.6,,
2025-07-12 18:00:41,119.05977333333334,32.21626666666667,10.7,31.6,,
2025-07-12 18:02:41,119.06317333333334,32.22137333333333,10.8,27.1,,
2025-07-12 18:04:41,119.06638666666667,32.22692,11.2,26.7,,
2025-07-12 18:06:41,119.06732,32.23201,7.0,351.6,,
2025-07-12 18:09:41,119.06521333333332,32.23337333333333,2.7,214.8,,
2025-07-12 18:13:26,119.0647,32.232283333333335,2.3,213.0,,
2025-07-12 18:43:59,119.0648,32.23238333333333,0.0,24.8,,
2025-07-12 19:13:59,119.06478666666666,32.23238666666666,0.0,335.1,,
2025-07-12 19:43:59,119.06478666666666,32.232396666666666,0.1,144.0,,
2025-07-12 20:14:01,119.06478333333334,32.2324,0.0,166.3,,
2025-07-12 20:44:41,119.06478333333334,32.23238333333333,0.1,350.7,,
2025-07-12 21:16:06,119.06478333333334,32.232366666666664,0.1,191.2,,
2025-07-12 21:47:28,119.06478333333334,32.232366666666664,0.1,165.5,,
2025-07-12 22:18:53,119.0648,32.232366666666664,0.0,160.9,,
2025-07-12 22:49:31,119.0648,32.232366666666664,0.3,170.9,,
2025-07-12 23:19:47,119.0648,32.232396666666666,0.1,136.0,,
2025-07-12 23:49:47,119.0648,32.23239,0.0,293.6,,
2025-07-13 00:20:34,119.06478333333334,32.23238333333333,0.0,54.6,,
2025-07-13 00:51:13,119.06478333333334,32.23238333333333,0.0,19.3,,
2025-07-13 01:21:55,119.0648,32.2324,0.0,185.8,,
2025-07-13 01:52:36,119.0648,32.2324,0.1,229.0,,
2025-07-13 02:22:46,119.06481333333332,32.232396666666666,0.0,258.8,,
2025-07-13 02:52:46,119.06478666666666,32.23240333333333,0.0,214.2,,
2025-07-13 03:24:31,119.0648,32.2324,0.0,357.9,,
2025-07-13 03:55:08,119.06478333333334,32.2324,0.0,122.8,,
2025-07-13 04:22:35,119.06546666666668,32.233336666666666,3.9,37.4,,
2025-07-13 04:25:46,119.06601666666668,32.233133333333335,3.1,161.9,,
2025-07-13 04:54:44,119.06478333333334,32.23105,6.7,197.1,,
2025-07-13 04:56:55,119.06328,32.22749666666667,6.0,206.8,,
2025-07-13 04:58:55,119.06134666666668,32.22453,6.1,211.9,,
2025-07-13 05:01:25,119.05901333333334,32.22091,6.0,210.6,,
2025-07-13 05:03:25,119.05682666666668,32.21808333333333,6.2,211.2,,
2025-07-13 05:05:25,119.05424,32.21530666666666,6.4,219.3,,
2025-07-13 05:07:25,119.05152,32.21253333333333,6.5,218.5,,
2025-07-13 05:09:25,119.04906666666666,32.209583333333335,6.5,212.8,,
2025-07-13 05:11:25,119.04670666666668,32.20665666666667,6.3,214.8,,
2025-07-13 05:13:25,119.04414666666666,32.20394666666667,6.2,221.9,,
2025-07-13 05:15:25,119.04128,32.201476666666665,6.3,224.8,,
2025-07-13 05:17:25,119.03838666666668,32.199016666666665,6.1,226.5,,
2025-07-13 05:19:25,119.0354,32.1968,6.1,231.6,,
2025-07-13 05:21:25,119.03222666666667,32.1947,6.0,231.8,,
2025-07-13 05:23:53,119.02823333333332,32.19225,6.0,236.0,,
2025-07-13 05:25:55,119.02473333333332,32.19035,6.3,239.6,,
2025-07-13 05:27:55,119.02122666666666,32.18851333333333,6.1,239.8,,
2025-07-13 05:29:55,119.01770666666668,32.18675666666667,6.2,236.0,,
2025-07-13 05:31:55,119.01472,32.18438333333334,6.2,222.1,,
2025-07-13 05:34:55,119.01013333333331,32.181176666666666,6.0,235.4,,
2025-07-13 05:36:55,119.00684,32.17936666666667,5.7,240.5,,
2025-07-13 05:39:55,119.00144,32.178333333333335,5.9,271.8,,
2025-07-13 05:41:55,118.99748,32.17823,6.1,261.2,,
2025-07-13 05:43:55,118.9936,32.17748666666667,6.0,255.1,,
2025-07-13 05:45:55,118.98970666666666,32.17688666666667,5.9,262.8,,
2025-07-13 05:48:55,118.98397333333334,32.17666,5.8,267.8,,
2025-07-13 05:51:55,118.97829333333334,32.17648,5.9,270.1,,
2025-07-13 05:54:55,118.97249333333332,32.17617,5.9,266.8,,
2025-07-13 05:57:55,118.96674666666668,32.17593,5.8,264.6,,
2025-07-13 06:00:55,118.96101333333333,32.17556,5.8,266.0,,
2025-07-13 06:02:55,118.95713333333332,32.17596666666667,6.4,277.1,,
2025-07-13 06:05:55,118.95137333333334,32.17611333333333,5.5,261.2,,
2025-07-13 06:08:55,118.94618666666666,32.17646666666667,5.6,283.8,,
2025-07-13 06:11:55,118.94096,32.17744,5.2,279.9,,
2025-07-13 06:14:55,118.9358,32.17804,5.4,286.8,,
2025-07-13 06:18:00,118.93055,32.179265,5.4,283.1,,
2025-07-13 06:21:24,118.9245,32.1802,5.5,282.5,,
2025-07-13 06:24:25,118.91926666666669,32.18114333333333,5.4,277.0,,
2025-07-13 06:27:25,118.91410666666668,32.18226333333333,5.6,280.9,,
2025-07-13 06:30:49,118.90796,32.183463333333336,5.7,280.9,,
2025-07-13 06:33:00,118.90336666666668,32.18371666666667,6.0,269.7,,
2025-07-13 06:36:16,118.89741666666669,32.18396666666667,5.8,276.3,,
2025-07-13 06:38:19,118.89324,32.18401333333333,6.1,265.9,,
2025-07-13 06:41:19,118.88772,32.18391,5.0,272.5,,
2025-07-13 06:43:19,118.88384,32.1836,6.7,266.5,,
2025-07-13 06:45:19,118.87937333333332,32.18322,7.1,260.5,,
2025-07-13 06:47:19,118.87496,32.18216,5.9,248.8,,
2025-07-13 06:50:19,118.87012,32.180096666666664,5.2,244.9,,
2025-07-13 06:53:19,118.86542666666666,32.17830333333333,5.2,243.0,,
2025-07-13 06:56:19,118.86098666666666,32.176073333333335,5.4,240.4,,
2025-07-13 06:59:19,118.85641333333334,32.17387333333333,5.5,241.0,,
2025-07-13 07:02:24,118.8512,32.1723,5.5,253.0,,
2025-07-13 07:06:07,118.84621666666666,32.17151666666667,2.7,263.1,,
2025-07-13 07:35:54,118.8459,32.17111666666667,0.6,345.2,,
2025-07-13 08:07:51,118.8459,32.17111666666667,0.0,336.9,,
2025-07-13 08:38:25,118.84591666666668,32.1711,0.0,207.8,,
2025-07-13 09:08:33,118.84592,32.17111666666667,0.1,67.7,,
2025-07-13 09:38:46,118.84591666666668,32.1711,0.0,176.8,,
2025-07-13 10:10:02,118.84591666666668,32.17111666666667,0.0,170.1,,
2025-07-13 10:40:36,118.84593333333332,32.1711,0.0,179.4,,
2025-07-13 11:11:55,118.84593333333332,32.1711,0.0,155.7,,
2025-07-13 11:43:09,118.84593333333332,32.171103333333335,0.1,355.9,,
2025-07-13 11:52:53,118.84591666666668,32.1711,1.0,140.1,,
2025-07-13 12:24:52,118.84591666666668,32.1711,0.0,289.2,,
2025-07-13 12:55:08,118.84590666666666,32.17110666666667,0.1,121.7,,
2025-07-13 13:16:29,118.84497333333331,32.170383333333334,4.0,199.7,,
2025-07-13 13:19:55,118.84175,32.16681666666667,5.1,234.7,,
2025-07-13 13:22:58,118.83742666666669,32.16490666666667,4.9,245.5,,
2025-07-13 13:25:58,118.83301333333333,32.16344333333333,4.8,248.7,,
2025-07-13 13:29:28,118.82773333333331,32.16216333333333,4.6,252.8,,
2025-07-13 13:32:28,118.82321333333331,32.161026666666665,4.8,252.0,,
2025-07-13 13:35:28,118.81869333333331,32.15963,4.9,248.1,,
2025-07-13 13:38:28,118.81416,32.157956666666664,5.1,242.5,,
2025-07-13 13:41:28,118.80998666666666,32.15570666666667,4.7,237.8,,
2025-07-13 13:44:28,118.80558666666668,32.15383,5.1,243.3,,
2025-07-13 13:47:28,118.80108,32.1516,5.3,237.0,,
2025-07-13 13:50:28,118.79685333333332,32.148983333333334,5.3,230.8,,
2025-07-13 13:53:28,118.79288,32.14620333333333,5.2,230.7,,
2025-07-13 13:56:28,118.78908,32.14337,5.1,226.7,,
2025-07-13 13:59:28,118.78554666666666,32.14068,4.7,234.6,,
2025-07-13 14:02:28,118.78166666666668,32.13876666666667,4.6,246.1,,
2025-07-13 14:05:28,118.77730666666666,32.13752,4.8,255.2,,
2025-07-13 14:08:28,118.77268,32.13681666666667,4.9,270.0,,
2025-07-13 14:11:28,118.76769333333333,32.13689333333333,5.1,277.3,,
2025-07-13 14:14:28,118.76337333333332,32.13717,4.0,268.5,,
2025-07-13 14:17:28,118.75954666666668,32.136676666666666,4.1,257.5,,
2025-07-13 14:20:28,118.75521333333332,32.13523333333333,5.2,242.0,,
2025-07-13 14:23:28,118.75117333333333,32.13294,4.7,228.9,,
2025-07-13 14:26:28,118.74805333333332,32.1302,4.8,222.7,,
2025-07-13 14:29:28,118.74506666666667,32.12707,4.2,216.7,,
2025-07-13 14:32:28,118.7426,32.12441333333334,4.1,218.3,,
2025-07-13 14:35:28,118.74017333333332,32.12163,4.4,220.6,,
2025-07-13 14:38:28,118.73726666666668,32.11871,5.3,220.7,,
2025-07-13 14:41:28,118.73374666666666,32.11508333333333,5.6,222.2,,
2025-07-13 14:44:28,118.73,32.11167,5.6,220.8,,
2025-07-15 03:39:28,118.73053333333333,32.10508333333333,8.5,32.1,,
2025-07-15 03:41:28,118.73358666666668,32.108756666666665,8.3,35.4,,
2025-07-15 03:43:50,118.73711666666668,32.11311666666667,8.1,34.1,,
2025-07-15 03:45:58,118.74122666666666,32.117156666666666,10.8,54.8,,
2025-07-15 03:47:58,118.74706666666668,32.12043333333333,10.7,58.2,,
2025-07-15 03:49:58,118.75310666666668,32.12344,10.8,61.8,,
2025-07-15 03:51:58,118.75946666666668,32.12610333333333,10.9,64.8,,
2025-07-15 03:54:27,118.76761333333332,32.12903333333333,10.9,67.6,,
2025-07-15 03:56:27,118.77410666666668,32.13144666666667,10.8,65.0,,
2025-07-15 03:58:28,118.78038666666669,32.1342,10.9,59.0,,
2025-07-15 04:00:28,118.78642666666669,32.137616666666666,11.2,54.7,,
2025-07-15 04:02:29,118.79245,32.1413,11.3,52.4,,
2025-07-15 04:04:46,118.79925,32.14575,11.4,52.2,,
2025-07-15 04:06:58,118.80576666666668,32.1501,11.6,51.8,,
2025-07-15 04:08:58,118.81204,32.153533333333336,11.4,63.8,,
2025-07-15 04:11:27,118.8206,32.15664,11.4,70.6,,
2025-07-15 04:13:27,118.82765333333332,32.15877666666667,11.2,72.1,,
2025-07-15 04:15:27,118.83465333333334,32.160846666666664,11.2,68.4,,
2025-07-15 04:17:27,118.84132,32.16349666666667,11.4,63.8,,
2025-07-15 04:19:27,118.84798666666669,32.16636666666667,11.3,61.9,,
2025-07-15 04:21:27,118.85450666666668,32.16928333333333,11.1,61.9,,
2025-07-15 04:23:27,118.86085333333334,32.17251666666667,11.3,58.2,,
2025-07-15 04:25:27,118.86746666666669,32.17553,11.7,68.8,,
2025-07-15 04:27:27,118.87476,32.17743,11.6,76.5,,
2025-07-15 04:29:27,118.88214666666669,32.17876666666667,11.6,79.7,,
2025-07-15 04:31:27,118.88962666666669,32.17964666666666,11.4,80.6,,
2025-07-15 04:33:27,118.897,32.18062666666667,11.2,91.6,,
2025-07-15 04:35:27,118.90438666666668,32.179763333333334,11.6,100.2,,
2025-07-15 04:37:27,118.9117,32.178716666666666,11.4,98.7,,
2025-07-15 04:39:27,118.91933333333331,32.17772333333333,11.6,96.0,,
2025-07-15 04:41:27,118.92694666666668,32.17686333333333,11.6,100.2,,
2025-07-15 04:43:27,118.93429333333331,32.17525,11.4,105.6,,
2025-07-15 04:45:27,118.94148,32.17369,11.2,101.9,,
2025-07-15 04:47:27,118.94866666666668,32.17257,11.1,97.1,,
2025-07-15 04:49:27,118.95594666666666,32.17186,11.3,97.3,,
2025-07-15 04:51:27,118.96329333333334,32.17145,11.1,92.5,,
2025-07-15 04:53:27,118.97065333333332,32.17149,11.2,87.1,,
2025-07-15 04:55:27,118.97814666666666,32.171913333333336,11.5,86.1,,
2025-07-15 04:57:27,118.98566666666666,32.17212,11.4,87.6,,
2025-07-15 04:59:27,118.99317333333332,32.17261,11.2,81.5,,
2025-07-15 05:01:27,119.00029333333332,32.17409,11.1,71.5,,
2025-07-15 05:03:33,119.00758333333332,32.17646666666667,11.3,69.9,,
2025-07-15 05:05:34,119.01456,32.1791,11.7,62.6,,
2025-07-15 05:07:34,119.02082666666666,32.182763333333334,11.7,55.6,,
2025-07-15 05:09:34,119.02718666666668,32.1864,11.5,54.3,,
2025-07-15 05:11:34,119.03325333333332,32.19041333333333,11.6,50.3,,
2025-07-15 05:13:35,119.03908,32.19469,11.9,53.1,,
2025-07-15 05:16:05,119.04624,32.20015333333333,11.8,42.7,,
2025-07-15 05:17:44,119.05036666666666,32.204433333333334,12.0,36.3,,
2025-07-15 05:19:04,119.05348,32.20807,11.7,35.4,,
2025-07-15 05:21:05,119.05786666666668,32.21337,11.5,33.4,,
2025-07-15 05:22:15,119.06016666666666,32.21665,12.1,29.6,,
2025-07-15 05:23:34,119.06272,32.22070333333333,12.5,26.7,,
2025-07-15 05:24:34,119.06454666666669,32.22385,12.3,26.8,,
2025-07-15 05:25:34,119.0664,32.22692333333333,12.4,24.5,,
2025-07-15 05:27:34,119.06674666666666,32.23175666666667,5.2,324.1,,
2025-07-15 05:31:51,119.0648,32.232036666666666,0.1,172.7,,
2025-07-15 06:02:33,119.06478333333334,32.232033333333334,0.0,185.6,,
2025-07-15 06:34:01,119.06478333333334,32.232033333333334,0.0,194.1,,
2025-07-15 07:04:01,119.06478666666666,32.232036666666666,0.0,31.1,,
2025-07-15 07:34:01,119.0648,32.232036666666666,0.1,199.2,,
2025-07-15 08:05:11,119.06478333333334,32.232033333333334,0.0,193.2,,
2025-07-15 08:36:37,119.06476666666669,32.232033333333334,0.1,174.4,,
2025-07-15 09:07:00,119.06484,32.23201,0.1,339.9,,
2025-07-15 09:37:00,119.06478666666666,32.232013333333335,0.0,27.8,,
2025-07-15 10:08:35,119.0648,32.232033333333334,0.0,286.0,,
2025-07-15 10:39:15,119.06478333333334,32.232,0.1,348.8,,
2025-07-15 11:09:55,119.06478333333334,32.232,0.1,223.1,,
2025-07-15 11:39:59,119.0648,32.232,0.1,235.5,,
2025-07-15 12:10:27,119.06478333333334,32.232,0.1,197.1,,
2025-07-15 12:41:49,119.0648,32.23198333333333,0.1,29.0,,
2025-07-15 13:12:29,119.06476666666669,32.23198333333333,0.0,226.7,,
2025-07-15 13:42:58,119.06478666666666,32.23199,0.0,19.9,,
2025-07-15 14:12:58,119.0648,32.23200333333333,0.0,257.0,,
2025-07-15 14:42:58,119.0648,32.232,0.2,0.1,,
2025-07-15 15:13:38,119.06478333333334,32.23198333333333,0.0,232.4,,
2025-07-15 15:45:01,119.06478333333334,32.23198333333333,0.0,185.9,,
2025-07-15 16:15:48,119.06478666666666,32.23200333333333,0.0,22.7,,
2025-07-15 16:45:48,119.0648,32.23200666666666,0.1,158.6,,
2025-07-15 17:16:17,119.06478333333334,32.232,0.0,174.9,,
2025-07-15 17:48:23,119.06476666666669,32.232,0.0,354.8,,
2025-07-15 18:18:47,119.0648,32.232,0.1,163.6,,
2025-07-15 18:48:47,119.06478666666666,32.23201,0.1,84.7,,
2025-07-15 19:18:47,119.06478666666666,32.231993333333335,0.0,133.2,,
2025-07-15 19:49:30,119.06478333333334,32.232,0.1,212.1,,
2025-07-15 20:19:47,119.0648,32.23201,0.0,214.2,,
2025-07-15 20:50:03,119.06478333333334,32.232,0.1,171.1,,
2025-07-15 21:22:09,119.06478333333334,32.23198333333333,0.0,36.5,,
2025-07-15 21:52:46,119.06478666666666,32.232,0.1,12.2,,
2025-07-15 22:22:46,119.06481333333332,32.23200666666666,0.2,15.8,,
2025-07-15 22:52:46,119.0648,32.23202666666667,0.1,181.5,,
2025-07-15 23:22:46,119.0648,32.231993333333335,0.0,139.1,,
2025-07-15 23:52:46,119.0648,32.232013333333335,0.1,230.2,,
2025-07-16 00:22:55,119.0648,32.232,0.0,223.9,,
2025-07-16 00:53:00,119.0648,32.232,0.1,98.3,,
2025-07-16 01:04:00,119.06438333333334,32.23125,5.2,203.3,,
2025-07-16 01:06:13,119.06356666666667,32.22698333333334,7.0,191.0,,
2025-07-16 01:09:12,119.06068333333332,32.22206666666667,6.4,211.0,,
2025-07-16 01:11:27,119.05794666666668,32.21858,6.9,213.5,,
2025-07-16 01:13:27,119.05541333333332,32.21539666666666,6.9,215.1,,
2025-07-16 01:15:27,119.05261333333333,32.21228333333333,7.0,218.2,,
2025-07-16 01:17:28,119.04971666666668,32.20923166666667,7.0,218.8,,
2025-07-16 01:19:57,119.04612,32.20549333333334,6.7,218.7,,
2025-07-16 01:21:57,119.04318666666668,32.202526666666664,7.0,220.2,,
2025-07-16 01:23:57,119.0402,32.19963,6.8,224.0,,
2025-07-16 01:26:24,119.03589333333332,32.1964,7.4,235.1,,
2025-07-16 01:28:24,119.03153333333331,32.19423333333334,7.8,241.9,,
2025-07-16 01:31:24,119.02636,32.192186666666665,4.9,249.5,,
2025-07-16 01:35:25,119.02395,32.19168166666667,3.3,259.1,,
2025-07-16 02:06:23,119.02392,32.19172666666667,0.0,193.6,,
2025-07-16 02:26:25,119.02391666666666,32.19173333333333,0.8,175.3,,
2025-07-16 02:57:17,119.02394666666666,32.191736666666664,0.0,331.0,,
2025-07-16 03:27:17,119.02394666666666,32.191703333333336,0.1,179.8,,
2025-07-16 03:57:44,119.02393333333332,32.1917,0.2,127.7,,
2025-07-16 04:16:26,119.02391666666666,32.191716666666665,0.5,151.7,,
2025-07-16 04:47:54,119.02391666666666,32.191716666666665,0.1,155.9,,
2025-07-16 05:18:15,119.02393333333332,32.19172666666667,0.1,163.9,,
2025-07-16 05:48:15,119.02392,32.19172666666667,0.0,190.6,,
2025-07-16 06:18:15,119.02393333333332,32.19172,0.0,171.0,,
2025-07-16 06:31:01,119.02292,32.19103,5.2,225.3,,
2025-07-16 06:33:01,119.02216,32.18804333333333,7.6,124.2,,
2025-07-16 06:35:01,119.02861333333334,32.188876666666665,12.3,62.6,,
2025-07-16 06:36:01,119.03198666666668,32.19076666666667,12.3,54.8,,
2025-07-16 06:37:01,119.03528,32.192706666666666,12.1,54.2,,
2025-07-16 06:38:01,119.03853333333332,32.19470666666667,12.1,53.1,,
2025-07-16 06:40:01,119.0446,32.19896333333333,12.0,49.3,,
2025-07-16 06:41:31,119.04882666666668,32.20238,12.3,45.4,,
2025-07-16 06:42:31,119.05149333333334,32.20496,12.4,37.8,,
2025-07-16 06:43:31,119.05393333333332,32.20768666666667,12.3,37.7,,
2025-07-16 06:44:31,119.05636,32.21043,12.2,34.9,,
2025-07-16 06:45:31,119.05856,32.21326666666667,12.2,30.0,,
2025-07-16 06:46:31,119.06038666666667,32.21626666666667,12.0,25.8,,
2025-07-16 06:47:31,119.06208,32.21929333333333,12.3,24.6,,
2025-07-16 06:49:50,119.06625,32.2259,11.7,35.1,,
2025-07-16 06:51:01,119.06917333333334,32.22909,12.4,28.3,,
2025-07-16 06:53:35,119.06833333333331,32.2341,5.1,261.0,,
2025-07-16 06:58:06,119.06483333333334,32.232033333333334,2.8,231.7,,
2025-07-16 07:17:36,119.06453333333332,32.23105,2.5,171.9,,
2025-07-16 07:20:26,119.06873333333333,32.22976666666667,11.0,52.7,,
2025-07-16 07:21:56,119.07313333333332,32.232996666666665,12.1,49.9,,
2025-07-16 07:22:57,119.07628,32.235056666666665,11.8,54.1,,
2025-07-16 07:25:05,119.08311666666668,32.238816666666665,11.9,59.9,,
2025-07-16 07:49:56,119.17812,32.239826666666666,11.8,106.7,,
2025-07-16 07:51:56,119.1854,32.23775333333333,11.6,114.5,,
2025-07-16 07:54:04,119.19263333333332,32.2346,11.4,115.1,,
2025-07-16 07:56:26,119.20077333333332,32.23121,11.7,115.1,,
2025-07-16 07:58:26,119.20752,32.228136666666664,11.4,120.1,,
2025-07-16 08:00:27,119.21398666666668,32.22504333333333,11.2,117.6,,
2025-07-16 08:02:27,119.22052,32.22212666666667,11.0,120.1,,
2025-07-16 08:04:27,119.22677333333333,32.21904,11.1,122.6,,
2025-07-16 08:06:27,119.23273333333331,32.21553333333333,10.9,126.1,,
2025-07-16 08:08:27,119.23846666666668,32.211996666666664,10.9,123.9,,
2025-07-16 08:10:27,119.24442666666668,32.20854333333333,11.1,123.0,,
2025-07-16 08:12:27,119.25078666666668,32.2054,11.2,119.5,,
2025-07-16 08:14:57,119.25857333333332,32.201256666666666,11.3,125.3,,
2025-07-16 08:16:57,119.26481333333334,32.19766,11.6,121.7,,
2025-07-16 08:18:57,119.27141333333331,32.194536666666664,11.6,117.6,,
2025-07-16 08:21:27,119.28014666666668,32.191473333333334,11.5,110.0,,
2025-07-16 08:23:56,119.28918333333333,32.189766666666664,11.4,100.2,,
2025-07-16 08:25:57,119.29688,32.18906666666667,11.7,91.6,,
2025-07-16 08:27:57,119.30453333333334,32.18882,11.8,91.0,,
2025-07-16 08:29:57,119.31222666666666,32.18895333333333,11.7,89.4,,
2025-07-16 08:32:27,119.32188,32.18944666666667,11.8,81.8,,
2025-07-16 08:34:57,119.33137333333332,32.19087666666667,11.9,79.8,,
2025-07-16 08:35:57,119.33522666666668,32.19159,11.9,74.9,,
2025-07-16 08:37:57,119.34266666666667,32.19349666666667,11.8,70.2,,
2025-07-16 08:39:27,119.34812,32.19535,12.0,65.9,,
2025-07-16 08:41:27,119.35513333333331,32.19828666666667,11.8,62.4,,
2025-07-16 08:43:27,119.36181333333332,32.20166666666667,11.9,59.4,,
2025-07-16 08:45:27,119.36786666666669,32.20564666666667,11.8,44.8,,
2025-07-16 08:47:03,119.37185,32.209833333333336,12.3,38.5,,
2025-07-16 08:48:27,119.37552,32.21346666666667,12.1,41.3,,
2025-07-16 08:50:27,119.38049333333332,32.21858,11.8,38.0,,
2025-07-16 08:51:31,119.38278333333334,32.2215,12.0,31.2,,
2025-07-16 08:52:57,119.38610666666666,32.225523333333335,12.4,33.7,,
2025-07-16 08:53:57,119.38841333333332,32.22840333333333,12.5,34.2,,
2025-07-16 08:55:15,119.39153333333331,32.232033333333334,12.4,37.7,,
2025-07-16 08:56:27,119.3948,32.235083333333336,12.6,43.8,,
2025-07-16 08:57:27,119.39773333333332,32.23753333333333,12.5,45.7,,
2025-07-16 09:41:57,119.53802666666668,32.23600666666667,8.4,135.6,,
2025-07-16 09:43:57,119.54132,32.232713333333336,7.4,140.7,,
2025-07-16 09:45:57,119.54434666666668,32.22973666666667,7.4,140.8,,
2025-07-16 09:47:57,119.54701333333334,32.2267,6.1,146.6,,
2025-07-16 09:50:27,119.54888,32.22257666666667,9.2,179.2,,
2025-07-16 09:52:28,119.54881333333331,32.22121333333333,10.1,183.8,,
2025-07-16 09:54:49,119.54818333333333,32.209716666666665,11.8,183.2,,
2025-07-16 09:57:27,119.54964,32.201496666666664,11.4,160.8,,
2025-07-16 09:59:27,119.55286666666667,32.195796666666666,11.3,135.4,,
2025-07-16 10:01:39,119.55578666666666,32.193823333333334,11.6,126.7,,
2025-07-16 10:02:57,119.56414666666667,32.189636666666665,12.2,109.3,,
2025-07-16 10:04:27,119.57004,32.188316666666665,12.6,103.0,,
2025-07-16 10:05:27,119.57409333333334,32.18763666666667,12.5,97.3,,
2025-07-16 10:06:57,119.58001333333333,32.187086666666666,10.9,94.6,,
2025-07-16 10:08:27,119.58566666666668,32.186793333333334,12.5,93.6,,
2025-07-16 10:09:27,119.58001333333333,32.187086666666666,10.9,94.6,,
2025-07-16 10:11:27,119.59804,32.18705,12.4,82.9,,
2025-07-16 10:12:27,119.60205333333332,32.18763666666667,12.4,76.0,,
2025-07-16 10:13:27,119.60601333333334,32.18853333333333,12.8,73.2,,
2025-07-16 10:14:39,119.60205333333332,32.18763666666667,12.4,76.0,,
2025-07-16 10:16:57,119.61954666666666,32.191516666666665,11.6,82.9,,
2025-07-16 10:18:57,119.62713333333332,32.19210666666667,11.7,83.2,,
2025-07-16 10:20:08,119.63165,32.19285,12.0,76.3,,
2025-07-16 10:22:26,119.64028,32.19524666666667,12.5,66.2,,
2025-07-16 10:23:57,119.64589333333332,32.19751,12.8,62.1,,
2025-07-16 10:24:57,119.64953333333334,32.19932333333333,12.8,60.1,,
2025-07-16 10:26:26,119.64845,32.198766666666664,12.9,59.3,,
2025-07-16 10:27:27,119.65802666666669,32.20427,12.5,49.9,,
2025-07-16 10:29:15,119.65855,32.20465,12.5,49.9,,
2025-07-16 10:30:27,119.66641333333334,32.21178666666667,12.5,37.7,,
2025-07-16 10:31:27,119.66898666666668,32.21462666666667,13.0,37.6,,
2025-07-16 10:33:32,119.67025333333332,32.216046666666664,12.6,36.0,,
2025-07-16 10:34:56,119.67674666666667,32.22501,12.5,24.6,,
2025-07-16 10:35:56,119.67829333333331,32.22824333333333,12.4,20.2,,
2025-07-16 10:36:57,119.67961333333334,32.23156,12.5,20.4,,
2025-07-16 10:37:57,119.68109333333334,32.23488,12.8,21.4,,
2025-07-16 10:39:13,119.68033333333334,32.23320666666667,12.7,19.9,,
2025-07-16 10:40:17,119.68253333333334,32.23775,12.6,24.2,,
2025-07-16 12:14:51,119.87073333333332,32.239466666666665,9.1,168.5,,
2025-07-16 12:16:51,119.87169333333334,32.23440333333333,9.3,172.2,,
2025-07-16 12:18:51,119.87292,32.229353333333336,9.2,165.0,,
2025-07-16 12:20:51,119.87425333333331,32.22430666666666,9.2,168.1,,
2025-07-16 12:24:08,119.87612,32.21801,9.2,164.2,,
2025-07-16 12:26:21,119.87848,32.21046,9.4,167.3,,
2025-07-16 12:28:23,119.87914666666668,32.20789333333333,9.4,167.5,,
2025-07-16 12:30:29,119.88077333333334,32.20146666666667,9.4,167.2,,
2025-07-16 12:32:53,119.88230666666666,32.19507333333333,9.4,171.2,,
2025-07-16 12:35:00,119.88376666666667,32.18728333333333,9.3,170.5,,
2025-07-16 12:37:41,119.88458333333334,32.18338333333333,9.4,172.9,,
2025-07-16 12:40:21,119.88529333333334,32.17413666666667,9.4,177.1,,
2025-07-16 12:42:43,119.88565333333334,32.17024,9.4,174.7,,
2025-07-16 12:44:51,119.887,32.16240333333333,9.4,169.1,,
2025-07-16 12:47:07,119.88755,32.15995,9.4,169.1,,
2025-07-16 12:49:08,119.88956,32.151183333333336,9.4,167.2,,
2025-07-16 12:51:48,119.89078333333332,32.14653333333333,9.4,167.9,,
2025-07-16 12:54:03,119.89269333333333,32.140883333333335,9.4,159.8,,
2025-07-16 12:56:37,119.8944,32.137166666666666,9.6,159.0,,
2025-07-16 12:59:05,119.8992,32.1262,9.2,160.5,,
2025-07-16 13:01:10,119.90001666666667,32.124383333333334,9.4,159.7,,
2025-07-16 13:03:10,119.90197333333332,32.11966666666667,9.3,160.8,,
2025-07-16 13:05:15,119.90448333333332,32.11343333333333,9.2,161.9,,
2025-07-16 13:08:08,119.90748,32.106123333333336,9.5,161.6,,
2025-07-16 13:10:14,119.91084,32.098643333333335,9.5,156.4,,
2025-07-16 13:13:00,119.91311666666668,32.094316666666664,9.5,156.3,,
2025-07-16 13:15:08,119.91576,32.088993333333335,9.2,157.4,,
2025-07-16 13:17:12,119.91888,32.08294,9.4,156.3,,
2025-07-16 13:19:14,119.92204,32.076793333333335,9.7,155.9,,
2025-07-16 13:21:14,119.92465333333334,32.07181333333333,9.8,158.3,,
2025-07-16 13:23:14,119.92674666666667,32.066586666666666,9.9,164.8,,
2025-07-16 13:25:44,119.929,32.05992,10.0,163.8,,
2025-07-16 13:28:44,119.93249333333333,32.05217,9.8,161.4,,
2025-07-16 13:30:44,119.93429333333331,32.046883333333334,9.9,155.0,,
2025-07-16 13:32:44,119.93732,32.04197,10.0,153.8,,
2025-07-16 13:34:44,119.94038666666668,32.037013333333334,10.1,152.0,,
2025-07-16 13:36:57,119.94396666666668,32.03155,10.1,149.7,,
2025-07-16 13:39:14,119.94782666666669,32.025906666666664,10.2,151.1,,
2025-07-16 13:41:14,119.95110666666666,32.020916666666665,10.3,149.1,,
2025-07-16 13:43:14,119.95516,32.01635,10.2,136.4,,
2025-07-16 13:45:44,119.96124,32.01151,10.2,131.6,,
2025-07-16 13:48:14,119.96757333333332,32.006836666666665,10.2,130.5,,
2025-07-16 13:50:14,119.97273333333334,32.00312666666667,10.4,130.6,,
2025-07-16 13:52:14,119.97764,31.999123333333333,10.7,136.9,,
2025-07-16 13:54:14,119.98224,31.994676666666667,10.5,138.7,,
2025-07-16 13:56:14,119.98646666666669,31.99014,10.2,143.9,,
2025-07-16 13:58:14,119.99072,31.985903333333333,9.9,135.0,,
2025-07-16 14:00:14,119.99518666666668,31.98197333333333,9.8,134.8,,
2025-07-16 14:02:44,120.00141333333332,31.977363333333333,10.0,126.4,,
2025-07-16 14:04:44,120.00676,31.97413333333333,10.0,124.7,,
2025-07-16 14:06:44,120.01250666666668,31.971063333333333,10.4,121.1,,
2025-07-16 14:08:44,120.01866666666666,31.96832,10.7,113.9,,
2025-07-16 14:10:44,120.02533333333334,31.966286666666665,10.9,107.7,,
2025-07-16 14:12:44,120.032,31.96421,10.8,111.7,,
2025-07-16 14:14:44,120.03846666666666,31.961973333333333,10.5,112.2,,
2025-07-16 14:16:44,120.04502666666669,31.959776666666667,11.0,111.2,,
2025-07-16 14:19:00,120.05289333333332,31.95778,11.2,104.1,,
2025-07-16 14:21:00,120.05986666666666,31.95614,10.9,105.7,,
2025-07-16 14:23:00,120.06658666666668,31.954283333333333,10.8,109.1,,
2025-07-16 14:25:00,120.07325333333333,31.95238,10.6,107.7,,
2025-07-16 14:27:00,120.07990666666667,31.950533333333333,10.6,109.1,,
2025-07-16 14:29:42,120.08888333333331,31.947783333333334,10.8,109.7,,
2025-07-16 14:31:55,120.0958,31.945516666666663,10.1,111.4,,
2025-07-16 14:34:00,120.10236,31.943476666666665,10.2,111.1,,
2025-07-16 14:36:00,120.10864,31.94144,10.5,109.5,,
2025-07-16 14:38:00,120.11504,31.93939333333333,10.5,108.7,,
2025-07-16 14:40:00,120.12158666666669,31.93753333333333,10.5,107.0,,
2025-07-16 14:42:00,120.12813333333334,31.93584333333333,10.4,107.3,,
2025-07-16 14:44:38,120.13676666666667,31.933816666666665,10.4,101.9,,
2025-07-16 14:47:30,120.14629333333332,31.93193,10.4,99.9,,
2025-07-16 14:49:50,120.15426666666669,31.931,10.6,96.4,,
2025-07-16 14:52:00,120.16173333333332,31.93022333333333,10.7,98.4,,
2025-07-16 14:55:00,120.17229333333331,31.92897333333333,10.9,96.3,,
2025-07-16 14:57:21,120.18046666666666,31.92793333333333,10.7,98.0,,
2025-07-16 14:59:30,120.18796,31.92736,10.6,94.4,,
2025-07-16 15:03:00,120.20032,31.92703,11.1,90.1,,
2025-07-16 15:05:36,120.20981666666668,31.92708333333333,11.2,89.0,,
2025-07-16 15:08:00,120.21873333333332,31.92746,11.5,85.7,,
2025-07-16 15:10:00,120.22617333333334,31.92803333333333,11.4,85.4,,
2025-07-16 15:12:00,120.2336,31.928816666666663,11.4,80.6,,
2025-07-16 15:14:00,120.24104,31.929996666666668,11.7,75.4,,
2025-07-16 15:17:00,120.25158666666668,31.933543333333333,11.4,64.1,,
2025-07-16 15:19:29,120.25982666666668,31.9373,11.5,59.1,,
2025-07-16 15:21:29,120.26637333333332,31.940636666666663,11.7,59.0,,
2025-07-16 15:23:29,120.27308,31.943636666666663,11.5,64.1,,
2025-07-16 15:25:29,120.27994666666666,31.94647,11.6,62.7,,
2025-07-16 15:27:29,120.28682666666668,31.94932,11.6,65.0,,
2025-07-16 15:30:00,120.29586666666668,31.95306666666667,11.8,63.4,,
2025-07-16 15:32:29,120.30389333333332,31.956576666666667,11.6,62.9,,
2025-07-16 15:34:29,120.31058666666668,31.959506666666663,11.5,64.3,,
2025-07-16 15:36:29,120.31724,31.962456666666668,11.4,61.1,,
2025-07-16 15:38:29,120.32368,31.965523333333334,11.5,59.2,,
2025-07-16 15:40:29,120.32998666666668,31.96878333333333,11.1,57.8,,
2025-07-16 15:42:29,120.33596,31.97232,11.1,52.8,,
2025-07-16 15:44:29,120.34151666666666,31.976133333333333,11.0,49.9,,
2025-07-16 15:46:29,120.34705333333332,31.98015333333333,11.0,50.4,,
2025-07-16 15:48:29,120.35264,31.9841,11.1,50.3,,
2025-07-16 15:50:29,120.35841333333332,31.98784,11.0,54.7,,
2025-07-16 15:52:29,120.36445333333332,31.9912,11.1,57.3,,
2025-07-16 15:54:29,120.37054666666668,31.99448333333333,11.1,59.8,,
2025-07-16 15:56:29,120.37668,31.99791,11.2,54.8,,
2025-07-16 15:58:29,120.38257333333334,32.00160666666667,11.1,54.1,,
2025-07-16 16:00:30,120.38854666666668,32.00525,11.2,55.4,,
2025-07-16 16:02:30,120.39450666666669,32.00885,11.2,53.8,,
2025-07-16 16:06:00,120.40514666666668,32.014873333333334,11.4,58.7,,
2025-07-16 16:08:00,120.41186666666668,32.01767,11.5,67.2,,
2025-07-16 16:10:00,120.41888,32.02007666666667,11.3,68.7,,
2025-07-16 16:12:00,120.42594666666666,32.022326666666665,11.5,69.7,,
2025-07-16 16:14:00,120.43313333333332,32.02446,11.6,69.1,,
2025-07-16 16:16:00,120.44029333333332,32.02665,11.7,70.6,,
2025-07-16 16:18:00,120.44756,32.02858333333333,11.2,76.3,,
2025-07-16 16:20:00,120.45442666666666,32.03018333333333,10.8,75.3,,
2025-07-16 16:22:00,120.46150666666666,32.03088,11.0,88.8,,
2025-07-16 16:24:00,120.46872,32.030773333333336,11.0,92.2,,
2025-07-16 16:26:00,120.47594666666669,32.030546666666666,11.0,92.5,,
2025-07-16 16:28:21,120.48443333333331,32.0302,11.1,93.9,,
2025-07-16 16:30:32,120.49228333333332,32.029266666666665,10.8,98.5,,
2025-07-16 16:33:00,120.50138333333334,32.027816666666666,10.8,102.9,,
2025-07-16 16:35:00,120.50778666666666,32.026473333333335,10.8,102.9,,
2025-07-16 16:37:00,120.51472,32.025256666666664,10.8,105.7,,
2025-07-16 16:39:00,120.52154666666668,32.02329666666667,11.0,112.1,,
2025-07-16 16:41:30,120.52978666666668,32.02015,11.0,114.6,,
2025-07-16 16:46:30,120.54621333333333,32.0139,10.7,118.9,,
2025-07-16 16:49:00,120.55384,32.01023333333333,10.5,117.6,,
2025-07-16 16:51:00,120.55997333333332,32.007666666666665,10.3,115.7,,
2025-07-16 16:53:30,120.56752,32.004693333333336,10.0,115.1,,
2025-07-16 16:56:00,120.57508,32.001736666666666,10.1,110.6,,
2025-07-16 16:58:00,120.58142666666669,31.99978,10.4,109.7,,
2025-07-16 17:00:00,120.58784,31.997696666666663,10.5,109.0,,
2025-07-16 17:02:00,120.59457333333332,31.996376666666663,10.5,97.3,,
2025-07-16 17:05:00,120.60512,31.99583,11.1,93.6,,
2025-07-16 17:07:00,120.61241333333334,31.99510666666667,11.3,99.9,,
2025-07-16 17:09:00,120.61981333333334,31.993996666666668,11.5,99.8,,
2025-07-16 17:12:30,120.63317333333332,31.992753333333333,11.9,91.6,,
2025-07-16 17:14:30,120.641,31.992606666666667,11.9,90.9,,
2025-07-16 17:15:30,120.64496,31.99264,12.0,88.5,,
2025-07-16 17:18:30,120.65678666666666,31.99336,12.1,84.1,,
2025-07-16 17:20:30,120.66472,31.99438,12.3,80.5,,
2025-07-16 17:23:30,120.67666666666666,31.99591,12.5,84.3,,
2025-07-16 17:25:00,120.68270666666666,31.996666666666663,12.5,80.7,,
2025-07-16 17:26:00,120.68674666666666,31.99718,12.7,81.7,,
2025-07-16 17:27:00,120.69084,31.9977,12.7,80.5,,
2025-07-16 17:28:00,120.69493333333334,31.9983,12.7,79.0,,
2025-07-16 17:29:00,120.69902666666668,31.99895,12.7,80.1,,
2025-07-16 17:30:00,120.70309333333331,31.999583333333334,12.5,78.8,,
2025-07-16 17:31:00,120.70704,32.00029333333333,11.6,77.6,,
2025-07-16 17:33:00,120.71404,32.00142666666667,10.6,83.3,,
2025-07-16 17:35:30,120.72350666666668,32.00243666666667,12.5,83.8,,
2025-07-16 17:37:00,120.72936,32.00280333333333,11.5,87.8,,
2025-07-16 17:39:15,120.7378,32.00325,11.5,84.5,,
2025-07-16 17:41:36,120.74674666666668,32.004146666666664,11.5,83.5,,
2025-07-16 17:43:36,120.75430666666666,32.00514666666667,11.8,79.4,,
2025-07-16 17:45:36,120.76177333333334,32.00653333333333,11.6,80.5,,
2025-07-16 17:47:36,120.7694,32.00717,11.9,91.7,,
2025-07-16 17:49:44,120.7776,32.006566666666664,11.9,95.7,,
2025-07-16 17:52:06,120.78678666666669,32.005316666666666,11.7,100.2,,
2025-07-16 17:54:16,120.79485,32.003616666666666,11.6,105.7,,
2025-07-16 17:56:29,120.80266666666668,32.00135,11.3,110.4,,
2025-07-16 17:58:36,120.80992,31.99834333333333,11.7,118.9,,
2025-07-16 18:01:02,120.81786666666666,31.994316666666663,11.8,123.4,,
2025-07-16 18:03:06,120.82449333333334,31.990386666666662,11.8,127.7,,
2025-07-16 18:05:06,120.82998666666668,31.98594,11.3,139.1,,
2025-07-16 18:07:36,120.83605333333334,31.979926666666668,11.4,138.1,,
2025-07-16 18:09:36,120.84058666666668,31.97495333333333,11.0,145.1,,
2025-07-16 18:11:36,120.84453333333332,31.969916666666663,10.9,146.7,,
2025-07-16 18:13:36,120.84857333333332,31.964806666666668,11.3,148.0,,
2025-07-16 18:15:36,120.85233333333332,31.95938,11.4,150.3,,
2025-07-16 18:17:36,120.85592,31.95383,11.3,152.5,,
2025-07-16 18:19:36,120.85885333333331,31.94823333333333,10.9,158.3,,
2025-07-16 18:21:36,120.8612,31.94267333333333,10.4,163.2,,
2025-07-16 18:23:36,120.86318666666666,31.937246666666667,9.8,165.1,,
2025-07-16 18:25:36,120.86508,31.932033333333333,9.6,165.2,,
2025-07-16 18:27:36,120.86690666666668,31.92695,9.5,161.2,,
2025-07-16 18:29:36,120.86889333333332,31.92193,9.5,163.8,,
2025-07-16 18:31:36,120.87081333333332,31.916866666666667,9.6,161.3,,
2025-07-16 18:33:36,120.87274666666669,31.911763333333333,9.8,165.0,,
2025-07-16 18:35:36,120.87446666666666,31.90648,9.8,164.3,,
2025-07-16 18:37:36,120.87622666666668,31.90113333333333,9.9,163.2,,
2025-07-16 18:39:36,120.87809333333334,31.89574333333333,10.1,161.9,,
2025-07-16 18:41:36,120.87932,31.89018,10.1,170.7,,
2025-07-16 18:43:36,120.88038666666668,31.88466333333333,9.9,172.6,,
2025-07-16 18:45:36,120.88146666666668,31.879193333333333,9.9,168.7,,
2025-07-16 18:47:36,120.88284,31.87387333333333,9.8,166.5,,
2025-07-16 18:49:36,120.88457333333334,31.868603333333333,9.7,164.0,,
2025-07-16 18:51:36,120.88605333333334,31.86328333333333,9.8,166.9,,
2025-07-16 18:53:36,120.88754666666668,31.858,9.6,166.2,,
2025-07-16 18:55:36,120.88918666666666,31.852736666666665,9.7,163.1,,
2025-07-16 18:57:36,120.8912,31.84762,9.9,161.5,,
2025-07-16 18:59:36,120.89353333333334,31.8425,9.7,157.8,,
2025-07-16 19:01:36,120.89601333333331,31.83737333333333,10.2,156.6,,
2025-07-16 19:03:36,120.89886666666666,31.83224,10.1,152.5,,
2025-07-16 19:05:36,120.90213333333334,31.82739,10.0,151.1,,
2025-07-16 19:07:36,120.90504,31.822406666666662,9.7,151.7,,
2025-07-16 19:09:36,120.90794666666666,31.817776666666667,9.2,150.6,,
2025-07-16 19:11:36,120.91096,31.813316666666665,9.1,150.3,,
2025-07-16 19:13:36,120.91398666666667,31.808886666666663,9.1,149.5,,
2025-07-16 19:15:36,120.91702666666669,31.80449,9.2,149.3,,
2025-07-16 19:17:36,120.92016,31.800093333333333,9.1,146.4,,
2025-07-16 19:19:36,120.92364,31.795963333333333,9.1,140.8,,
2025-07-16 19:21:36,120.92774666666666,31.792313333333333,8.9,135.4,,
2025-07-16 19:24:06,120.93261333333334,31.787566666666667,9.2,139.7,,
2025-07-16 19:26:06,120.9368,31.78416,8.8,121.7,,
2025-07-16 19:28:06,120.94177333333332,31.78172,8.7,123.6,,
2025-07-17 08:54:26,120.96113333333334,31.780666666666665,9.3,320.3,,
2025-07-17 08:57:28,120.95446666666666,31.785533333333333,8.6,308.4,,
2025-07-17 09:01:28,120.94530666666668,31.79111,8.6,307.6,,
2025-07-17 09:04:28,120.93909333333332,31.796026666666663,8.5,320.5,,
2025-07-17 09:07:28,120.93326666666668,31.801516666666668,9.0,320.7,,
2025-07-17 09:10:00,120.92676666666668,31.80883333333333,9.5,322.9,,
2025-07-17 09:12:31,120.92398333333334,31.812266666666662,9.7,324.9,,
2025-07-17 09:18:00,120.91521666666668,31.82493333333333,9.0,330.2,,
2025-07-17 09:20:27,120.9118,31.82986333333333,8.9,326.4,,
2025-07-17 09:27:27,120.90406666666668,31.84544333333333,8.6,343.0,,
2025-07-17 09:30:27,120.90136,31.852286666666668,8.4,341.6,,
2025-07-17 09:32:50,120.8995,31.85773333333333,8.4,344.4,,
2025-07-17 09:34:58,120.89809333333334,31.86255,8.2,348.7,,
2025-07-17 09:37:00,120.89663333333333,31.86763333333333,8.0,346.9,,
2025-07-17 09:39:28,120.89566666666668,31.87253,8.1,350.5,,
2025-07-17 09:41:46,120.89445,31.87753333333333,7.8,348.0,,
2025-07-17 09:43:57,120.89313333333334,31.88226,7.9,348.3,,
2025-07-17 09:45:57,120.89209333333334,31.886533333333333,7.8,346.3,,
2025-07-17 09:47:57,120.89076,31.89079,7.9,343.7,,
2025-07-17 09:49:57,120.88936,31.89502333333333,7.8,343.8,,
2025-07-17 09:52:00,120.88768333333331,31.899833333333333,7.9,342.9,,
2025-07-17 09:54:32,120.88593333333333,31.90468333333333,7.9,343.5,,
2025-07-17 09:56:45,120.88398333333332,31.909216666666666,7.8,337.8,,
2025-07-17 09:58:57,120.88170666666667,31.91363,7.8,335.5,,
2025-07-17 10:01:16,120.87926666666668,31.918233333333333,7.8,334.1,,
2025-07-17 10:03:27,120.87784,31.92296333333333,8.0,341.4,,
2025-07-17 10:05:27,120.87618666666668,31.92731,8.3,339.8,,
2025-07-17 10:07:27,120.87425333333331,31.93160333333333,8.1,337.3,,
2025-07-17 10:09:27,120.87226666666666,31.93582333333333,8.0,337.7,,
2025-07-17 10:11:57,120.86984,31.94092333333333,7.8,337.8,,
2025-07-17 10:13:57,120.86794666666668,31.94494,7.7,338.4,,
2025-07-17 10:15:57,120.86605333333333,31.94898,7.6,333.0,,
2025-07-17 10:17:57,120.864,31.952846666666662,7.7,331.6,,
2025-07-17 10:19:57,120.86197333333334,31.956903333333333,8.0,349.7,,
2025-07-17 10:21:57,120.86126666666668,31.961323333333333,8.0,348.9,,
2025-07-17 10:23:57,120.85901333333334,31.96537333333333,8.3,326.7,,
2025-07-17 10:25:57,120.85570666666666,31.96931333333333,8.8,322.3,,
2025-07-17 10:27:57,120.85246666666669,31.97334,8.6,322.1,,
2025-07-17 10:29:57,120.84888,31.977186666666668,8.8,318.9,,
2025-07-17 10:31:57,120.84502666666668,31.98085333333333,8.7,316.8,,
2025-07-17 10:33:57,120.84104,31.98434,8.7,315.7,,
2025-07-17 10:35:57,120.83693333333332,31.987726666666667,8.7,313.1,,
2025-07-17 10:37:57,120.83282666666666,31.99105,8.5,312.3,,
2025-07-17 10:39:57,120.82864,31.99416666666667,8.6,311.1,,
2025-07-17 10:41:57,120.82456,31.997356666666665,8.3,312.1,,
2025-07-17 10:44:03,120.82026666666668,32.00065,8.5,312.6,,
2025-07-17 10:46:14,120.81566666666669,32.00415,8.3,310.4,,
2025-07-17 10:48:27,120.81073333333332,32.00716333333333,8.3,301.7,,
2025-07-17 10:50:27,120.80593333333331,32.00936,8.3,294.9,,
2025-07-17 10:52:27,120.80096,32.01121666666667,8.3,291.0,,
2025-07-17 10:54:27,120.79588,32.01271333333333,8.2,286.9,,
2025-07-17 10:56:27,120.79074666666666,32.01379,8.1,280.0,,
2025-07-17 10:58:27,120.78549333333332,32.014446666666664,8.0,277.8,,
2025-07-17 11:00:27,120.78024,32.014923333333336,8.0,274.1,,
2025-07-17 11:02:27,120.77490666666668,32.01526,8.2,271.4,,
2025-07-17 11:04:57,120.76818666666668,32.015496666666664,8.1,273.2,,
2025-07-17 11:07:27,120.76149333333332,32.01557,8.1,269.3,,
2025-07-17 11:09:27,120.75616,32.01566,8.2,271.4,,
2025-07-17 11:11:57,120.74941333333334,32.01568666666667,8.2,269.9,,
2025-07-17 11:13:57,120.74401333333331,32.01569333333333,8.3,270.0,,
2025-07-17 11:15:57,120.73862666666666,32.01545,8.1,266.2,,
2025-07-17 11:17:57,120.73329333333334,32.015076666666666,8.2,264.1,,
2025-07-17 11:19:57,120.72796,32.014433333333336,8.2,261.8,,
2025-07-17 11:22:57,120.72,32.01318666666667,8.2,258.1,,
2025-07-17 11:24:57,120.71464,32.012166666666666,8.2,256.6,,
2025-07-17 11:26:57,120.70936,32.010846666666666,8.4,251.6,,
2025-07-17 11:29:00,120.70378333333332,32.00925,8.4,250.4,,
2025-07-17 11:31:24,120.69776,32.00758,8.4,253.3,,
2025-07-17 11:33:53,120.69115,32.00595,8.4,254.0,,
2025-07-17 11:36:54,120.68313333333332,32.0038,8.5,252.2,,
2025-07-17 11:38:54,120.67785333333332,32.00251333333333,8.2,258.3,,
2025-07-17 11:40:54,120.67257333333332,32.00165333333333,8.2,260.2,,
2025-07-17 11:43:24,120.66593333333331,32.00062333333333,8.2,259.5,,
2025-07-17 11:46:24,120.65808,31.99984333333333,8.0,262.5,,
2025-07-17 11:49:23,120.65014666666669,31.9991,8.1,266.9,,
2025-07-17 11:54:23,120.63693333333332,31.99886,8.1,273.7,,
2025-07-17 11:57:23,120.62888,32.00049333333333,8.5,283.7,,
2025-07-17 11:59:23,120.62353333333331,32.001603333333335,8.1,285.4,,
2025-07-17 12:01:53,120.61732,32.00345,8.0,294.1,,
2025-07-17 12:03:53,120.61282666666666,32.00558,7.5,297.1,,
2025-07-17 12:05:53,120.60870666666666,32.00756,7.2,301.0,,
2025-07-17 12:07:53,120.60481333333334,32.00969,7.1,304.2,,
2025-07-17 12:10:00,120.60066666666668,32.01218333333333,7.2,307.2,,
2025-07-17 12:12:23,120.59645333333332,32.01502333333333,7.3,309.2,,
2025-07-17 12:14:23,120.59317333333334,32.01798333333333,7.2,319.7,,
2025-07-17 12:16:53,120.58944,32.021926666666666,7.4,319.7,,
2025-07-17 12:19:53,120.58410666666668,32.026493333333335,7.7,310.0,,
2025-07-17 12:21:53,120.58034666666668,32.029403333333335,7.9,308.7,,
2025-07-17 12:24:23,120.57570666666666,32.03320333333333,7.7,314.8,,
2025-07-17 12:27:53,120.5698,32.03864333333333,7.6,316.5,,
2025-07-17 12:29:53,120.56629333333332,32.04150333333333,7.5,312.4,,
2025-07-17 12:32:23,120.56162666666668,32.04493333333333,7.6,305.3,,
2025-07-17 12:34:23,120.55762666666666,32.04783,8.2,313.1,,
2025-07-17 12:36:23,120.55364,32.05082,8.0,310.8,,
2025-07-17 12:38:42,120.54888333333334,32.05385,7.7,303.1,,
2025-07-17 12:40:53,120.54432,32.056466666666665,7.7,303.1,,
2025-07-17 12:43:10,120.53968333333331,32.05911666666667,7.3,306.5,,
2025-07-17 12:45:23,120.5354,32.06174,7.3,307.6,,
2025-07-17 12:48:18,120.5297,32.06535,7.5,305.8,,
2025-07-17 12:50:23,120.52536,32.06758,7.3,299.7,,
2025-07-17 12:52:23,120.52101333333331,32.0694,7.3,294.2,,
2025-07-17 12:54:23,120.51656,32.070863333333335,7.3,288.6,,
2025-07-17 12:56:23,120.51198666666669,32.07192,7.3,284.6,,
2025-07-17 13:00:23,120.50289333333332,32.07329333333333,6.6,270.1,,
2025-07-17 13:02:23,120.49842666666666,32.07322333333333,6.8,267.1,,
2025-07-17 13:04:41,120.49335,32.073,6.7,265.8,,
2025-07-17 13:06:54,120.4885,32.0727,6.7,266.2,,
2025-07-17 13:10:39,120.4802,32.07168333333333,6.9,260.4,,
2025-07-17 13:13:23,120.47417333333334,32.070373333333336,6.8,253.7,,
2025-07-17 13:15:23,120.46990666666666,32.069273333333335,6.8,254.2,,
2025-07-17 13:18:09,120.4639,32.06778333333333,7.0,252.8,,
2025-07-17 13:20:22,120.45890666666666,32.06634666666667,7.3,250.5,,
2025-07-17 13:22:53,120.4534,32.06438333333333,6.9,244.1,,
2025-07-17 13:25:35,120.44825,32.06238333333334,6.3,243.9,,
2025-07-17 13:28:00,120.44321666666669,32.05968333333333,7.1,235.4,,
2025-07-17 13:31:34,120.43678333333334,32.05575,7.2,231.7,,
2025-07-17 13:34:00,120.43236,32.05263,7.0,231.6,,
2025-07-17 13:36:00,120.42885333333334,32.05016333333333,7.1,231.7,,
2025-07-17 13:38:00,120.42514666666666,32.04783333333334,7.0,235.3,,
2025-07-17 13:40:25,120.42073333333332,32.04496666666667,6.8,231.5,,
2025-07-17 13:43:00,120.41646666666666,32.041826666666665,6.6,228.3,,
2025-07-17 13:45:00,120.41328,32.03930666666667,6.6,225.7,,
2025-07-17 13:47:00,120.41016,32.036696666666664,6.7,223.8,,
2025-07-17 13:49:27,120.40646666666666,32.03329,6.7,223.9,,
2025-07-17 13:51:27,120.40338666666666,32.0306,6.7,223.7,,
2025-07-17 13:53:27,120.40021333333334,32.027946666666665,6.8,225.8,,
2025-07-17 13:55:27,120.39690666666668,32.02534333333333,6.9,227.8,,
2025-07-17 13:57:27,120.39352,32.02288333333333,6.9,229.0,,
2025-07-17 13:59:27,120.39021333333334,32.02045666666667,6.5,228.1,,
2025-07-17 14:01:27,120.38688,32.01806666666667,6.5,230.9,,
2025-07-17 14:03:27,120.38348,32.015813333333334,6.6,232.7,,
2025-07-17 14:05:27,120.38018666666666,32.01348333333333,6.7,229.2,,
2025-07-17 14:07:27,120.37694666666668,32.01107,6.4,227.9,,
2025-07-17 14:09:27,120.37358666666668,32.0088,6.5,231.2,,
2025-07-17 14:11:50,120.36976666666666,32.00586666666667,6.5,225.9,,
2025-07-17 14:14:03,120.36621666666667,32.003166666666665,6.4,227.8,,
2025-07-17 14:16:21,120.36258333333332,32.0004,6.5,226.5,,
2025-07-17 14:18:27,120.35938666666668,31.99776,6.5,227.8,,
2025-07-17 14:20:57,120.3554,31.99476333333333,6.6,224.2,,
2025-07-17 14:23:05,120.35216666666666,31.9921,6.6,229.4,,
2025-07-17 14:25:18,120.3487,31.989366666666665,6.2,223.8,,
2025-07-17 14:27:57,120.34454666666667,31.98642,6.3,233.0,,
2025-07-17 14:30:27,120.34028,31.98385333333333,6.4,237.9,,
2025-07-17 14:32:27,120.3368,31.98183,6.4,235.2,,
2025-07-17 14:34:57,120.33254666666669,31.97924,6.4,236.8,,
2025-07-17 14:37:19,120.3282,31.977266666666665,6.3,243.5,,
2025-07-17 14:39:27,120.32424,31.975546666666663,6.4,244.0,,
2025-07-17 14:41:49,120.3199,31.97361666666667,6.3,242.7,,
2025-07-17 14:43:57,120.31602666666667,31.971903333333334,6.2,243.9,,
2025-07-17 14:45:57,120.31242666666668,31.970276666666667,6.2,242.0,,
2025-07-17 14:49:18,120.30645,31.96753333333333,6.1,241.7,,
2025-07-17 14:51:30,120.3027,31.96565,6.0,242.2,,
2025-07-17 14:54:57,120.29682666666666,31.96292333333333,5.9,240.7,,
2025-07-17 14:57:27,120.29254666666668,31.960833333333333,6.1,242.9,,
2025-07-17 14:59:27,120.28902666666669,31.959243333333333,6.1,239.1,,
2025-07-17 15:01:27,120.28561333333332,31.95748333333333,6.1,237.1,,
2025-07-17 15:03:57,120.28152,31.95501,6.1,234.8,,
2025-07-17 15:05:57,120.27814666666669,31.953133333333334,6.0,238.5,,
2025-07-17 15:07:57,120.27478666666669,31.951396666666668,6.1,241.4,,
2025-07-17 15:09:57,120.27125333333332,31.949773333333333,6.0,242.8,,
2025-07-17 15:11:57,120.26762666666669,31.948266666666665,6.2,246.0,,
2025-07-17 15:14:57,120.26236,31.94621,5.7,251.0,,
2025-07-17 15:17:57,120.25701333333332,31.94474,5.7,257.6,,
2025-07-17 15:20:57,120.2516,31.94398333333333,5.7,260.6,,
2025-07-17 15:24:00,120.24525,31.94298333333333,5.8,259.4,,
2025-07-17 15:27:23,120.23943333333334,31.942316666666667,5.9,263.6,,
2025-07-17 15:30:27,120.23358666666668,31.94178,5.9,261.8,,
2025-07-17 15:33:57,120.22686666666668,31.94147,5.8,272.9,,
2025-07-17 15:36:18,120.2224,31.94148333333333,6.0,268.9,,
2025-07-17 15:39:27,120.21648,31.941666666666663,5.8,276.1,,
2025-07-17 15:42:27,120.211,31.94180666666667,5.7,279.8,,
2025-07-17 15:45:27,120.20546666666668,31.942543333333333,5.7,279.2,,
2025-07-17 15:48:50,120.19913333333334,31.94359333333333,5.9,278.3,,
2025-07-17 15:51:50,120.19344,31.94411,5.8,272.7,,
2025-07-17 15:54:50,120.18762666666667,31.94416,5.9,266.4,,
2025-07-17 15:57:50,120.18176,31.944186666666667,6.1,270.9,,
2025-07-17 16:01:49,120.17425333333334,31.94482333333333,5.7,279.5,,
2025-07-17 16:04:49,120.16881333333332,31.94577,5.8,277.2,,
2025-07-17 16:07:19,120.16402666666669,31.946393333333333,5.8,278.9,,
2025-07-17 16:11:00,120.15721666666668,31.94738333333333,5.8,284.1,,
2025-07-17 16:14:00,120.1516,31.9483,5.7,277.9,,
2025-07-17 16:17:00,120.14603333333334,31.9491,5.7,281.3,,
2025-07-17 16:20:04,120.14046666666668,31.950133333333333,5.7,281.9,,
2025-07-17 16:23:19,120.13448,31.951306666666667,5.8,282.2,,
2025-07-17 16:26:19,120.12886666666668,31.95234333333333,5.8,279.5,,
2025-07-17 16:29:19,120.12321333333334,31.953356666666668,5.8,281.7,,
2025-07-17 16:32:47,120.11691666666668,31.95455,5.7,282.0,,
2025-07-17 16:36:19,120.11038666666668,31.95572,5.8,279.5,,
2025-07-17 16:39:49,120.10406666666668,31.956993333333333,5.6,281.1,,
2025-07-17 16:43:00,120.09776666666669,31.9579,5.6,282.7,,
2025-07-17 16:46:17,120.09255,31.95883333333333,5.3,282.8,,
2025-07-17 16:49:17,120.08736,31.960016666666668,5.4,285.5,,
2025-07-17 16:52:17,120.08216,31.961036666666665,5.4,284.2,,
2025-07-17 16:55:17,120.07709333333334,31.96238333333333,5.4,289.5,,
2025-07-17 16:58:17,120.07182666666668,31.963476666666665,5.4,282.3,,
2025-07-17 17:01:17,120.06664,31.9645,5.4,285.0,,
2025-07-17 17:04:17,120.06161333333333,31.96552,5.2,282.4,,
2025-07-17 17:07:17,120.05666666666669,31.96643333333333,5.1,287.5,,
2025-07-17 17:10:17,120.05190666666668,31.96763,5.0,283.3,,
2025-07-17 17:13:17,120.04705333333334,31.968476666666668,5.1,284.6,,
2025-07-17 17:16:17,120.04236,31.96972,5.0,287.8,,
2025-07-17 17:19:17,120.03770666666668,31.971173333333333,5.0,290.1,,
2025-07-17 17:22:17,120.03306666666668,31.972716666666667,5.0,289.3,,
2025-07-17 17:25:17,120.02841333333332,31.97439333333333,5.3,295.8,,
2025-07-17 17:28:17,120.02385333333334,31.97627,5.2,297.8,,
2025-07-17 17:31:17,120.01944,31.97865,5.5,301.7,,
2025-07-17 17:34:17,120.01514666666668,31.98128,5.4,307.4,,
2025-07-17 17:37:17,120.01085333333332,31.98396333333333,5.5,302.3,,
2025-07-17 17:40:17,120.00621333333332,31.98644333333333,5.6,303.3,,
2025-07-17 17:43:17,120.0016,31.98906333333333,5.4,306.4,,
2025-07-17 17:46:17,119.99726666666666,31.99164333333333,5.2,304.8,,
2025-07-17 17:49:17,119.99325333333331,31.99422,5.2,307.6,,
2025-07-17 17:52:17,119.98921333333334,31.996773333333334,5.0,310.8,,
2025-07-17 17:55:17,119.98546666666668,31.999246666666668,4.6,304.6,,
2025-07-17 17:58:34,119.98218333333334,32.001783333333336,4.4,312.4,,
2025-07-17 18:02:17,119.97830666666668,32.00496666666667,4.4,312.2,,
2025-07-17 18:05:17,119.97562666666668,32.00718,3.1,312.6,,
2025-07-17 18:08:19,119.97405,32.00835,2.5,312.0,,
2025-07-17 18:11:27,119.97170666666666,32.01021333333333,3.4,314.7,,
2025-07-17 18:14:27,119.96949333333332,32.012283333333336,3.6,320.3,,
2025-07-17 18:17:27,119.9668,32.015253333333334,4.8,319.9,,
2025-07-17 18:20:27,119.96366666666668,32.01837666666667,5.0,320.7,,
2025-07-17 18:23:27,119.96094666666669,32.02189666666666,5.0,330.2,,
2025-07-17 18:26:27,119.95790666666667,32.025153333333336,5.0,313.2,,
2025-07-17 18:29:27,119.95477333333334,32.0283,4.9,323.6,,
2025-07-17 18:32:27,119.95209333333334,32.03167333333333,4.8,329.0,,
2025-07-17 18:35:27,119.94968,32.035243333333334,4.9,329.1,,
2025-07-17 18:38:27,119.9472,32.03883,4.9,330.3,,
2025-07-17 18:41:27,119.94488,32.04248666666667,5.0,335.1,,
2025-07-17 18:44:27,119.94285333333332,32.04634,4.9,338.0,,
2025-07-17 18:47:27,119.94129333333332,32.050313333333335,5.0,336.4,,
2025-07-17 18:50:27,119.93926666666668,32.05421,5.0,334.5,,
2025-07-17 18:53:57,119.93697333333331,32.05895,5.2,339.8,,
2025-07-17 18:56:57,119.93493333333332,32.063006666666666,5.2,334.7,,
2025-07-17 19:00:27,119.9326,32.06768666666667,5.3,342.2,,
2025-07-17 19:03:27,119.93141333333334,32.07190333333333,5.1,343.9,,
2025-07-17 19:06:27,119.92968,32.07599,5.2,337.4,,
2025-07-17 19:09:27,119.92808,32.08011666666667,5.1,341.4,,
2025-07-17 19:12:27,119.92689333333334,32.08439333333333,5.3,346.1,,
2025-07-17 19:15:27,119.92573333333333,32.0887,5.3,345.3,,
2025-07-17 19:18:57,119.92476,32.094013333333336,5.6,349.6,,
2025-07-17 19:21:57,119.92412,32.09867333333333,5.6,355.2,,
2025-07-17 19:24:57,119.92361333333334,32.10348,5.6,351.5,,
2025-07-17 19:28:04,119.92283333333332,32.108383333333336,5.7,346.2,,
2025-07-17 19:31:27,119.92101333333332,32.11345,5.6,339.8,,
2025-07-17 19:34:31,119.91898666666668,32.11791,5.5,339.1,,
2025-07-17 19:37:51,119.91726666666666,32.1229,5.4,341.4,,
2025-07-17 19:41:26,119.91544,32.12815,5.4,344.3,,
2025-07-17 19:44:27,119.91445333333331,32.13244,5.4,349.2,,
2025-07-17 19:47:27,119.91338666666668,32.13677666666667,5.1,342.0,,
2025-07-17 19:50:27,119.91233333333334,32.14104,5.2,348.5,,
2025-07-17 19:53:31,119.91150666666668,32.145473333333335,5.2,352.5,,
2025-07-17 19:56:32,119.91113333333334,32.14993333333334,5.5,351.5,,
2025-07-17 20:00:02,119.91017333333332,32.15516,5.3,344.1,,
2025-07-17 20:03:03,119.90893333333334,32.15961,5.5,346.3,,
2025-07-17 20:06:15,119.90771666666669,32.16445,5.4,347.0,,
2025-07-17 20:09:31,119.90665333333334,32.169306666666664,5.5,349.2,,
2025-07-17 20:12:32,119.90598666666666,32.1738,5.4,349.6,,
2025-07-17 20:15:32,119.90521333333334,32.17815,5.2,353.9,,
2025-07-17 20:18:59,119.90458333333332,32.18318333333333,5.1,354.7,,
2025-07-17 20:22:19,119.90382666666666,32.18792333333333,5.2,351.9,,
2025-07-17 20:25:19,119.90298666666666,32.192276666666665,5.2,348.6,,
2025-07-17 20:28:19,119.90189333333332,32.196603333333336,5.2,347.6,,
2025-07-17 20:31:19,119.90077333333332,32.20088666666667,5.1,349.0,,
2025-07-17 20:34:45,119.89946666666668,32.20567,5.1,347.6,,
2025-07-17 20:38:14,119.89816,32.21049333333333,5.0,350.8,,
2025-07-17 20:41:14,119.89730666666668,32.214803333333336,5.1,349.5,,
2025-07-17 20:44:14,119.89610666666668,32.21899333333333,5.3,344.0,,
2025-07-17 20:47:15,119.89457333333333,32.22322,4.9,340.9,,
2025-07-17 20:50:19,119.89288333333332,32.22741666666667,5.2,338.0,,
2025-07-17 20:53:44,119.89098666666666,32.23220333333333,5.2,341.5,,
2025-07-17 20:56:44,119.88914666666666,32.236376666666665,5.2,339.5,,
2025-07-18 00:35:40,119.67537333333334,32.23686333333333,6.5,196.7,,
2025-07-18 00:37:40,119.6742,32.23332666666666,6.6,199.1,,
2025-07-18 00:39:40,119.67277333333334,32.22983333333333,6.4,201.7,,
2025-07-18 00:41:40,119.67104,32.22652,6.3,206.9,,
2025-07-18 00:43:40,119.66885333333332,32.223423333333336,6.6,211.5,,
2025-07-18 00:45:40,119.66650666666666,32.22024,6.5,212.8,,
2025-07-18 00:47:40,119.66405333333331,32.21736,6.4,216.1,,
2025-07-18 00:49:40,119.66138666666669,32.214526666666664,6.3,223.0,,
2025-07-18 00:52:11,119.65778666666668,32.211353333333335,6.3,223.0,,
2025-07-18 00:54:40,119.65406666666668,32.20839,6.2,228.3,,
2025-07-18 00:57:10,119.65016,32.20556,6.4,234.1,,
2025-07-18 00:59:40,119.64568,32.20306,6.4,239.9,,
2025-07-18 01:01:40,119.64182666666666,32.20142,6.6,245.3,,
2025-07-18 01:03:41,119.63763333333333,32.20015,6.7,252.8,,
2025-07-18 01:05:59,119.63295,32.19895,6.2,253.5,,
2025-07-18 01:08:10,119.62854666666668,32.197826666666664,6.9,250.1,,
2025-07-18 01:10:40,119.62317333333333,32.196266666666666,6.7,248.4,,
2025-07-18 01:14:10,119.61649333333334,32.19432666666667,6.9,264.3,,
2025-07-18 01:17:10,119.60974666666668,32.19352,6.6,262.6,,
2025-07-18 01:19:10,119.60554666666668,32.19307333333333,6.5,263.6,,
2025-07-18 01:22:40,119.59797333333331,32.192123333333335,6.7,260.0,,
2025-07-18 01:24:40,119.59364,32.19171,6.6,270.7,,
2025-07-18 01:26:52,119.58876666666669,32.191248333333334,6.7,262.1,,
2025-07-18 01:29:10,119.58370666666669,32.190643333333334,6.8,263.4,,
2025-07-18 01:31:10,119.57965333333334,32.19065,5.7,276.5,,
2025-07-18 01:36:00,119.56931666666668,32.19306666666667,6.7,295.8,,
2025-07-18 01:38:40,119.56449333333332,32.19515666666667,6.8,297.8,,
2025-07-18 01:40:40,119.56057333333334,32.19701333333333,7.0,302.1,,
2025-07-18 01:42:40,119.55682666666668,32.19911333333334,6.7,307.7,,
2025-07-18 01:45:40,119.55318666666666,32.20247666666667,4.8,332.6,,
2025-07-18 01:48:40,119.55234666666666,32.206226666666666,4.1,358.0,,
2025-07-18 01:51:40,119.5524,32.20970666666667,4.0,3.2,,
2025-07-18 01:54:40,119.55253333333332,32.21313,4.3,359.0,,
2025-07-18 01:58:00,119.55235,32.21803333333333,4.4,355.1,,
2025-07-18 02:01:40,119.55186666666668,32.22183666666667,4.9,357.4,,
2025-07-18 02:04:52,119.5516,32.22665,6.2,1.5,,
2025-07-18 02:07:40,119.55198666666666,32.23158333333333,5.4,356.9,,
2025-07-18 02:09:40,119.55049333333334,32.23454666666667,6.4,314.3,,
2025-07-18 02:12:10,119.54638666666666,32.23780333333333,6.9,307.1,,
2025-07-18 02:14:10,119.54257333333334,32.239853333333336,7.0,296.2,,
2025-07-18 03:36:45,119.39104,32.23788,6.7,213.8,,
2025-07-18 03:38:45,119.3884,32.234853333333334,6.7,218.4,,
2025-07-18 03:40:45,119.38537333333332,32.23196333333333,7.1,223.6,,
2025-07-18 03:42:45,119.38157333333334,32.22994666666666,6.6,251.9,,
2025-07-18 03:44:45,119.37742666666666,32.229033333333334,6.3,258.9,,
2025-07-18 03:46:45,119.37322666666668,32.22842,6.3,263.9,,
2025-07-18 03:48:45,119.36898666666669,32.228116666666665,6.5,266.5,,
2025-07-18 03:50:45,119.36481333333332,32.228316666666665,6.2,276.6,,
2025-07-18 03:52:45,119.36077333333331,32.228633333333335,6.2,275.1,,
2025-07-18 03:54:57,119.35635,32.22918333333333,6.1,279.9,,
2025-07-18 03:57:06,119.35210666666669,32.230106666666664,6.2,285.6,,
2025-07-18 03:59:06,119.34825333333332,32.231296666666665,6.2,291.0,,
2025-07-18 04:01:36,119.34333333333332,32.23249333333333,6.3,284.9,,
2025-07-18 04:03:36,119.3394,32.233533333333334,6.2,289.0,,
2025-07-18 04:06:04,119.33465,32.23493333333333,6.2,289.6,,
2025-07-18 04:08:06,119.33069333333331,32.236176666666665,6.3,287.8,,
2025-07-18 04:10:06,119.32669333333334,32.23713333333333,6.3,285.0,,
2025-07-18 04:12:06,119.32266666666666,32.23784666666667,6.2,278.8,,
2025-07-18 04:14:06,119.31861333333332,32.238103333333335,6.1,273.2,,
2025-07-18 04:16:06,119.3146,32.238213333333334,6.1,272.5,,
2025-07-18 04:18:06,119.31061333333334,32.238146666666665,6.0,269.4,,
2025-07-18 04:20:06,119.30665333333332,32.23815666666667,6.1,273.6,,
2025-07-18 04:22:06,119.30269333333334,32.238366666666664,5.9,273.3,,
2025-07-18 04:24:06,119.29869333333332,32.238616666666665,6.0,274.9,,
2025-07-18 04:26:06,119.29472,32.23891,6.0,273.3,,
2025-07-18 04:28:18,119.29038333333334,32.239016666666664,6.0,272.7,,
2025-07-18 04:30:35,119.28588333333332,32.23905,6.1,269.4,,
2025-07-18 04:32:36,119.28192,32.238933333333335,6.0,269.6,,
2025-07-18 04:35:44,119.27573333333332,32.238483333333335,5.9,263.3,,
2025-07-18 04:38:01,119.27126666666666,32.2381,6.0,264.4,,
2025-07-18 04:41:06,119.26533333333332,32.2377,5.9,264.5,,
2025-07-18 04:44:06,119.25954666666668,32.23696,5.9,258.1,,
2025-07-18 04:47:06,119.25377333333331,32.23618,6.1,260.2,,
2025-07-18 04:50:06,119.24797333333332,32.23520333333333,6.0,258.2,,
2025-07-18 04:53:36,119.24152,32.233896666666666,5.6,253.7,,
2025-07-18 04:57:36,119.23457333333332,32.232733333333336,5.4,260.6,,
2025-07-18 05:00:36,119.22905333333334,32.23216,5.6,266.8,,
2025-07-18 05:03:36,119.22350666666668,32.23247,5.5,277.7,,
2025-07-18 05:06:36,119.21797333333332,32.23319,5.7,279.7,,
2025-07-18 05:09:36,119.21250666666668,32.234523333333335,5.8,288.0,,
2025-07-18 05:12:36,119.207,32.23611666666667,5.8,285.6,,
2025-07-18 05:16:34,119.19993333333332,32.238,5.5,288.4,,
2025-07-18 05:19:36,119.19485333333331,32.239776666666664,5.5,292.4,,
2025-07-18 06:31:40,119.07128333333333,32.23725,5.6,216.3,,
2025-07-18 06:35:05,119.06752,32.23278666666667,5.6,212.6,,
2025-07-18 06:38:05,119.06457333333331,32.22886,5.5,212.0,,
2025-07-18 06:41:05,119.06166666666668,32.22492,5.4,212.7,,
2025-07-18 06:44:05,119.05861333333333,32.221243333333334,5.5,216.4,,
2025-07-18 06:47:05,119.05554666666669,32.21723333333333,5.8,206.3,,
2025-07-18 06:50:23,119.05201666666666,32.2128,5.8,216.6,,
2025-07-18 06:53:35,119.04810666666668,32.20863,5.9,220.1,,
2025-07-18 06:56:35,119.04441333333334,32.204903333333334,5.8,220.0,,
2025-07-18 06:59:35,119.04108,32.201006666666665,5.7,220.3,,
2025-07-18 07:03:05,119.0366,32.197003333333335,5.6,233.0,,
2025-07-18 07:06:05,119.03205,32.194248333333334,5.5,235.8,,
2025-07-18 07:09:05,119.02764,32.19152666666667,5.6,233.6,,
2025-07-18 07:12:05,119.02312,32.18884666666667,5.5,236.8,,
2025-07-18 07:15:05,119.01864,32.18622333333333,5.5,232.5,,
2025-07-18 07:18:05,119.01422666666669,32.183616666666666,5.4,233.3,,
2025-07-18 07:21:05,119.01002666666666,32.18092333333333,5.6,233.7,,
2025-07-18 07:24:05,119.00558666666667,32.17863,4.9,246.0,,
2025-07-18 07:27:05,119.00070666666667,32.17747,5.1,265.2,,
2025-07-18 07:30:05,118.99565333333334,32.17713666666667,5.3,260.6,,
2025-07-18 07:33:05,118.99041333333334,32.176586666666665,5.3,260.9,,
2025-07-18 07:36:05,118.98522666666666,32.1764,5.3,271.5,,
2025-07-18 07:39:05,118.98001333333332,32.17659333333334,5.4,274.8,,
2025-07-18 07:42:05,118.97464,32.17674,5.3,266.5,,
2025-07-18 07:45:05,118.96933333333334,32.176566666666666,5.5,266.7,,
2025-07-18 07:48:05,118.96398666666668,32.17604333333333,5.5,262.8,,
2025-07-18 07:51:05,118.95877333333334,32.17557,5.3,262.5,,
2025-07-18 07:54:05,118.9536,32.17535,5.1,274.7,,
2025-07-18 07:57:05,118.94876,32.17578666666667,4.3,278.6,,
2025-07-18 08:00:05,118.94476,32.176476666666666,4.1,274.1,,
2025-07-18 08:03:05,118.94076,32.177076666666665,4.3,284.5,,
2025-07-18 08:06:05,118.93596,32.17765333333333,5.0,278.8,,
2025-07-18 08:09:05,118.93114666666666,32.17859,5.0,285.2,,
2025-07-18 08:12:05,118.92642666666669,32.17927666666667,4.8,277.3,,
2025-07-18 08:15:05,118.92170666666668,32.18,5.0,279.4,,
2025-07-18 08:18:05,118.91697333333332,32.1807,4.7,286.0,,
2025-07-18 08:21:05,118.91248,32.181873333333336,5.0,289.3,,
2025-07-18 08:24:05,118.9076,32.1829,5.1,283.2,,
2025-07-18 08:27:05,118.90274666666669,32.18356333333333,5.1,276.2,,
2025-07-18 08:30:05,118.89765333333334,32.18388,5.3,275.4,,
2025-07-18 08:33:05,118.89221333333332,32.18446333333333,5.7,271.0,,
2025-07-18 08:36:05,118.88654666666666,32.18405666666666,5.8,259.8,,
2025-07-18 08:38:05,118.88268,32.18358,6.0,256.7,,
2025-07-18 08:40:09,118.8786,32.18318333333333,6.3,264.3,,
2025-07-18 08:42:21,118.87411666666668,32.182116666666666,6.5,250.5,,
2025-07-18 08:46:04,118.86822666666669,32.179336666666664,5.1,234.4,,
2025-07-18 08:49:04,118.86381333333334,32.17722666666667,5.0,239.8,,
2025-07-18 08:52:04,118.85973333333334,32.17508333333333,4.7,244.6,,
2025-07-18 08:55:04,118.85552,32.17328333333333,4.7,240.0,,
2025-07-18 08:58:04,118.85150666666668,32.17138666666666,4.7,237.5,,
2025-07-18 09:01:04,118.84758333333332,32.16928333333333,4.7,236.8,,
2025-07-18 09:04:04,118.84381333333332,32.16711,4.6,239.7,,
2025-07-18 09:07:04,118.83997333333332,32.16548,4.4,247.2,,
2025-07-18 09:10:04,118.83594666666669,32.164096666666666,4.4,248.5,,
2025-07-18 09:13:04,118.83165333333334,32.16283,4.7,250.2,,
2025-07-18 09:16:04,118.82713333333334,32.16193,4.8,256.6,,
2025-07-18 09:19:04,118.82268,32.16088333333333,4.8,251.7,,
2025-07-18 09:22:04,118.81829333333332,32.15943,4.9,245.4,,
2025-07-18 09:25:04,118.81401333333334,32.15763,4.8,238.5,,
2025-07-18 09:28:04,118.80969333333331,32.155986666666664,4.8,242.5,,
2025-07-18 09:31:04,118.80530666666668,32.15412666666667,5.1,239.5,,
2025-07-18 09:34:04,118.80113333333334,32.151756666666664,5.1,233.7,,
2025-07-18 09:37:04,118.79710666666666,32.149013333333336,5.1,228.0,,
2025-07-18 09:40:04,118.79341333333332,32.14604666666666,5.0,224.7,,
2025-07-18 09:43:04,118.79008,32.14306333333333,4.7,223.1,,
2025-07-18 09:46:04,118.78628,32.14072,4.6,246.7,,
2025-07-18 09:49:04,118.78208,32.139156666666665,4.6,247.5,,
2025-07-18 09:52:04,118.77764,32.13785333333333,4.9,250.6,,
2025-07-18 09:55:04,118.77298666666668,32.136993333333336,4.9,262.0,,
2025-07-18 09:58:04,118.76788,32.13672666666667,5.4,269.4,,
2025-07-18 10:01:04,118.76264,32.136763333333334,5.3,267.4,,
2025-07-18 10:04:04,118.75730666666666,32.13602,5.5,253.5,,
2025-07-18 10:07:04,118.75226666666669,32.13371333333333,6.2,230.8,,
2025-07-18 10:09:04,118.7492,32.13133,6.3,224.2,,
2025-07-18 10:12:04,118.74549333333331,32.127716666666664,5.2,222.5,,
2025-07-18 10:15:04,118.7422,32.124343333333336,5.6,215.6,,
2025-07-18 10:18:04,118.7386,32.12045333333333,5.9,216.4,,
2025-07-18 10:21:04,118.73528,32.116546666666665,5.6,211.8,,
2025-07-18 10:24:04,118.73214666666668,32.113063333333336,5.0,217.9,,
2025-07-19 14:05:09,118.73036,32.10585,7.9,32.4,,
2025-07-19 14:07:09,118.73338666666666,32.10969,8.7,34.5,,
2025-07-19 14:09:09,118.73685333333331,32.11338333333333,8.5,39.0,,
2025-07-19 14:11:09,118.741,32.11726,11.1,50.0,,
2025-07-19 14:13:11,118.7471,32.1209,11.4,57.3,,
2025-07-19 14:15:22,118.75391666666668,32.12445,11.2,59.9,,
2025-07-19 14:17:39,118.76141333333334,32.127743333333335,11.4,64.4,,
2025-07-19 14:19:39,118.76816,32.13034666666667,11.3,65.5,,
2025-07-19 14:22:00,118.77633333333333,32.1334,11.5,66.2,,
2025-07-19 14:24:08,118.78358666666666,32.136496666666666,11.8,61.9,,
2025-07-19 14:26:08,118.79033333333334,32.13992,12.0,56.2,,
2025-07-19 14:27:08,118.79357333333331,32.14187,12.1,54.5,,
2025-07-19 14:28:08,118.79688,32.143773333333336,12.0,54.6,,
2025-07-19 14:29:38,118.80168,32.1468,12.1,50.5,,
2025-07-19 14:30:39,118.80497333333334,32.148696666666666,12.1,57.7,,
2025-07-19 14:31:39,118.80836,32.150463333333335,12.2,59.6,,
2025-07-19 14:33:08,118.81356,32.15291333333333,12.0,63.2,,
2025-07-19 14:34:08,118.81708,32.15441,11.7,62.3,,
2025-07-19 14:36:08,118.82401333333334,32.157336666666666,11.7,65.3,,
2025-07-19 14:38:08,118.83078666666668,32.15976333333333,10.6,63.8,,
2025-07-19 14:39:10,118.83421666666666,32.16113333333333,12.0,65.9,,
2025-07-19 14:41:22,118.84176666666669,32.16421666666667,12.0,57.8,,
2025-07-19 14:42:38,118.84558666666666,32.16711333333333,12.6,37.3,,
2025-07-19 14:44:38,118.84749333333332,32.17145,4.9,336.3,,
2025-07-19 14:48:00,118.84591666666668,32.1712,2.6,215.8,,
2025-07-19 15:19:20,118.84594666666666,32.17116,0.0,109.3,,
2025-07-19 15:49:20,118.84593333333332,32.17116,0.1,318.1,,
2025-07-19 16:19:21,118.84594666666666,32.17115666666667,0.0,272.1,,
2025-07-19 16:49:54,118.84595,32.17115,0.0,349.4,,
2025-07-19 17:20:00,118.84593333333332,32.17113166666667,0.1,339.8,,
2025-07-19 17:51:00,118.84593333333332,32.17115,0.0,117.0,,
2025-07-19 18:21:51,118.84593333333332,32.17115,0.2,60.5,,
2025-07-19 18:52:20,118.84594666666666,32.17114,0.2,209.6,,
2025-07-19 19:22:20,118.84593333333332,32.17114,0.0,194.7,,
2025-07-19 19:52:20,118.84594666666666,32.17114,0.1,175.3,,
2025-07-19 20:23:40,118.84596666666668,32.17113166666667,0.1,167.0,,
2025-07-19 20:40:50,118.8453,32.17095,1.8,251.2,,
2025-07-19 20:44:26,118.8472,32.16904,8.0,90.9,,
2025-07-19 20:46:26,118.85312,32.17057666666667,10.2,66.7,,
2025-07-19 20:48:26,118.85928,32.17287,10.3,65.2,,
2025-07-19 20:50:26,118.86544,32.175306666666664,10.3,66.3,,
2025-07-19 20:52:26,118.87186666666666,32.17722,10.4,74.4,,
2025-07-19 20:54:26,118.87845333333334,32.178513333333335,10.3,79.0,,
2025-07-19 20:56:31,118.88531666666668,32.179265,10.2,84.7,,
2025-07-19 20:58:43,118.89253333333332,32.17946666666667,10.0,89.9,,
2025-07-19 21:00:56,118.89976,32.17928333333333,9.9,92.4,,
2025-07-19 21:02:56,118.90612,32.17901333333333,9.9,96.2,,
2025-07-19 21:04:56,118.91262666666668,32.178216666666664,10.0,100.0,,
2025-07-19 21:06:56,118.91909333333334,32.17709333333333,10.0,102.7,,
2025-07-19 21:08:56,118.92550666666666,32.17590333333333,10.0,103.3,,
2025-07-19 21:10:56,118.93184,32.17471,10.0,102.8,,
2025-07-19 21:12:56,118.93813333333334,32.17355333333333,9.7,102.0,,
2025-07-19 21:14:56,118.9444,32.17252666666667,9.5,98.3,,
2025-07-19 21:16:57,118.95072,32.17185333333333,9.7,94.2,,
2025-07-19 21:19:26,118.95862666666666,32.17153666666667,9.7,91.5,,
2025-07-19 21:21:26,118.96502666666666,32.17162,9.7,86.1,,
2025-07-19 21:23:26,118.97148,32.17181,10.0,91.0,,
2025-07-19 21:25:26,118.97806666666666,32.17193,10.2,89.3,,
2025-07-19 21:27:26,118.98473333333334,32.17196666666667,10.2,89.4,,
2025-07-19 21:29:26,118.99141333333333,32.17234333333333,10.3,83.9,,
2025-07-19 21:31:26,118.9978,32.17363,9.9,71.7,,
2025-07-19 21:33:26,119.00404,32.17530333333333,10.1,71.2,,
2025-07-19 21:35:26,119.00989333333334,32.177796666666666,9.8,57.6,,
2025-07-19 21:37:26,119.01578666666668,32.18042,10.4,65.0,,
2025-07-19 21:39:26,119.02173333333332,32.18328,10.5,60.3,,
2025-07-19 21:41:26,119.02738666666669,32.18644666666667,10.1,53.4,,
2025-07-19 21:43:26,119.03273333333334,32.18989333333333,9.9,52.7,,
2025-07-19 21:45:26,119.03789333333332,32.19344,10.2,50.7,,
2025-07-19 21:47:26,119.04301333333332,32.19708333333333,10.0,49.6,,
2025-07-19 21:49:26,119.04784,32.200903333333336,10.1,42.7,,
2025-07-19 21:51:32,119.05233333333334,32.205533333333335,10.7,35.3,,
2025-07-19 21:53:56,119.05698666666666,32.2117,11.1,28.7,,
2025-07-19 21:55:56,119.06050666666668,32.21723333333333,11.3,29.8,,
2025-07-19 21:58:15,119.06446666666666,32.223733333333335,11.3,24.5,,
2025-07-19 22:00:26,119.06674666666666,32.229746666666664,8.8,8.9,,
2025-07-19 22:02:26,119.06636,32.23369,4.5,322.9,,
2025-07-19 22:05:45,119.06473333333334,32.232416666666666,3.0,204.6,,
2025-07-19 22:35:47,119.0648,32.232416666666666,0.2,323.5,,
2025-07-19 23:05:53,119.06481666666669,32.2324,0.1,125.6,,
2025-07-19 23:35:57,119.0648,32.232416666666666,0.2,182.3,,
2025-07-20 00:06:02,119.06478333333334,32.232416666666666,0.0,162.2,,
2025-07-20 00:36:06,119.06478333333334,32.232416666666666,0.1,103.2,,
2025-07-20 01:06:14,119.06478333333334,32.23243333333333,0.1,42.4,,
2025-07-20 01:36:17,119.06478333333334,32.23243333333333,0.1,205.8,,
2025-07-20 02:06:19,119.06478333333334,32.23245,0.0,18.7,,
2025-07-20 02:36:26,119.0648,32.23243333333333,0.0,322.4,,
2025-07-20 03:06:36,119.06478333333334,32.232416666666666,0.1,124.3,,
2025-07-20 03:36:44,119.0648,32.232416666666666,0.1,335.1,,
2025-07-20 04:06:50,119.06478333333334,32.232416666666666,0.1,154.3,,
2025-07-20 04:37:00,119.06478333333334,32.23243333333333,0.0,205.1,,
2025-07-20 05:07:08,119.06478333333334,32.2324,0.0,353.8,,
2025-07-20 05:37:19,119.06478333333334,32.23243333333333,0.1,141.1,,
2025-07-20 06:08:13,119.06478333333334,32.232416666666666,0.1,135.4,,
2025-07-20 06:37:39,119.06478333333334,32.23243333333333,0.5,170.2,,
2025-07-20 07:07:49,119.06481666666669,32.23243333333333,0.2,21.3,,
2025-07-20 07:37:59,119.06478333333334,32.2324,0.0,140.0,,
2025-07-20 08:08:11,119.06475,32.23243333333333,0.0,150.3,,
2025-07-20 08:38:18,119.06481333333332,32.23242666666667,0.1,38.1,,
2025-07-20 09:08:18,119.0648,32.23241,0.2,167.2,,
2025-07-20 09:38:18,119.06462666666668,32.23222333333333,0.0,192.7,,
2025-07-20 10:08:18,119.0646,32.232186666666664,0.1,187.7,,
2025-07-20 10:38:18,119.06458666666668,32.232173333333336,0.1,173.4,,
2025-07-20 11:08:18,119.06458666666668,32.232186666666664,0.1,299.7,,
2025-07-20 11:38:18,119.06458666666668,32.232173333333336,0.2,312.1,,
2025-07-20 12:08:50,119.06458333333332,32.232166666666664,0.1,145.6,,
2025-07-20 12:40:00,119.06458333333332,32.232166666666664,0.1,132.7,,
2025-07-20 13:10:16,119.06458333333332,32.23215,0.0,288.3,,
2025-07-20 13:41:16,119.06458666666668,32.23216333333333,0.0,336.0,,
2025-07-20 14:11:16,119.06458666666668,32.23216333333333,0.1,241.3,,
2025-07-20 14:41:16,119.06458666666668,32.23217666666667,0.1,253.4,,
2025-07-20 15:11:31,119.06458333333332,32.232166666666664,0.1,46.6,,
2025-07-20 15:43:02,119.06456666666666,32.23215,0.1,220.1,,
2025-07-20 16:14:00,119.06458333333332,32.232166666666664,0.2,296.7,,
2025-07-20 16:44:15,119.06458666666668,32.232173333333336,0.0,182.2,,
2025-07-20 16:48:00,119.06411666666666,32.23175,0.6,204.9,,
2025-07-20 16:50:11,119.06692,32.23092333333334,9.3,63.0,,
2025-07-20 16:52:11,119.07261333333334,32.23403666666667,10.8,56.1,,
2025-07-20 16:54:11,119.07873333333332,32.237273333333334,10.9,60.1,,
2025-07-20 16:56:11,119.08497333333334,32.239916666666666,10.3,65.8,,
2025-07-20 17:26:09,119.18341666666667,32.237698333333334,10.0,110.9,,
2025-07-20 17:28:11,119.18948,32.235393333333334,9.8,114.4,,
2025-07-20 17:30:39,119.19661666666669,32.23246666666667,9.6,115.7,,
2025-07-20 17:32:41,119.20250666666666,32.23014666666667,9.7,114.5,,
2025-07-20 17:35:09,119.20941666666668,32.22711666666667,9.5,119.1,,
2025-07-20 17:37:10,119.21472,32.22433,9.2,121.6,,
2025-07-20 17:39:11,119.22012,32.22212666666667,9.1,113.9,,
2025-07-20 17:41:40,119.22668,32.21905666666667,9.1,120.8,,
2025-07-20 17:43:40,119.23185333333332,32.21658333333333,9.1,122.2,,
2025-07-20 17:45:40,119.23672,32.21388,8.8,122.2,,
2025-07-20 17:47:41,119.24172,32.211223333333336,9.0,123.8,,
2025-07-20 17:50:08,119.24768333333331,32.20758333333333,9.1,126.7,,
2025-07-20 17:52:11,119.25249333333332,32.204346666666666,9.3,127.0,,
2025-07-20 17:54:40,119.25870666666668,32.20076,9.1,123.8,,
2025-07-20 17:56:49,119.26405,32.197716666666665,9.1,122.8,,
2025-07-20 17:58:58,119.26966666666668,32.19495333333333,9.1,117.9,,
2025-07-20 18:00:58,119.27521333333334,32.19303,9.0,109.0,,
2025-07-20 18:02:58,119.28094666666668,32.19133,9.3,109.9,,
2025-07-20 18:05:28,119.28842666666668,32.189816666666665,9.2,97.8,,
2025-07-20 18:07:28,119.29450666666666,32.189173333333336,9.5,95.7,,
2025-07-20 18:09:58,119.30233333333334,32.18893,9.6,87.5,,
2025-07-20 18:11:58,119.30865333333334,32.18912,9.6,88.2,,
2025-07-20 18:13:58,119.315,32.18931666666667,9.6,88.6,,
2025-07-20 18:15:58,119.32134666666668,32.18971666666667,9.8,85.7,,
2025-07-20 18:17:58,119.32770666666669,32.190306666666665,9.7,80.2,,
2025-07-20 18:19:58,119.33396,32.191536666666664,9.9,75.6,,
2025-07-20 18:21:58,119.34017333333334,32.19251666666667,9.8,82.6,,
2025-07-20 18:23:58,119.34624,32.19393,9.7,67.8,,
2025-07-20 18:26:35,119.35365,32.1969,9.5,65.1,,
2025-07-20 18:28:58,119.36026666666666,32.199996666666664,9.5,57.4,,
2025-07-20 18:30:58,119.36534666666668,32.20310333333333,9.3,45.8,,
2025-07-20 18:33:12,119.36976,32.20760666666666,9.5,38.3,,
2025-07-20 18:35:12,119.37393333333333,32.21175,9.7,40.2,,
2025-07-20 18:37:12,119.37789333333332,32.215833333333336,9.3,38.5,,
2025-07-20 18:39:12,119.38153333333334,32.220016666666666,9.3,35.7,,
2025-07-20 18:41:12,119.38533333333334,32.224286666666664,9.6,37.1,,
2025-07-20 18:43:12,119.38914666666666,32.228653333333334,9.8,36.0,,
2025-07-20 18:45:12,119.39309333333334,32.233023333333335,9.9,38.1,,
2025-07-20 18:47:12,119.39728,32.23735666666666,10.0,41.1,,
2025-07-20 19:37:45,119.53481333333332,32.23914333333333,9.2,123.1,,
2025-07-20 19:39:45,119.53845333333334,32.23672333333333,6.8,134.1,,
2025-07-20 19:43:15,119.54397333333333,32.23201666666667,7.3,137.6,,
2025-07-20 19:46:21,119.54751666666668,32.2284,4.2,148.6,,
2025-07-20 19:48:33,119.54878333333332,32.22538333333333,7.9,164.4,,
2025-07-20 19:50:46,119.55017333333332,32.219566666666665,9.7,174.3,,
2025-07-20 19:53:00,119.5505,32.213366666666666,9.9,179.5,,
2025-07-20 19:55:12,119.55038333333331,32.2071,10.4,178.8,,
2025-07-20 19:57:29,119.55111666666669,32.20041666666667,10.4,170.3,,
2025-07-20 20:00:46,119.55778666666669,32.19338666666667,9.7,123.8,,
2025-07-20 20:03:23,119.56511666666668,32.19023333333333,9.6,108.0,,
2025-07-20 20:06:16,119.57421333333332,32.188473333333334,10.0,101.6,,
2025-07-20 20:08:16,119.58077333333334,32.18768,10.2,91.5,,
2025-07-20 20:10:16,119.58729333333332,32.18814,9.8,83.5,,
2025-07-20 20:12:16,119.59377333333332,32.18804333333333,9.9,90.5,,
2025-07-20 20:14:16,119.60016,32.18833,9.7,82.3,,
2025-07-20 20:16:16,119.60648,32.18941,9.7,76.3,,
2025-07-20 20:19:16,119.61604,32.19110333333333,9.8,77.5,,
2025-07-20 20:21:16,119.62238666666669,32.19204333333333,9.9,82.8,,
2025-07-20 20:23:16,119.62878666666668,32.19284,9.8,79.5,,
2025-07-20 20:25:41,119.63643333333331,32.194383333333334,10.0,74.4,,
2025-07-20 20:28:40,119.64588333333332,32.196866666666665,10.1,79.0,,
2025-07-20 20:31:16,119.65373333333334,32.20006333333333,10.1,62.1,,
2025-07-20 20:33:16,119.65941333333332,32.20308333333333,10.2,54.7,,
2025-07-20 20:35:46,119.66533333333334,32.20793,10.0,32.4,,
2025-07-20 20:37:46,119.66846666666666,32.21296,10.7,28.1,,
2025-07-20 20:39:46,119.67182666666666,32.218223333333334,10.7,28.4,,
2025-07-20 20:41:46,119.67510666666666,32.22340333333333,10.4,25.3,,
2025-07-20 20:44:16,119.67801333333334,32.23027,10.5,18.4,,
2025-07-20 20:46:16,119.68036,32.235883333333334,10.8,20.1,,
2025-07-20 22:30:02,119.871,32.23968333333333,10.3,160.9,,
2025-07-20 22:32:04,119.8724,32.23388666666666,10.3,168.5,,
2025-07-20 22:34:11,119.87497333333332,32.22497333333333,9.1,166.5,,
2025-07-20 22:36:16,119.87529333333332,32.223726666666664,9.2,165.9,,
2025-07-20 22:38:36,119.87704,32.21745666666666,9.4,166.4,,
2025-07-20 22:41:29,119.87897333333332,32.20981333333334,9.3,168.8,,
2025-07-20 22:43:41,119.88110666666668,32.20070333333334,9.6,168.9,,
2025-07-20 22:45:41,119.88222666666668,32.19545333333333,9.7,171.4,,
2025-07-20 22:48:11,119.88316,32.18881,9.7,173.1,,
2025-07-20 22:50:55,119.88338666666668,32.18747333333334,9.8,171.4,,
2025-07-20 22:53:11,119.88474666666669,32.17542666666667,9.8,175.0,,
2025-07-20 22:55:11,119.88522666666668,32.16996,9.6,176.6,,
2025-07-20 22:57:45,119.88525,32.16948333333333,9.6,176.6,,
2025-07-20 23:00:27,119.88750666666668,32.15596333333333,9.6,168.9,,
2025-07-20 23:02:27,119.88885333333332,32.15075,9.4,165.1,,
2025-07-20 23:04:35,119.88976666666667,32.14803333333333,9.5,163.9,,
2025-07-20 23:06:36,119.89156,32.14322,9.4,161.6,,
2025-07-20 23:09:42,119.89350666666668,32.13826666666667,9.6,160.6,,
2025-07-20 23:11:44,119.89704,32.13084333333333,9.4,157.4,,
2025-07-20 23:14:24,119.89890666666666,32.12674333333333,9.5,162.5,,
2025-07-20 23:16:51,119.90106666666668,32.1198,10.4,165.7,,
2025-07-20 23:18:57,119.904,32.11192333333333,9.8,157.3,,
2025-07-20 23:20:58,119.90748,32.10298,9.8,163.1,,
2025-07-20 23:23:08,119.90949333333332,32.09732666666667,10.6,163.3,,
2025-07-20 23:25:08,119.91162666666666,32.09161666666667,10.8,160.8,,
2025-07-20 23:27:08,119.91384,32.086216666666665,9.5,160.5,,
2025-07-20 23:29:38,119.91676,32.08012,9.4,157.7,,
2025-07-20 23:31:59,119.91786666666668,32.077666666666666,9.4,161.2,,
2025-07-20 23:34:08,119.9228,32.06941,9.8,152.5,,
2025-07-20 23:36:38,119.92628,32.063426666666665,9.8,156.7,,
2025-07-20 23:39:08,119.92913333333334,32.057136666666665,9.5,162.5,,
2025-07-20 23:41:08,119.93104,32.05162,10.4,161.9,,
2025-07-20 23:44:08,119.93492,32.04353,10.4,154.1,,
2025-07-20 23:46:08,119.93804,32.03829666666667,10.4,154.0,,
2025-07-20 23:48:08,119.94114666666668,32.033076666666666,10.5,152.7,,
2025-07-20 23:50:18,119.9444,32.02735,10.5,154.2,,
2025-07-20 23:52:38,119.94784,32.02151333333333,9.1,149.6,,
2025-07-20 23:54:38,119.95077333333332,32.01773,7.4,142.0,,
2025-07-20 23:56:38,119.95385333333331,32.01462333333333,7.1,136.7,,
2025-07-20 23:58:38,119.95718666666669,32.01203,6.2,128.2,,
2025-07-21 00:02:06,119.96202666666667,32.00904333333333,5.0,130.4,,
2025-07-21 00:05:07,119.96577333333332,32.006323333333334,5.0,128.7,,
2025-07-21 00:07:36,119.96948,32.00358333333333,6.8,133.2,,
2025-07-21 00:11:06,119.97469333333332,31.999656666666667,6.5,124.5,,
2025-07-21 00:13:06,119.97928,31.996756666666663,11.4,129.9,,
2025-07-21 00:15:06,119.98461333333331,31.99218,11.3,138.9,,
2025-07-21 00:17:06,119.98932,31.98745,11.0,142.0,,
2025-07-21 00:19:06,119.99373333333334,31.98277333333333,10.7,138.6,,
2025-07-21 00:21:39,120.00038666666669,31.97784,10.6,124.1,,
2025-07-21 00:23:39,120.00612,31.97430333333333,10.9,127.9,,
2025-07-21 00:25:39,120.01206666666668,31.971066666666665,10.8,118.7,,
2025-07-21 00:27:39,120.01844,31.968426666666662,11.0,114.0,,
2025-07-21 00:29:39,120.02517333333331,31.96588333333333,11.3,112.5,,
2025-07-21 00:31:39,120.032,31.96354,11.2,111.0,,
2025-07-21 00:33:39,120.03892,31.961496666666665,11.3,105.7,,
2025-07-21 00:36:06,120.04774666666668,31.95956333333333,11.6,105.2,,
2025-07-21 00:38:06,120.05492,31.957836666666665,11.2,108.5,,
2025-07-21 00:40:06,120.06185333333332,31.95577,11.2,109.8,,
2025-07-21 00:42:06,120.06876,31.95382333333333,11.1,109.0,,
2025-07-21 00:44:06,120.07566666666666,31.95179333333333,11.1,110.0,,
2025-07-21 00:46:06,120.08237333333334,31.949706666666668,10.9,110.2,,
2025-07-21 00:48:06,120.08898666666668,31.94754333333333,10.9,110.6,,
2025-07-21 00:50:36,120.09725333333331,31.945016666666668,10.9,106.5,,
2025-07-21 00:52:36,120.10392,31.943326666666668,10.5,106.6,,
2025-07-21 00:54:36,120.11052,31.94157333333333,10.6,107.5,,
2025-07-21 00:57:06,120.11876,31.93933333333333,10.6,105.3,,
2025-07-21 00:59:36,120.12718666666666,31.93721,10.8,104.7,,
2025-07-21 01:02:06,120.13564,31.93523,10.7,105.1,,
2025-07-21 01:04:36,120.14413333333331,31.93339,10.7,102.7,,
2025-07-21 01:06:36,120.15102666666668,31.93233,10.8,97.4,,
2025-07-21 01:08:36,120.15798666666667,31.93144333333333,10.8,98.9,,
2025-07-21 01:10:36,120.16494666666668,31.93042,10.8,100.9,,
2025-07-21 01:13:06,120.17348,31.928856666666668,10.6,100.3,,
2025-07-21 01:16:06,120.18372,31.92758,10.5,98.7,,
2025-07-21 01:19:06,120.19393333333332,31.927,10.6,92.4,,
2025-07-21 01:21:06,120.20085333333331,31.927056666666665,10.8,89.2,,
2025-07-21 01:23:06,120.20802666666668,31.927086666666668,11.1,87.8,,
2025-07-21 01:25:06,120.21526666666666,31.92753,11.2,86.9,,
2025-07-21 01:27:06,120.22250666666666,31.927926666666668,11.1,83.8,,
2025-07-21 01:29:06,120.22972,31.92867,11.1,80.6,,
2025-07-21 01:31:06,120.2368,31.93020333333333,11.1,74.7,,
2025-07-21 01:33:06,120.24384,31.931916666666663,11.0,72.4,,
2025-07-21 01:35:06,120.25077333333331,31.93372,11.0,71.3,,
2025-07-21 01:37:36,120.25901333333331,31.937126666666668,11.2,60.6,,
2025-07-21 01:40:06,120.26693333333333,31.941243333333333,11.1,58.9,,
2025-07-21 01:42:06,120.27332,31.94438333333333,11.2,66.0,,
2025-07-21 01:44:06,120.28004,31.946996666666667,11.3,61.7,,
2025-07-21 01:46:06,120.28665333333332,31.94983,11.3,63.9,,
2025-07-21 01:48:06,120.29324,31.952536666666667,11.2,66.4,,
2025-07-21 01:50:36,120.30169333333332,31.9556,11.2,64.6,,
2025-07-21 01:52:36,120.30817333333331,31.958496666666665,11.1,61.2,,
2025-07-21 01:54:36,120.31469333333334,31.961296666666662,11.0,63.6,,
2025-07-21 01:57:06,120.32270666666666,31.96465,10.7,59.2,,
2025-07-21 01:59:06,120.32881333333331,31.967773333333334,10.9,58.2,,
2025-07-21 02:01:06,120.33476,31.97106,10.7,52.0,,
2025-07-21 02:03:06,120.34021333333334,31.974846666666668,10.6,51.4,,
2025-07-21 02:05:06,120.34557333333332,31.978596666666668,10.6,49.4,,
2025-07-21 02:07:06,120.35092,31.982426666666665,10.6,48.4,,
2025-07-21 02:09:06,120.356,31.98649333333333,10.5,49.5,,
2025-07-21 02:11:06,120.36142666666667,31.99000333333333,10.4,54.6,,
2025-07-21 02:13:06,120.36721333333334,31.99302,10.4,60.5,,
2025-07-21 02:15:06,120.373,31.99608333333333,10.3,54.5,,
2025-07-21 02:17:06,120.37852,31.999513333333333,10.4,54.4,,
2025-07-21 02:19:36,120.38552,32.00358666666666,10.3,54.8,,
2025-07-21 02:22:04,120.392,32.00792333333333,10.0,48.3,,
2025-07-21 02:24:04,120.39728,32.011336666666665,10.1,55.2,,
2025-07-21 02:26:04,120.40292,32.01431,10.1,61.9,,
2025-07-21 02:28:04,120.40878666666669,32.01685666666667,10.1,64.9,,
2025-07-21 02:30:34,120.41624,32.01967333333333,9.9,65.7,,
2025-07-21 02:32:34,120.42232,32.02162666666667,9.9,68.9,,
2025-07-21 02:35:02,120.42993333333334,32.024,9.9,71.0,,
2025-07-21 02:37:04,120.436,32.02592333333333,9.5,70.7,,
2025-07-21 02:39:04,120.44205333333332,32.027476666666665,9.8,74.1,,
2025-07-21 02:41:04,120.44802666666666,32.02904,9.1,74.3,,
2025-07-21 02:43:04,120.45385333333331,32.030323333333335,9.2,78.0,,
2025-07-21 02:45:34,120.46138666666668,32.03123333333333,9.4,83.6,,
2025-07-21 02:47:34,120.46750666666668,32.031576666666666,9.4,88.3,,
2025-07-21 02:49:34,120.47354666666666,32.031596666666665,9.1,91.7,,
2025-07-21 02:52:04,120.48096,32.03098333333333,9.0,94.9,,
2025-07-21 02:54:34,120.48829333333332,32.030296666666665,9.0,98.7,,
2025-07-21 02:57:15,120.49616666666668,32.02928333333333,8.9,98.3,,
2025-07-21 02:59:34,120.50282666666666,32.028326666666665,8.9,99.9,,
2025-07-21 03:01:34,120.50852,32.027136666666664,9.0,105.2,,
2025-07-21 03:03:54,120.51503333333334,32.02523333333333,8.9,110.4,,
2025-07-21 03:06:04,120.52088,32.023163333333336,9.0,111.4,,
2025-07-21 03:08:34,120.52768,32.020736666666664,9.0,111.7,,
2025-07-21 03:10:34,120.53311666666669,32.01866666666667,9.1,113.0,,
2025-07-21 03:13:04,120.54018666666668,32.01652,9.1,109.6,,
2025-07-21 03:15:34,120.54696,32.01394333333333,9.1,116.5,,
2025-07-21 03:17:34,120.55229333333334,32.01179666666667,8.8,108.1,,
2025-07-21 03:19:34,120.55772,32.01008,8.8,110.8,,
2025-07-21 03:21:34,120.56310666666668,32.008296666666666,8.7,104.2,,
2025-07-21 03:23:58,120.56886666666666,32.00535,8.8,113.7,,
2025-07-21 03:26:04,120.57441333333334,32.00325,8.9,113.0,,
2025-07-21 03:29:52,120.58346666666668,31.999966666666666,7.0,105.9,,
2025-07-21 03:32:00,120.58831666666669,31.998666666666665,7.1,106.7,,
2025-07-21 03:34:34,120.59388,31.996676666666666,7.6,116.1,,
2025-07-21 03:38:04,120.60354666666667,31.99474333333333,8.9,100.0,,
2025-07-21 03:40:04,120.60921333333332,31.99394,8.8,96.8,,
2025-07-21 03:43:03,120.61804,31.993296666666662,8.8,94.6,,
2025-07-21 03:45:03,120.62385333333332,31.99287333333333,9.0,97.4,,
2025-07-21 03:47:33,120.63122666666666,31.99241333333333,9.0,89.2,,
2025-07-21 03:50:00,120.63946666666666,31.9925,9.7,91.2,,
2025-07-21 03:52:03,120.64482666666666,31.992746666666665,9.3,83.9,,
2025-07-21 03:54:03,120.65090666666669,31.99324333333333,9.3,81.0,,
2025-07-21 03:57:27,120.6611,31.994533333333333,9.1,81.4,,
2025-07-21 04:00:33,120.66998666666667,31.99571333333333,8.7,81.0,,
2025-07-21 04:02:33,120.67549333333334,31.996466666666667,8.5,79.7,,
2025-07-21 04:05:03,120.68197333333332,31.99755,7.5,77.9,,
2025-07-21 04:07:03,120.6866,31.99826,7.0,76.9,,
2025-07-21 04:09:03,120.69089333333334,31.99904,4.8,75.4,,
2025-07-21 04:12:03,120.69510666666666,31.99991333333333,4.6,78.6,,
2025-07-21 04:15:03,120.69953333333332,32.00060666666667,4.2,76.2,,
2025-07-21 04:18:03,120.70389333333334,32.0012,4.5,86.2,,
2025-07-21 04:21:03,120.70836,32.00132,4.6,83.5,,
2025-07-21 04:24:33,120.71389333333332,32.001693333333336,4.3,82.2,,
2025-07-21 04:27:33,120.71841333333332,32.00217333333333,5.1,84.3,,
2025-07-21 04:31:04,120.72572,32.00279,9.4,86.1,,
2025-07-21 04:33:15,120.73251666666668,32.003233333333334,9.5,88.0,,
2025-07-21 04:35:33,120.73962666666668,32.00434,9.7,76.2,,
2025-07-21 04:37:45,120.74643333333331,32.005316666666666,9.7,84.0,,
2025-07-21 04:39:56,120.75336666666666,32.00618333333333,9.8,80.6,,
2025-07-21 04:42:04,120.76009333333332,32.00676,9.7,84.5,,
2025-07-21 04:44:27,120.76765,32.00698333333333,9.7,89.5,,
2025-07-21 04:46:33,120.77437333333332,32.00669333333333,9.8,93.5,,
2025-07-21 04:48:33,120.78077333333331,32.00649333333333,9.7,93.4,,
2025-07-21 04:50:33,120.78712,32.00575333333333,9.8,104.8,,
2025-07-21 04:52:33,120.79324,32.00422666666667,9.8,106.8,,
2025-07-21 04:54:33,120.79926666666668,32.00250333333334,9.8,110.5,,
2025-07-21 04:56:33,120.80498666666666,32.00011666666666,9.5,117.7,,
2025-07-21 04:58:33,120.81046666666668,31.9975,9.6,122.1,,
2025-07-21 05:01:05,120.81715,31.9938,9.5,124.7,,
2025-07-21 05:03:19,120.82206666666669,31.98968333333333,9.5,137.4,,
2025-07-21 05:05:33,120.82684,31.985406666666663,9.4,134.0,,
2025-07-21 05:07:33,120.83094666666666,31.981536666666667,9.4,138.6,,
2025-07-21 05:09:33,120.83485333333331,31.9775,9.4,141.2,,
2025-07-21 05:11:33,120.83857333333331,31.9733,9.6,137.2,,
2025-07-21 05:13:33,120.84270666666669,31.96925333333333,9.4,140.9,,
2025-07-21 05:15:33,120.84634666666666,31.964873333333333,9.6,146.6,,
2025-07-21 05:17:33,120.84978333333332,31.960383333333333,9.6,147.3,,
2025-07-21 05:19:33,120.85278666666666,31.955626666666667,9.4,151.7,,
2025-07-21 05:21:33,120.85569333333332,31.950886666666666,9.5,151.0,,
2025-07-21 05:23:33,120.85828,31.946003333333334,9.5,156.9,,
2025-07-21 05:25:33,120.86024,31.940943333333333,9.4,161.4,,
2025-07-21 05:27:33,120.86228,31.93608,9.0,157.4,,
2025-07-21 05:29:33,120.86477333333332,31.93154333333333,9.1,146.4,,
2025-07-21 05:31:33,120.86789333333331,31.92715,9.2,154.1,,
2025-07-21 05:33:33,120.87016,31.92244,9.0,157.8,,
2025-07-21 05:35:33,120.87254666666666,31.917563333333334,9.8,157.7,,
2025-07-21 05:37:33,120.87449333333332,31.912546666666668,9.3,166.2,,
2025-07-21 05:39:33,120.87584,31.907523333333334,9.2,171.8,,
2025-07-21 05:41:33,120.87704,31.90244333333333,9.3,165.8,,
2025-07-21 05:43:33,120.87846666666668,31.89734333333333,9.3,166.9,,
2025-07-21 05:45:33,120.8798,31.892216666666663,9.4,169.1,,
2025-07-21 05:47:33,120.88101333333331,31.886946666666667,9.7,171.9,,
2025-07-21 05:49:33,120.88168,31.88158333333333,9.5,173.9,,
2025-07-21 05:51:33,120.88253333333331,31.876326666666667,9.5,167.9,,
2025-07-21 05:54:03,120.88425333333332,31.86982,9.5,162.5,,
2025-07-21 05:56:03,120.88665333333331,31.86488,9.1,140.9,,
2025-07-21 05:58:03,120.89185333333332,31.86242,9.3,114.7,,
2025-07-21 06:00:03,120.8978,31.861496666666667,9.7,102.7,,
2025-07-21 06:02:04,120.90290666666668,31.859223333333333,8.9,112.9,,
2025-07-21 06:06:45,120.9062,31.858,4.0,97.6,,
2025-07-21 06:12:00,120.90641666666669,31.858016666666668,0.1,278.0,,
2025-07-21 06:37:20,120.90635,31.85856666666667,1.2,0.2,,
2025-07-21 06:39:31,120.90558333333334,31.86065,6.7,325.7,,
2025-07-21 06:41:40,120.90114666666666,31.863486666666667,7.5,315.9,,
2025-07-21 06:43:41,120.89826666666669,31.866846666666667,7.4,324.8,,
2025-07-21 06:46:10,120.89617333333334,31.871626666666668,7.3,344.7,,
2025-07-21 06:48:31,120.89491666666666,31.87623333333333,7.0,347.3,,
2025-07-21 06:50:40,120.89402666666666,31.880423333333333,7.0,349.1,,
2025-07-21 06:52:40,120.89312,31.88431333333333,6.9,346.5,,
2025-07-21 06:54:40,120.89166666666668,31.88816,7.2,340.7,,
2025-07-21 06:56:40,120.89038666666669,31.89206666666667,7.4,346.0,,
2025-07-21 06:58:40,120.88904,31.895966666666663,7.2,339.4,,
2025-07-21 07:01:00,120.88738333333332,31.9008,7.3,342.3,,
2025-07-21 07:03:10,120.88586666666669,31.90468,7.2,338.1,,
2025-07-21 07:05:10,120.88406666666668,31.908473333333333,7.3,340.6,,
2025-07-21 07:07:10,120.88245333333332,31.91234333333333,7.5,337.7,,
2025-07-21 07:09:10,120.88077333333334,31.916246666666662,7.5,339.5,,
2025-07-21 07:11:10,120.87926666666668,31.920123333333333,7.4,341.3,,
2025-07-21 07:13:10,120.87773333333334,31.92402333333333,7.3,339.4,,
2025-07-21 07:15:10,120.87590666666668,31.927796666666666,7.2,336.1,,
2025-07-21 07:17:10,120.87404,31.93143,7.0,336.2,,
2025-07-21 07:19:10,120.87217333333334,31.935066666666668,7.3,334.3,,
2025-07-21 07:21:10,120.87052,31.93881333333333,7.5,342.7,,
2025-07-21 07:23:11,120.86893333333332,31.94264,7.0,336.3,,
2025-07-21 07:25:40,120.867,31.94707333333333,6.6,340.7,,
2025-07-21 07:27:40,120.86546666666666,31.95043,6.5,343.7,,
2025-07-21 07:29:41,120.86404,31.95366,6.0,335.2,,
2025-07-21 07:32:10,120.86248,31.957806666666663,6.5,344.4,,
2025-07-21 07:34:10,120.86145333333332,31.96145333333333,6.7,340.3,,
2025-07-21 07:36:10,120.85918666666667,31.964586666666666,6.4,323.3,,
2025-07-21 07:38:10,120.85705333333334,31.96775333333333,6.4,327.5,,
2025-07-21 07:40:37,120.85441666666668,31.970883333333333,6.4,321.2,,
2025-07-21 07:42:40,120.85161333333332,31.974026666666667,7.0,322.5,,
2025-07-21 07:44:40,120.84881333333334,31.977026666666667,6.9,321.6,,
2025-07-21 07:46:40,120.84586666666668,31.98003333333333,7.0,317.9,,
2025-07-21 07:48:40,120.84292,31.98295333333333,6.8,318.4,,
2025-07-21 07:50:40,120.83968,31.985726666666668,7.1,315.8,,
2025-07-21 07:52:40,120.83642666666668,31.98853666666667,7.2,317.3,,
2025-07-21 07:54:40,120.83290666666667,31.99126,7.4,312.4,,
2025-07-21 07:56:40,120.82938666666666,31.99393,7.3,312.4,,
2025-07-21 07:58:40,120.82573333333332,31.996513333333333,7.2,310.9,,
2025-07-21 08:00:40,120.82230666666666,31.999346666666668,7.3,314.2,,
2025-07-21 08:02:40,120.81868,32.002113333333334,7.7,311.3,,
2025-07-21 08:04:40,120.81490666666669,32.00487666666667,7.6,309.7,,
2025-07-21 08:06:40,120.81117333333331,32.00771666666667,7.6,313.6,,
2025-07-21 08:08:40,120.80750666666668,32.010646666666666,7.7,308.2,,
2025-07-21 08:10:40,120.80358666666666,32.013556666666666,8.0,317.7,,
2025-07-21 08:12:43,120.80023333333334,32.01716666666667,7.9,307.1,,
2025-07-21 08:15:10,120.79461333333332,32.01963666666666,7.9,294.2,,
2025-07-21 08:17:10,120.78989333333334,32.02152,6.6,290.6,,
2025-07-21 08:20:10,120.78450666666669,32.02278666666667,6.8,285.2,,
2025-07-21 08:23:10,120.77978666666668,32.02423,2.8,291.4,,
2025-07-21 08:26:22,120.77758666666666,32.0249,2.7,293.0,,
2025-07-21 08:30:07,120.77477333333331,32.02594,2.4,275.0,,
2025-07-21 08:33:40,120.77233333333334,32.0263,2.5,280.2,,
2025-07-21 08:36:41,120.76912,32.027096666666665,3.9,283.6,,
2025-07-21 08:39:56,120.76428,32.027766666666665,7.0,282.2,,
2025-07-21 08:41:56,120.75925333333332,32.028553333333335,8.0,280.7,,
2025-07-21 08:43:56,120.75401333333332,32.029293333333335,8.0,285.5,,
2025-07-21 08:45:56,120.74913333333332,32.03061666666667,7.9,286.1,,
2025-07-21 08:48:56,120.74261333333334,32.03350666666667,6.9,313.5,,
2025-07-21 08:50:56,120.73978666666666,32.03648666666667,6.7,327.2,,
2025-07-21 08:55:21,120.73811666666668,32.04205,4.3,19.3,,
2025-07-21 09:00:00,120.73896666666668,32.04398333333334,1.6,161.3,,
2025-07-21 09:04:03,120.73873333333331,32.04307333333333,0.3,76.8,,
2025-07-21 09:34:03,120.73872,32.04308,0.1,225.7,,
2025-07-21 10:04:03,120.73872,32.04310666666667,0.1,201.0,,
2025-07-21 10:35:03,120.73872,32.04308,0.0,107.8,,
2025-07-21 11:02:17,120.73863333333334,32.042966666666665,1.0,185.8,,
2025-07-21 11:33:02,120.73856,32.04259,0.1,357.3,,
2025-07-21 12:03:02,120.73854666666666,32.042593333333336,0.2,195.7,,
2025-07-21 12:33:02,120.73856,32.04261,0.0,183.7,,
2025-07-21 13:03:02,120.73856,32.04259,0.1,342.3,,
2025-07-21 13:35:26,120.73856,32.042586666666665,0.0,204.4,,
2025-07-21 14:05:44,120.73855,32.04258333333333,0.1,333.5,,
2025-07-21 14:36:00,120.73855,32.04258333333333,0.0,293.3,,
2025-07-21 15:09:08,120.73858333333334,32.04258333333333,0.0,40.0,,
2025-07-21 15:39:55,120.73857333333332,32.04257666666667,0.1,158.1,,
2025-07-21 16:10:15,120.73856666666669,32.042566666666666,0.2,276.5,,
2025-07-21 16:42:00,120.73856666666669,32.04258333333333,0.0,165.1,,
2025-07-21 17:12:00,120.73856666666669,32.042566666666666,0.0,173.5,,
2025-07-21 17:17:21,120.73855,32.042566666666666,0.6,350.0,,
2025-07-21 17:48:42,120.73856666666669,32.042566666666666,0.0,253.9,,
2025-07-21 18:19:00,120.73855,32.042566666666666,0.1,4.8,,
2025-07-21 18:52:05,120.73856666666669,32.04258333333333,0.1,34.5,,
2025-07-21 19:22:41,120.73855,32.042566666666666,0.1,197.1,,
2025-07-21 19:53:00,120.73855,32.04255,0.1,309.7,,
2025-07-21 20:23:00,120.73855,32.042566666666666,0.0,173.8,,
2025-07-21 20:55:14,120.73855,32.042566666666666,0.0,226.6,,
2025-07-21 21:25:56,120.73856,32.042566666666666,0.0,114.9,,
2025-07-21 21:56:00,120.73855,32.042566666666666,0.1,165.7,,
2025-07-21 22:27:47,120.73855,32.04258333333333,0.0,177.1,,
2025-07-21 22:58:25,120.73855,32.04258333333333,0.0,155.7,,
2025-07-21 23:28:55,120.73856,32.042593333333336,0.1,133.6,,
2025-07-21 23:58:55,120.73857333333332,32.042593333333336,0.1,90.7,,
2025-07-22 00:31:55,120.73857333333332,32.04261,0.1,134.2,,
2025-07-22 01:04:32,120.73856666666669,32.0426,0.1,188.3,,
2025-07-22 01:35:55,120.73855,32.0426,0.0,182.6,,
2025-07-22 02:06:00,120.73853333333334,32.0426,0.1,186.0,,
2025-07-22 02:36:00,120.73855,32.0426,0.1,16.6,,
2025-07-22 03:13:00,120.73855,32.04258333333333,0.1,181.3,,
2025-07-22 04:20:07,120.73856,32.042606666666664,0.0,338.2,,
2025-07-22 05:00:15,120.73858333333334,32.04261666666667,0.0,342.7,,
2025-07-22 05:35:00,120.73855,32.04261666666667,0.1,142.7,,
2025-07-22 06:08:13,120.73856,32.04261,0.0,26.9,,
2025-07-22 06:38:13,120.7386,32.04260333333333,0.1,191.6,,
2025-07-22 07:20:13,120.73857333333332,32.04259,0.0,313.4,,
2025-07-22 07:51:00,120.73853333333334,32.04261666666667,0.0,331.3,,
2025-07-22 08:24:00,120.73858333333334,32.04266666666667,0.1,49.3,,
2025-07-22 08:54:00,120.73855,32.04258333333333,0.2,58.2,,
2025-07-22 09:26:02,120.73858333333334,32.0426,0.1,27.7,,
2025-07-22 09:56:06,120.73856666666669,32.0426,0.0,10.9,,
2025-07-22 10:32:00,120.73856666666669,32.0426,0.0,191.7,,
2025-07-22 11:02:00,120.73855,32.0426,0.0,321.2,,
2025-07-22 11:32:23,120.73855,32.04258333333333,0.1,326.9,,
2025-07-22 12:02:49,120.73856,32.0426,0.0,130.3,,
2025-07-22 12:32:49,120.73857333333332,32.042606666666664,0.0,55.6,,
2025-07-22 13:04:48,120.73856666666669,32.0426,0.0,142.6,,
2025-07-22 13:37:51,120.73855,32.04258333333333,0.1,151.9,,
2025-07-22 14:09:28,120.73856666666669,32.04258333333333,0.0,252.9,,
2025-07-22 14:40:00,120.73858333333334,32.04258333333333,0.1,125.9,,
2025-07-22 15:24:25,120.73857333333332,32.04259,0.0,321.6,,
2025-07-22 15:55:00,120.73856666666669,32.04258333333333,0.1,201.0,,
2025-07-22 16:27:25,120.73858666666666,32.0426,0.0,132.5,,
2025-07-22 17:05:19,120.73858333333334,32.0426,0.1,203.4,,
2025-07-22 17:39:11,120.73858333333334,32.04258333333333,0.1,286.3,,
2025-07-22 18:12:17,120.73856666666669,32.04258333333333,0.0,132.3,,
2025-07-22 18:43:58,120.73858333333334,32.042566666666666,0.1,334.7,,
2025-07-22 19:14:04,120.73856666666669,32.042566666666666,0.1,318.7,,
2025-07-22 19:45:00,120.73855,32.042566666666666,0.2,200.1,,
2025-07-22 20:15:02,120.73856666666669,32.04255,0.1,322.9,,
2025-07-22 20:47:18,120.73855,32.042566666666666,0.1,160.3,,
2025-07-22 21:30:12,120.73856666666669,32.04255,0.1,177.5,,
2025-07-22 22:04:00,120.73746666666666,32.0411,3.4,214.8,,
2025-07-22 22:07:08,120.73690666666668,32.03664666666667,6.7,178.6,,
2025-07-22 22:09:38,120.74126666666666,32.032563333333336,9.3,129.2,,
2025-07-22 22:11:38,120.74536,32.0306,6.9,111.7,,
2025-07-22 22:13:38,120.74974666666668,32.029473333333335,6.4,102.4,,
2025-07-22 22:16:38,120.75557333333332,32.02855666666667,6.4,103.0,,
2025-07-22 22:19:38,120.76112,32.02715333333333,6.5,108.1,,
2025-07-22 22:21:38,120.76541333333331,32.026363333333336,6.3,100.1,,
2025-07-22 22:23:38,120.77076,32.02522333333334,10.7,105.3,,
2025-07-22 22:25:42,120.77663333333334,32.023983333333334,7.4,99.8,,
2025-07-22 22:27:54,120.78176666666668,32.023,7.1,107.9,,
2025-07-22 22:30:08,120.78670666666666,32.021573333333336,7.2,106.1,,
2025-07-22 22:32:26,120.79228333333332,32.020183333333335,7.6,110.9,,
2025-07-22 22:34:38,120.79826666666666,32.01725,10.8,137.6,,
2025-07-22 22:37:08,120.80334666666668,32.01105333333334,11.0,146.1,,
2025-07-22 22:39:08,120.80789333333334,32.00587,11.9,146.0,,
2025-07-22 22:41:08,120.81242666666668,32.00082,10.4,142.3,,
2025-07-22 22:43:08,120.81764,31.996266666666667,11.7,131.1,,
2025-07-22 22:45:08,120.8232,31.99184333333333,11.7,133.7,,
2025-07-22 22:47:08,120.82850666666668,31.987256666666667,11.3,139.3,,
2025-07-22 22:49:08,120.83336,31.982406666666662,11.4,139.3,,
2025-07-22 22:51:08,120.83868,31.97787333333333,11.3,135.0,,
2025-07-22 22:53:08,120.84258666666666,31.97272,10.9,153.2,,
2025-07-22 22:55:08,120.84618666666668,31.96737,11.3,146.4,,
2025-07-22 22:57:08,120.85024,31.96207666666667,11.4,148.7,,
2025-07-22 22:59:08,120.85393333333332,31.956426666666665,11.6,151.9,,
2025-07-22 23:01:08,120.85733333333332,31.95062666666667,11.6,157.6,,
2025-07-22 23:03:08,120.85996,31.94474333333333,11.2,161.7,,
2025-07-22 23:05:08,120.86208,31.93890333333333,10.8,162.4,,
2025-07-22 23:07:08,120.86409333333332,31.93321333333333,10.3,163.2,,
2025-07-22 23:09:08,120.86601333333331,31.92776333333333,10.1,162.8,,
2025-07-22 23:11:08,120.86804,31.92237,10.1,161.7,,
2025-07-22 23:13:08,120.87013333333331,31.916986666666663,10.2,165.4,,
2025-07-22 23:15:08,120.87145333333332,31.91145333333333,10.3,169.2,,
2025-07-22 23:17:08,120.87282666666668,31.905806666666667,10.4,167.9,,
2025-07-22 23:19:08,120.87437333333334,31.90017333333333,10.4,165.7,,
2025-07-22 23:21:08,120.87602666666666,31.894503333333333,10.7,168.1,,
2025-07-22 23:23:08,120.87741333333334,31.88864,10.9,169.0,,
2025-07-22 23:25:08,120.87896,31.8827,10.9,166.4,,
2025-07-22 23:27:38,120.88058666666667,31.87513333333333,10.9,169.2,,
2025-07-22 23:29:38,120.88225333333334,31.869176666666668,11.0,162.2,,
2025-07-22 23:31:38,120.88449333333334,31.86344,10.7,161.6,,
2025-07-22 23:33:38,120.88669333333333,31.85774333333333,10.7,160.6,,
2025-07-22 23:35:56,120.88905,31.8511,10.9,163.9,,
2025-07-22 23:38:08,120.89174666666666,31.844853333333333,10.8,157.5,,
2025-07-22 23:40:08,120.89454666666668,31.83923,10.7,154.6,,
2025-07-22 23:42:38,120.89928,31.83268333333333,11.0,141.0,,
2025-07-22 23:44:38,120.90304,31.82711,12.2,147.5,,
2025-07-22 23:45:38,120.9052,31.82421666666667,12.2,148.5,,
2025-07-22 23:47:38,120.90906666666666,31.818876666666668,10.9,149.1,,
2025-07-22 23:49:38,120.91212,31.813246666666668,11.3,152.3,,
2025-07-22 23:51:38,120.91641333333334,31.807973333333333,11.7,143.8,,
2025-07-22 23:53:08,120.9196,31.80376,12.1,147.7,,
2025-07-22 23:55:37,120.92378666666669,31.79636333333333,11.9,147.3,,
2025-07-22 23:57:07,120.92764,31.792536666666667,12.0,137.0,,
2025-07-22 23:58:08,120.93025333333334,31.79008,11.8,140.4,,
2025-07-23 00:02:07,120.94154666666668,31.781233333333333,11.8,117.6,,
2025-07-23 09:08:48,120.96341333333334,31.78214333333333,5.5,293.6,,
2025-07-23 09:12:18,120.95782666666666,31.78482333333333,5.5,305.2,,
2025-07-23 09:15:47,120.95278666666668,31.788026666666667,5.5,299.8,,
2025-07-23 09:21:17,120.94436,31.792376666666662,5.5,308.2,,
2025-07-23 09:24:47,120.93981333333332,31.795943333333334,5.5,316.1,,
2025-07-23 09:29:17,120.93406666666668,31.80091333333333,5.6,316.4,,
2025-07-23 09:32:47,120.92964,31.80491,5.6,320.7,,
2025-07-23 09:36:47,120.92528,31.81015333333333,5.8,324.0,,
2025-07-23 09:40:47,120.92073333333332,31.81555333333333,5.9,324.8,,
2025-07-23 09:43:47,120.91710666666668,31.81943,5.8,326.0,,
2025-07-23 09:46:47,120.91405333333331,31.82344,5.6,325.5,,
2025-07-23 09:49:48,120.91109333333333,31.827313333333333,5.2,329.3,,
2025-07-23 09:52:48,120.90909333333332,31.83109,5.0,346.6,,
2025-07-23 09:56:47,120.90677333333332,31.836583333333333,5.4,340.6,,
2025-07-23 09:59:47,120.90502666666669,31.840926666666668,5.6,340.6,,
2025-07-23 10:03:17,120.90293333333334,31.846126666666667,5.6,342.8,,
2025-07-23 10:06:17,120.90132,31.85062333333333,5.5,343.7,,
2025-07-23 10:09:17,120.90001333333332,31.855166666666666,5.5,346.1,,
2025-07-23 10:12:30,120.89863333333334,31.859916666666667,5.4,347.1,,
2025-07-23 10:16:12,120.89703333333334,31.86543333333333,5.3,345.7,,
2025-07-23 10:20:17,120.89557333333332,31.87132,5.2,351.5,,
2025-07-23 10:23:17,120.89488,31.87569,5.3,348.9,,
2025-07-23 10:26:17,120.89386666666668,31.87998333333333,5.2,349.3,,
2025-07-23 10:29:17,120.893,31.884296666666668,5.3,351.4,,
2025-07-23 10:32:17,120.89178666666666,31.888556666666663,5.2,341.7,,
2025-07-23 10:35:17,120.89033333333332,31.89272,5.0,343.0,,
2025-07-23 10:38:17,120.88865333333334,31.896906666666663,5.1,341.5,,
2025-07-23 10:41:17,120.88713333333334,31.901096666666668,5.3,342.3,,
2025-07-23 10:44:17,120.88557333333334,31.905346666666667,5.2,343.1,,
2025-07-23 10:47:23,120.88381666666666,31.909683333333334,5.4,341.2,,
2025-07-23 10:50:47,120.88189333333334,31.914636666666667,5.6,340.9,,
2025-07-23 10:53:47,120.88004,31.919006666666668,5.5,342.7,,
2025-07-23 10:56:47,120.87818666666666,31.923336666666668,5.7,341.5,,
2025-07-23 10:59:47,120.87636,31.92772,5.4,340.8,,
2025-07-23 11:02:47,120.87465333333331,31.93196333333333,5.4,341.4,,
2025-07-23 11:05:47,120.87292,31.93608,5.3,341.5,,
2025-07-23 11:08:47,120.87116,31.94008,5.1,339.5,,
2025-07-23 11:11:47,120.86942666666668,31.943856666666665,4.6,337.8,,
2025-07-23 11:14:47,120.86784,31.94721,4.2,338.1,,
2025-07-23 11:17:47,120.86613333333334,31.950516666666665,4.2,342.2,,
2025-07-23 11:20:47,120.86418666666668,31.95387333333333,4.4,337.4,,
2025-07-23 11:23:47,120.86262666666669,31.95724,4.3,347.1,,
2025-07-23 11:26:47,120.86156,31.96108333333333,4.8,342.7,,
2025-07-23 11:29:47,120.85956,31.964766666666662,4.8,329.2,,
2025-07-23 11:32:47,120.85689333333332,31.96819333333333,4.8,320.8,,
2025-07-23 11:35:47,120.85378666666666,31.97153,5.2,320.0,,
2025-07-23 11:38:47,120.85052,31.97471,4.8,320.2,,
2025-07-23 11:41:47,120.84730666666668,31.977816666666666,5.0,317.2,,
2025-07-23 11:44:47,120.84412,31.98099,5.0,318.8,,
2025-07-23 11:47:47,120.84066666666666,31.983956666666668,4.9,315.1,,
2025-07-23 11:51:12,120.83673333333331,31.98743333333333,5.1,311.6,,
2025-07-23 11:54:17,120.83266666666668,31.990503333333333,5.3,312.3,,
2025-07-23 11:57:17,120.82882666666669,31.99373333333333,5.5,314.1,,
2025-07-23 12:00:17,120.82466666666669,31.996676666666666,5.3,313.9,,
2025-07-23 12:03:17,120.82092,31.99965,5.2,317.3,,
2025-07-23 12:06:17,120.81708,32.00279333333334,5.6,308.1,,
2025-07-23 12:09:17,120.81273333333333,32.00575333333333,5.6,306.8,,
2025-07-23 12:12:17,120.80809333333332,32.00819,5.4,297.0,,
2025-07-23 12:15:47,120.80249333333332,32.010533333333335,5.7,293.8,,
2025-07-23 12:17:47,120.79898666666666,32.01181,6.0,293.6,,
2025-07-23 12:20:47,120.79364,32.01331,5.5,283.8,,
2025-07-23 12:24:17,120.78726666666668,32.01401666666667,5.5,273.0,,
2025-07-23 12:27:17,120.78192,32.01463,5.4,276.4,,
2025-07-23 12:30:17,120.7766,32.01522,5.4,277.5,,
2025-07-23 12:33:17,120.77114666666668,32.01586666666667,5.5,275.3,,
2025-07-23 12:36:46,120.76468,32.015726666666666,5.6,264.4,,
2025-07-23 12:39:47,120.75922666666666,32.01526,5.5,265.0,,
2025-07-23 12:43:16,120.75288,32.01473,5.4,265.9,,
2025-07-23 12:46:17,120.74754666666666,32.01439666666667,5.4,267.4,,
2025-07-23 12:49:39,120.74158333333334,32.014,5.4,264.9,,
2025-07-23 12:53:16,120.73518666666666,32.01357,5.4,265.6,,
2025-07-23 12:56:16,120.72973333333331,32.01325,5.6,264.2,,
2025-07-23 12:59:16,120.72442666666667,32.01299,5.5,262.6,,
2025-07-23 13:02:25,120.7187,32.01225,5.8,260.9,,
2025-07-23 13:04:36,120.71428333333331,32.0115,6.6,256.2,,
2025-07-23 13:06:46,120.70962666666668,32.01031,6.8,247.4,,
2025-07-23 13:09:46,120.70442666666666,32.00893666666666,5.0,255.7,,
2025-07-23 13:12:46,120.69970666666669,32.00795,4.8,253.2,,
2025-07-23 13:18:38,120.69071666666666,32.005916666666664,4.9,259.4,,
2025-07-23 13:22:16,120.68518666666668,32.00467666666667,4.7,258.4,,
2025-07-23 13:25:16,120.68058666666668,32.0038,5.0,258.8,,
2025-07-23 13:28:16,120.67592,32.00311666666666,5.0,262.4,,
2025-07-23 13:31:16,120.67114666666669,32.002583333333334,5.1,266.1,,
2025-07-23 13:34:16,120.66606666666668,32.00209,5.2,260.8,,
2025-07-23 13:37:16,120.66101333333332,32.001216666666664,5.2,257.1,,
2025-07-23 13:40:46,120.65538666666669,32.000526666666666,4.8,263.3,,
2025-07-23 13:44:46,120.64932,31.9999,4.5,264.0,,
2025-07-23 13:47:46,120.64493333333331,31.999466666666667,4.4,261.9,,
2025-07-23 13:50:46,120.64048,31.99929333333333,4.6,268.4,,
2025-07-23 13:54:16,120.63524,31.99909,4.5,278.9,,
2025-07-23 13:57:27,120.63035,32.000166666666665,5.0,284.0,,
2025-07-23 14:02:46,120.62189333333332,32.00229,5.1,288.9,,
2025-07-23 14:07:16,120.61484,32.004826666666666,5.2,304.8,,
2025-07-23 14:10:16,120.61077333333331,32.00753,5.0,305.6,,
2025-07-23 14:14:16,120.60552,32.01067,4.9,302.8,,
2025-07-23 14:17:16,120.60182666666668,32.01316333333333,4.7,309.9,,
2025-07-23 14:21:46,120.59634666666666,32.01703333333333,4.8,311.6,,
2025-07-23 14:24:46,120.59281333333334,32.01997,5.1,312.1,,
2025-07-23 14:31:02,120.58491666666669,32.026383333333335,5.5,313.8,,
2025-07-23 14:36:16,120.57806666666669,32.03162,5.3,314.7,,
2025-07-23 14:41:16,120.57245333333331,32.03682,4.9,321.3,,
2025-07-23 14:47:47,120.56596,32.04382666666667,5.2,319.5,,
2025-07-23 14:51:16,120.56172,32.047473333333336,5.2,312.6,,
2025-07-23 14:55:31,120.55566666666668,32.05058,5.5,301.5,,
2025-07-23 14:58:41,120.55211666666666,32.05275,5.5,306.3,,
2025-07-23 15:03:16,120.54509333333333,32.05636,5.7,299.3,,
2025-07-23 15:06:17,120.54056666666666,32.058566666666664,5.4,299.1,,
2025-07-23 15:09:30,120.53648333333334,32.06125,5.4,310.7,,
2025-07-23 15:13:25,120.53073333333332,32.06553666666667,5.8,304.9,,
2025-07-23 15:16:46,120.52531666666668,32.068016666666665,5.8,292.7,,
2025-07-23 15:19:55,120.52046666666666,32.06966,5.8,296.6,,
2025-07-23 15:24:09,120.51356,32.07182,5.6,295.0,,
2025-07-23 15:27:37,120.5072,32.073586666666664,6.0,278.8,,
2025-07-23 15:29:39,120.50393333333334,32.073966666666664,5.9,278.4,,
2025-07-23 15:33:16,120.49305333333334,32.07360333333333,5.3,269.1,,
2025-07-23 15:36:16,120.48772,32.073143333333334,5.5,262.4,,
2025-07-23 15:40:17,120.48152,32.07255333333333,5.5,262.9,,
2025-07-23 15:43:24,120.47618666666666,32.071403333333336,5.6,254.4,,
2025-07-23 15:46:27,120.4708,32.070083333333336,5.8,255.6,,
2025-07-23 15:50:48,120.46362666666668,32.06810333333333,5.8,246.6,,
2025-07-23 15:54:10,120.45821333333332,32.06617333333333,6.1,247.6,,
2025-07-23 15:57:33,120.45271666666666,32.06421666666667,6.1,247.5,,
2025-07-23 15:59:53,120.44829333333334,32.0625,6.1,243.6,,
2025-07-23 16:02:20,120.44388,32.06046,6.2,237.9,,
2025-07-23 16:04:30,120.43974666666666,32.05793666666667,6.3,234.1,,
2025-07-23 16:06:46,120.434,32.05437333333333,6.3,232.1,,
2025-07-23 16:09:00,120.43016666666666,32.05165,6.5,228.8,,
2025-07-23 16:11:45,120.42602666666669,32.04850666666667,6.6,225.4,,
2025-07-23 16:13:45,120.42282666666668,32.04604333333333,6.7,229.5,,
2025-07-23 16:15:45,120.41944,32.04358666666667,6.8,228.0,,
2025-07-23 16:18:45,120.41430666666666,32.03964333333333,7.2,225.8,,
2025-07-23 16:21:06,120.4104,32.0362,7.3,225.0,,
2025-07-23 16:23:17,120.40665333333334,32.03299333333333,7.6,224.8,,
2025-07-23 16:25:34,120.40251666666668,32.02973333333333,7.4,228.2,,
2025-07-23 16:27:48,120.39942666666668,32.02723,7.7,227.8,,
2025-07-23 16:29:55,120.39563333333334,32.024366666666666,7.8,230.6,,
2025-07-23 16:32:13,120.3899,32.02023166666667,7.8,229.6,,
2025-07-23 16:34:17,120.38581333333332,32.01743,7.8,229.9,,
2025-07-23 16:36:42,120.38105,32.0141,7.8,229.9,,
2025-07-23 16:38:47,120.37694666666668,32.01114666666667,7.9,229.4,,
2025-07-23 16:40:47,120.37313333333331,32.00821666666667,7.9,227.3,,
2025-07-23 16:42:47,120.36928,32.00537,7.9,228.0,,
2025-07-23 16:44:47,120.36546666666666,32.00239666666667,7.9,231.0,,
2025-07-23 16:46:47,120.36148,31.99961,7.8,230.3,,
2025-07-23 16:48:47,120.35753333333334,31.99682,7.9,231.8,,
2025-07-23 16:50:47,120.35357333333332,31.993966666666665,7.9,230.1,,
2025-07-23 16:52:47,120.3496,31.991086666666668,8.0,229.4,,
2025-07-23 16:54:47,120.34561333333332,31.98812,8.0,229.0,,
2025-07-23 16:57:17,120.34048,31.984566666666662,8.2,231.1,,
2025-07-23 16:59:17,120.3364,31.981656666666662,8.1,229.8,,
2025-07-23 17:01:17,120.33228,31.97880333333333,8.0,236.6,,
2025-07-23 17:03:46,120.32648333333331,31.976166666666668,8.1,243.4,,
2025-07-23 17:05:47,120.32164,31.974206666666667,8.3,242.9,,
2025-07-23 17:08:17,120.31572,31.97151,8.2,241.5,,
2025-07-23 17:10:17,120.31094666666668,31.96935,8.2,241.0,,
2025-07-23 17:13:17,120.30377333333334,31.96598333333333,8.4,240.1,,
2025-07-23 17:15:17,120.29906666666666,31.963563333333333,8.5,239.8,,
2025-07-23 17:17:17,120.29425333333332,31.96119,8.4,240.1,,
2025-07-23 17:19:17,120.2894,31.958896666666668,8.5,240.6,,
2025-07-23 17:21:17,120.28452,31.956576666666667,8.6,241.6,,
2025-07-23 17:23:17,120.27962666666669,31.95424333333333,8.6,240.0,,
2025-07-23 17:25:17,120.27474666666669,31.95186,8.6,240.4,,
2025-07-23 17:27:17,120.26981333333332,31.94959,8.4,242.2,,
2025-07-23 17:29:17,120.26485333333332,31.947506666666666,8.7,246.1,,
2025-07-23 17:31:17,120.25958666666666,31.9456,8.8,249.0,,
2025-07-23 17:33:17,120.25397333333332,31.944386666666663,8.9,259.7,,
2025-07-23 17:35:17,120.24829333333334,31.943496666666668,8.8,258.2,,
2025-07-23 17:37:17,120.24264,31.94260333333333,8.8,261.1,,
2025-07-23 17:39:17,120.23698666666668,31.941746666666667,8.8,257.9,,
2025-07-23 17:41:17,120.23130666666668,31.940906666666667,8.9,263.3,,
2025-07-23 17:43:17,120.22552,31.94077,8.8,271.4,,
2025-07-23 17:45:17,120.21973333333334,31.941,8.9,271.2,,
2025-07-23 17:47:17,120.21394666666669,31.94147,8.9,276.1,,
2025-07-23 17:49:17,120.20814666666666,31.9421,8.9,277.6,,
2025-07-23 17:51:47,120.20090666666668,31.942886666666663,9.1,273.7,,
2025-07-23 17:53:47,120.19505333333332,31.94329,8.9,275.9,,
2025-07-23 17:56:00,120.18868,31.943943333333333,8.9,278.0,,
2025-07-23 17:58:30,120.1814,31.944636666666668,9.2,275.4,,
2025-07-23 18:00:30,120.17546666666668,31.945196666666668,9.2,278.7,,
2025-07-23 18:02:30,120.16948,31.945903333333334,9.2,280.6,,
2025-07-23 18:04:30,120.16384,31.94674,8.7,280.1,,
2025-07-23 18:07:00,120.15681333333332,31.947813333333333,8.8,280.5,,
2025-07-23 18:09:00,120.1512,31.94861333333333,8.6,277.8,,
2025-07-23 18:11:00,120.14561333333332,31.94945333333333,8.7,280.4,,
2025-07-23 18:13:00,120.14004,31.950316666666662,8.8,281.2,,
2025-07-23 18:15:30,120.13304,31.95132333333333,8.7,280.1,,
2025-07-23 18:17:30,120.12736,31.95235333333333,8.8,283.0,,
2025-07-23 18:19:30,120.12176,31.953413333333334,8.8,280.3,,
2025-07-23 18:22:00,120.11476,31.95475,8.9,283.5,,
2025-07-23 18:24:00,120.10916,31.95598,8.6,283.0,,
2025-07-23 18:26:30,120.10221333333334,31.95745,8.8,283.2,,
2025-07-23 18:29:00,120.09516,31.958856666666662,8.8,283.0,,
2025-07-23 18:31:38,120.08775,31.960316666666667,9.0,282.0,,
2025-07-23 18:34:00,120.08026666666666,31.96163333333333,8.9,281.5,,
2025-07-23 18:36:00,120.07534666666666,31.962703333333334,8.9,283.7,,
2025-07-23 18:38:30,120.06821333333332,31.964266666666667,9.1,282.7,,
2025-07-23 18:40:30,120.06242666666668,31.96548,9.1,281.8,,
2025-07-23 18:42:30,120.05657333333332,31.966546666666662,9.1,282.4,,
2025-07-23 18:44:59,120.0492,31.967883333333333,9.2,280.7,,
2025-07-23 18:47:00,120.04325333333334,31.96884,9.1,281.0,,
2025-07-23 18:49:00,120.03768,31.970703333333333,9.2,291.1,,
2025-07-23 18:51:00,120.03209333333334,31.972583333333333,9.0,290.6,,
2025-07-23 18:53:00,120.02625,31.974633333333333,9.1,295.2,,
2025-07-23 18:55:25,120.0204,31.9777,9.2,305.4,,
2025-07-23 18:57:30,120.01529333333332,31.980756666666668,9.2,303.2,,
2025-07-23 18:59:30,120.01024,31.983576666666668,9.1,306.5,,
2025-07-23 19:01:59,120.0042,31.98729,9.1,305.1,,
2025-07-23 19:03:59,119.99934666666668,31.990126666666665,8.9,304.2,,
2025-07-23 19:06:00,119.9946,31.992886666666667,8.6,305.5,,
2025-07-23 19:08:00,119.98998333333331,31.99595,8.6,309.9,,
2025-07-23 19:10:20,119.98515,31.99953333333333,8.5,309.2,,
2025-07-23 19:12:29,119.98073333333332,32.00275,7.5,308.2,,
2025-07-23 19:14:29,119.97706666666669,32.00539,7.1,310.2,,
2025-07-23 19:16:29,119.97388,32.00798666666667,5.7,319.9,,
2025-07-23 19:19:29,119.97056,32.011363333333335,5.3,315.1,,
2025-07-23 19:22:29,119.96710666666668,32.014716666666665,5.3,318.1,,
2025-07-23 19:25:59,119.96291666666669,32.01886666666667,6.4,318.0,,
2025-07-23 19:27:59,119.95985333333331,32.02238,8.1,325.6,,
2025-07-23 19:29:59,119.95673333333332,32.02617333333333,8.2,324.0,,
2025-07-23 19:31:59,119.95357333333334,32.02987,8.0,324.2,,
2025-07-23 19:34:00,119.95041666666668,32.03378333333333,8.2,327.3,,
2025-07-23 19:36:23,119.94713333333333,32.038215,8.3,328.7,,
2025-07-23 19:38:59,119.94361333333332,32.043753333333335,8.6,331.4,,
2025-07-23 19:41:00,119.94073333333333,32.048433333333335,8.2,333.8,,
2025-07-23 19:43:06,119.93905,32.05245,8.0,347.8,,
2025-07-23 19:47:00,119.93553333333334,32.06104333333333,8.4,341.2,,
2025-07-23 19:49:30,119.93338666666666,32.066586666666666,8.3,344.0,,
2025-07-23 19:52:04,119.93156,32.072226666666666,8.2,344.6,,
2025-07-23 19:54:14,119.92988333333334,32.07725,8.3,344.4,,
2025-07-23 19:56:30,119.92832,32.08242333333333,8.3,345.4,,
2025-07-23 19:58:59,119.92646666666668,32.087983333333334,8.3,341.9,,
2025-07-23 20:00:59,119.92493333333331,32.09243,8.2,345.1,,
2025-07-23 20:03:00,119.9238,32.096936666666664,8.1,349.0,,
2025-07-23 20:05:25,119.9227,32.10236666666667,8.1,350.1,,
2025-07-23 20:07:29,119.92202666666668,32.10705333333333,8.0,350.5,,
2025-07-23 20:09:29,119.92053333333334,32.111473333333336,8.2,339.7,,
2025-07-23 20:11:29,119.91890666666669,32.11589,8.3,344.4,,
2025-07-23 20:13:32,119.91736,32.120376666666665,8.2,343.6,,
2025-07-23 20:16:00,119.91566666666668,32.12601,8.3,345.0,,
2025-07-23 20:18:29,119.91404,32.131636666666665,8.3,347.5,,
2025-07-23 20:20:29,119.91288,32.136156666666665,8.4,347.1,,
2025-07-23 20:22:29,119.91178666666669,32.14067333333333,8.1,349.5,,
2025-07-23 20:24:32,119.91078666666668,32.14521,8.2,349.0,,
2025-07-23 20:26:33,119.9098,32.14971666666667,8.1,349.6,,
2025-07-23 20:29:00,119.90873333333332,32.15532666666667,8.0,352.8,,
2025-07-23 20:31:28,119.90778333333331,32.1608,8.0,349.6,,
2025-07-23 20:33:29,119.90684,32.16537,8.1,350.6,,
2025-07-23 20:35:30,119.90609333333332,32.169873333333335,8.2,353.2,,
2025-07-23 20:38:07,119.90518333333333,32.17568333333333,8.1,352.1,,
2025-07-23 20:40:23,119.90431666666667,32.180765,7.9,351.3,,
2025-07-23 20:42:29,119.90317333333331,32.18536,8.0,348.9,,
2025-07-23 20:44:29,119.90221333333334,32.18978,8.0,348.3,,
2025-07-23 20:46:30,119.90134666666668,32.19423666666667,8.0,350.1,,
2025-07-23 20:48:59,119.90024,32.19964,7.6,351.3,,
2025-07-23 20:50:59,119.89925333333332,32.203833333333336,7.6,346.8,,
2025-07-23 20:53:00,119.89808,32.20798,7.6,345.9,,
2025-07-23 20:55:12,119.89671666666666,32.21248333333333,7.5,345.4,,
2025-07-23 20:57:24,119.89516666666668,32.21695,7.5,343.6,,
2025-07-23 20:59:31,119.89381333333333,32.22123333333333,7.6,343.7,,
2025-07-23 21:01:53,119.89226666666669,32.2261,7.5,344.8,,
2025-07-23 21:03:59,119.89108,32.23016,6.6,346.5,,
2025-07-23 21:05:59,119.88996,32.23352666666667,5.9,342.3,,
2025-07-23 21:08:59,119.88796,32.23807,5.6,340.9,,
2025-07-23 23:49:30,119.67513333333332,32.23645,4.5,196.8,,
2025-07-23 23:53:15,119.67368333333332,32.23225,4.0,198.4,,
2025-07-23 23:56:17,119.67256,32.229126666666666,3.6,199.1,,
2025-07-23 23:59:17,119.67029333333332,32.22526333333333,6.0,209.6,,
2025-07-24 00:01:24,119.66795,32.22226666666667,6.2,211.9,,
2025-07-24 00:03:36,119.66556666666666,32.21905,6.1,211.2,,
2025-07-24 00:06:17,119.66258666666668,32.21517333333333,6.3,215.6,,
2025-07-24 00:09:17,119.65908,32.21111666666667,6.0,216.7,,
2025-07-24 00:11:17,119.65652,32.20854333333333,6.2,224.3,,
2025-07-24 00:14:17,119.65204,32.20556333333333,5.5,236.3,,
2025-07-24 00:16:47,119.64778666666666,32.20354,6.1,242.6,,
2025-07-24 00:21:47,119.63861333333334,32.20054666666667,6.0,251.3,,
2025-07-24 00:23:47,119.63489333333334,32.199313333333336,6.0,246.7,,
2025-07-24 00:25:53,119.63095,32.19801666666667,6.2,250.8,,
2025-07-24 00:28:00,119.62673333333332,32.1967,6.3,248.5,,
2025-07-24 00:32:17,119.61873333333334,32.19452,5.5,264.8,,
2025-07-24 00:35:47,119.61256,32.19320666666667,5.7,259.4,,
2025-07-24 00:39:00,119.60611666666668,32.19235,5.8,264.3,,
2025-07-24 00:42:15,119.60043333333331,32.191916666666664,5.8,262.8,,
2025-07-24 00:46:00,119.5928,32.1914,5.8,265.0,,
2025-07-24 00:49:40,119.58633333333331,32.19108333333333,5.9,267.5,,
2025-07-24 00:51:51,119.58201666666666,32.19085,6.3,266.6,,
2025-07-24 00:54:46,119.57596,32.19128333333333,6.2,277.1,,
2025-07-24 00:56:46,119.57194666666666,32.19187,6.1,282.0,,
2025-07-24 00:58:46,119.56808,32.19278333333333,6.0,288.6,,
2025-07-24 01:00:47,119.56445,32.1942,6.0,297.0,,
2025-07-24 01:04:46,119.55808,32.19772,5.3,309.3,,
2025-07-24 01:07:46,119.55505333333332,32.20039,3.9,327.6,,
2025-07-24 01:11:09,119.55321666666669,32.2035,3.5,338.3,,
2025-07-24 01:16:16,119.55249333333332,32.20905333333334,4.6,0.1,,
2025-07-24 01:19:16,119.55248,32.21230333333333,3.6,358.9,,
2025-07-24 01:22:16,119.55233333333334,32.21592666666667,4.2,356.0,,
2025-07-24 01:25:35,119.55238666666666,32.219586666666665,3.6,359.0,,
2025-07-24 01:28:35,119.55209333333332,32.223353333333336,5.6,342.3,,
2025-07-24 01:30:35,119.55154666666668,32.22663333333333,6.4,0.8,,
2025-07-24 01:32:39,119.55161666666666,32.23045,6.6,358.0,,
2025-07-24 01:35:05,119.54996,32.234503333333336,6.2,324.5,,
2025-07-24 01:37:07,119.54711666666668,32.23701666666667,6.2,310.5,,
2025-07-24 01:39:18,119.54338333333334,32.239266666666666,6.3,303.3,,
2025-07-24 03:15:54,119.39245333333334,32.237883333333336,4.8,222.1,,
2025-07-24 03:18:54,119.38861333333334,32.234766666666665,4.7,218.8,,
2025-07-24 03:21:54,119.38564,32.23137666666667,5.9,209.1,,
2025-07-24 03:24:54,119.38094666666667,32.22922666666667,5.9,260.2,,
2025-07-24 03:27:54,119.37533333333332,32.22863666666667,5.7,262.7,,
2025-07-24 03:30:58,119.36956666666669,32.227848333333334,5.7,261.4,,
2025-07-24 03:34:40,119.36305,32.22793333333333,5.4,278.9,,
2025-07-24 03:37:54,119.35734666666669,32.22862333333333,5.4,282.7,,
2025-07-24 03:40:54,119.35224,32.22992333333333,5.4,292.8,,
2025-07-24 03:43:54,119.34725333333331,32.231696666666664,5.5,293.2,,
2025-07-24 03:46:54,119.34209333333334,32.233126666666664,5.4,284.4,,
2025-07-24 03:49:54,119.33697333333332,32.23444333333333,5.2,291.0,,
2025-07-24 03:52:54,119.3318,32.23565333333333,5.6,285.9,,
2025-07-24 03:55:54,119.32650666666666,32.23692,5.5,285.4,,
2025-07-24 03:58:54,119.32128,32.237743333333334,5.2,277.5,,
2025-07-24 04:02:14,119.31598333333334,32.23813166666667,4.7,274.0,,
2025-07-24 04:05:54,119.31016,32.238573333333335,4.7,274.8,,
2025-07-24 04:08:54,119.3056,32.23867,4.6,272.3,,
2025-07-24 04:11:54,119.30097333333332,32.23883333333333,4.7,272.7,,
2025-07-24 04:14:54,119.29626666666668,32.23891666666667,4.9,269.8,,
2025-07-24 04:17:54,119.29150666666666,32.23901333333333,4.9,271.1,,
2025-07-24 04:20:54,119.28672,32.23909333333334,4.9,270.4,,
2025-07-24 04:23:54,119.28188,32.23907,4.8,264.3,,
2025-07-24 04:27:24,119.27632,32.23849333333333,4.9,262.4,,
2025-07-24 04:30:24,119.27165333333332,32.238006666666664,4.7,261.7,,
2025-07-24 04:33:54,119.26637333333332,32.23754666666667,4.5,265.9,,
2025-07-24 04:36:54,119.26176,32.23719333333333,4.7,264.6,,
2025-07-24 04:39:54,119.25712,32.236893333333335,4.8,266.1,,
2025-07-24 04:42:54,119.25237333333334,32.23622666666667,5.0,256.4,,
2025-07-24 04:46:02,119.24741666666668,32.235166666666665,4.8,252.7,,
2025-07-24 04:49:24,119.24253333333333,32.23437,4.3,255.5,,
2025-07-24 04:52:24,119.23846666666668,32.23354666666667,3.8,261.6,,
2025-07-24 04:55:24,119.23485333333332,32.23303,4.0,260.0,,
2025-07-24 04:58:42,119.23013333333331,32.23251666666667,4.3,265.7,,
2025-07-24 05:01:54,119.22521333333331,32.23264,4.7,276.2,,
2025-07-24 05:04:54,119.22048,32.233063333333334,4.8,275.4,,
2025-07-24 05:07:54,119.21588,32.23378,4.7,285.0,,
2025-07-24 05:10:54,119.21141333333334,32.23478333333333,4.7,284.1,,
2025-07-24 05:13:54,119.20697333333334,32.23584666666667,4.6,288.7,,
2025-07-24 05:16:54,119.20270666666669,32.237246666666664,4.7,293.1,,
2025-07-24 05:20:24,119.19773333333332,32.23893666666667,4.6,289.3,,
2025-07-24 06:51:03,119.0726,32.238546666666664,4.8,218.7,,
2025-07-24 06:54:03,119.06976666666668,32.23543333333333,4.6,216.6,,
2025-07-24 06:57:13,119.06706666666666,32.232013333333335,3.9,226.2,,
2025-07-24 07:00:42,119.06493333333331,32.228716666666664,4.6,203.3,,
2025-07-24 07:04:13,119.06209333333334,32.22485666666667,4.5,218.8,,
2025-07-24 07:07:43,119.05929333333331,32.2214,4.4,215.8,,
2025-07-24 07:10:43,119.05641333333334,32.21843666666667,4.9,214.1,,
2025-07-24 07:13:43,119.05381333333334,32.21501666666666,5.0,216.0,,
2025-07-24 07:16:43,119.05089333333332,32.21167666666667,4.8,219.3,,
2025-07-24 07:20:00,119.04695,32.20738333333333,5.3,218.7,,
2025-07-24 07:23:11,119.04405,32.204366666666665,5.4,220.7,,
2025-07-24 07:26:13,119.04042666666666,32.20112,5.3,222.5,,
2025-07-24 07:29:13,119.03676,32.19801,5.3,227.9,,
2025-07-24 07:32:13,119.033,32.19503,5.2,230.5,,
2025-07-24 07:36:43,119.02685333333334,32.19103333333333,5.1,234.3,,
2025-07-24 07:39:43,119.02276,32.18850666666667,5.0,235.7,,
2025-07-24 07:42:43,119.01864,32.1862,5.0,233.1,,
2025-07-24 07:46:13,119.0142,32.18333333333333,4.6,240.4,,
2025-07-24 07:50:07,119.00915,32.18053333333334,4.7,236.9,,
2025-07-24 07:53:43,119.00425333333334,32.17859333333333,4.6,262.4,,
2025-07-24 07:57:13,118.99892,32.17825333333333,4.8,260.2,,
2025-07-24 08:00:34,118.9935,32.17751666666667,5.0,258.7,,
2025-07-24 08:03:42,118.9884,32.17702333333333,5.0,268.9,,
2025-07-24 08:06:42,118.98357333333334,32.176923333333335,4.6,264.4,,
2025-07-24 08:10:11,118.97805333333334,32.176743333333334,4.9,269.0,,
2025-07-24 08:13:11,118.97298666666669,32.17651,5.5,265.3,,
2025-07-24 08:16:12,118.96762666666666,32.17666666666667,5.5,270.0,,
2025-07-24 08:19:13,118.9625,32.176265,4.9,265.2,,
2025-07-24 08:22:41,118.95724,32.17617666666667,4.7,261.8,,
2025-07-24 08:25:41,118.95273333333331,32.17601333333333,4.4,273.2,,
2025-07-24 08:28:41,118.94852,32.17642333333333,4.4,277.3,,
2025-07-24 08:31:41,118.94390666666666,32.177013333333335,4.7,281.7,,
2025-07-24 08:34:41,118.93946666666666,32.17777666666667,4.4,279.8,,
2025-07-24 08:37:41,118.93512,32.17808,4.3,278.6,,
2025-07-24 08:40:41,118.93085333333332,32.17878,4.5,278.6,,
2025-07-24 08:43:41,118.92641333333331,32.179336666666664,4.5,277.4,,
2025-07-24 08:46:41,118.92210666666666,32.18008,4.3,277.9,,
2025-07-24 08:49:41,118.91809333333332,32.180683333333334,3.9,287.6,,
2025-07-24 08:52:41,118.91408,32.181693333333335,4.4,286.1,,
2025-07-24 08:55:41,118.90993333333331,32.182703333333336,4.4,288.0,,
2025-07-24 08:58:41,118.90566666666666,32.18344,4.4,276.0,,
2025-07-24 09:01:41,118.90112,32.18386,4.7,271.3,,
2025-07-24 09:04:41,118.89637333333332,32.18409,5.1,277.1,,
2025-07-24 09:07:41,118.89133333333334,32.18433,5.0,269.7,,
2025-07-24 09:10:41,118.88608,32.18425666666667,5.4,264.8,,
2025-07-24 09:13:30,118.88076666666667,32.18371666666667,6.0,260.1,,
2025-07-24 09:15:41,118.87654666666668,32.18281666666667,6.0,254.8,,
2025-07-24 09:18:41,118.87170666666668,32.18107333333333,4.7,245.2,,
2025-07-24 09:21:41,118.86756,32.179186666666666,4.7,236.3,,
2025-07-24 09:24:41,118.86356,32.17734,4.5,245.9,,
2025-07-24 09:27:41,118.8596,32.17549,4.7,239.8,,
2025-07-24 09:30:41,118.85562666666668,32.173523333333335,4.5,240.7,,
2025-07-24 09:33:41,118.85173333333331,32.171483333333335,4.6,237.7,,
2025-07-24 09:36:41,118.84802666666668,32.16914333333333,4.7,226.4,,
2025-07-24 09:39:41,118.84390666666668,32.16697333333333,5.0,244.4,,
2025-07-24 09:42:41,118.8394,32.1653,5.0,246.0,,
2025-07-24 09:45:41,118.83470666666666,32.16370666666667,5.2,251.8,,
2025-07-24 09:48:41,118.83010666666668,32.162483333333334,4.7,255.1,,
2025-07-24 09:51:41,118.82544,32.161743333333334,4.8,257.5,,
2025-07-24 09:54:41,118.82089333333332,32.16050333333333,4.8,246.4,,
2025-07-24 09:57:41,118.8164,32.15876333333333,4.9,244.4,,
2025-07-24 10:00:41,118.81196,32.157046666666666,4.0,244.1,,
2025-07-24 10:03:41,118.8084,32.155566666666665,4.2,247.7,,
2025-07-24 10:06:21,118.80401666666668,32.15376666666667,6.3,235.2,,
2025-07-24 10:08:41,118.80017333333332,32.15117333333333,6.4,228.1,,
2025-07-24 10:11:41,118.79582666666668,32.14805666666667,5.5,229.6,,
2025-07-24 10:14:41,118.79161333333332,32.1451,5.5,232.8,,
2025-07-24 10:17:41,118.78748,32.14235,5.1,232.3,,
2025-07-24 10:20:41,118.78353333333334,32.13994,5.1,238.1,,
2025-07-24 10:23:41,118.77901333333334,32.137856666666664,5.2,245.5,,
2025-07-24 10:26:41,118.77396,32.13651,5.7,259.7,,
2025-07-24 10:29:41,118.76834666666667,32.13627666666667,5.7,274.2,,
2025-07-24 10:32:41,118.76281333333333,32.13659,5.6,269.9,,
2025-07-24 10:35:41,118.75728,32.13597333333333,5.9,250.6,,
2025-07-24 10:37:41,118.75392,32.13420333333333,6.1,235.5,,
2025-07-24 10:39:41,118.75061333333332,32.13212333333333,5.8,232.7,,
2025-07-24 10:42:41,118.74717333333334,32.129596666666664,4.5,223.9,,
2025-07-24 10:46:25,118.74345,32.125883333333334,4.7,216.4,,
2025-07-24 10:49:41,118.74052,32.122613333333334,4.1,217.1,,
2025-07-24 10:52:41,118.73793333333332,32.11969,4.5,214.8,,
2025-07-24 10:56:11,118.73428,32.11517333333333,5.6,222.1,,
2025-07-24 10:59:11,118.73052,32.111693333333335,5.6,221.4,,
2025-07-25 11:06:57,118.73112,32.10598,9.2,31.5,,
2025-07-25 11:09:11,118.73445,32.11055,8.4,31.5,,
2025-07-25 11:11:27,118.73812,32.11492,8.3,38.0,,
2025-07-25 11:13:27,118.74338666666668,32.11851,10.9,59.9,,
2025-07-25 11:15:27,118.74956,32.12126,10.6,62.3,,
2025-07-25 11:17:27,118.75586666666666,32.124026666666666,11.0,63.0,,
2025-07-25 11:19:27,118.76222666666666,32.12672666666667,10.8,62.1,,
2025-07-25 11:21:27,118.76858666666666,32.12928,10.7,63.9,,
2025-07-25 11:23:27,118.77489333333334,32.13189333333333,10.7,62.5,,
2025-07-25 11:25:33,118.78146666666666,32.134816666666666,10.8,59.8,,
2025-07-25 11:27:45,118.78791666666666,32.13856666666667,10.9,53.2,,
2025-07-25 11:29:57,118.79453333333332,32.14254,11.2,54.0,,
2025-07-25 11:31:57,118.80038666666668,32.146206666666664,11.2,52.6,,
2025-07-25 11:33:57,118.80634666666668,32.14983,11.0,55.5,,
2025-07-25 11:35:57,118.81261333333332,32.15289666666666,11.0,64.0,,
2025-07-25 11:37:57,118.8192,32.155483333333336,11.1,65.9,,
2025-07-25 11:39:57,118.82585333333331,32.157763333333335,10.9,69.4,,
2025-07-25 11:41:57,118.8324,32.16013,10.9,64.4,,
2025-07-25 11:43:57,118.83876,32.16298666666667,11.0,61.3,,
2025-07-25 11:45:57,118.84514666666666,32.16587666666667,11.0,60.7,,
2025-07-25 11:47:57,118.85144,32.16888333333333,11.1,61.6,,
2025-07-25 11:49:57,118.85786666666668,32.17179333333333,11.3,62.8,,
2025-07-25 11:51:57,118.86445333333332,32.17455666666667,10.5,65.2,,
2025-07-25 11:53:57,118.87073333333332,32.17676,10.3,71.5,,
2025-07-25 11:55:57,118.87729333333333,32.17828333333333,10.4,77.9,,
2025-07-25 11:57:57,118.88398666666669,32.17898666666667,10.2,86.3,,
2025-07-25 11:59:57,118.8906,32.179183333333334,9.9,87.1,,
2025-07-25 12:01:58,118.89717333333331,32.17925666666667,9.8,90.8,,
2025-07-25 12:04:07,118.90415,32.178733333333334,10.0,98.2,,
2025-07-25 12:06:24,118.91173333333332,32.17771666666667,10.3,98.6,,
2025-07-25 12:08:27,118.91872,32.177076666666665,10.6,97.1,,
2025-07-25 12:10:27,118.92564,32.1763,10.6,99.1,,
2025-07-25 12:12:27,118.93253333333334,32.17549666666667,10.7,96.8,,
2025-07-25 12:14:27,118.93952,32.174413333333334,10.8,104.9,,
2025-07-25 12:16:27,118.94642666666668,32.1732,11.0,97.7,,
2025-07-25 12:18:27,118.95354666666668,32.17286333333333,10.8,91.9,,
2025-07-25 12:20:27,118.96073333333334,32.172716666666666,11.0,92.0,,
2025-07-25 12:22:27,118.96788,32.17241333333333,10.9,92.5,,
2025-07-25 12:24:27,118.97502666666666,32.17245,11.1,86.0,,
2025-07-25 12:26:27,118.98224,32.17263,11.0,88.6,,
2025-07-25 12:28:27,118.98946666666669,32.17298,11.0,83.4,,
2025-07-25 12:30:27,118.99658666666669,32.17395333333333,11.0,75.9,,
2025-07-25 12:32:31,119.00378333333332,32.17561666666667,11.2,72.2,,
2025-07-25 12:34:57,119.01185333333332,32.17866,11.0,61.3,,
2025-07-25 12:36:57,119.01825333333332,32.18169666666667,11.3,60.6,,
2025-07-25 12:38:57,119.02444,32.184913333333334,10.8,53.2,,
2025-07-25 12:41:22,119.03133333333334,32.189366666666665,11.1,52.1,,
2025-07-25 12:43:26,119.03738666666666,32.19325333333333,11.0,54.1,,
2025-07-25 12:45:26,119.04297333333334,32.19709,10.8,45.6,,
2025-07-25 12:47:26,119.04766666666669,32.20186666666667,11.2,37.7,,
2025-07-25 12:49:26,119.05221333333331,32.206873333333334,11.4,37.8,,
2025-07-25 12:51:26,119.05646666666668,32.21205666666667,11.3,32.3,,
2025-07-25 12:53:26,119.06036,32.21738333333333,11.2,29.5,,
2025-07-25 12:55:26,119.06416,32.222923333333334,11.6,26.6,,
2025-07-25 12:57:26,119.06724,32.228363333333334,10.8,28.3,,
2025-07-25 12:59:26,119.06897333333332,32.232926666666664,5.4,345.6,,
2025-07-25 13:02:26,119.06478666666666,32.23298666666667,3.7,195.8,,
2025-07-25 13:06:09,119.06452,32.23220333333333,0.0,246.0,,
2025-07-25 13:36:09,119.06458666666668,32.23220666666667,0.0,113.9,,
2025-07-25 14:06:09,119.06458666666668,32.23223333333333,0.0,311.4,,
2025-07-25 14:39:09,119.0646,32.23220666666667,0.1,179.8,,
2025-07-25 15:09:09,119.0646,32.23220333333333,0.0,189.8,,
2025-07-25 15:39:38,119.06458333333332,32.2322,0.2,339.4,,
2025-07-25 16:10:00,119.06458333333332,32.23218333333333,0.1,321.4,,
2025-07-25 16:40:00,119.06456666666666,32.2322,0.1,88.4,,
2025-07-25 17:10:00,119.06456666666666,32.232216666666666,0.0,76.4,,
2025-07-25 17:29:23,119.06386666666668,32.23119333333333,4.2,190.2,,
2025-07-25 17:32:23,119.06322666666668,32.22680666666667,5.6,211.9,,
2025-07-25 17:35:23,119.06008,32.22295,5.4,209.2,,
2025-07-25 17:38:23,119.05761333333334,32.218693333333334,5.6,210.8,,
2025-07-25 17:41:23,119.05461333333334,32.21459333333333,5.8,216.8,,
2025-07-25 17:44:23,119.05094666666666,32.21074333333333,5.9,220.3,,
2025-07-25 17:47:23,119.04721333333332,32.20688,6.0,219.5,,
2025-07-25 17:50:23,119.04376,32.202936666666666,5.8,217.8,,
2025-07-25 17:53:23,119.03982666666668,32.19934,5.8,225.6,,
2025-07-25 17:56:37,119.0352,32.196083333333334,5.4,235.1,,
2025-07-25 17:59:52,119.03025333333332,32.19302,5.7,233.6,,
2025-07-25 18:02:52,119.02568,32.190243333333335,5.6,234.3,,
2025-07-25 18:06:00,119.02063333333334,32.1872,5.6,237.5,,
2025-07-25 18:09:18,119.01621666666666,32.184333333333335,5.4,231.4,,
2025-07-25 18:12:19,119.01202666666669,32.181506666666664,5.2,234.6,,
2025-07-25 18:15:19,119.00749333333331,32.17933,5.4,246.9,,
2025-07-25 18:18:19,119.0026,32.17823333333333,5.0,261.4,,
2025-07-25 18:21:19,118.99749333333334,32.17745333333333,5.5,255.5,,
2025-07-25 18:24:19,118.99237333333332,32.17635,5.4,252.8,,
2025-07-25 18:27:19,118.9872,32.17557,5.1,263.6,,
2025-07-25 18:30:19,118.98218666666666,32.17536,5.1,267.4,,
2025-07-25 18:33:19,118.97704,32.175313333333335,5.1,268.2,,
2025-07-25 18:36:19,118.97201333333334,32.17529,5.0,273.2,,
2025-07-25 18:39:19,118.96690666666667,32.17594,5.3,274.0,,
2025-07-25 18:42:19,118.9616,32.176066666666664,5.4,267.1,,
2025-07-25 18:45:19,118.95633333333332,32.17560666666667,5.3,257.8,,
2025-07-25 18:48:19,118.95112,32.17521333333333,5.2,272.6,,
2025-07-25 18:51:19,118.94606666666668,32.17577333333333,5.2,278.1,,
2025-07-25 18:54:19,118.94108,32.17648666666667,5.0,278.6,,
2025-07-25 18:57:19,118.9362,32.177573333333335,5.1,284.3,,
2025-07-25 19:00:19,118.93129333333331,32.17879,5.1,286.3,,
2025-07-25 19:03:19,118.92634666666666,32.17999,5.2,281.7,,
2025-07-25 19:06:19,118.92138666666666,32.1809,5.2,281.1,,
2025-07-25 19:09:19,118.91634666666668,32.181583333333336,5.1,276.6,,
2025-07-25 19:12:19,118.91138666666669,32.182136666666665,5.0,279.7,,
2025-07-25 19:15:19,118.9064,32.18279,5.2,281.5,,
2025-07-25 19:18:19,118.9014,32.18346666666667,5.2,274.4,,
2025-07-25 19:21:19,118.89626666666666,32.184083333333334,5.3,273.1,,
2025-07-25 19:24:19,118.89065333333332,32.18383,5.8,262.7,,
2025-07-25 19:26:48,118.88588333333334,32.18365,6.0,270.4,,
2025-07-25 19:29:00,118.8817,32.1835,6.0,262.0,,
2025-07-25 19:31:18,118.87695,32.18265,6.6,258.3,,
2025-07-25 19:34:19,118.87137333333334,32.18104666666667,5.3,247.7,,
2025-07-25 19:37:49,118.86588,32.17896666666667,5.2,240.6,,
2025-07-25 19:40:49,118.86172,32.17664333333333,4.7,238.5,,
2025-07-25 19:43:49,118.85826666666668,32.17479,3.9,234.4,,
2025-07-25 19:46:49,118.85453333333334,32.173003333333334,3.8,245.5,,
2025-07-25 19:49:49,118.85136,32.172023333333335,4.1,252.4,,
2025-07-25 19:52:49,118.84752,32.171596666666666,3.8,278.0,,
2025-07-25 19:56:35,118.84621666666666,32.17163333333333,2.1,256.2,,
2025-07-25 20:06:11,118.8463,32.17171666666667,0.9,223.2,,
2025-07-25 20:38:50,118.84592,32.17110666666667,0.0,166.7,,
2025-07-25 21:08:50,118.84590666666666,32.17110666666667,0.1,175.4,,
2025-07-25 21:38:50,118.84592,32.17110666666667,0.0,0.3,,
2025-07-25 22:08:50,118.84592,32.17111333333333,0.0,124.2,,
2025-07-25 22:40:17,118.8459,32.171083333333335,0.1,172.1,,
2025-07-25 23:10:50,118.84588333333332,32.1711,0.1,275.1,,
2025-07-25 23:41:00,118.8459,32.1711,0.2,136.5,,
2025-07-26 00:10:22,118.846,32.17118333333333,1.1,57.2,,
2025-07-26 00:20:45,118.84556666666668,32.171,3.9,242.7,,
2025-07-26 00:23:42,118.84593333333332,32.16883333333333,6.5,135.1,,
2025-07-26 00:25:47,118.85241333333332,32.17016666666667,10.5,68.7,,
2025-07-26 00:27:47,118.85881333333332,32.172216666666664,10.7,67.0,,
2025-07-26 00:30:04,118.86625333333332,32.174933333333335,10.8,68.7,,
2025-07-26 00:32:04,118.8728,32.17664666666667,10.2,76.5,,
2025-07-26 00:34:04,118.87938333333334,32.17783333333333,10.3,79.3,,
2025-07-26 00:36:21,118.88698333333332,32.17903333333334,10.3,79.2,,
2025-07-26 00:38:32,118.89421666666668,32.17958333333333,10.0,87.9,,
2025-07-26 00:40:34,118.901,32.17978333333333,10.3,88.1,,
2025-07-26 00:44:04,118.91278666666666,32.178596666666664,10.5,100.7,,
2025-07-26 00:46:04,118.91957333333332,32.177443333333336,10.5,101.6,,
2025-07-26 00:48:04,118.92632,32.1763,10.4,99.7,,
2025-07-26 00:50:04,118.93305333333332,32.17498666666667,10.6,104.9,,
2025-07-26 00:52:04,118.93969333333334,32.17353,10.3,101.5,,
2025-07-26 00:54:05,118.9465,32.17255,10.3,97.0,,
2025-07-26 00:56:16,118.9536,32.17098333333333,10.3,101.6,,
2025-07-26 00:58:33,118.96128333333333,32.170183333333334,10.4,96.4,,
2025-07-26 01:01:04,118.96988,32.17028666666667,10.4,82.7,,
2025-07-26 01:03:04,118.97658666666666,32.170943333333334,10.4,86.7,,
2025-07-26 01:05:04,118.98342666666667,32.17105,10.7,87.1,,
2025-07-26 01:07:04,118.99034666666668,32.17192,10.8,77.7,,
2025-07-26 01:09:20,118.99792,32.17387,10.7,71.0,,
2025-07-26 01:11:20,119.00462666666668,32.175853333333336,10.8,69.0,,
2025-07-26 01:13:20,119.01116,32.178216666666664,10.8,65.7,,
2025-07-26 01:15:20,119.01748,32.18108333333333,10.9,58.6,,
2025-07-26 01:17:20,119.02376,32.18407,10.9,67.0,,
2025-07-26 01:19:50,119.03113333333332,32.18821333333333,10.6,53.1,,
2025-07-26 01:21:50,119.03658666666666,32.19196,10.8,47.6,,
2025-07-26 01:23:50,119.04161333333332,32.19625,11.0,43.0,,
2025-07-26 01:25:50,119.04658666666668,32.20071,11.1,41.8,,
2025-07-26 01:27:50,119.05113333333334,32.20552333333333,11.0,37.3,,
2025-07-26 01:29:50,119.05509333333332,32.21006666666667,9.7,34.7,,
2025-07-26 01:31:50,119.05902666666668,32.21493666666667,11.0,34.3,,
2025-07-26 01:33:50,119.06310666666668,32.220263333333335,11.4,32.1,,
2025-07-26 01:35:50,119.06714666666667,32.225746666666666,11.7,29.5,,
2025-07-26 01:38:20,119.06974666666666,32.23298,8.6,9.0,,
2025-07-26 01:41:20,119.06592,32.23407,4.3,250.6,,
2025-07-26 01:46:32,119.06458666666668,32.23216,0.0,352.5,,
2025-07-26 02:16:46,119.06458333333332,32.23215,0.0,153.5,,
2025-07-26 02:47:00,119.06458333333332,32.232166666666664,0.0,56.0,,
2025-07-26 03:17:00,119.06458333333332,32.232166666666664,0.1,259.3,,
2025-07-26 03:47:00,119.06456666666666,32.232166666666664,0.0,332.5,,
2025-07-26 04:17:10,119.06456,32.23216,0.0,169.8,,
2025-07-26 04:47:10,119.0646,32.232173333333336,0.0,155.6,,
2025-07-26 05:17:10,119.06458666666668,32.23218,0.0,172.7,,
2025-07-26 05:47:17,119.0646,32.23214,0.0,353.3,,
2025-07-26 06:17:17,119.06464,32.23217666666667,0.1,173.8,,
2025-07-26 06:47:43,119.06458333333332,32.232216666666666,0.0,212.9,,
2025-07-26 07:20:00,119.06458333333332,32.23218333333333,0.0,212.7,,
2025-07-26 07:50:17,119.06457333333331,32.2322,0.2,15.1,,
2025-07-26 08:21:10,119.06458333333332,32.23218333333333,0.1,165.3,,
2025-07-26 08:45:09,119.06423333333332,32.23181666666667,1.3,219.4,,
2025-07-26 08:49:40,119.06525,32.23226666666667,1.2,71.8,,
2025-07-26 08:53:28,119.06541333333334,32.23264,0.0,80.4,,
2025-07-26 09:08:06,119.06628,32.23388333333333,3.9,350.2,,
2025-07-26 09:11:21,119.06485,32.232565,2.4,203.8,,
2025-07-26 09:14:29,119.06457333333331,32.23222,0.1,243.1,,
2025-07-26 09:47:29,119.0646,32.2322,0.0,151.9,,
2025-07-26 10:17:29,119.06458666666668,32.23217666666667,0.1,100.3,,
2025-07-26 10:47:29,119.06458666666668,32.232193333333335,0.0,256.2,,
2025-07-26 11:17:41,119.06456666666666,32.232166666666664,0.1,273.8,,
2025-07-26 11:48:11,119.06458333333332,32.232166666666664,0.0,302.1,,
2025-07-26 12:19:00,119.06456666666666,32.23218333333333,0.0,322.1,,
2025-07-26 12:50:27,119.0646,32.23216333333333,0.1,27.0,,
2025-07-26 13:22:01,119.06458333333332,32.232166666666664,0.0,144.7,,
2025-07-26 13:53:11,119.06458333333332,32.2322,0.0,118.4,,
2025-07-26 14:23:27,119.06458666666668,32.23219,0.0,311.0,,
2025-07-26 14:53:27,119.0646,32.23217666666667,0.1,136.6,,
2025-07-26 15:24:02,119.06458333333332,32.232166666666664,0.1,94.7,,
2025-07-26 15:55:00,119.06458333333332,32.232166666666664,0.1,221.0,,
2025-07-26 16:25:53,119.06458333333332,32.23218333333333,0.0,0.6,,
2025-07-26 16:56:27,119.06457333333331,32.232186666666664,0.0,265.6,,
2025-07-26 17:26:27,119.06458666666668,32.23219,0.0,254.2,,
2025-07-26 17:56:51,119.06458333333332,32.232166666666664,0.0,110.5,,
2025-07-26 18:29:26,119.0646,32.23219,0.0,87.8,,
2025-07-26 19:00:10,119.06458333333332,32.232166666666664,0.0,344.2,,
2025-07-26 19:31:00,119.06456666666666,32.23215,0.1,2.1,,
2025-07-26 20:03:28,119.06458333333332,32.23215,0.0,127.1,,
2025-07-26 20:34:04,119.06456666666666,32.23215,0.1,78.4,,
2025-07-26 21:05:17,119.06456666666666,32.23215,0.1,171.8,,
2025-07-26 21:35:25,119.06458666666668,32.23216,0.0,119.5,,
2025-07-26 22:05:31,119.0646,32.23215,0.1,345.5,,
2025-07-26 22:36:01,119.06458333333332,32.232166666666664,0.2,167.9,,
2025-07-26 23:06:31,119.0646,32.23215,0.0,155.4,,
2025-07-26 23:40:00,119.06458333333332,32.232166666666664,0.0,295.3,,
2025-07-27 00:10:00,119.06458333333332,32.23218333333333,0.0,14.2,,
2025-07-27 00:40:00,119.06458333333332,32.232166666666664,0.0,276.1,,
2025-07-27 01:10:37,119.06458333333332,32.23218333333333,0.0,191.3,,
2025-07-27 01:41:50,119.0646,32.23218,0.0,18.9,,
2025-07-27 02:11:50,119.0646,32.23218,0.0,352.3,,
2025-07-27 02:42:05,119.06458333333332,32.23218333333333,0.0,0.0,,
2025-07-27 03:14:46,119.06458333333332,32.232166666666664,0.1,59.6,,
2025-07-27 03:45:00,119.0646,32.23218333333333,0.1,117.8,,
2025-07-27 04:15:00,119.06458333333332,32.23215,0.1,174.5,,
2025-07-27 04:46:12,119.06458333333332,32.23218333333333,0.2,351.9,,
2025-07-27 05:17:30,119.06458333333332,32.2322,0.0,181.5,,
2025-07-27 05:48:00,119.06458333333332,32.2322,0.1,47.8,,
2025-07-27 06:19:12,119.06458333333332,32.2322,0.1,15.7,,
2025-07-27 06:49:43,119.06481666666669,32.232416666666666,0.0,211.2,,
2025-07-27 07:20:58,119.0648,32.232416666666666,0.1,173.8,,
2025-07-27 07:51:00,119.06478333333334,32.232416666666666,0.0,195.6,,
2025-07-27 08:21:00,119.0648,32.23243333333333,0.0,24.3,,
2025-07-27 08:51:36,119.06483333333334,32.23243333333333,0.1,142.2,,
2025-07-27 09:22:51,119.0648,32.23243333333333,0.3,354.9,,
2025-07-27 09:52:55,119.0648,32.232436666666665,0.1,179.1,,
2025-07-27 10:23:08,119.0648,32.23245,0.1,87.5,,
2025-07-27 10:53:08,119.06476,32.23253,0.1,176.9,,
2025-07-27 11:23:08,119.06476,32.232443333333336,0.1,150.7,,
2025-07-27 11:53:08,119.0648,32.232443333333336,0.1,249.3,,
2025-07-27 12:23:08,119.0646,32.23218,0.1,35.6,,
2025-07-27 12:54:13,119.06458333333332,32.23215,0.1,247.2,,
2025-07-27 13:24:53,119.0646,32.23218333333333,0.1,335.9,,
2025-07-27 13:51:00,119.06404,32.23139333333334,5.9,194.0,,
2025-07-27 13:53:00,119.06754666666669,32.23055333333333,9.9,61.9,,
2025-07-27 13:55:00,119.07333333333334,32.23413333333333,11.2,52.8,,
2025-07-27 13:57:00,119.07896,32.23802666666667,11.1,51.8,,
2025-07-27 14:25:30,119.17833333333331,32.239063333333334,11.0,106.4,,
2025-07-27 14:27:30,119.18508,32.23698666666667,11.0,113.3,,
2025-07-27 14:29:30,119.19170666666666,32.23455666666667,10.9,111.6,,
2025-07-27 14:31:30,119.19813333333332,32.23182,10.8,117.1,,
2025-07-27 14:33:30,119.20456,32.22920666666667,10.7,115.5,,
2025-07-27 14:35:30,119.21069333333334,32.22615666666667,10.7,121.7,,
2025-07-27 14:37:30,119.2166,32.222986666666664,10.6,122.4,,
2025-07-27 14:39:30,119.22249333333332,32.21995,10.5,121.5,,
2025-07-27 14:41:30,119.22830666666668,32.21684666666667,10.5,125.3,,
2025-07-27 14:43:30,119.23386666666669,32.21351,10.4,124.0,,
2025-07-27 14:45:55,119.24091666666666,32.20976666666667,10.5,120.7,,
2025-07-27 14:48:00,119.24721333333332,32.206756666666664,10.6,115.5,,
2025-07-27 14:50:00,119.2534,32.20403666666667,10.6,120.8,,
2025-07-27 14:52:00,119.25944,32.20084666666666,10.9,123.1,,
2025-07-27 14:54:00,119.26537333333332,32.197646666666664,10.8,120.1,,
2025-07-27 14:56:30,119.27336,32.19431,10.8,119.4,,
2025-07-27 14:58:36,119.27983333333331,32.191248333333334,10.8,113.6,,
2025-07-27 15:00:47,119.28741666666669,32.190083333333334,10.9,94.1,,
2025-07-27 15:03:00,119.29534666666666,32.18935333333334,11.2,97.9,,
2025-07-27 15:05:00,119.30252,32.18916,10.9,87.6,,
2025-07-27 15:07:00,119.30976,32.18911333333333,11.2,90.4,,
2025-07-27 15:09:00,119.31706666666666,32.189276666666665,11.3,86.9,,
2025-07-27 15:11:00,119.32426666666667,32.190113333333336,11.2,78.4,,
2025-07-27 15:14:00,119.33504,32.19223,11.3,75.9,,
2025-07-27 15:16:00,119.34214666666666,32.19393,11.1,71.8,,
2025-07-27 15:18:00,119.34908,32.19605333333333,11.4,67.9,,
2025-07-27 15:20:00,119.35556,32.198993333333334,11.4,58.4,,
2025-07-27 15:22:00,119.36190666666668,32.20231666666667,11.5,57.0,,
2025-07-27 15:24:00,119.36734666666666,32.20662,11.7,41.0,,
2025-07-27 15:26:00,119.37224,32.21156333333333,11.7,38.1,,
2025-07-27 15:28:00,119.37709333333332,32.21660333333333,11.5,36.9,,
2025-07-27 15:30:00,119.38205333333332,32.22145,11.4,43.3,,
2025-07-27 15:32:00,119.38702666666669,32.22625,11.4,38.5,,
2025-07-27 15:34:00,119.39177333333332,32.23132666666667,11.5,38.9,,
2025-07-27 15:36:00,119.39656,32.23638,11.9,39.2,,
2025-07-27 16:21:15,119.53905333333331,32.236396666666664,10.5,135.5,,
2025-07-27 16:23:15,119.54373333333334,32.23205333333333,10.4,139.9,,
2025-07-27 16:25:45,119.54862666666666,32.225836666666666,11.1,167.0,,
2025-07-27 16:27:45,119.54906666666666,32.21957,11.1,177.4,,
2025-07-27 16:29:45,119.54952,32.21359666666667,10.8,179.8,,
2025-07-27 16:32:15,119.5498,32.205783333333336,11.4,169.9,,
2025-07-27 16:34:45,119.55222666666668,32.19800333333333,11.5,157.0,,
2025-07-27 16:36:45,119.55721333333334,32.19336666666667,11.3,126.5,,
2025-07-27 16:39:15,119.56578666666668,32.190083333333334,11.7,108.5,,
2025-07-27 16:41:15,119.57325333333333,32.18819,11.9,107.2,,
2025-07-27 16:43:44,119.5826,32.186726666666665,11.2,94.0,,
2025-07-27 16:45:45,119.59004,32.18667,11.3,88.5,,
2025-07-27 16:47:45,119.59737333333334,32.187243333333335,11.1,76.6,,
2025-07-27 16:50:13,119.60628333333334,32.18925,11.3,78.0,,
2025-07-27 16:52:14,119.61373333333331,32.190886666666664,11.8,74.8,,
2025-07-27 16:54:41,119.62288333333332,32.19266666666667,11.5,78.7,,
2025-07-27 16:56:45,119.63074666666668,32.193486666666665,12.0,75.8,,
2025-07-27 16:59:00,119.63941666666666,32.196083333333334,11.8,70.3,,
2025-07-27 17:01:14,119.64722666666668,32.1986,11.7,66.9,,
2025-07-27 17:03:37,119.65528333333332,32.20225,11.7,58.2,,
2025-07-27 17:05:44,119.66125333333332,32.207,11.6,42.4,,
2025-07-27 17:07:45,119.66618666666666,32.21208333333333,12.0,36.6,,
2025-07-27 17:08:53,119.66901666666666,32.21516666666667,12.5,37.6,,
2025-07-27 17:10:14,119.67213333333332,32.21897666666667,12.1,33.7,,
2025-07-27 17:11:14,119.67426666666668,32.221846666666664,12.4,33.0,,
2025-07-27 17:12:14,119.67626666666666,32.224853333333336,12.1,25.0,,
2025-07-27 17:13:15,119.67761333333333,32.22802333333333,12.0,16.2,,
2025-07-27 17:14:44,119.67917333333334,32.23293,12.3,16.6,,
2025-07-27 17:15:44,119.6804,32.23623666666667,12.5,18.9,,
2025-07-27 17:16:45,119.68173333333333,32.23956666666667,12.6,18.9,,
2025-07-27 18:41:51,119.87208,32.23520666666667,11.8,165.3,,
2025-07-27 18:43:00,119.87331666666668,32.231,12.0,166.5,,
2025-07-27 18:44:16,119.87435,32.2274,12.1,167.0,,
2025-07-27 18:45:21,119.87534666666669,32.22389,12.1,167.4,,
2025-07-27 18:46:52,119.87657333333334,32.21896,12.1,167.5,,
2025-07-27 18:48:00,119.87756666666668,32.215183333333336,12.1,166.8,,
2025-07-27 18:49:21,119.87873333333332,32.210636666666666,12.2,167.6,,
2025-07-27 18:51:22,119.88014666666666,32.20386666666667,12.4,171.3,,
2025-07-27 18:52:30,119.88078333333333,32.199983333333336,12.5,171.8,,
2025-07-27 18:53:52,119.88173333333332,32.19529333333333,12.3,169.5,,
2025-07-27 18:54:53,119.88249333333331,32.19193666666666,12.5,168.1,,
2025-07-27 18:56:15,119.88366666666668,32.18725,12.5,168.1,,
2025-07-27 18:57:23,119.88454666666668,32.18337666666667,12.6,170.8,,
2025-07-27 18:58:51,119.88545333333332,32.178216666666664,12.5,172.3,,
2025-07-27 18:59:51,119.88598666666668,32.17474,12.4,172.3,,
2025-07-27 19:00:51,119.88650666666666,32.17128,12.6,172.0,,
2025-07-27 19:01:51,119.88705333333333,32.16781666666667,12.5,172.7,,
2025-07-27 19:02:51,119.88762666666666,32.16439333333334,12.5,171.4,,
2025-07-27 19:03:53,119.88829333333334,32.160936666666665,12.4,171.1,,
2025-07-27 19:05:11,119.88923333333334,32.15638333333333,12.4,170.0,,
2025-07-27 19:06:21,119.89037333333332,32.152386666666665,12.6,165.0,,
2025-07-27 19:07:23,119.89157333333333,32.14904666666666,12.4,161.7,,
2025-07-27 19:08:51,119.89350666666668,32.144173333333335,12.2,159.7,,
2025-07-27 19:09:51,119.89493333333331,32.14099,12.2,159.3,,
2025-07-27 19:10:51,119.89637333333332,32.13778,12.3,160.3,,
2025-07-27 19:11:51,119.89761333333334,32.13450666666667,12.3,163.7,,
2025-07-27 19:13:01,119.899,32.130743333333335,12.1,162.6,,
2025-07-27 19:14:01,119.90012,32.12748333333333,12.0,160.3,,
2025-07-27 19:15:01,119.90153333333332,32.12432,12.2,158.7,,
2025-07-27 19:16:01,119.90292,32.121113333333334,12.2,161.4,,
2025-07-27 19:17:01,119.90417333333332,32.11786333333333,12.3,161.8,,
2025-07-27 19:18:03,119.90530666666666,32.11457333333333,12.2,164.7,,
2025-07-27 19:19:03,119.90636,32.111266666666666,12.2,166.5,,
2025-07-27 19:20:04,119.9073,32.10775,12.2,166.4,,
2025-07-27 19:21:30,119.90873333333332,32.10297,12.1,164.8,,
2025-07-27 19:23:01,119.91033333333333,32.098106666666666,12.2,163.7,,
2025-07-27 19:24:01,119.91146666666668,32.09489,12.0,162.7,,
2025-07-27 19:26:00,119.91396666666668,32.08855,12.0,161.0,,
2025-07-27 19:27:00,119.91515,32.0862,12.0,155.8,,
2025-07-27 19:28:01,119.91726666666666,32.08245333333333,12.1,154.0,,
2025-07-27 19:29:45,119.92005,32.077133333333336,12.2,157.8,,
2025-07-27 19:31:17,119.9222,32.072266666666664,12.1,157.6,,
2025-07-27 19:32:30,119.92416,32.06843666666666,12.0,155.4,,
2025-07-27 19:33:30,119.9259,32.06548333333333,12.1,152.7,,
2025-07-27 19:34:30,119.92781333333332,32.06249,12.1,152.0,,
2025-07-27 19:35:30,119.92950666666668,32.059446666666666,12.1,156.7,,
2025-07-27 19:36:30,119.93104,32.05636333333333,11.8,156.6,,
2025-07-27 19:37:30,119.93258666666668,32.05328333333333,12.1,156.5,,
2025-07-27 19:38:31,119.93396,32.05019,11.8,161.4,,
2025-07-27 19:41:00,119.93733333333331,32.04253333333333,11.9,157.9,,
2025-07-27 19:43:00,119.94024,32.03639,11.4,157.4,,
2025-07-27 19:45:00,119.94297333333331,32.031036666666665,9.9,153.8,,
2025-07-27 19:47:00,119.94597333333331,32.0262,9.8,149.8,,
2025-07-27 19:49:00,119.94937333333333,32.02187333333333,9.0,144.5,,
2025-07-27 19:51:00,119.95278666666668,32.01791333333333,8.7,142.6,,
2025-07-27 19:53:00,119.95613333333333,32.014026666666666,8.7,145.4,,
2025-07-27 19:55:00,119.95965333333334,32.01054666666667,7.7,137.5,,
2025-07-27 19:57:00,119.96313333333332,32.00767666666667,7.2,133.3,,
2025-07-27 19:59:01,119.96654666666667,32.00477333333333,7.3,136.7,,
2025-07-27 20:01:07,119.9706,32.001733333333334,8.4,130.6,,
2025-07-27 20:03:19,119.97643333333332,31.99833333333333,10.0,122.4,,
2025-07-27 20:05:29,119.98153333333332,31.99435,9.5,139.1,,
2025-07-27 20:07:29,119.98528,31.99016333333333,9.2,145.2,,
2025-07-27 20:09:29,119.98908,31.9863,9.0,133.1,,
2025-07-27 20:11:29,119.99330666666668,31.98275,9.0,133.5,,
2025-07-27 20:13:44,119.99838333333334,31.979116666666663,8.9,127.4,,
2025-07-27 20:16:02,120.00373333333332,31.97565,8.9,128.3,,
2025-07-27 20:18:15,120.00908333333334,31.972583333333333,9.0,123.7,,
2025-07-27 20:20:28,120.01474666666668,31.969833333333334,9.0,118.5,,
2025-07-27 20:22:28,120.01997333333334,31.967806666666668,8.8,108.6,,
2025-07-27 20:24:28,120.02544,31.966366666666666,8.8,110.7,,
2025-07-27 20:26:28,120.03068,31.964526666666668,8.6,114.1,,
2025-07-27 20:28:28,120.03574666666668,31.96274333333333,8.3,112.2,,
2025-07-27 20:30:28,120.0408,31.960986666666667,8.3,112.5,,
2025-07-27 20:32:28,120.04582666666668,31.959366666666668,8.3,109.4,,
2025-07-27 20:34:47,120.05166666666666,31.957516666666667,8.2,110.6,,
2025-07-27 20:36:57,120.05694666666666,31.955706666666668,8.0,113.1,,
2025-07-27 20:38:57,120.06184,31.954266666666665,7.5,106.7,,
2025-07-27 20:41:27,120.06774666666666,31.952936666666663,7.4,107.2,,
2025-07-27 20:44:27,120.07476,31.951016666666668,7.5,107.8,,
2025-07-27 20:46:27,120.07934666666668,31.949766666666665,7.4,110.1,,
2025-07-27 20:48:27,120.08385333333334,31.948286666666668,7.4,113.6,,
2025-07-27 20:50:27,120.08834666666668,31.946766666666665,7.4,111.7,,
2025-07-27 20:52:27,120.09292,31.94531,7.3,110.2,,
2025-07-27 20:54:27,120.09753333333332,31.94408,7.5,105.5,,
2025-07-27 20:56:27,120.10230666666666,31.94279,7.5,108.5,,
2025-07-27 20:58:27,120.10712,31.94135,7.9,111.0,,
2025-07-27 21:00:27,120.11208,31.939823333333333,8.0,109.2,,
2025-07-27 21:02:27,120.11730666666666,31.938796666666665,8.2,101.5,,
2025-07-27 21:04:27,120.12254666666666,31.93782333333333,8.2,102.5,,
2025-07-27 21:06:27,120.12778666666668,31.936816666666665,8.2,104.4,,
2025-07-27 21:08:27,120.13301333333334,31.935693333333333,8.3,103.8,,
2025-07-27 21:10:52,120.13926666666669,31.93443333333333,8.3,102.3,,
2025-07-27 21:13:00,120.14505,31.93348333333333,7.9,100.5,,
2025-07-27 21:15:26,120.15101666666666,31.93265,8.0,99.1,,
2025-07-27 21:17:57,120.15750666666666,31.93134,8.1,102.9,,
2025-07-27 21:19:58,120.16276666666668,31.93045,8.2,100.2,,
2025-07-27 21:22:13,120.16868333333332,31.929616666666668,7.9,98.7,,
2025-07-27 21:24:22,120.17432,31.92909333333333,8.1,96.0,,
2025-07-27 21:26:22,120.17962666666666,31.928816666666663,8.0,92.1,,
2025-07-27 21:28:22,120.18461333333332,31.927906666666665,7.7,97.5,,
2025-07-27 21:30:22,120.1896,31.927506666666662,7.9,106.3,,
2025-07-27 21:32:22,120.19456,31.92644,7.7,97.3,,
2025-07-27 21:34:22,120.19957333333332,31.926293333333334,7.6,93.7,,
2025-07-27 21:36:52,120.20581333333334,31.92625333333333,7.7,88.1,,
2025-07-27 21:39:00,120.21153333333334,31.92638333333333,7.9,89.6,,
2025-07-27 21:41:52,120.21868,31.92676,7.9,85.6,,
2025-07-27 21:44:22,120.22504,31.927436666666665,7.8,79.1,,
2025-07-27 21:46:22,120.23006666666669,31.92838,8.0,76.1,,
2025-07-27 21:48:22,120.23508,31.929556666666667,8.0,74.3,,
2025-07-27 21:50:22,120.24016,31.930736666666668,8.1,74.2,,
2025-07-27 21:52:22,120.24522666666668,31.93206333333333,8.0,67.5,,
2025-07-27 21:54:22,120.25004,31.933706666666662,7.9,66.3,,
2025-07-27 21:56:22,120.25484,31.93546,7.9,63.1,,
2025-07-27 21:58:22,120.25933333333332,31.9377,7.9,63.0,,
2025-07-27 22:00:22,120.26424,31.93947,8.1,66.4,,
2025-07-27 22:02:22,120.26904,31.94144333333333,8.1,64.0,,
2025-07-27 22:04:22,120.27385333333334,31.94329,8.2,64.3,,
2025-07-27 22:06:52,120.27976,31.945716666666662,8.0,62.1,,
2025-07-27 22:10:22,120.28813333333332,31.949086666666663,8.1,66.9,,
2025-07-27 22:12:22,120.29316,31.950726666666668,8.2,69.2,,
2025-07-27 22:14:52,120.29932,31.95303,8.2,63.1,,
2025-07-27 22:16:52,120.30421333333334,31.955126666666665,8.3,63.1,,
2025-07-27 22:18:52,120.30914666666666,31.95723,8.4,62.6,,
2025-07-27 22:20:52,120.31398666666666,31.95946,8.5,58.3,,
2025-07-27 22:22:52,120.3186,31.962096666666667,8.5,54.3,,
2025-07-27 22:24:52,120.32308,31.964983333333333,8.6,51.8,,
2025-07-27 22:26:52,120.32741333333334,31.96798666666667,8.5,50.6,,
2025-07-27 22:29:22,120.33301333333333,31.97161,8.6,55.2,,
2025-07-27 22:31:22,120.33772,31.97437,8.6,55.0,,
2025-07-27 22:33:22,120.34229333333332,31.97732333333333,8.9,53.6,,
2025-07-27 22:35:22,120.34697333333334,31.98019,8.8,54.6,,
2025-07-27 22:37:22,120.3518,31.98288,8.8,59.3,,
2025-07-27 22:39:22,120.35668,31.98554333333333,8.8,55.9,,
2025-07-27 22:41:22,120.36142666666667,31.98842,9.0,53.0,,
2025-07-27 22:43:33,120.36663333333334,31.9916,8.9,55.3,,
2025-07-27 22:45:50,120.3719,31.995016666666668,8.8,51.1,,
2025-07-27 22:47:52,120.37650666666669,31.99821,8.8,51.5,,
2025-07-27 22:49:52,120.38114666666668,32.001223333333336,9.0,51.3,,
2025-07-27 22:52:22,120.38685333333332,32.005026666666666,8.7,50.0,,
2025-07-27 22:54:22,120.39144,32.00812666666667,9.0,53.6,,
2025-07-27 22:56:22,120.39642666666668,32.01085,9.2,58.4,,
2025-07-27 22:59:06,120.40361666666666,32.01448333333333,9.3,61.6,,
2025-07-27 23:01:52,120.41112,32.01746,9.2,68.1,,
2025-07-27 23:04:19,120.41795,32.01968333333333,9.3,67.8,,
2025-07-27 23:06:21,120.42377333333332,32.02172,9.4,67.7,,
2025-07-27 23:08:51,120.431,32.02408,9.7,69.7,,
2025-07-27 23:10:52,120.43701333333334,32.02581,9.8,74.5,,
2025-07-27 23:13:21,120.44465333333332,32.02774333333333,9.6,73.6,,
2025-07-27 23:15:21,120.45088,32.02898666666667,9.9,79.0,,
2025-07-27 23:17:21,120.45722666666668,32.030213333333336,10.0,78.3,,
2025-07-27 23:19:51,120.46541333333332,32.03101,10.2,87.6,,
2025-07-27 23:21:52,120.47202666666666,32.030883333333335,10.1,93.1,,
2025-07-27 23:23:52,120.47868,32.03053666666667,10.3,94.4,,
2025-07-27 23:26:00,120.48863333333334,32.029583333333335,10.2,97.1,,
2025-07-27 23:28:21,120.49373333333334,32.02904,10.4,96.5,,
2025-07-27 23:30:51,120.50208,32.0276,10.5,105.7,,
2025-07-27 23:33:54,120.512,32.02483333333333,10.4,108.5,,
2025-07-27 23:36:05,120.51913333333331,32.02263333333333,10.7,110.1,,
2025-07-27 23:38:51,120.5282,32.019603333333336,10.6,113.3,,
2025-07-27 23:41:00,120.53708333333331,32.016533333333335,10.6,110.5,,
2025-07-27 23:43:29,120.54311666666666,32.01465,10.6,111.6,,
2025-07-27 23:46:21,120.55242666666666,32.01130666666667,10.9,114.3,,
2025-07-27 23:49:00,120.5611,32.008116666666666,10.7,113.7,,
2025-07-27 23:54:51,120.57945333333332,32.00101333333333,10.5,112.8,,
2025-07-27 23:56:51,120.58589333333332,31.998916666666663,10.6,108.6,,
2025-07-28 00:01:13,120.60045,31.995116666666668,10.7,104.9,,
2025-07-28 00:04:21,120.61136,31.99335333333333,10.8,97.7,,
2025-07-28 00:07:21,120.62208,31.992356666666662,11.1,97.9,,
2025-07-28 00:09:51,120.63137333333331,31.99167,11.6,93.3,,
2025-07-28 00:12:51,120.64292,31.991306666666667,11.8,89.5,,
2025-07-28 00:14:51,120.65068,31.99176333333333,12.2,83.1,,
2025-07-28 00:19:00,120.66736666666668,31.994533333333333,12.4,79.1,,
2025-07-28 00:21:51,120.67853333333332,31.99582333333333,12.3,81.4,,
2025-07-28 00:23:51,120.68632,31.99694333333333,12.0,78.9,,
2025-07-28 00:25:51,120.69402666666667,31.998193333333333,11.9,79.7,,
2025-07-28 00:27:51,120.70164,31.99947,11.7,78.6,,
2025-07-28 00:29:51,120.70917333333334,32.00071333333333,11.9,80.6,,
2025-07-28 00:31:51,120.71677333333334,32.00174333333333,11.6,81.8,,
2025-07-28 00:33:51,120.72434666666666,32.00241,11.6,86.6,,
2025-07-28 00:36:21,120.7334,32.00283666666667,11.0,84.0,,
2025-07-28 00:38:51,120.74257333333334,32.00413666666667,11.3,81.8,,
2025-07-28 00:40:51,120.74998666666669,32.00489,11.3,83.5,,
2025-07-28 00:43:44,120.76081666666668,32.00593333333333,11.6,85.1,,
2025-07-28 00:48:15,120.77785,32.00575,11.6,94.8,,
2025-07-28 00:52:00,120.79316666666666,32.00295,11.6,103.8,,
2025-07-28 00:54:01,120.79925333333334,32.00172333333333,11.5,106.0,,
2025-07-28 00:56:02,120.80636,31.99931,11.7,116.1,,
2025-07-28 00:58:31,120.81470666666668,31.99538666666667,11.8,121.5,,
2025-07-28 01:01:31,120.82362666666668,31.98920333333333,11.6,134.3,,
2025-07-28 01:03:31,120.82942666666666,31.985166666666668,11.4,126.0,,
2025-07-28 01:07:01,120.83794666666668,31.9767,11.6,142.7,,
2025-07-28 01:09:01,120.84250666666668,31.97157333333333,11.6,145.6,,
2025-07-28 01:11:17,120.84728,31.96550333333333,11.6,147.5,,
2025-07-28 01:13:17,120.8514,31.959996666666665,11.7,150.6,,
2025-07-28 01:15:00,120.85476666666666,31.954766666666668,12.0,152.6,,
2025-07-28 01:17:17,120.85806666666667,31.948076666666665,11.7,159.1,,
2025-07-28 01:19:17,120.86082666666668,31.942006666666668,11.7,156.2,,
2025-07-28 01:21:17,120.86372,31.93612,11.4,158.4,,
2025-07-28 01:23:17,120.86636,31.93025,11.2,159.3,,
2025-07-28 01:25:17,120.86901333333331,31.924446666666668,11.2,159.8,,
2025-07-28 01:27:17,120.87145333333332,31.91859,11.1,162.2,,
2025-07-28 01:29:17,120.87362666666668,31.91256,11.3,162.3,,
2025-07-28 01:31:17,120.87545333333334,31.90642666666667,11.5,170.3,,
2025-07-28 01:33:17,120.87676,31.90009333333333,11.6,170.0,,
2025-07-28 01:35:45,120.87846666666668,31.892163333333333,11.7,170.5,,
2025-07-28 01:38:04,120.8801,31.884766666666668,11.5,168.6,,
2025-07-28 01:40:14,120.88212,31.87791333333333,11.5,164.1,,
2025-07-28 01:42:45,120.88458666666666,31.870193333333333,11.5,163.9,,
2025-07-28 01:45:14,120.8876,31.862516666666668,11.8,159.3,,
2025-07-28 01:47:14,120.88992,31.85627333333333,11.7,165.8,,
2025-07-28 01:49:44,120.89208,31.84825,11.8,164.1,,
2025-07-28 01:52:00,120.89513333333332,31.84085,11.8,157.5,,
2025-07-28 01:54:44,120.89922666666666,31.832786666666667,12.0,155.4,,
2025-07-28 01:55:49,120.90116,31.82953,12.1,150.7,,
2025-07-28 01:57:22,120.90433333333333,31.82495,12.7,149.5,,
2025-07-28 01:58:49,120.90708,31.820686666666667,10.9,153.4,,
2025-07-28 02:00:50,120.91030666666668,31.815086666666662,11.3,152.6,,
2025-07-28 02:02:52,120.91378666666668,31.809246666666667,11.7,153.4,,
2025-07-28 02:04:04,120.916,31.8056,12.0,151.2,,
2025-07-28 02:05:19,120.91857333333331,31.80197,12.0,146.7,,
2025-07-28 02:08:30,120.92602666666669,31.793513333333333,11.8,139.8,,
2025-07-28 02:12:02,120.93502666666669,31.78521,11.4,129.4,,
2025-07-28 02:14:30,120.94265333333334,31.78073,11.0,119.7,,
2025-07-28 04:08:21,120.96233333333332,31.78099333333333,6.9,320.4,,
2025-07-28 04:10:21,120.95922666666668,31.78362,6.3,308.7,,
2025-07-28 04:12:43,120.95575,31.78663333333333,6.3,316.7,,
2025-07-28 04:14:51,120.95265333333332,31.788996666666662,5.8,308.8,,
2025-07-28 04:17:55,120.94811666666666,31.792316666666668,5.9,309.1,,
2025-07-28 04:21:43,120.94216666666668,31.796216666666663,5.9,304.7,,
2025-07-28 04:23:51,120.93886666666668,31.7986,6.3,308.7,,
2025-07-28 04:26:21,120.93502666666669,31.80155333333333,6.2,313.1,,
2025-07-28 04:28:21,120.93217333333334,31.804066666666667,6.2,318.5,,
2025-07-28 04:30:47,120.92866666666669,31.807166666666667,6.3,315.0,,
2025-07-28 04:33:00,120.92546666666668,31.81005,6.6,321.9,,
2025-07-28 04:35:21,120.92256,31.813423333333333,6.4,324.1,,
2025-07-28 04:37:21,120.92004,31.81627333333333,6.3,317.6,,
2025-07-28 04:39:21,120.91729333333332,31.81901333333333,6.7,323.9,,
2025-07-28 04:42:02,120.91393333333332,31.822983333333333,6.4,325.1,,
2025-07-28 04:45:47,120.9107,31.82848333333333,5.5,338.9,,
2025-07-28 04:48:21,120.90854666666668,31.83221333333333,6.1,336.5,,
2025-07-28 04:50:51,120.9062,31.83614333333333,6.2,333.6,,
2025-07-28 04:53:50,120.90418666666666,31.841203333333333,6.5,342.4,,
2025-07-28 04:55:50,120.90301333333332,31.84481333333333,6.7,344.2,,
2025-07-28 04:57:51,120.90176,31.848376666666667,6.6,345.7,,
2025-07-28 04:59:51,120.90064,31.85194,6.7,345.9,,
2025-07-28 05:01:51,120.89964,31.85556,6.6,347.6,,
2025-07-28 05:04:50,120.89810666666666,31.860826666666668,6.3,345.2,,
2025-07-28 05:07:20,120.89681333333333,31.86509,6.2,347.0,,
2025-07-28 05:09:21,120.89614666666668,31.868496666666665,6.3,356.7,,
2025-07-28 05:11:21,120.89557333333332,31.87202,6.4,351.7,,
2025-07-28 05:13:21,120.895,31.87543,6.1,349.0,,
2025-07-28 05:15:21,120.89424,31.878756666666668,6.1,346.4,,
2025-07-28 05:17:21,120.89342666666668,31.882113333333333,6.2,349.9,,
2025-07-28 05:19:21,120.89246666666666,31.88554333333333,6.2,340.3,,
2025-07-28 05:21:41,120.89125,31.889516666666665,6.5,344.7,,
2025-07-28 05:23:50,120.89009333333334,31.89327,6.3,342.2,,
2025-07-28 05:25:50,120.88876,31.89672333333333,6.4,341.7,,
2025-07-28 05:27:50,120.88750666666668,31.90019333333333,6.5,340.7,,
2025-07-28 05:29:50,120.886,31.903746666666667,7.1,341.5,,
2025-07-28 05:31:50,120.88462666666666,31.90748,7.0,339.5,,
2025-07-28 05:33:50,120.88294666666668,31.911156666666667,7.1,340.4,,
2025-07-28 05:35:50,120.88166666666666,31.914943333333333,7.1,339.4,,
2025-07-28 05:37:51,120.87988,31.91858,6.9,337.1,,
2025-07-28 05:40:20,120.87789333333332,31.923136666666668,7.0,338.7,,
2025-07-28 05:42:20,120.87628,31.92681333333333,6.9,337.6,,
2025-07-28 05:44:20,120.87465333333331,31.93026,6.4,334.6,,
2025-07-28 05:46:20,120.87278666666668,31.93347,6.6,336.0,,
2025-07-28 05:48:20,120.87106666666666,31.93686333333333,6.6,337.6,,
2025-07-28 05:50:20,120.86949333333334,31.940486666666665,7.1,342.5,,
2025-07-28 05:52:20,120.86830666666668,31.94423,6.7,347.2,,
2025-07-28 05:54:21,120.86716,31.94764,6.2,342.1,,
2025-07-28 05:56:46,120.86528333333334,31.95135,6.1,332.0,,
2025-07-28 05:59:50,120.86302666666668,31.956063333333333,5.9,345.0,,
2025-07-28 06:01:50,120.86217333333332,31.95964333333333,7.4,349.5,,
2025-07-28 06:03:50,120.86094666666666,31.963666666666665,7.5,332.5,,
2025-07-28 06:05:50,120.85818666666668,31.96718333333333,7.7,322.5,,
2025-07-28 06:07:50,120.85496,31.9706,7.8,322.5,,
2025-07-28 06:09:50,120.85189333333334,31.97407,7.9,325.2,,
2025-07-28 06:12:20,120.84769333333334,31.97845333333333,8.1,315.8,,
2025-07-28 06:14:20,120.8442,31.981636666666667,7.6,313.1,,
2025-07-28 06:16:20,120.84057333333334,31.98446333333333,7.5,308.4,,
2025-07-28 06:18:20,120.83697333333332,31.98718,7.1,312.8,,
2025-07-28 06:20:20,120.83364,31.99007333333333,7.1,318.6,,
2025-07-28 06:22:20,120.83009333333334,31.993036666666665,8.0,312.0,,
2025-07-28 06:24:20,120.82621333333331,31.99604666666667,8.0,312.5,,
2025-07-28 06:26:20,120.82272,31.999213333333334,7.8,315.6,,
2025-07-28 06:28:20,120.81886666666666,32.00254666666667,8.6,314.2,,
2025-07-28 06:30:20,120.81433333333334,32.005676666666666,8.9,303.7,,
2025-07-28 06:32:20,120.80973333333333,32.008543333333336,8.6,314.5,,
2025-07-28 06:34:20,120.80604,32.01233666666667,9.4,321.2,,
2025-07-28 06:36:20,120.80146666666668,32.01603,9.7,305.5,,
2025-07-28 06:38:22,120.797,32.01873666666667,7.0,302.1,,
2025-07-28 06:40:52,120.78998666666666,32.02150666666667,10.5,290.0,,
2025-07-28 06:42:52,120.78337333333332,32.023376666666664,10.7,288.5,,
2025-07-28 06:44:52,120.77668,32.02514333333333,10.8,286.1,,
2025-07-28 06:46:52,120.76994666666668,32.026786666666666,10.9,284.0,,
2025-07-28 06:49:22,120.76110666666666,32.02828,11.1,282.1,,
2025-07-28 06:51:22,120.75384,32.02965,11.3,283.5,,
2025-07-28 06:53:52,120.74625333333331,32.03167666666667,9.1,291.7,,
2025-07-28 06:56:18,120.74,32.03463333333333,8.1,303.2,,
2025-07-28 06:58:22,120.73772,32.03881333333333,6.4,327.2,,
2025-07-28 07:04:29,120.73745333333332,32.042296666666665,0.3,305.9,,
2025-07-28 07:07:48,120.73826666666666,32.04185,3.2,125.4,,
2025-07-28 07:15:37,120.73946666666669,32.04219666666667,1.2,39.5,,
2025-07-28 07:18:47,120.73951666666666,32.04238333333333,0.5,290.9,,
2025-07-28 07:48:47,120.73905,32.041133333333335,0.1,359.0,,
2025-07-28 08:19:22,120.73913333333331,32.04109666666667,0.0,81.1,,
2025-07-28 08:51:21,120.73913333333331,32.04112,0.1,181.2,,
2025-07-28 09:21:21,120.73912,32.04109666666667,0.0,66.0,,
2025-07-28 09:51:21,120.73916,32.04107333333334,0.0,207.4,,
2025-07-28 10:21:21,120.73914666666668,32.041066666666666,0.0,191.0,,
2025-07-28 10:54:30,120.7392,32.040933333333335,0.0,328.5,,
2025-07-28 11:27:00,120.73923333333332,32.04088333333333,0.0,131.8,,
2025-07-28 11:57:00,120.73921666666666,32.040933333333335,0.1,174.3,,
2025-07-28 12:27:00,120.73921666666666,32.04095,0.1,152.5,,
2025-07-28 12:57:00,120.7392,32.040933333333335,0.1,223.3,,
2025-07-28 13:35:34,120.73921333333334,32.04095,0.0,126.9,,
2025-07-28 14:05:34,120.7392,32.04094666666666,0.1,41.7,,
2025-07-28 14:35:34,120.7392,32.04095,0.0,345.6,,
2025-07-28 15:08:55,120.73922666666668,32.040926666666664,0.0,291.0,,
2025-07-28 15:41:55,120.73922666666668,32.04095,0.0,321.3,,
