postTime,lon,lat,sog,cog,heading,rot
2025-07-01 00:21:00,119.55356333333332,32.238485,0.0,195.0,,
2025-07-01 00:55:02,119.55293833333332,32.23809333333333,4.5,234.2,,
2025-07-01 01:01:06,119.55086666666666,32.219676666666665,11.2,178.6,,
2025-07-01 01:05:36,119.55149166666666,32.20966166666667,7.6,173.9,,
2025-07-01 01:07:38,119.55198333333334,32.21257333333333,7.8,1.5,,
2025-07-01 01:12:08,119.55160333333332,32.22195,10.7,353.8,,
2025-07-01 01:15:09,119.54573333333332,32.229663333333335,11.4,317.5,,
2025-07-01 01:17:10,119.54136,32.233398333333334,8.6,323.7,,
2025-07-01 01:21:13,119.543595,32.23191666666666,6.8,139.5,,
2025-07-01 01:23:42,119.54556333333332,32.22971833333333,6.4,147.2,,
2025-07-01 01:26:45,119.54870333333334,32.22425,6.8,162.3,,
2025-07-01 01:32:15,119.54977333333332,32.213453333333334,7.9,183.9,,
2025-07-01 01:34:18,119.55119333333332,32.20592166666667,17.2,176.1,,
2025-07-01 01:38:49,119.552145,32.206966666666666,8.5,355.3,,
2025-07-01 01:41:18,119.55205,32.20988666666667,5.7,0.1,,
2025-07-01 01:45:19,119.55183833333334,32.217905,5.7,355.7,,
2025-07-01 01:49:21,119.548915,32.225005,6.4,334.8,,
2025-07-01 02:00:26,119.54780333333332,32.227645,2.4,320.5,,
2025-07-01 02:03:57,119.544115,32.23180333333333,3.8,314.4,,
2025-07-01 02:07:00,119.54014666666669,32.234505,4.9,333.1,,
2025-07-01 02:12:00,119.54538166666669,32.22881833333334,8.9,144.6,,
2025-07-01 02:14:01,119.54810833333332,32.224381666666666,8.9,160.2,,
2025-07-01 02:16:02,119.54918333333332,32.21948666666667,7.6,174.1,,
2025-07-01 02:19:03,119.54987333333334,32.218806666666666,13.5,122.8,,
2025-07-01 02:20:34,119.55113666666666,32.21261333333333,15.3,177.7,,
2025-07-01 02:22:06,119.55178666666669,32.2075,3.6,7.7,,
2025-07-01 02:26:05,119.55278166666666,32.21265,5.2,4.8,,
2025-07-01 02:28:36,119.55155833333332,32.21876,9.9,350.8,,
2025-07-01 02:30:37,119.54991333333334,32.22430166666667,9.1,331.9,,
2025-07-01 02:33:38,119.54575833333334,32.22965166666667,8.0,328.6,,
2025-07-01 02:37:09,119.54207833333334,32.23321833333333,2.8,311.7,,
2025-07-01 02:40:40,119.54496,32.23004,8.4,143.4,,
2025-07-01 02:42:41,119.54774333333332,32.2256,8.1,158.8,,
2025-07-01 02:46:12,119.549865,32.215106666666664,13.8,175.6,,
2025-07-01 02:47:14,119.55180166666666,32.21411,13.3,357.2,,
2025-07-01 02:49:45,119.54956666666666,32.222355,7.2,329.6,,
2025-07-01 02:54:45,119.550055,32.22220333333333,2.2,314.6,,
2025-07-01 02:58:18,119.549385,32.20883833333333,13.4,184.1,,
2025-07-01 03:00:47,119.55003333333332,32.203495,9.5,170.9,,
2025-07-01 03:05:49,119.56069666666669,32.19155166666667,13.2,118.7,,
2025-07-01 03:08:20,119.571445,32.188298333333336,14.0,108.1,,
2025-07-01 03:09:20,119.57570166666666,32.18736666666667,13.3,102.4,,
2025-07-01 03:11:21,119.5843,32.186571666666666,13.0,89.9,,
2025-07-01 03:12:52,119.59071,32.186548333333334,13.0,88.9,,
2025-07-01 03:14:52,119.599275,32.18725,13.1,82.0,,
2025-07-01 03:17:22,119.60941833333334,32.189715,12.6,75.0,,
2025-07-01 03:18:22,119.61332666666668,32.190556666666666,11.8,77.9,,
2025-07-01 03:20:23,119.61905833333331,32.19285333333333,5.8,4.7,,
2025-07-01 03:22:24,119.62088166666666,32.19601,7.9,39.4,,
2025-07-01 03:28:56,119.62516666666669,32.199236666666664,0.4,297.2,,
2025-07-01 03:34:00,119.619255,32.197291666666665,10.8,231.3,,
2025-07-01 03:36:01,119.613105,32.194451666666666,9.8,254.5,,
2025-07-01 03:38:01,119.61009666666666,32.19394333333333,9.3,260.4,,
2025-07-01 03:41:02,119.60096833333331,32.19282333333334,9.4,263.5,,
2025-07-01 03:43:02,119.59443833333331,32.192335,10.7,264.0,,
2025-07-01 03:46:03,119.58401333333332,32.19126333333333,10.5,264.1,,
2025-07-01 03:48:04,119.57717833333334,32.191293333333334,10.4,275.2,,
2025-07-01 03:50:04,119.57047833333333,32.19284833333333,10.6,289.5,,
2025-07-01 03:52:05,119.56419166666667,32.195326666666666,10.4,296.7,,
2025-07-01 03:55:06,119.55577833333334,32.200223333333334,10.5,317.7,,
2025-07-01 03:57:38,119.55287,32.209756666666664,10.5,357.6,,
2025-07-01 04:00:38,119.55155666666668,32.21525833333333,10.6,330.7,,
2025-07-01 04:02:38,119.55202666666666,32.221156666666666,10.5,6.3,,
2025-07-01 04:04:39,119.55229166666666,32.227196666666664,11.3,9.1,,
2025-07-01 04:06:09,119.55388,32.23211166666667,12.2,16.6,,
2025-07-01 04:08:10,119.55513,32.23645666666667,6.1,1.7,,
2025-07-01 04:25:14,119.554185,32.23840333333333,0.0,287.3,,
2025-07-01 04:58:23,119.55418833333331,32.238405,0.0,62.2,,
2025-07-01 05:28:32,119.55418166666666,32.23840166666667,0.0,30.4,,
2025-07-01 06:04:42,119.55418333333331,32.23840666666667,0.0,123.7,,
2025-07-01 06:37:50,119.554175,32.238413333333334,0.0,7.9,,
2025-07-01 07:07:59,119.55417333333334,32.238395,0.0,135.6,,
2025-07-01 07:41:08,119.554185,32.23840166666667,0.0,72.9,,
2025-07-01 08:17:16,119.55418,32.23840166666667,0.0,124.1,,
2025-07-01 08:53:26,119.554185,32.23838833333333,0.0,310.1,,
2025-07-01 08:58:58,119.54583666666667,32.23481666666667,10.4,248.6,,
2025-07-01 09:07:30,119.54177166666666,32.23308333333333,10.5,144.1,,
2025-07-01 09:09:30,119.54625166666666,32.227713333333334,13.4,151.3,,
2025-07-01 09:12:01,119.54967333333332,32.219386666666665,11.2,177.2,,
2025-07-01 09:13:31,119.549695,32.214103333333334,13.9,181.1,,
2025-07-01 09:16:02,119.54949333333332,32.205055,12.4,175.1,,
2025-07-01 09:17:32,119.55093333333332,32.200515,9.9,160.0,,
2025-07-01 09:20:33,119.55480333333334,32.194975,6.7,143.2,,
2025-07-01 09:22:03,119.55893666666668,32.192098333333334,13.7,125.1,,
2025-07-01 09:23:04,119.56324,32.190131666666666,14.9,113.2,,
2025-07-01 09:24:05,119.572635,32.18783166666667,13.9,104.1,,
2025-07-01 09:26:36,119.58348166666669,32.18678,12.3,92.8,,
2025-07-01 09:29:05,119.58931833333334,32.18667666666666,10.4,90.1,,
2025-07-01 09:31:06,119.595335,32.187216666666664,9.8,82.5,,
2025-07-01 09:34:06,119.60635833333332,32.189038333333336,12.8,76.0,,
2025-07-01 09:36:07,119.614555,32.19094833333333,11.8,76.9,,
2025-07-01 09:39:08,119.61290166666667,32.192946666666664,7.8,267.0,,
2025-07-01 09:41:09,119.60801333333332,32.19314333333333,7.5,278.9,,
2025-07-01 09:44:10,119.59956333333334,32.19325166666667,9.0,262.0,,
2025-07-01 09:46:10,119.59373833333332,32.192365,8.9,264.0,,
2025-07-01 09:48:11,119.58792166666667,32.19161666666667,8.9,262.7,,
2025-07-01 09:51:13,119.57917166666668,32.190983333333335,8.7,268.2,,
2025-07-01 09:53:13,119.57359833333334,32.192373333333336,9.0,290.8,,
2025-07-01 09:56:14,119.56549666666666,32.195591666666665,9.0,301.8,,
2025-07-01 09:58:15,119.560255,32.19799166666667,9.0,300.2,,
2025-07-01 10:01:46,119.55294833333332,32.203916666666665,8.1,337.5,,
2025-07-01 10:03:46,119.55129166666669,32.208155,8.6,332.6,,
2025-07-01 10:06:47,119.54783166666668,32.21411,7.1,351.7,,
2025-07-01 10:09:48,119.546925,32.220825,8.6,349.5,,
2025-07-01 10:12:49,119.54495833333333,32.225076666666666,2.8,325.1,,
2025-07-01 10:16:20,119.54473833333331,32.225316666666664,0.3,121.5,,
2025-07-01 10:23:22,119.54229,32.228966666666665,4.4,310.5,,
2025-07-01 10:30:25,119.538025,32.23285333333333,0.2,349.0,,
2025-07-01 10:45:30,119.53896666666668,32.23538666666666,1.4,342.0,,
2025-07-01 10:48:30,119.54072666666669,32.233851666666666,9.5,140.1,,
2025-07-01 10:51:29,119.54600166666668,32.22755333333333,12.3,145.9,,
2025-07-01 10:53:30,119.54939666666668,32.223618333333334,5.6,108.5,,
2025-07-01 10:57:00,119.54928833333334,32.22177166666667,5.3,174.3,,
2025-07-01 11:01:30,119.54933833333334,32.20983,14.5,184.5,,
2025-07-01 11:02:30,119.54928666666666,32.205765,14.7,176.9,,
2025-07-01 11:03:30,119.55020166666668,32.201766666666664,14.8,165.8,,
2025-07-01 11:06:31,119.55767,32.19256166666667,13.5,126.6,,
2025-07-01 11:08:01,119.56345833333332,32.189733333333336,14.0,112.9,,
2025-07-01 11:09:01,119.56788,32.18859833333333,14.2,105.4,,
2025-07-01 11:11:01,119.57704166666667,32.18687833333333,14.2,98.8,,
2025-07-01 11:12:02,119.581525,32.18672333333333,13.6,89.7,,
2025-07-01 11:13:31,119.58822833333332,32.18649666666666,13.7,91.6,,
2025-07-01 11:14:31,119.59268833333331,32.18667166666667,13.6,85.6,,
2025-07-01 11:15:31,119.597055,32.187216666666664,13.3,78.5,,
2025-07-01 11:16:31,119.6014,32.188091666666665,13.8,74.4,,
2025-07-01 11:18:02,119.60787833333332,32.189571666666666,13.1,76.6,,
2025-07-01 11:19:32,119.613955,32.19067833333333,12.1,74.7,,
2025-07-01 11:23:31,119.61199666666668,32.19323833333333,8.7,269.6,,
2025-07-01 11:25:31,119.60632666666666,32.193158333333336,8.9,268.6,,
2025-07-01 11:28:31,119.59706666666666,32.192546666666665,9.9,265.1,,
2025-07-01 11:31:02,119.58869,32.19171333333333,10.4,265.3,,
2025-07-01 11:35:02,119.57537833333332,32.19139333333333,9.9,275.4,,
2025-07-01 11:37:32,119.56785166666668,32.19392833333333,10.0,296.9,,
2025-07-01 11:40:02,119.56078666666669,32.19743166666667,10.0,301.8,,
2025-07-01 11:42:02,119.55537833333334,32.200736666666664,10.3,314.9,,
2025-07-01 11:44:33,119.55274,32.206943333333335,9.8,356.6,,
2025-07-01 11:47:02,119.55244166666668,32.21362833333333,9.7,356.5,,
2025-07-01 11:51:03,119.55201333333332,32.22461666666667,10.4,354.5,,
2025-07-01 11:53:03,119.55407833333334,32.23051,11.7,25.4,,
2025-07-01 11:55:03,119.55503166666666,32.235623333333336,6.5,356.1,,
2025-07-01 12:00:35,119.55417333333334,32.238405,0.0,295.6,,
2025-07-01 12:39:41,119.55418166666666,32.23838666666666,0.0,67.5,,
2025-07-01 13:30:48,119.55417666666666,32.238393333333335,0.0,210.7,,
2025-07-01 14:00:51,119.55418333333331,32.23838833333333,0.0,59.6,,
2025-07-01 14:30:55,119.554175,32.238391666666665,0.0,216.0,,
2025-07-01 15:00:59,119.554185,32.238398333333336,0.0,251.7,,
2025-07-01 15:31:03,119.55418333333331,32.238393333333335,0.0,267.2,,
2025-07-01 16:01:07,119.554175,32.23838833333333,0.0,288.6,,
2025-07-01 16:33:12,119.55417833333334,32.238391666666665,0.0,53.2,,
2025-07-01 17:03:16,119.55417333333334,32.23839666666667,0.0,66.1,,
2025-07-01 17:34:18,119.55417666666666,32.23840166666667,0.0,35.6,,
2025-07-01 18:22:24,119.55417166666666,32.238395,0.0,18.7,,
2025-07-01 19:06:32,119.55417,32.238391666666665,0.0,351.6,,
2025-07-01 19:36:37,119.55418833333331,32.23840333333333,0.0,203.3,,
2025-07-01 20:13:43,119.554175,32.238391666666665,0.0,237.3,,
2025-07-01 20:43:55,119.55419333333332,32.238393333333335,0.0,245.9,,
2025-07-01 21:20:08,119.55417,32.238393333333335,0.0,7.3,,
2025-07-01 21:50:19,119.55417666666666,32.23838333333333,0.0,189.6,,
2025-07-01 22:23:31,119.55419,32.23838833333333,0.0,147.3,,
2025-07-01 23:02:46,119.55419333333332,32.238385,0.0,285.1,,
2025-07-01 23:32:59,119.55419666666668,32.238395,0.0,27.9,,
2025-07-02 00:03:17,119.55419,32.23838666666666,0.0,222.3,,
2025-07-02 00:43:28,119.55418166666666,32.238391666666665,0.0,319.7,,
2025-07-02 01:13:34,119.55417833333334,32.2384,0.0,60.3,,
2025-07-02 01:52:40,119.55418333333331,32.2384,0.0,28.0,,
2025-07-02 02:28:46,119.55418166666666,32.23840333333333,0.0,274.4,,
2025-07-02 02:45:49,119.54655166666667,32.23652,7.5,245.7,,
2025-07-02 02:48:20,119.54403166666668,32.234586666666665,2.3,180.7,,
2025-07-02 02:54:53,119.54010333333332,32.23443833333334,4.4,312.7,,
2025-07-02 03:01:25,119.54116833333332,32.23324,8.2,140.6,,
2025-07-02 03:03:58,119.54582,32.22831166666667,9.4,143.4,,
2025-07-02 03:06:24,119.54861166666667,32.22276,7.3,167.1,,
2025-07-02 03:08:24,119.54932833333334,32.21937,6.6,173.3,,
2025-07-02 03:11:25,119.549595,32.211075,12.6,183.7,,
2025-07-02 03:12:56,119.54943333333334,32.20554,13.3,175.3,,
2025-07-02 03:14:27,119.55088166666668,32.20005833333333,13.4,163.3,,
2025-07-02 03:20:29,119.57231,32.18877,13.9,102.4,,
2025-07-02 03:22:29,119.58134166666666,32.187738333333336,13.5,94.9,,
2025-07-02 03:25:30,119.59042166666669,32.189645,4.4,327.6,,
2025-07-02 03:29:32,119.58188333333334,32.19009,8.9,274.7,,
2025-07-02 03:31:34,119.57617666666668,32.190308333333334,8.5,275.2,,
2025-07-02 03:33:35,119.5706,32.191253333333336,8.7,281.4,,
2025-07-02 03:35:36,119.56497666666668,32.19231833333333,8.7,281.8,,
2025-07-02 03:38:58,119.55713666666666,32.19638,7.0,306.0,,
2025-07-02 03:44:30,119.55495,32.19694,4.4,72.4,,
2025-07-02 03:49:01,119.55335,32.201753333333336,5.4,352.7,,
2025-07-02 03:51:32,119.55406666666669,32.19654166666667,16.0,146.3,,
2025-07-02 03:52:33,119.55762666666666,32.19325,15.8,133.5,,
2025-07-02 03:54:33,119.56125166666666,32.19031,2.6,179.3,,
2025-07-02 04:07:08,119.56181833333332,32.190085,0.6,94.9,,
2025-07-02 04:16:41,119.55879166666666,32.19148833333333,1.6,119.4,,
2025-07-02 04:19:42,119.55984833333332,32.191098333333336,1.2,90.4,,
2025-07-02 04:22:43,119.561375,32.190685,1.9,112.0,,
2025-07-02 04:28:16,119.57416333333332,32.187936666666666,14.7,96.1,,
2025-07-02 04:29:46,119.58143,32.18745666666667,14.9,93.0,,
2025-07-02 04:32:47,119.59519666666668,32.187958333333334,13.4,82.2,,
2025-07-02 04:33:48,119.59966166666666,32.18826166666667,13.5,84.6,,
2025-07-02 04:35:48,119.60746166666668,32.18973,12.3,79.0,,
2025-07-02 04:36:49,119.61164166666669,32.190673333333336,12.3,73.5,,
2025-07-02 04:38:49,119.61637333333331,32.192373333333336,5.0,41.6,,
2025-07-02 04:42:51,119.61497,32.192766666666664,5.7,264.1,,
2025-07-02 04:44:52,119.609785,32.1915,8.9,253.0,,
2025-07-02 04:46:53,119.60409666666666,32.19061166666667,9.0,265.6,,
2025-07-02 04:48:54,119.598605,32.189095,6.8,241.8,,
2025-07-02 04:50:54,119.60265166666667,32.188116666666666,9.0,85.1,,
2025-07-02 04:53:25,119.610665,32.189616666666666,9.4,76.4,,
2025-07-02 04:57:26,119.61629,32.19070833333333,6.2,272.3,,
2025-07-02 05:02:28,119.61367833333334,32.18985833333333,0.8,106.7,,
2025-07-02 05:05:30,119.61451666666666,32.19003166666667,1.0,80.2,,
2025-07-02 05:09:01,119.611655,32.189355,1.9,250.2,,
2025-07-02 05:12:03,119.60851666666667,32.188581666666664,3.0,251.7,,
2025-07-02 05:16:04,119.60653,32.18794833333333,3.0,254.1,,
2025-07-02 05:20:06,119.602285,32.1872,3.3,258.0,,
2025-07-02 05:24:37,119.60078833333333,32.186815,1.1,258.6,,
2025-07-02 05:27:38,119.600415,32.186391666666665,0.3,89.5,,
2025-07-02 05:30:39,119.60120833333332,32.186885,0.6,47.5,,
2025-07-02 05:33:40,119.60149666666666,32.18685833333333,0.6,102.8,,
2025-07-02 05:39:42,119.600845,32.18792833333333,1.2,68.1,,
2025-07-02 05:45:45,119.60115,32.18837166666667,3.4,82.2,,
2025-07-02 05:49:45,119.60984333333332,32.189881666666665,7.2,72.3,,
2025-07-02 05:51:47,119.61489166666668,32.19129,10.3,67.2,,
2025-07-02 05:55:48,119.61372666666666,32.191715,3.5,240.4,,
2025-07-02 06:02:21,119.61607,32.190965,5.7,86.8,,
2025-07-02 06:05:22,119.61505666666666,32.192805,5.3,257.3,,
2025-07-02 06:08:23,119.607675,32.19128333333333,7.5,262.6,,
2025-07-02 06:11:25,119.60017333333332,32.190711666666665,7.6,263.4,,
2025-07-02 06:15:26,119.59020166666669,32.190261666666665,7.3,265.7,,
2025-07-02 06:17:57,119.58423666666668,32.19009666666667,7.2,273.1,,
2025-07-02 06:19:58,119.578955,32.190235,8.7,270.6,,
2025-07-02 06:22:28,119.57083666666666,32.190976666666664,9.1,285.9,,
2025-07-02 06:24:29,119.56665666666666,32.192215,5.5,293.3,,
2025-07-02 06:28:00,119.56206333333331,32.19457333333333,5.4,310.2,,
2025-07-02 06:31:02,119.558205,32.19654666666667,5.6,303.5,,
2025-07-02 06:34:03,119.55466833333334,32.19999,5.6,329.0,,
2025-07-02 06:38:33,119.552195,32.208443333333335,10.6,359.6,,
2025-07-02 06:42:04,119.55178166666668,32.21870666666667,10.0,357.4,,
2025-07-02 06:44:34,119.55037666666666,32.22463,8.1,321.5,,
2025-07-02 06:46:35,119.54826833333334,32.22687333333333,3.5,330.9,,
2025-07-02 06:49:06,119.54638,32.229441666666666,8.3,305.8,,
2025-07-02 06:51:37,119.541925,32.22969166666667,1.1,284.1,,
2025-07-02 06:54:38,119.539745,32.23208,4.4,323.9,,
2025-07-02 06:59:10,119.53950166666668,32.23603166666667,3.3,30.5,,
2025-07-02 07:02:41,119.53955166666668,32.235838333333334,0.1,171.6,,
2025-07-02 07:05:41,119.53952166666669,32.23571666666667,0.9,309.0,,
2025-07-02 07:09:42,119.54116,32.233555,8.7,137.5,,
2025-07-02 07:11:43,119.54544666666666,32.22891,10.5,143.3,,
2025-07-02 07:14:13,119.54894166666666,32.22450833333333,3.2,87.9,,
2025-07-02 07:19:15,119.54945166666668,32.220621666666666,7.2,173.0,,
2025-07-02 07:21:16,119.54983,32.216535,7.2,176.5,,
2025-07-02 07:25:47,119.55149666666668,32.198973333333335,14.8,154.9,,
2025-07-02 07:28:48,119.56112166666666,32.19080666666667,13.7,119.3,,
2025-07-02 07:29:48,119.56476333333332,32.18977666666667,10.4,106.2,,
2025-07-02 07:32:50,119.57669833333334,32.18786166666667,14.5,101.0,,
2025-07-02 07:34:50,119.5861,32.18715,14.1,89.7,,
2025-07-02 07:35:50,119.59058833333332,32.18711833333333,13.6,89.8,,
2025-07-02 07:36:51,119.59489,32.18736166666667,12.8,86.3,,
2025-07-02 07:37:51,119.59935,32.18774333333333,13.6,83.4,,
2025-07-02 07:38:52,119.60367333333332,32.188431666666666,12.9,77.3,,
2025-07-02 07:39:52,119.60755,32.18928,12.2,75.6,,
2025-07-02 07:40:52,119.61123166666668,32.19014833333333,10.7,73.3,,
2025-07-02 07:43:23,119.61606833333332,32.19058166666667,3.4,239.2,,
2025-07-02 07:45:54,119.61168166666668,32.19086166666666,7.0,285.5,,
2025-07-02 07:49:26,119.603665,32.191105,7.1,265.4,,
2025-07-02 07:51:56,119.597925,32.1906,7.0,266.6,,
2025-07-02 07:56:28,119.59295833333331,32.18876,4.2,216.4,,
2025-07-02 08:01:30,119.591985,32.187675,0.2,297.1,,
2025-07-02 08:04:31,119.59344833333331,32.187623333333335,1.7,98.4,,
2025-07-02 08:07:32,119.59478666666666,32.187493333333336,0.7,81.5,,
2025-07-02 08:13:34,119.59599833333333,32.187113333333336,0.6,104.4,,
2025-07-02 08:18:05,119.60560166666669,32.18871,8.2,74.4,,
2025-07-02 08:20:07,119.61109166666668,32.190043333333335,8.7,75.9,,
2025-07-02 08:22:37,119.61658666666666,32.19222166666667,4.0,0.3,,
2025-07-02 08:27:09,119.609505,32.19141833333333,6.8,264.1,,
2025-07-02 08:30:09,119.60341,32.18919666666667,5.8,251.9,,
2025-07-02 08:33:11,119.59984,32.18812833333333,3.8,248.1,,
2025-07-02 08:40:44,119.60545,32.188401666666664,7.1,75.2,,
2025-07-02 08:43:15,119.61223666666666,32.19032833333333,8.3,74.0,,
2025-07-02 08:48:17,119.611925,32.191853333333334,5.3,263.7,,
2025-07-02 08:52:19,119.60433166666668,32.19023166666667,4.3,239.6,,
2025-07-02 09:02:22,119.60601166666666,32.18873333333333,8.1,76.7,,
2025-07-02 09:04:23,119.61108333333334,32.18998333333333,7.3,72.4,,
2025-07-02 09:06:53,119.61687833333332,32.191085,5.3,97.5,,
2025-07-02 09:09:25,119.61023,32.19038333333334,9.1,285.7,,
2025-07-02 09:11:25,119.60425333333332,32.192135,9.4,284.3,,
2025-07-02 09:13:26,119.59813666666666,32.19241666666667,9.5,270.3,,
2025-07-02 09:15:27,119.59183,32.191875,9.8,263.0,,
2025-07-02 09:17:58,119.58381833333334,32.19092666666667,9.8,260.9,,
2025-07-02 09:19:58,119.57746166666666,32.191203333333334,9.7,282.7,,
2025-07-02 09:23:30,119.56685666666668,32.19482166666667,9.9,292.8,,
2025-07-02 09:25:31,119.56067166666666,32.197541666666666,11.3,299.1,,
2025-07-02 09:29:02,119.552155,32.205025,10.3,350.8,,
2025-07-02 09:31:32,119.55273,32.212738333333334,11.4,4.3,,
2025-07-02 09:33:33,119.5526,32.21911333333333,11.2,358.6,,
2025-07-02 09:35:33,119.55192,32.225475,11.6,2.8,,
2025-07-02 09:38:34,119.554915,32.234985,7.7,9.3,,
2025-07-02 09:41:35,119.55387166666668,32.23838833333333,1.9,310.7,,
2025-07-02 09:47:36,119.55385166666667,32.238413333333334,0.0,331.4,,
2025-07-02 10:17:43,119.55385666666666,32.23842833333333,0.0,291.7,,
2025-07-02 10:50:48,119.55386666666666,32.238413333333334,0.0,75.0,,
2025-07-02 11:20:54,119.553855,32.23840666666667,0.0,180.1,,
2025-07-02 11:50:57,119.55388166666668,32.238416666666666,0.0,10.5,,
2025-07-02 12:24:00,119.55385833333334,32.238413333333334,0.0,236.7,,
2025-07-02 12:57:04,119.55385166666667,32.23838833333333,0.0,173.2,,
2025-07-02 13:30:08,119.553855,32.2384,0.0,38.3,,
2025-07-02 14:03:14,119.55384666666669,32.2384,0.0,93.0,,
2025-07-02 14:33:19,119.553855,32.23840666666667,0.0,242.4,,
2025-07-02 15:03:23,119.55386333333334,32.23841,0.0,325.9,,
2025-07-02 15:33:27,119.55385666666666,32.238398333333336,0.0,214.7,,
2025-07-02 16:03:30,119.55386833333333,32.23841,0.0,264.6,,
2025-07-02 16:36:35,119.55387333333331,32.238413333333334,0.0,64.7,,
2025-07-02 17:06:39,119.55387166666668,32.23840166666667,0.0,103.8,,
2025-07-02 17:36:43,119.55386666666666,32.23840333333333,0.0,273.1,,
2025-07-02 18:06:49,119.55385833333334,32.2384,0.0,277.2,,
2025-07-02 18:36:54,119.55387166666668,32.2384,0.0,161.3,,
2025-07-02 19:07:00,119.553865,32.238393333333335,0.1,266.3,,
2025-07-02 19:43:05,119.553865,32.238416666666666,0.0,350.6,,
2025-07-02 20:16:10,119.55386,32.23840166666667,0.0,298.6,,
2025-07-02 20:46:16,119.55387166666668,32.23840833333333,0.1,254.2,,
2025-07-02 21:16:27,119.55386,32.238398333333336,0.0,95.6,,
2025-07-02 21:55:42,119.55386,32.23840833333333,0.0,71.9,,
2025-07-02 22:10:47,119.54984666666668,32.22446333333333,10.9,170.4,,
2025-07-02 22:12:48,119.55052666666668,32.218666666666664,10.3,177.6,,
2025-07-02 22:15:19,119.5503,32.211198333333336,11.0,183.7,,
2025-07-02 22:17:50,119.55024333333331,32.20323833333333,11.5,173.2,,
2025-07-02 22:21:51,119.556285,32.19367333333334,9.7,129.0,,
2025-07-02 22:23:52,119.56185,32.19096666666667,10.0,114.5,,
2025-07-02 22:26:23,119.56986666666668,32.188808333333334,10.5,103.2,,
2025-07-02 22:29:24,119.58010333333333,32.18767,10.4,91.4,,
2025-07-02 22:35:27,119.60105833333331,32.18869,10.0,81.5,,
2025-07-02 22:42:30,119.61863,32.19291,4.0,68.9,,
2025-07-02 22:45:31,119.62091833333334,32.193736666666666,1.6,73.7,,
2025-07-02 22:58:36,119.61437166666668,32.19233666666667,3.6,258.1,,
2025-07-02 23:05:39,119.59923,32.190718333333336,9.9,267.1,,
2025-07-02 23:07:40,119.59273333333331,32.190385,9.8,266.0,,
2025-07-02 23:09:41,119.58641166666666,32.19000833333333,9.5,267.1,,
2025-07-02 23:11:41,119.58019,32.18984666666667,9.5,270.2,,
2025-07-02 23:16:13,119.56578,32.1929,11.7,301.3,,
2025-07-02 23:18:14,119.55930333333332,32.196443333333335,12.0,305.7,,
2025-07-02 23:20:45,119.55297666666668,32.20278666666667,12.0,333.8,,
2025-07-02 23:21:45,119.55214,32.20595333333333,11.6,358.0,,
2025-07-02 23:26:47,119.55220666666666,32.21935,9.2,0.5,,
2025-07-02 23:30:48,119.55099166666666,32.225116666666665,12.8,200.5,,
2025-07-02 23:32:19,119.550665,32.21973,12.4,182.1,,
2025-07-02 23:33:19,119.55033333333331,32.21624666666666,12.5,184.4,,
2025-07-02 23:34:50,119.55026666666669,32.21083,13.3,182.0,,
2025-07-02 23:36:50,119.55007666666668,32.20330333333333,13.6,177.4,,
2025-07-02 23:41:53,119.556525,32.190445,1.0,211.2,,
2025-07-02 23:44:54,119.55650333333334,32.190423333333335,0.0,88.2,,
2025-07-03 00:27:11,119.55650166666666,32.190418333333334,0.0,2.3,,
2025-07-03 01:03:26,119.55649166666667,32.190425,0.0,55.5,,
2025-07-03 01:30:37,119.5836,32.18772166666667,15.3,90.7,,
2025-07-03 01:35:08,119.60575333333334,32.18975,14.9,78.9,,
2025-07-03 01:41:41,119.61534166666668,32.192735,5.6,254.3,,
2025-07-03 01:43:41,119.61187,32.19200166666667,8.6,259.8,,
2025-07-03 01:46:13,119.60496666666668,32.19122,7.8,266.2,,
2025-07-03 01:51:14,119.61402833333334,32.191856666666666,6.0,53.5,,
2025-07-03 01:54:47,119.60921833333332,32.19144,4.2,269.0,,
2025-07-03 01:57:47,119.60416166666668,32.191136666666665,7.1,256.4,,
2025-07-03 02:01:48,119.60967166666669,32.191246666666665,3.7,313.6,,
2025-07-03 02:05:50,119.60351166666666,32.19087,9.3,262.4,,
2025-07-03 02:07:51,119.59604,32.19038166666667,11.7,266.4,,
2025-07-03 02:10:22,119.58639833333334,32.18966666666667,11.6,263.0,,
2025-07-03 02:13:23,119.57545833333332,32.19054,12.3,281.5,,
2025-07-03 02:14:53,119.56940333333333,32.19163,12.4,282.4,,
2025-07-03 02:15:54,119.56539666666669,32.192433333333334,12.5,286.1,,
2025-07-03 02:17:54,119.5598,32.19501,9.5,301.5,,
2025-07-03 02:19:55,119.55532166666669,32.19791333333333,6.3,325.4,,
2025-07-03 02:24:56,119.55427666666668,32.19988333333333,2.0,297.2,,
2025-07-03 02:27:58,119.55253166666668,32.20303,7.6,349.2,,
2025-07-03 02:29:59,119.55197333333334,32.207438333333336,8.0,355.4,,
2025-07-03 02:33:00,119.552205,32.214508333333335,9.5,2.0,,
2025-07-03 02:35:00,119.55178833333332,32.2196,9.0,350.6,,
2025-07-03 02:37:01,119.55125,32.22533333333333,10.5,1.7,,
2025-07-03 02:39:02,119.5538,32.231465,12.4,20.6,,
2025-07-03 02:41:03,119.55452666666666,32.236711666666665,6.6,1.1,,
2025-07-03 02:46:34,119.55386833333333,32.238475,0.0,299.2,,
2025-07-03 03:17:41,119.54845666666668,32.23855666666667,10.5,276.3,,
2025-07-03 03:25:13,119.53720833333334,32.237585,15.6,134.7,,
2025-07-03 03:30:15,119.54263833333331,32.232025,10.9,140.9,,
2025-07-03 03:32:15,119.54682,32.22654166666667,11.5,150.0,,
2025-07-03 03:35:16,119.54919833333334,32.218473333333336,10.1,177.2,,
2025-07-03 03:37:47,119.54894833333331,32.210335,13.4,189.0,,
2025-07-03 03:38:47,119.54914,32.20646,14.1,177.8,,
2025-07-03 03:39:47,119.54970166666666,32.202571666666664,13.6,167.3,,
2025-07-03 03:40:48,119.55139166666666,32.19916166666667,13.3,154.5,,
2025-07-03 03:41:48,119.55377333333334,32.196375,11.4,141.0,,
2025-07-03 03:44:49,119.56205333333334,32.19076833333333,10.7,114.1,,
2025-07-03 03:46:50,119.56905666666668,32.188835,11.5,105.5,,
2025-07-03 03:48:21,119.575145,32.18772333333333,13.1,101.1,,
2025-07-03 03:49:51,119.58129666666666,32.18698333333333,12.3,97.6,,
2025-07-03 03:51:22,119.58730333333334,32.18668666666667,11.9,90.1,,
2025-07-03 03:52:52,119.59325,32.18698,12.0,86.2,,
2025-07-03 03:53:52,119.597105,32.187095,11.0,93.4,,
2025-07-03 03:57:54,119.59348666666666,32.18622333333333,5.1,265.0,,
2025-07-03 04:00:54,119.58886833333334,32.186278333333334,4.6,273.5,,
2025-07-03 04:04:56,119.58232666666666,32.186083333333336,4.7,270.9,,
2025-07-03 04:16:31,119.578915,32.18633833333333,0.1,177.3,,
2025-07-03 04:19:32,119.57808333333334,32.18631166666667,0.5,281.4,,
2025-07-03 04:25:34,119.575865,32.186661666666666,0.5,93.8,,
2025-07-03 04:28:35,119.57463333333334,32.18686,3.8,288.9,,
2025-07-03 04:32:07,119.57243166666666,32.18737,2.7,297.8,,
2025-07-03 04:35:37,119.57285666666668,32.18765333333333,0.5,49.9,,
2025-07-03 04:38:38,119.57351333333334,32.18760833333333,0.2,227.4,,
2025-07-03 04:41:40,119.57356666666666,32.187155,0.7,246.2,,
2025-07-03 04:44:41,119.57409833333334,32.186745,1.6,118.5,,
2025-07-03 04:47:42,119.57391666666666,32.18667166666667,0.8,293.0,,
2025-07-03 04:52:46,119.57283833333334,32.186856666666664,2.1,11.3,,
2025-07-03 04:55:46,119.58050666666666,32.187776666666664,13.1,88.4,,
2025-07-03 04:58:16,119.59131,32.187781666666666,12.7,90.9,,
2025-07-03 04:59:17,119.59558666666666,32.18794833333333,12.8,85.3,,
2025-07-03 05:00:17,119.59977333333332,32.18833,12.7,82.7,,
2025-07-03 05:03:19,119.61217833333332,32.189675,11.4,81.5,,
2025-07-03 05:05:20,119.61697833333334,32.18997666666667,3.8,94.1,,
2025-07-03 05:08:51,119.61727333333332,32.18954333333333,0.0,133.4,,
2025-07-03 05:40:03,119.62002833333334,32.19365166666667,2.3,27.4,,
2025-07-03 05:45:07,119.61028166666668,32.191806666666665,8.1,254.4,,
2025-07-03 05:48:06,119.60499,32.191203333333334,8.3,267.4,,
2025-07-03 05:51:08,119.596455,32.190578333333335,9.2,266.0,,
2025-07-03 05:53:09,119.59071,32.190485,8.9,267.2,,
2025-07-03 05:56:10,119.58158,32.190243333333335,9.4,270.1,,
2025-07-03 05:58:41,119.57405833333333,32.190395,9.3,275.9,,
2025-07-03 06:02:11,119.56606166666668,32.19148833333333,6.9,275.5,,
2025-07-03 06:08:43,119.57543166666666,32.18754333333333,14.9,94.3,,
2025-07-03 06:09:43,119.58036,32.187331666666665,15.0,91.7,,
2025-07-03 06:12:14,119.59226333333334,32.187128333333334,13.2,90.4,,
2025-07-03 06:14:45,119.60254,32.18818666666667,11.4,82.1,,
2025-07-03 06:16:46,119.60894166666668,32.18940166666667,9.8,72.8,,
2025-07-03 06:19:47,119.61915,32.191586666666666,13.7,80.3,,
2025-07-03 06:20:47,119.62385833333332,32.19221,14.7,82.7,,
2025-07-03 06:21:48,119.62878833333332,32.19311166666667,15.3,75.5,,
2025-07-03 06:22:48,119.62385833333332,32.19221,14.7,82.7,,
2025-07-03 06:24:49,119.64236833333334,32.198188333333334,14.9,64.2,,
2025-07-03 06:26:19,119.64836833333334,32.20166833333333,14.8,47.9,,
2025-07-03 06:27:20,119.65103833333332,32.20511166666667,14.6,30.7,,
2025-07-03 06:28:20,119.65375833333331,32.20849833333333,14.8,37.5,,
2025-07-03 06:29:21,119.65680166666668,32.211553333333335,12.5,39.2,,
2025-07-03 06:32:23,119.661005,32.21575833333333,2.0,118.5,,
2025-07-03 06:35:23,119.66105666666668,32.21559833333333,0.0,116.1,,
2025-07-03 07:05:37,119.66106833333332,32.215601666666664,0.0,300.0,,
2025-07-03 07:16:12,119.656955,32.213125,9.2,226.1,,
2025-07-03 07:18:43,119.65284,32.20917333333333,7.6,216.0,,
2025-07-03 07:20:45,119.64906666666668,32.205996666666664,9.0,224.8,,
2025-07-03 07:23:15,119.64498666666668,32.204541666666664,9.5,255.1,,
2025-07-03 07:25:46,119.634875,32.200495,9.5,247.8,,
2025-07-03 07:27:48,119.62894333333334,32.19860333333333,9.6,249.2,,
2025-07-03 07:30:18,119.62164666666666,32.19609333333333,10.0,244.6,,
2025-07-03 07:32:19,119.61514333333334,32.19434833333333,9.7,252.0,,
2025-07-03 07:34:20,119.60948333333332,32.193441666666665,8.7,264.4,,
2025-07-03 07:36:50,119.60226,32.19275,9.1,260.9,,
2025-07-03 07:38:51,119.59622666666668,32.192305,9.4,262.2,,
2025-07-03 07:41:24,119.58830666666668,32.19151333333333,9.6,260.7,,
2025-07-03 07:43:54,119.58063666666666,32.190855,9.5,272.6,,
2025-07-03 07:47:56,119.56851833333332,32.193918333333336,9.6,296.2,,
2025-07-03 07:49:56,119.56298666666666,32.19641333333333,9.4,297.3,,
2025-07-03 07:52:28,119.55632666666666,32.200145,9.9,306.1,,
2025-07-03 07:54:28,119.55320666666668,32.20446833333333,9.5,348.8,,
2025-07-03 07:56:29,119.552645,32.209711666666664,9.3,356.9,,
2025-07-03 07:59:01,119.55225,32.216256666666666,9.3,352.3,,
2025-07-03 08:01:32,119.551295,32.22277833333333,9.6,352.2,,
2025-07-03 08:04:03,119.553075,32.22981,11.5,21.8,,
2025-07-03 08:08:05,119.554475,32.23781,4.1,332.7,,
2025-07-03 08:39:38,119.55387166666668,32.238463333333335,0.0,325.3,,
2025-07-03 09:09:40,119.55387166666668,32.23848,0.0,93.8,,
2025-07-03 09:45:42,119.55387,32.23846,0.0,257.6,,
2025-07-03 10:15:44,119.55387166666668,32.238476666666664,0.0,305.2,,
2025-07-03 10:54:46,119.55387166666668,32.23846833333333,0.0,334.3,,
2025-07-03 11:24:48,119.55386833333333,32.23847333333333,0.0,335.8,,
2025-07-03 12:03:49,119.55388833333332,32.238455,0.0,225.1,,
2025-07-03 12:33:51,119.55387833333332,32.23847,0.0,24.0,,
2025-07-03 13:09:54,119.553875,32.23846,0.0,33.2,,
2025-07-03 13:39:56,119.553885,32.238463333333335,0.0,46.9,,
2025-07-03 14:15:00,119.55386833333333,32.238458333333334,0.0,81.3,,
2025-07-03 14:52:01,119.55386833333333,32.238461666666666,0.0,52.5,,
2025-07-03 15:25:03,119.55387166666668,32.238458333333334,0.0,320.9,,
2025-07-03 15:55:06,119.55386666666666,32.23845333333333,0.0,273.9,,
2025-07-03 16:31:09,119.55387833333332,32.238456666666664,0.0,199.4,,
2025-07-03 17:01:11,119.55387333333331,32.238463333333335,0.1,275.7,,
2025-07-03 17:34:13,119.55386333333334,32.238461666666666,0.0,215.1,,
2025-07-03 18:04:16,119.55386166666666,32.238458333333334,0.1,261.0,,
2025-07-03 18:43:18,119.55387166666668,32.23845333333333,0.0,162.2,,
2025-07-03 19:13:19,119.55386166666666,32.23846833333333,0.0,247.8,,
2025-07-03 19:43:21,119.55386333333334,32.23846,0.0,180.3,,
2025-07-03 20:16:22,119.55388666666668,32.23846,0.0,104.0,,
2025-07-03 20:55:24,119.55388833333332,32.238461666666666,0.0,211.0,,
2025-07-03 21:25:34,119.55387833333332,32.23846,0.0,138.6,,
2025-07-03 22:04:49,119.55387166666668,32.238443333333336,0.0,182.9,,
2025-07-03 22:38:02,119.55388,32.23845166666667,0.0,303.9,,
2025-07-03 23:01:11,119.55034833333332,32.23099833333333,12.6,185.3,,
2025-07-03 23:02:11,119.54987833333334,32.227486666666664,13.0,186.8,,
2025-07-03 23:03:12,119.54960166666666,32.223705,13.4,184.3,,
2025-07-03 23:09:45,119.55199666666668,32.20467333333333,2.1,142.8,,
2025-07-03 23:13:16,119.55244,32.2041,3.2,344.5,,
2025-07-03 23:15:16,119.552105,32.20689,6.8,355.7,,
2025-07-03 23:17:17,119.55204666666668,32.21183,10.0,357.3,,
2025-07-03 23:19:17,119.55182166666668,32.217345,10.1,359.5,,
2025-07-03 23:21:48,119.550355,32.22450833333333,10.4,349.4,,
2025-07-03 23:27:51,119.55046833333331,32.218226666666666,10.3,175.9,,
2025-07-03 23:29:51,119.55044166666669,32.212293333333335,11.0,180.7,,
2025-07-03 23:31:52,119.55071833333334,32.20588,11.7,175.5,,
2025-07-03 23:35:23,119.55486166666668,32.196848333333335,9.4,147.3,,
2025-07-03 23:38:25,119.56115666666666,32.192793333333334,6.3,113.5,,
2025-07-03 23:42:56,119.55800833333332,32.19511333333333,8.4,302.2,,
2025-07-03 23:44:57,119.55501166666669,32.19790166666667,6.2,332.2,,
2025-07-03 23:47:57,119.55251666666666,32.203158333333334,7.5,340.4,,
2025-07-03 23:50:28,119.55248333333331,32.209086666666664,8.9,10.6,,
2025-07-03 23:52:29,119.55211666666666,32.214015,8.9,357.2,,
2025-07-03 23:54:30,119.55154333333331,32.21897833333333,8.9,352.5,,
2025-07-03 23:56:30,119.54944833333332,32.223875,9.6,334.1,,
2025-07-03 23:58:31,119.54791333333333,32.223975,7.7,152.3,,
2025-07-04 00:00:32,119.54912166666666,32.21937166666667,8.1,172.4,,
2025-07-04 00:02:34,119.54947333333334,32.21384833333333,10.8,176.9,,
2025-07-04 00:05:35,119.55076833333334,32.204391666666666,11.9,166.3,,
2025-07-04 00:07:35,119.55359,32.198298333333334,11.6,148.5,,
2025-07-04 00:13:07,119.554365,32.199398333333335,7.2,332.2,,
2025-07-04 00:15:08,119.55231166666668,32.20267333333334,7.2,331.0,,
2025-07-04 00:17:09,119.55159666666668,32.206845,8.5,1.8,,
2025-07-04 00:21:10,119.55158333333334,32.218448333333335,11.7,7.1,,
2025-07-04 00:23:11,119.55085166666667,32.22412166666667,9.7,335.5,,
2025-07-04 00:25:12,119.54787833333332,32.22774666666667,4.8,322.3,,
2025-07-04 00:36:47,119.544785,32.230035,9.2,141.9,,
2025-07-04 00:39:48,119.548435,32.223153333333336,8.8,165.0,,
2025-07-04 00:41:48,119.54919166666669,32.21862333333333,8.1,173.3,,
2025-07-04 00:43:49,119.54960333333334,32.21185833333333,12.8,177.7,,
2025-07-04 00:44:50,119.54982333333334,32.208145,13.4,174.3,,
2025-07-04 00:46:50,119.55064,32.20156166666667,12.1,174.7,,
2025-07-04 00:48:21,119.55229333333334,32.196328333333334,12.4,153.6,,
2025-07-04 00:50:52,119.55664166666666,32.19106333333333,6.1,151.3,,
2025-07-04 00:57:54,119.556495,32.190425,0.0,114.4,,
2025-07-04 01:40:12,119.55649833333334,32.19041333333333,0.1,139.4,,
2025-07-04 02:10:53,119.54855166666668,32.205695,11.3,359.3,,
2025-07-04 02:12:53,119.54834166666669,32.21199333333333,11.5,358.6,,
2025-07-04 02:14:54,119.54781166666666,32.21888666666667,13.4,353.7,,
2025-07-04 02:16:24,119.54646833333334,32.22418666666667,12.5,342.8,,
2025-07-04 02:17:25,119.54494666666666,32.22740666666667,12.3,345.4,,
2025-07-04 02:19:25,119.54459,32.232205,4.2,335.3,,
2025-07-04 02:23:57,119.54563,32.229965,7.5,145.4,,
2025-07-04 02:25:57,119.54816,32.225968333333334,8.6,162.5,,
2025-07-04 02:28:28,119.54978666666666,32.220456666666664,8.5,175.6,,
2025-07-04 02:31:29,119.55078,32.218756666666664,10.2,345.8,,
2025-07-04 02:34:00,119.54890666666668,32.22336166666667,6.2,332.3,,
2025-07-04 02:36:01,119.54849166666666,32.22848666666667,8.4,15.3,,
2025-07-04 02:38:01,119.549505,32.23277,7.6,5.8,,
2025-07-04 02:40:32,119.54974666666666,32.23696666666667,5.3,339.4,,
2025-07-04 02:43:33,119.54526833333334,32.23943333333333,6.4,296.6,,
2025-07-04 03:15:14,119.550145,32.23813,9.1,107.4,,
2025-07-04 03:17:45,119.55364333333333,32.23834166666666,2.2,11.8,,
2025-07-04 03:33:21,119.55357666666669,32.23848666666667,0.0,206.9,,
2025-07-04 03:44:24,119.54705,32.227395,12.1,157.4,,
2025-07-04 03:45:24,119.54893,32.22391666666667,14.2,157.0,,
2025-07-04 03:46:55,119.55000333333334,32.218195,14.0,175.2,,
2025-07-04 03:47:55,119.55015166666666,32.21465833333333,12.0,178.1,,
2025-07-04 03:49:56,119.55003166666668,32.20921,9.2,180.2,,
2025-07-04 03:54:59,119.55575333333331,32.194266666666664,11.7,138.5,,
2025-07-04 03:56:59,119.560665,32.19092666666667,10.8,122.0,,
2025-07-04 03:59:00,119.56770666666668,32.18855,10.6,108.7,,
2025-07-04 04:02:30,119.566065,32.188316666666665,5.7,286.4,,
2025-07-04 04:07:02,119.56029166666669,32.19016833333333,2.8,298.5,,
2025-07-04 04:11:34,119.55902666666668,32.191826666666664,1.3,13.2,,
2025-07-04 04:24:09,119.55523833333334,32.192901666666664,3.4,236.0,,
2025-07-04 04:29:42,119.54874833333334,32.201135,13.2,333.9,,
2025-07-04 04:31:42,119.54764833333331,32.208405,13.1,358.8,,
2025-07-04 04:33:13,119.54774666666668,32.21400333333333,13.4,1.5,,
2025-07-04 04:34:13,119.54786333333334,32.21761,11.5,1.3,,
2025-07-04 04:36:44,119.55096166666668,32.223256666666664,8.9,14.1,,
2025-07-04 04:38:45,119.55304166666669,32.228561666666664,11.0,19.9,,
2025-07-04 04:42:16,119.55458833333331,32.23708166666667,5.0,344.3,,
2025-07-04 05:17:21,119.55357666666669,32.238485,0.0,341.6,,
2025-07-04 05:59:26,119.55357,32.238488333333336,0.0,239.7,,
2025-07-04 06:29:28,119.55357166666668,32.23849166666667,0.0,64.0,,
2025-07-04 06:59:32,119.55356166666668,32.238481666666665,0.0,181.4,,
2025-07-04 07:29:35,119.553565,32.238485,0.0,38.7,,
2025-07-04 08:02:38,119.55356833333332,32.238485,0.0,325.3,,
2025-07-04 08:32:40,119.55356666666668,32.23848666666667,0.0,206.2,,
2025-07-04 09:14:43,119.553555,32.238481666666665,0.0,330.5,,
2025-07-04 09:47:45,119.55356333333332,32.23849333333333,0.0,302.1,,
2025-07-04 10:20:47,119.553565,32.23849666666667,0.0,277.7,,
2025-07-04 10:50:48,119.553575,32.23849166666667,0.0,247.0,,
2025-07-04 11:23:50,119.55356,32.23846666666667,0.0,5.0,,
2025-07-04 12:02:51,119.55357,32.238465,0.0,218.2,,
2025-07-04 12:35:53,119.55357833333332,32.23848,0.0,290.9,,
2025-07-04 13:16:04,119.55356,32.238476666666664,0.0,50.3,,
2025-07-04 13:46:05,119.553565,32.23846,0.0,35.6,,
2025-07-04 14:16:33,119.55356166666668,32.238476666666664,0.0,127.9,,
2025-07-04 14:49:35,119.55357666666669,32.23848666666667,0.0,61.8,,
2025-07-04 15:34:38,119.55359,32.23847833333333,0.0,108.2,,
2025-07-04 16:22:41,119.55357666666669,32.238475,0.0,266.1,,
2025-07-04 16:52:43,119.55357,32.23847333333333,0.0,108.9,,
2025-07-04 17:25:44,119.55358166666667,32.23847,0.0,131.8,,
2025-07-04 17:55:46,119.553585,32.238475,0.0,181.6,,
2025-07-04 18:31:47,119.55358333333334,32.238476666666664,0.0,3.0,,
2025-07-04 19:01:49,119.55359333333334,32.23848,0.0,32.3,,
2025-07-04 19:37:51,119.55357666666669,32.23847833333333,0.0,346.5,,
2025-07-04 20:10:53,119.55356833333332,32.23847,0.0,106.2,,
2025-07-04 20:40:55,119.55358166666667,32.23847833333333,0.0,326.6,,
2025-07-04 21:14:04,119.55357333333332,32.238476666666664,0.0,185.4,,
2025-07-04 21:44:11,119.553565,32.238465,0.0,297.3,,
2025-07-04 22:14:20,119.553565,32.23847166666667,0.0,130.5,,
2025-07-04 22:44:29,119.55357833333332,32.23847166666667,0.0,347.1,,
2025-07-04 23:14:39,119.55358,32.23847,0.0,109.3,,
2025-07-04 23:44:49,119.55359166666666,32.238461666666666,0.0,151.8,,
2025-07-05 00:18:02,119.55358166666667,32.23847166666667,0.0,86.8,,
2025-07-05 00:48:12,119.553565,32.238476666666664,0.0,318.5,,
2025-07-05 01:24:11,119.55357,32.238475,0.0,342.4,,
2025-07-05 01:34:15,119.54568,32.235215,9.8,246.9,,
2025-07-05 01:39:47,119.53918833333331,32.23557,0.8,344.7,,
2025-07-05 01:42:48,119.543365,32.231811666666665,12.2,143.1,,
2025-07-05 01:43:48,119.54556,32.22900833333333,11.8,148.4,,
2025-07-05 01:45:48,119.54842666666669,32.223236666666665,11.2,167.8,,
2025-07-05 01:47:49,119.54942,32.21696333333333,12.5,177.2,,
2025-07-05 01:50:50,119.54989333333332,32.20527833333333,15.1,172.8,,
2025-07-05 01:52:21,119.55181666666668,32.199106666666665,15.2,156.8,,
2025-07-05 01:53:21,119.55448833333334,32.19552,15.3,143.8,,
2025-07-05 01:54:22,119.55772,32.19282666666667,12.3,129.8,,
2025-07-05 01:56:52,119.56754333333332,32.18927166666667,13.7,105.3,,
2025-07-05 01:57:53,119.57193,32.188226666666665,14.0,107.8,,
2025-07-05 01:58:53,119.57644166666668,32.187535,13.7,98.9,,
2025-07-05 02:00:54,119.58474166666667,32.187263333333334,11.7,91.1,,
2025-07-05 02:03:55,119.59614166666668,32.18790833333333,11.3,91.1,,
2025-07-05 02:06:26,119.60453666666666,32.18892833333334,10.1,77.1,,
2025-07-05 02:08:27,119.61166166666666,32.19018666666667,12.2,78.7,,
2025-07-05 02:10:28,119.61741833333332,32.190775,3.5,108.3,,
2025-07-05 02:13:59,119.616075,32.191318333333335,0.2,159.7,,
2025-07-05 02:29:05,119.62060833333334,32.193938333333335,1.6,83.8,,
2025-07-05 02:36:08,119.61696166666668,32.19295666666667,4.9,255.2,,
2025-07-05 02:41:41,119.61359833333331,32.193055,1.5,244.6,,
2025-07-05 02:44:42,119.60714166666666,32.191338333333334,8.1,270.1,,
2025-07-05 02:46:43,119.60255166666668,32.19117,6.9,264.0,,
2025-07-05 02:48:43,119.59807333333332,32.190643333333334,6.7,263.9,,
2025-07-05 02:51:45,119.591305,32.19049666666667,6.8,271.6,,
2025-07-05 02:54:47,119.59005666666668,32.19083833333333,7.9,257.1,,
2025-07-05 02:57:17,119.58337666666668,32.189955,8.3,268.3,,
2025-07-05 02:59:18,119.57841,32.189793333333334,9.2,273.6,,
2025-07-05 03:01:19,119.57136666666666,32.190963333333336,10.9,286.9,,
2025-07-05 03:03:50,119.563445,32.193081666666664,8.6,292.4,,
2025-07-05 03:05:50,119.55868,32.195483333333335,8.4,301.0,,
2025-07-05 03:07:51,119.55494166666666,32.19838,7.1,329.4,,
2025-07-05 03:10:52,119.553235,32.20154,2.3,337.2,,
2025-07-05 03:15:23,119.55281666666669,32.20339333333333,3.5,345.8,,
2025-07-05 03:17:54,119.55239833333331,32.208395,7.9,4.1,,
2025-07-05 03:19:55,119.55243,32.21281166666667,8.1,357.5,,
2025-07-05 03:22:56,119.55178,32.21956333333333,7.9,351.7,,
2025-07-05 03:24:56,119.55131166666666,32.22411,8.2,348.3,,
2025-07-05 03:26:57,119.548485,32.22651166666667,2.0,310.8,,
2025-07-05 03:29:58,119.54863666666668,32.226301666666664,0.8,9.3,,
2025-07-05 03:35:00,119.55492333333332,32.23196333333333,10.7,23.8,,
2025-07-05 03:37:00,119.55548666666668,32.23428833333333,7.6,5.8,,
2025-07-05 03:39:01,119.55491333333332,32.237425,3.9,340.1,,
2025-07-05 03:43:32,119.55418,32.238411666666664,0.0,324.5,,
2025-07-05 04:16:41,119.55417833333334,32.23840333333333,0.0,188.6,,
2025-07-05 04:46:50,119.554175,32.23840166666667,0.0,351.8,,
2025-07-05 05:23:01,119.55418166666666,32.23840666666667,0.0,268.2,,
2025-07-05 05:53:09,119.55417333333334,32.23840166666667,0.0,331.5,,
2025-07-05 06:26:19,119.554175,32.238413333333334,0.0,340.7,,
2025-07-05 06:56:27,119.55417833333334,32.238415,0.0,0.7,,
2025-07-05 07:26:35,119.55417833333334,32.23841,0.0,0.7,,
2025-07-05 07:56:43,119.55416333333334,32.238398333333336,0.0,139.5,,
2025-07-05 08:29:51,119.55417833333334,32.238413333333334,0.0,141.4,,
2025-07-05 09:05:02,119.554175,32.238413333333334,0.0,130.4,,
2025-07-05 09:56:16,119.55417666666666,32.23842666666667,0.0,309.6,,
2025-07-05 10:26:25,119.55418,32.23842833333333,0.0,157.0,,
2025-07-05 10:59:35,119.55417833333334,32.23840166666667,0.0,0.7,,
2025-07-05 11:30:45,119.55419333333332,32.23841,0.0,183.7,,
2025-07-05 12:01:18,119.554165,32.23841,0.0,171.9,,
2025-07-05 12:34:28,119.55418166666666,32.23840333333333,0.0,41.2,,
2025-07-05 13:04:37,119.55418833333331,32.238398333333336,0.0,199.3,,
2025-07-05 13:34:47,119.55418333333331,32.23839666666667,0.0,324.6,,
2025-07-05 14:07:58,119.55416833333334,32.23840333333333,0.0,33.1,,
2025-07-05 14:41:08,119.55417666666666,32.238405,0.0,355.6,,
2025-07-05 15:11:16,119.55419,32.23840833333333,0.0,92.2,,
2025-07-05 15:41:26,119.55418333333331,32.23839666666667,0.0,252.6,,
2025-07-05 16:11:35,119.554185,32.238405,0.0,4.5,,
2025-07-05 16:41:45,119.55418666666668,32.238415,0.0,46.0,,
2025-07-05 17:11:55,119.55419166666668,32.23841,0.0,267.5,,
2025-07-05 17:42:05,119.554185,32.238405,0.0,44.9,,
2025-07-05 18:12:16,119.55418166666666,32.238398333333336,0.0,109.8,,
2025-07-05 18:45:27,119.55417333333334,32.23840166666667,0.0,49.0,,
2025-07-05 19:15:38,119.55420166666669,32.238398333333336,0.0,211.6,,
2025-07-05 19:45:48,119.554195,32.23838166666667,0.0,100.6,,
2025-07-05 20:15:58,119.55419,32.238385,0.0,51.7,,
2025-07-05 20:37:35,119.55165166666669,32.23292166666667,10.9,193.6,,
2025-07-05 20:39:05,119.55029,32.22788166666667,12.8,191.7,,
2025-07-05 20:40:36,119.55010333333334,32.22227,13.5,176.2,,
2025-07-05 20:41:36,119.55033166666666,32.2186,13.2,175.5,,
2025-07-05 20:43:06,119.55049833333334,32.212986666666666,13.8,179.3,,
2025-07-05 20:44:06,119.55058166666667,32.20910333333333,14.0,180.5,,
2025-07-05 20:45:06,119.55053,32.205085,14.3,180.9,,
2025-07-05 20:46:06,119.55126666666666,32.20115666666667,14.3,164.8,,
2025-07-05 20:47:06,119.55285166666668,32.19759333333333,13.0,155.9,,
2025-07-05 20:49:07,119.55630666666669,32.19351833333333,5.9,134.3,,
2025-07-05 20:53:38,119.55844333333332,32.191478333333336,1.0,128.6,,
2025-07-05 20:56:38,119.55951,32.19084333333333,1.4,117.9,,
2025-07-05 21:02:39,119.56035833333334,32.19069666666667,1.9,291.0,,
2025-07-05 21:05:39,119.558175,32.19170166666667,0.4,298.6,,
2025-07-05 21:11:39,119.55988833333332,32.191451666666666,1.2,112.9,,
2025-07-05 21:14:40,119.56120166666666,32.19066,4.2,140.6,,
2025-07-05 21:16:41,119.56688833333334,32.188858333333336,9.6,104.0,,
2025-07-05 21:18:42,119.57331166666668,32.18751,11.5,103.0,,
2025-07-05 21:19:42,119.57725333333332,32.18697,12.0,96.2,,
2025-07-05 21:21:43,119.58495666666668,32.18693666666667,11.6,86.5,,
2025-07-05 21:23:44,119.59252833333332,32.18714666666666,11.6,82.0,,
2025-07-05 21:25:45,119.60003666666668,32.18774166666667,11.6,89.3,,
2025-07-05 21:27:46,119.607555,32.188895,11.7,74.9,,
2025-07-05 21:29:46,119.61486833333332,32.19032166666667,10.2,82.5,,
2025-07-05 21:34:47,119.61700666666668,32.18948833333334,0.0,109.3,,
2025-07-05 22:04:57,119.617025,32.18949666666666,0.0,320.0,,
2025-07-05 22:39:08,119.62099666666668,32.19375,4.2,75.7,,
2025-07-05 22:44:40,119.62302166666667,32.194336666666665,3.4,255.3,,
2025-07-05 22:47:42,119.61590833333334,32.19321,9.0,253.9,,
2025-07-05 22:49:43,119.61019166666668,32.19190666666667,9.1,255.2,,
2025-07-05 22:51:44,119.60429333333332,32.191001666666665,9.3,262.5,,
2025-07-05 22:54:15,119.59702833333333,32.19062666666667,8.6,268.5,,
2025-07-05 22:57:47,119.5872,32.19018166666667,8.6,267.0,,
2025-07-05 22:59:48,119.581565,32.19020833333333,8.6,274.4,,
2025-07-05 23:02:19,119.57455333333333,32.190661666666664,8.5,277.8,,
2025-07-05 23:04:20,119.56900833333331,32.19166333333333,8.7,284.4,,
2025-07-05 23:06:21,119.56350333333332,32.19307,8.7,295.1,,
2025-07-05 23:08:22,119.55858333333332,32.19560166666667,8.8,303.8,,
2025-07-05 23:11:24,119.55404166666666,32.199891666666666,3.8,330.2,,
2025-07-05 23:14:55,119.55272333333332,32.20397833333333,6.9,355.4,,
2025-07-05 23:16:56,119.55196833333332,32.20867166666667,9.4,356.8,,
2025-07-05 23:19:57,119.55209,32.21680333333333,9.9,358.5,,
2025-07-05 23:21:58,119.55081833333334,32.22219333333334,10.1,337.3,,
2025-07-05 23:23:59,119.54865,32.22654333333333,6.1,342.3,,
2025-07-05 23:26:00,119.55228833333334,32.230605,11.2,33.6,,
2025-07-05 23:28:00,119.554725,32.235791666666664,8.4,3.4,,
2025-07-05 23:31:01,119.55389166666669,32.238456666666664,0.4,307.2,,
2025-07-06 00:01:06,119.54785833333334,32.23075,14.7,176.2,,
2025-07-06 00:02:06,119.54882666666668,32.226663333333335,15.2,164.9,,
2025-07-06 00:03:07,119.54950833333334,32.22246333333333,14.8,174.9,,
2025-07-06 00:04:09,119.54994166666668,32.214325,14.6,182.4,,
2025-07-06 00:06:08,119.54974,32.210118333333334,15.3,181.3,,
2025-07-06 00:07:39,119.55007,32.203541666666666,15.7,175.8,,
2025-07-06 00:09:10,119.55226166666668,32.197385,13.7,158.3,,
2025-07-06 00:10:10,119.55385333333334,32.194523333333336,11.1,151.5,,
2025-07-06 00:12:13,119.55651666666668,32.19045333333333,1.2,232.4,,
2025-07-06 00:20:16,119.55637,32.19758,8.9,352.6,,
2025-07-06 00:23:15,119.55366666666669,32.20180333333333,8.8,338.2,,
2025-07-06 00:26:16,119.55222666666668,32.210895,12.0,5.7,,
2025-07-06 00:27:47,119.55234833333331,32.21608666666667,12.5,358.2,,
2025-07-06 00:28:47,119.55226833333332,32.219523333333335,12.3,0.3,,
2025-07-06 00:32:18,119.55487,32.23047833333333,11.2,20.0,,
2025-07-06 00:34:49,119.55557666666668,32.23615,6.6,345.7,,
2025-07-06 00:40:21,119.55418833333331,32.23838833333333,0.0,115.0,,
2025-07-06 01:10:30,119.55417333333334,32.23839666666667,0.0,70.3,,
2025-07-06 01:40:38,119.55418833333331,32.238405,0.1,87.3,,
2025-07-06 02:13:46,119.55418666666668,32.23840666666667,0.0,263.6,,
2025-07-06 02:45:24,119.54579333333334,32.237581666666664,12.4,250.9,,
2025-07-06 02:46:24,119.54237666666668,32.2361,10.8,242.9,,
2025-07-06 02:47:24,119.54093333333331,32.23498333333333,4.5,195.5,,
2025-07-06 02:50:54,119.54624833333334,32.229145,6.2,138.9,,
2025-07-06 02:53:24,119.54845333333331,32.224645,7.8,163.2,,
2025-07-06 02:55:24,119.54981166666668,32.21993166666667,9.7,171.2,,
2025-07-06 02:57:54,119.54987833333334,32.213245,7.5,186.2,,
2025-07-06 03:01:55,119.55031666666666,32.201231666666665,11.8,162.4,,
2025-07-06 03:05:25,119.558755,32.192375,11.9,122.8,,
2025-07-06 03:08:26,119.56756166666666,32.189125,7.9,109.4,,
2025-07-06 03:10:27,119.573095,32.18722833333333,9.0,109.1,,
2025-07-06 03:12:27,119.578795,32.186751666666666,8.4,90.0,,
2025-07-06 03:14:28,119.58425,32.18675666666667,8.2,90.9,,
2025-07-06 03:16:30,119.59049333333331,32.187,9.6,85.9,,
2025-07-06 03:18:30,119.59686833333332,32.18757166666666,9.7,82.3,,
2025-07-06 03:20:30,119.60294,32.18863,9.8,75.0,,
2025-07-06 03:22:31,119.60937,32.18973833333333,10.2,79.5,,
2025-07-06 03:24:32,119.61489,32.1906,7.5,82.1,,
2025-07-06 03:30:04,119.61233,32.18942,4.3,250.8,,
2025-07-06 03:33:05,119.60853,32.188545,3.8,251.7,,
2025-07-06 03:36:37,119.60148,32.18705666666666,10.1,265.4,,
2025-07-06 03:38:37,119.59485833333332,32.186465,10.1,264.7,,
2025-07-06 03:41:09,119.58654,32.186283333333336,10.1,272.1,,
2025-07-06 03:43:09,119.57997666666668,32.18646833333333,9.8,277.0,,
2025-07-06 03:45:10,119.57391,32.18752,9.2,290.7,,
2025-07-06 03:47:41,119.56776333333332,32.18932,5.8,283.0,,
2025-07-06 03:52:43,119.57149166666666,32.18763833333333,9.4,110.0,,
2025-07-06 03:55:13,119.58037,32.186715,11.4,93.5,,
2025-07-06 03:57:14,119.588225,32.186881666666665,12.9,90.8,,
2025-07-06 03:58:14,119.59235833333334,32.186991666666664,12.8,88.2,,
2025-07-06 03:59:15,119.59659,32.187308333333334,12.8,83.1,,
2025-07-06 04:00:15,119.60068,32.18778666666667,12.7,80.3,,
2025-07-06 04:01:45,119.60653,32.18868333333333,10.3,76.0,,
2025-07-06 04:03:46,119.612935,32.18997,9.9,78.7,,
2025-07-06 04:09:18,119.61720333333334,32.19061,0.3,13.3,,
2025-07-06 04:12:51,119.60552833333334,32.18821,8.8,254.8,,
2025-07-06 04:15:21,119.60128833333331,32.187333333333335,8.8,248.6,,
2025-07-06 04:17:21,119.59556333333332,32.18757166666666,8.6,283.0,,
2025-07-06 04:20:22,119.591725,32.187553333333334,1.6,261.5,,
2025-07-06 04:23:23,119.59357833333334,32.18723833333333,4.4,93.4,,
2025-07-06 04:25:24,119.598895,32.18759,9.6,78.7,,
2025-07-06 04:27:56,119.60808166666666,32.18908666666667,12.3,75.8,,
2025-07-06 04:30:26,119.61708333333333,32.191903333333336,9.0,56.5,,
2025-07-06 04:31:26,119.61794,32.19235833333333,3.6,86.1,,
2025-07-06 04:33:58,119.61332166666666,32.19242333333333,6.3,246.6,,
2025-07-06 04:36:57,119.60925,32.19165,6.6,267.5,,
2025-07-06 04:39:28,119.603775,32.191075,6.8,265.5,,
2025-07-06 04:41:29,119.59892333333332,32.19072166666667,7.4,270.7,,
2025-07-06 04:45:00,119.60476166666666,32.188811666666666,13.7,87.2,,
2025-07-06 04:46:31,119.611015,32.18957,12.8,80.6,,
2025-07-06 04:48:32,119.616435,32.19011833333333,5.2,86.7,,
2025-07-06 04:52:33,119.61699666666668,32.189495,0.1,201.5,,
2025-07-06 05:22:43,119.617,32.189485,0.0,336.1,,
2025-07-06 05:35:47,119.61990666666668,32.1927,2.9,46.9,,
2025-07-06 05:39:48,119.62006166666669,32.193955,2.7,290.0,,
2025-07-06 05:42:49,119.61549833333332,32.19300666666667,6.4,256.8,,
2025-07-06 05:44:50,119.6109,32.19198333333333,7.5,254.7,,
2025-07-06 05:47:21,119.60469,32.191118333333335,7.8,265.0,,
2025-07-06 05:50:22,119.59622833333331,32.190553333333334,8.8,269.8,,
2025-07-06 05:52:22,119.590655,32.19029833333333,8.5,266.8,,
2025-07-06 05:54:23,119.585035,32.18997,8.5,263.5,,
2025-07-06 05:56:23,119.57952833333331,32.190221666666666,8.3,280.4,,
2025-07-06 05:58:54,119.57271666666666,32.19096,8.4,283.0,,
2025-07-06 06:00:55,119.567175,32.191903333333336,8.5,284.6,,
2025-07-06 06:02:55,119.562025,32.19376,8.6,301.6,,
2025-07-06 06:05:56,119.55525166666666,32.19820333333333,8.7,326.1,,
2025-07-06 06:08:57,119.55290833333332,32.20222833333333,3.6,340.3,,
2025-07-06 06:11:27,119.55198166666666,32.20616,7.2,352.4,,
2025-07-06 06:13:28,119.55155333333332,32.20961833333333,6.1,358.3,,
2025-07-06 06:15:28,119.55162,32.21300333333333,6.4,355.3,,
2025-07-06 06:17:29,119.551585,32.21664666666667,6.0,359.5,,
2025-07-06 06:20:29,119.55077333333334,32.222946666666665,8.8,349.7,,
2025-07-06 06:23:00,119.54966333333331,32.2209,13.0,170.2,,
2025-07-06 06:24:00,119.54988333333333,32.217303333333334,12.9,180.0,,
2025-07-06 06:25:00,119.54999166666668,32.21370833333334,13.0,176.4,,
2025-07-06 06:26:30,119.55042666666668,32.20804833333333,14.0,173.4,,
2025-07-06 06:27:31,119.55103166666666,32.20406,14.3,171.3,,
2025-07-06 06:29:01,119.55331166666669,32.198431666666664,14.3,155.1,,
2025-07-06 06:30:01,119.55597666666668,32.19518,14.3,140.1,,
2025-07-06 06:31:32,119.56157666666668,32.19165,14.1,117.5,,
2025-07-06 06:34:33,119.57330333333331,32.18856666666667,9.9,102.9,,
2025-07-06 06:37:34,119.58339833333334,32.18690333333333,9.7,98.2,,
2025-07-06 06:40:05,119.58787333333332,32.18563833333333,1.7,185.9,,
2025-07-06 06:46:07,119.58787333333332,32.185538333333334,0.0,112.0,,
2025-07-06 07:19:19,119.58788,32.185545,0.0,146.6,,
2025-07-06 07:35:27,119.605985,32.189593333333335,15.5,77.5,,
2025-07-06 07:36:56,119.60850833333332,32.19010166666666,15.8,77.0,,
2025-07-06 07:37:56,119.61314666666668,32.19107,13.3,75.1,,
2025-07-06 07:38:58,119.61843833333332,32.1923,5.1,76.4,,
2025-07-06 07:44:58,119.62033833333334,32.19376666666667,0.4,294.3,,
2025-07-06 07:48:29,119.61727333333332,32.193315,4.3,253.5,,
2025-07-06 07:50:30,119.61346333333331,32.19234333333333,6.0,251.4,,
2025-07-06 07:53:02,119.608745,32.19136,6.0,263.5,,
2025-07-06 07:55:32,119.60384,32.19080666666667,6.2,264.3,,
2025-07-06 07:58:03,119.59884666666666,32.189013333333335,2.9,231.5,,
2025-07-06 08:01:34,119.60311333333334,32.188431666666666,9.3,72.0,,
2025-07-06 08:03:35,119.60877333333332,32.189766666666664,8.6,75.3,,
2025-07-06 08:06:05,119.61600166666666,32.191588333333335,7.3,69.2,,
2025-07-06 08:11:07,119.61530333333332,32.19311,8.6,254.3,,
2025-07-06 08:13:07,119.609915,32.19165,8.4,253.4,,
2025-07-06 08:16:08,119.60958,32.189501666666665,8.9,75.7,,
2025-07-06 08:18:41,119.61399,32.191023333333334,7.5,294.7,,
2025-07-06 08:21:10,119.61038833333332,32.192031666666665,9.7,286.6,,
2025-07-06 08:23:41,119.60201666666669,32.19146166666667,10.3,266.6,,
2025-07-06 08:25:41,119.59516166666668,32.19125666666667,10.7,267.4,,
2025-07-06 08:27:42,119.58798666666668,32.190871666666666,10.8,265.7,,
2025-07-06 08:29:43,119.58078833333332,32.190403333333336,11.0,265.7,,
2025-07-06 08:32:13,119.57215833333332,32.191768333333336,10.8,280.4,,
2025-07-06 08:34:14,119.56491,32.193601666666666,11.8,287.1,,
2025-07-06 08:36:15,119.55750333333332,32.19634166666667,12.5,301.3,,
2025-07-06 08:38:46,119.55319833333331,32.202333333333335,9.2,343.4,,
2025-07-06 08:41:47,119.55218833333332,32.20990833333333,9.1,357.1,,
2025-07-06 08:44:48,119.55188666666666,32.217885,9.8,352.7,,
2025-07-06 08:47:19,119.550715,32.223905,8.6,352.5,,
2025-07-06 08:49:50,119.54857,32.227061666666664,3.3,336.7,,
2025-07-06 08:55:21,119.553415,32.231955,11.1,42.4,,
2025-07-06 08:58:22,119.55448666666666,32.237625,4.3,344.9,,
2025-07-06 09:02:54,119.55384166666668,32.238415,0.0,346.0,,
2025-07-06 09:39:04,119.55385166666667,32.238416666666666,0.0,224.5,,
2025-07-06 10:21:17,119.55384833333332,32.238436666666665,0.0,299.2,,
2025-07-06 10:51:26,119.55384,32.23841,0.0,30.1,,
2025-07-06 11:21:33,119.55386,32.23841,0.0,29.5,,
2025-07-06 11:51:41,119.55387,32.23840833333333,0.0,239.7,,
2025-07-06 12:21:48,119.55387,32.238411666666664,0.0,113.1,,
2025-07-06 12:54:58,119.55388,32.23842166666667,0.0,8.3,,
2025-07-06 13:25:05,119.55385666666666,32.238405,0.0,273.5,,
2025-07-06 14:07:17,119.55387166666668,32.238405,0.0,130.8,,
2025-07-06 14:39:28,119.55387666666668,32.238405,0.0,93.8,,
2025-07-06 15:10:35,119.55388666666668,32.238398333333336,0.0,153.6,,
2025-07-06 15:43:42,119.55388166666668,32.23839666666667,0.0,178.6,,
2025-07-06 16:13:50,119.553865,32.23840333333333,0.0,140.4,,
2025-07-06 16:43:58,119.553885,32.23840833333333,0.0,39.6,,
2025-07-06 17:14:07,119.55386333333334,32.23840666666667,0.0,312.2,,
2025-07-06 17:44:15,119.55385166666667,32.238416666666666,0.0,300.0,,
2025-07-06 18:14:24,119.55384166666668,32.238415,0.0,198.1,,
2025-07-06 18:47:34,119.55385333333334,32.238418333333335,0.0,238.3,,
2025-07-06 19:17:44,119.553875,32.23843,0.0,50.6,,
2025-07-06 19:53:57,119.55384833333332,32.23840833333333,0.0,172.4,,
2025-07-06 20:24:09,119.553855,32.238405,0.0,208.6,,
2025-07-06 21:00:21,119.55386666666666,32.238395,0.0,245.4,,
2025-07-06 21:30:32,119.55385666666666,32.23840333333333,0.0,192.7,,
2025-07-06 22:03:43,119.55386833333333,32.238395,0.0,170.0,,
2025-07-06 22:19:49,119.55263666666669,32.23262666666667,9.6,181.8,,
2025-07-06 22:21:50,119.550665,32.22661333333333,12.4,197.0,,
2025-07-06 22:22:50,119.55025,32.222851666666664,14.1,182.3,,
2025-07-06 22:23:51,119.54996,32.21863166666667,14.9,182.3,,
2025-07-06 22:25:51,119.54959166666669,32.21019833333333,15.5,180.5,,
2025-07-06 22:26:52,119.55006166666666,32.205785,15.8,171.1,,
2025-07-06 22:28:22,119.55236166666668,32.199441666666665,16.1,158.0,,
2025-07-06 22:30:53,119.56179,32.19210833333333,16.0,111.0,,
2025-07-06 22:31:53,119.56661333333334,32.190158333333336,16.6,115.0,,
2025-07-06 22:36:25,119.59142,32.187585,16.7,88.7,,
2025-07-06 22:37:56,119.59967,32.188248333333334,16.7,82.9,,
2025-07-06 22:39:26,119.60764833333332,32.18978333333333,16.8,74.6,,
2025-07-06 22:41:58,119.61779833333334,32.192951666666666,4.3,40.8,,
2025-07-06 22:44:59,119.61439833333333,32.19248666666667,4.8,238.5,,
2025-07-06 22:49:00,119.60276833333332,32.191155,11.2,270.3,,
2025-07-06 22:53:02,119.588825,32.18996666666666,10.0,261.5,,
2025-07-06 22:55:03,119.58207,32.189656666666664,10.2,267.1,,
2025-07-06 22:58:35,119.570905,32.19114833333333,9.7,281.3,,
2025-07-06 23:01:36,119.56197666666668,32.19354333333333,9.6,298.3,,
2025-07-06 23:05:08,119.55507,32.1983,5.9,330.7,,
2025-07-06 23:09:09,119.55281166666668,32.20294,4.3,343.1,,
2025-07-06 23:12:10,119.55214166666669,32.20995166666667,8.9,3.3,,
2025-07-06 23:14:11,119.55204833333332,32.216005,11.1,357.3,,
2025-07-06 23:16:12,119.55169,32.222085,11.0,355.5,,
2025-07-06 23:18:13,119.55052,32.22782,9.1,352.8,,
2025-07-06 23:20:14,119.54943333333334,32.231678333333335,8.1,345.3,,
2025-07-06 23:22:45,119.54656166666666,32.23529166666667,11.2,311.7,,
2025-07-06 23:24:46,119.5414,32.23681333333333,4.0,276.7,,
2025-07-06 23:31:48,119.53968666666668,32.235656666666664,5.3,155.2,,
2025-07-06 23:33:49,119.543605,32.23161833333333,10.8,143.7,,
2025-07-06 23:36:20,119.547455,32.22684666666667,7.5,153.7,,
2025-07-06 23:38:21,119.54901,32.22343333333333,6.3,168.0,,
2025-07-06 23:40:21,119.549735,32.219168333333336,8.6,172.8,,
2025-07-06 23:42:53,119.55010166666666,32.21303,9.5,183.5,,
2025-07-06 23:44:53,119.54923,32.206691666666664,12.1,180.8,,
2025-07-06 23:46:24,119.55027333333334,32.201638333333335,12.3,163.3,,
2025-07-06 23:47:55,119.55277166666669,32.19695333333333,12.2,146.7,,
2025-07-06 23:48:55,119.55529333333334,32.194338333333334,12.2,136.3,,
2025-07-06 23:49:56,119.55859,32.192388333333334,12.0,122.1,,
2025-07-06 23:50:56,119.562245,32.19092666666667,12.4,113.2,,
2025-07-06 23:52:56,119.56871666666666,32.18922333333333,8.9,104.6,,
2025-07-06 23:54:57,119.57422666666666,32.18821833333333,8.5,101.1,,
2025-07-06 23:56:58,119.58071333333334,32.18753666666667,10.1,93.6,,
2025-07-06 23:58:59,119.587245,32.18727166666667,9.9,92.4,,
2025-07-07 00:02:00,119.597975,32.18794166666667,11.0,85.8,,
2025-07-07 00:05:01,119.60878166666669,32.18983,11.7,74.2,,
2025-07-07 00:07:02,119.61427333333332,32.19054666666667,7.6,81.6,,
2025-07-07 00:09:03,119.61720333333334,32.19003333333333,3.5,177.9,,
2025-07-07 00:15:36,119.61701,32.18949,0.0,146.3,,
2025-07-07 00:45:50,119.61699166666666,32.189495,0.0,284.1,,
2025-07-07 01:16:04,119.617,32.18949666666666,0.0,36.2,,
2025-07-07 01:34:42,119.61956166666668,32.193418333333334,3.0,265.9,,
2025-07-07 01:37:43,119.61470333333334,32.19289333333333,6.5,258.8,,
2025-07-07 01:39:44,119.60878,32.19157166666667,9.8,255.6,,
2025-07-07 01:41:45,119.602405,32.190738333333336,10.0,264.8,,
2025-07-07 01:43:46,119.59591833333332,32.19023,9.8,268.4,,
2025-07-07 01:46:16,119.58798166666666,32.18985333333333,9.6,269.1,,
2025-07-07 01:48:17,119.58266,32.18928666666667,7.4,266.0,,
2025-07-07 01:51:18,119.57471,32.19043666666666,9.1,284.5,,
2025-07-07 01:53:49,119.56608833333334,32.192135,10.8,288.4,,
2025-07-07 01:55:50,119.55975166666668,32.19495833333333,11.0,302.2,,
2025-07-07 01:57:51,119.554305,32.19892,11.1,330.1,,
2025-07-07 02:00:52,119.55260833333334,32.20394666666667,3.3,343.6,,
2025-07-07 02:02:52,119.55203833333331,32.20674833333333,6.7,343.8,,
2025-07-07 02:06:23,119.55121333333334,32.217175,12.3,353.1,,
2025-07-07 02:08:54,119.54904833333332,32.224486666666664,10.9,333.9,,
2025-07-07 02:11:25,119.544325,32.23081333333333,10.8,322.1,,
2025-07-07 02:13:25,119.54045333333332,32.234381666666664,6.9,322.8,,
2025-07-07 02:16:57,119.5395,32.23553166666667,1.2,314.8,,
2025-07-07 02:21:28,119.54299333333331,32.23112166666667,6.7,140.4,,
2025-07-07 02:23:28,119.546735,32.226996666666665,10.7,147.3,,
2025-07-07 02:25:29,119.548785,32.22333833333333,7.1,162.9,,
2025-07-07 02:28:30,119.54936166666668,32.218195,7.5,179.9,,
2025-07-07 02:33:02,119.54930666666668,32.221176666666665,0.6,186.2,,
2025-07-07 02:36:03,119.54935166666668,32.219096666666665,9.7,8.5,,
2025-07-07 02:38:03,119.549255,32.22421833333333,9.0,344.0,,
2025-07-07 02:40:34,119.55303,32.23190666666667,13.1,29.2,,
2025-07-07 02:41:34,119.554175,32.23481833333334,9.5,9.3,,
2025-07-07 02:43:05,119.55406333333332,32.237725,4.8,345.3,,
2025-07-07 02:47:37,119.55356166666668,32.23847833333333,0.0,327.2,,
2025-07-07 03:17:49,119.55356833333332,32.238481666666665,0.0,354.3,,
2025-07-07 03:51:04,119.54984666666668,32.238728333333334,8.9,272.5,,
2025-07-07 04:13:11,119.537545,32.238663333333335,9.1,133.4,,
2025-07-07 04:15:12,119.54183,32.23475333333333,11.9,144.6,,
2025-07-07 04:17:12,119.54592333333332,32.229708333333335,11.9,148.5,,
2025-07-07 04:18:13,119.54771166666669,32.2264,12.3,158.5,,
2025-07-07 04:20:13,119.54930333333331,32.22166,7.4,170.5,,
2025-07-07 04:23:14,119.54966166666668,32.214255,7.6,177.8,,
2025-07-07 04:25:46,119.54957166666668,32.207795,10.3,180.2,,
2025-07-07 04:27:46,119.55044833333334,32.201755,11.8,166.1,,
2025-07-07 04:30:16,119.554085,32.19487,11.6,137.1,,
2025-07-07 04:32:47,119.56162166666668,32.1908,11.4,113.1,,
2025-07-07 04:34:48,119.56991,32.188498333333335,14.6,103.5,,
2025-07-07 04:35:49,119.57471166666669,32.187855,14.7,96.2,,
2025-07-07 04:36:49,119.57951,32.18762,14.6,86.6,,
2025-07-07 04:37:49,119.58315333333331,32.18832833333333,8.8,73.7,,
2025-07-07 04:42:22,119.58194666666668,32.189275,4.4,275.7,,
2025-07-07 04:44:52,119.57716,32.18951833333333,7.2,272.9,,
2025-07-07 04:46:53,119.57121333333332,32.19045666666667,7.9,282.8,,
2025-07-07 04:48:54,119.566425,32.191543333333335,6.1,292.3,,
2025-07-07 04:52:25,119.566815,32.18968,11.8,113.0,,
2025-07-07 04:53:56,119.57288666666666,32.18845666666667,12.5,99.5,,
2025-07-07 04:54:56,119.576535,32.18779,10.6,100.6,,
2025-07-07 04:56:57,119.58047833333332,32.18848166666667,3.2,323.3,,
2025-07-07 05:00:29,119.57681833333334,32.18774166666667,3.6,237.4,,
2025-07-07 05:03:31,119.57437666666668,32.186256666666665,1.4,222.6,,
2025-07-07 05:09:33,119.57362666666668,32.186085,0.2,172.3,,
2025-07-07 05:12:35,119.57373166666666,32.185975,0.8,296.7,,
2025-07-07 05:15:36,119.57366,32.18623,0.8,125.8,,
2025-07-07 05:18:38,119.57389666666668,32.18598,0.4,120.2,,
2025-07-07 05:22:39,119.57510333333332,32.188473333333334,7.2,52.2,,
2025-07-07 05:25:40,119.57372166666669,32.190221666666666,5.3,286.5,,
2025-07-07 05:28:42,119.57013833333332,32.190758333333335,3.5,274.3,,
2025-07-07 05:30:42,119.56696666666669,32.19151,7.3,290.3,,
2025-07-07 05:32:44,119.56474666666666,32.19240833333333,7.4,300.2,,
2025-07-07 05:34:44,119.55715166666668,32.19649166666667,10.3,304.2,,
2025-07-07 05:36:44,119.55360333333331,32.20126,10.4,337.2,,
2025-07-07 05:38:45,119.55168666666668,32.206026666666666,7.7,354.3,,
2025-07-07 05:40:46,119.55188,32.21086833333333,8.9,7.1,,
2025-07-07 05:42:46,119.55193166666666,32.21626,10.0,353.4,,
2025-07-07 05:44:48,119.54976166666668,32.221775,9.0,344.3,,
2025-07-07 05:46:48,119.54841166666668,32.22600666666666,5.6,340.2,,
2025-07-07 05:50:50,119.546785,32.22877166666667,3.3,338.0,,
2025-07-07 05:53:51,119.54525,32.23109,3.0,332.1,,
2025-07-07 05:57:22,119.54386333333332,32.23336333333334,2.5,314.6,,
2025-07-07 06:02:54,119.542405,32.234005,2.3,293.4,,
2025-07-07 06:07:26,119.54001333333332,32.23508833333333,2.9,306.9,,
2025-07-07 06:10:58,119.54009666666668,32.23466666666667,2.5,192.3,,
2025-07-07 06:13:58,119.54291333333332,32.23090666666667,5.3,148.0,,
2025-07-07 06:16:00,119.54641333333332,32.22624833333333,8.6,159.7,,
2025-07-07 06:18:00,119.54836666666668,32.22170833333333,8.6,168.4,,
2025-07-07 06:21:00,119.54906666666666,32.22360166666667,10.9,25.0,,
2025-07-07 06:23:01,119.552995,32.22871333333333,11.6,34.0,,
2025-07-07 06:25:32,119.55523333333332,32.23477166666667,7.1,3.1,,
2025-07-07 06:27:33,119.55485833333331,32.237318333333334,3.5,337.2,,
2025-07-07 07:02:45,119.55355666666668,32.238481666666665,0.0,336.5,,
2025-07-07 07:20:22,119.54927,32.23222833333333,11.9,199.7,,
2025-07-07 07:21:23,119.54879666666666,32.22873333333333,13.1,181.1,,
2025-07-07 07:22:23,119.549155,32.22496,13.6,172.6,,
2025-07-07 07:23:54,119.550045,32.219278333333335,13.9,175.4,,
2025-07-07 07:25:24,119.55048833333332,32.213391666666666,14.1,177.5,,
2025-07-07 07:26:24,119.55029,32.20934,14.7,183.9,,
2025-07-07 07:27:25,119.55058166666667,32.20524,14.7,170.8,,
2025-07-07 07:28:25,119.55169666666669,32.20276666666667,5.6,134.6,,
2025-07-07 07:32:26,119.55265166666666,32.20509,3.8,359.4,,
2025-07-07 07:34:57,119.55256166666666,32.209181666666666,7.3,1.6,,
2025-07-07 07:36:57,119.552315,32.213255,7.4,354.8,,
2025-07-07 07:38:57,119.55196333333332,32.21733166666667,7.3,353.1,,
2025-07-07 07:40:58,119.551625,32.221395,7.4,354.8,,
2025-07-07 07:44:29,119.54799333333334,32.226753333333335,4.8,327.8,,
2025-07-07 07:46:30,119.54618833333332,32.229843333333335,6.9,329.9,,
2025-07-07 07:48:30,119.54309666666668,32.23242166666667,6.5,309.2,,
2025-07-07 07:51:31,119.54035333333331,32.234898333333334,3.6,305.1,,
2025-07-07 07:59:03,119.544745,32.22932333333333,14.3,145.7,,
2025-07-07 08:00:03,119.547155,32.225895,14.1,152.6,,
2025-07-07 08:01:03,119.54844166666666,32.222575,12.1,165.6,,
2025-07-07 08:02:33,119.54919,32.217875,11.4,174.0,,
2025-07-07 08:04:34,119.54935833333332,32.21102,12.8,180.0,,
2025-07-07 08:05:35,119.54917666666668,32.207235,13.7,180.9,,
2025-07-07 08:06:35,119.54958,32.203361666666666,13.8,169.2,,
2025-07-07 08:08:06,119.55231166666668,32.198053333333334,13.9,151.5,,
2025-07-07 08:09:36,119.55603,32.19368,12.7,139.4,,
2025-07-07 08:10:36,119.55965666666668,32.192105,12.4,106.8,,
2025-07-07 08:11:36,119.56315,32.191765,7.9,88.4,,
2025-07-07 08:17:39,119.558145,32.195618333333336,7.8,306.7,,
2025-07-07 08:19:39,119.55472833333332,32.198906666666666,7.8,329.1,,
2025-07-07 08:22:40,119.55217833333332,32.204858333333334,7.6,350.0,,
2025-07-07 08:24:41,119.5521,32.20896666666667,8.1,2.1,,
2025-07-07 08:29:13,119.5516,32.21899333333333,7.8,352.5,,
2025-07-07 08:31:44,119.55003833333332,32.22414666666667,6.7,326.1,,
2025-07-07 08:34:45,119.54795833333333,32.22723166666667,3.5,327.1,,
2025-07-07 08:39:46,119.54909333333332,32.231785,13.0,34.5,,
2025-07-07 08:42:48,119.55397166666668,32.23724333333333,3.9,12.7,,
2025-07-07 09:02:54,119.55387333333331,32.238475,0.0,182.3,,
2025-07-07 09:33:03,119.553865,32.23847333333333,0.0,258.0,,
2025-07-07 10:03:08,119.55386166666666,32.23847166666667,0.0,358.9,,
2025-07-07 10:36:14,119.55387166666668,32.23846833333333,0.0,22.6,,
2025-07-07 11:11:09,119.55388,32.23846,0.0,220.1,,
2025-07-07 11:41:12,119.55388833333332,32.238461666666666,0.0,83.1,,
2025-07-07 12:14:16,119.55388333333332,32.23846,0.0,107.7,,
2025-07-07 12:44:21,119.55387833333332,32.238455,0.0,79.0,,
2025-07-07 13:14:28,119.55390166666666,32.23845,0.0,258.7,,
2025-07-07 13:50:37,119.55388666666668,32.238456666666664,0.0,312.6,,
2025-07-07 14:23:46,119.55389333333332,32.23845333333333,0.0,303.2,,
2025-07-07 14:53:55,119.55389333333332,32.23845333333333,0.1,67.0,,
2025-07-07 15:27:03,119.553895,32.23844833333333,0.0,26.5,,
2025-07-07 16:00:11,119.553885,32.238455,0.0,15.8,,
2025-07-07 16:30:21,119.55388833333332,32.23845333333333,0.0,21.9,,
2025-07-07 17:03:32,119.55386666666666,32.238461666666666,0.0,259.9,,
2025-07-07 17:33:41,119.553855,32.238475,0.0,42.4,,
2025-07-07 18:03:50,119.553855,32.238461666666666,0.0,8.8,,
2025-07-07 18:36:00,119.553865,32.23845333333333,0.0,220.8,,
2025-07-07 19:07:10,119.55385333333334,32.23846666666667,0.0,322.1,,
2025-07-07 19:37:19,119.55386166666666,32.238465,0.0,8.2,,
2025-07-07 20:10:27,119.55386166666666,32.23846666666667,0.1,184.1,,
2025-07-07 20:52:38,119.55387666666668,32.23845,0.0,175.9,,
2025-07-07 21:22:47,119.55386833333333,32.23845,0.1,320.6,,
2025-07-07 21:58:59,119.553875,32.238443333333336,0.0,136.1,,
2025-07-07 22:29:09,119.55388833333332,32.238458333333334,0.0,273.7,,
2025-07-07 23:02:21,119.55387666666668,32.23845166666667,0.0,359.4,,
2025-07-07 23:12:26,119.550805,32.235436666666665,11.8,206.7,,
2025-07-07 23:13:57,119.54863666666668,32.230428333333336,13.5,191.0,,
2025-07-07 23:19:00,119.550475,32.210496666666664,14.6,178.2,,
2025-07-07 23:21:31,119.55170166666667,32.201405,11.7,164.5,,
2025-07-07 23:23:32,119.55559666666667,32.195773333333335,11.6,143.7,,
2025-07-07 23:25:32,119.560195,32.19218166666667,9.2,124.9,,
2025-07-07 23:29:04,119.57042,32.18985333333333,9.3,95.0,,
2025-07-07 23:32:06,119.57605833333334,32.18936,3.6,96.5,,
2025-07-07 23:37:08,119.58201166666667,32.18893,3.7,101.8,,
2025-07-07 23:40:39,119.58521666666668,32.18950666666667,1.7,53.9,,
2025-07-07 23:43:40,119.58498666666668,32.18973166666667,2.3,286.3,,
2025-07-07 23:46:41,119.58232333333332,32.18989166666667,3.3,268.0,,
2025-07-07 23:49:13,119.57808333333334,32.19010333333333,8.1,276.8,,
2025-07-07 23:52:14,119.57042166666666,32.191138333333335,7.9,282.7,,
2025-07-07 23:56:15,119.56326166666666,32.19318,4.4,294.9,,
2025-07-07 23:58:46,119.55885333333332,32.19533166666667,6.3,303.7,,
2025-07-08 00:03:18,119.55371333333332,32.19942666666667,2.9,320.4,,
2025-07-08 00:06:49,119.55301166666666,32.202135,2.9,350.7,,
2025-07-08 00:10:51,119.552105,32.206655,3.9,357.1,,
2025-07-08 00:13:52,119.551905,32.210818333333336,5.9,351.7,,
2025-07-08 00:16:23,119.551725,32.21629166666666,8.3,354.3,,
2025-07-08 00:19:24,119.551165,32.221241666666664,4.7,352.5,,
2025-07-08 00:22:25,119.54926666666668,32.22257166666667,8.4,168.0,,
2025-07-08 00:23:55,119.550465,32.21791,12.8,172.7,,
2025-07-08 00:25:26,119.55059333333334,32.214173333333335,3.5,181.3,,
2025-07-08 00:29:58,119.55159166666668,32.21937833333333,7.1,358.7,,
2025-07-08 00:31:59,119.55072333333334,32.22329333333333,6.6,330.3,,
2025-07-08 00:34:29,119.54788,32.22698,6.4,335.8,,
2025-07-08 00:42:33,119.54997666666668,32.21908,12.8,179.1,,
2025-07-08 00:44:03,119.55016166666668,32.21363,13.1,181.9,,
2025-07-08 00:45:04,119.55002166666668,32.209915,13.6,179.4,,
2025-07-08 00:46:04,119.54999833333332,32.20603833333333,13.9,178.5,,
2025-07-08 00:47:04,119.550525,32.202235,13.8,170.7,,
2025-07-08 00:48:05,119.55180333333334,32.19854333333333,13.9,159.0,,
2025-07-08 00:49:05,119.55437,32.195341666666664,13.7,139.9,,
2025-07-08 00:50:35,119.559525,32.19172666666667,13.5,122.4,,
2025-07-08 00:52:36,119.56795,32.18863666666667,14.1,107.8,,
2025-07-08 00:54:07,119.574865,32.187625,14.0,93.0,,
2025-07-08 00:55:38,119.581915,32.18733666666667,14.2,89.6,,
2025-07-08 00:59:09,119.59795666666666,32.18776166666667,13.7,87.3,,
2025-07-08 01:00:40,119.604705,32.18841166666667,13.6,81.4,,
2025-07-08 01:02:11,119.611405,32.189256666666665,13.3,76.2,,
2025-07-08 01:03:12,119.61440833333332,32.18984833333333,7.9,79.1,,
2025-07-08 01:05:12,119.61748833333333,32.189773333333335,3.1,144.3,,
2025-07-08 01:11:44,119.61727166666668,32.189416666666666,0.0,86.1,,
2025-07-08 01:41:56,119.61728,32.189405,0.0,104.3,,
2025-07-08 02:27:13,119.61726333333333,32.189411666666665,0.1,318.4,,
2025-07-08 02:50:22,119.60706166666668,32.19125833333333,8.9,264.0,,
2025-07-08 02:52:23,119.60053833333332,32.189748333333334,10.4,248.0,,
2025-07-08 02:54:24,119.59499166666669,32.188183333333335,8.4,260.0,,
2025-07-08 02:56:25,119.58954833333334,32.187673333333336,8.2,267.4,,
2025-07-08 02:59:26,119.58899,32.18718666666667,2.4,94.0,,
2025-07-08 03:03:58,119.59747,32.18766333333333,9.7,71.3,,
2025-07-08 03:07:29,119.60047666666668,32.18987166666667,3.6,260.7,,
2025-07-08 03:10:30,119.59673166666668,32.18975833333333,4.1,283.3,,
2025-07-08 03:13:32,119.59155833333334,32.18960666666667,8.6,257.8,,
2025-07-08 03:17:33,119.58092333333332,32.18933833333333,8.6,271.8,,
2025-07-08 03:20:34,119.57252833333334,32.19065333333333,8.6,288.4,,
2025-07-08 03:23:05,119.567255,32.19104166666666,3.5,277.1,,
2025-07-08 03:26:06,119.56380833333333,32.19353666666667,3.6,308.3,,
2025-07-08 03:29:07,119.559465,32.19621333333333,5.9,304.3,,
2025-07-08 03:32:08,119.55562166666668,32.19860666666667,1.8,314.0,,
2025-07-08 03:37:09,119.55254166666668,32.20457,6.6,348.2,,
2025-07-08 03:39:10,119.55172333333331,32.20865,8.1,0.9,,
2025-07-08 03:41:11,119.5522,32.21364,9.6,6.9,,
2025-07-08 03:43:42,119.55177833333332,32.22026,9.5,350.3,,
2025-07-08 03:46:13,119.55146166666668,32.22571166666667,6.1,6.3,,
2025-07-08 03:48:13,119.55212166666666,32.22919,5.7,8.5,,
2025-07-08 03:51:44,119.55261333333333,32.232765,1.6,356.3,,
2025-07-08 03:54:45,119.549715,32.23556,5.5,323.3,,
2025-07-08 03:57:46,119.54535166666666,32.2388,5.3,302.6,,
2025-07-08 04:19:53,119.54215166666668,32.23964333333333,16.2,116.9,,
2025-07-08 04:21:52,119.54710333333334,32.238595,15.3,100.4,,
2025-07-08 04:30:55,119.553555,32.238483333333335,0.1,125.6,,
2025-07-08 05:09:08,119.55357166666668,32.238485,0.0,40.7,,
2025-07-08 05:39:18,119.55356666666668,32.238485,0.0,40.7,,
2025-07-08 06:13:26,119.55355166666666,32.2385,0.0,356.4,,
2025-07-08 06:48:40,119.55356333333332,32.238495,0.0,172.5,,
2025-07-08 07:19:48,119.54925833333331,32.23358666666667,13.3,191.0,,
2025-07-08 07:22:51,119.55121333333334,32.22268666666667,0.3,91.4,,
2025-07-08 07:27:21,119.54691,32.227045,8.8,327.9,,
2025-07-08 07:29:22,119.543935,32.23061,5.3,321.9,,
2025-07-08 07:32:23,119.54136,32.233175,1.8,320.7,,
2025-07-08 07:37:26,119.54234833333334,32.23220666666667,9.0,140.3,,
2025-07-08 07:41:26,119.54823166666668,32.22354166666667,12.8,163.2,,
2025-07-08 07:42:26,119.54906833333334,32.220531666666666,12.2,167.8,,
2025-07-08 07:44:57,119.55177,32.219715,8.1,352.7,,
2025-07-08 07:47:28,119.54941333333332,32.22484166666667,5.6,316.2,,
2025-07-08 07:55:02,119.54600833333332,32.22902666666667,2.5,329.5,,
2025-07-08 07:59:32,119.5457,32.230113333333335,3.4,85.4,,
2025-07-08 08:02:33,119.54991,32.22069666666667,14.2,164.4,,
2025-07-08 08:05:34,119.550915,32.221983333333334,10.5,344.7,,
2025-07-08 08:07:35,119.54995,32.22477,10.4,338.7,,
2025-07-08 08:10:06,119.54401833333333,32.231515,6.1,311.7,,
2025-07-08 08:16:08,119.54693666666668,32.22680166666667,12.0,151.0,,
2025-07-08 08:18:08,119.54900666666668,32.22088333333333,10.5,169.8,,
2025-07-08 08:20:09,119.54949333333332,32.215355,10.6,177.0,,
2025-07-08 08:22:10,119.54952666666668,32.208481666666664,12.9,179.9,,
2025-07-08 08:23:11,119.54972833333332,32.204838333333335,13.5,176.5,,
2025-07-08 08:24:11,119.55049833333334,32.201031666666665,13.9,168.9,,
2025-07-08 08:25:11,119.55231666666668,32.197478333333336,13.7,145.0,,
2025-07-08 08:26:11,119.55528,32.19458,13.8,135.1,,
2025-07-08 08:28:12,119.56272333333334,32.192258333333335,8.1,71.0,,
2025-07-08 08:29:13,119.56221833333332,32.193191666666664,4.2,308.8,,
2025-07-08 08:32:44,119.55770333333334,32.195925,7.7,308.1,,
2025-07-08 08:35:45,119.55308,32.19681166666667,6.7,161.8,,
2025-07-08 08:37:45,119.557265,32.193153333333335,10.3,136.3,,
2025-07-08 08:40:47,119.56775333333331,32.188725,12.2,106.6,,
2025-07-08 08:42:47,119.56816,32.188763333333334,10.3,311.1,,
2025-07-08 08:44:47,119.56717833333332,32.18948,8.5,107.9,,
2025-07-08 08:46:48,119.57287666666667,32.18782,9.8,107.1,,
2025-07-08 08:48:49,119.57970666666668,32.186765,10.5,92.0,,
2025-07-08 08:51:20,119.58809166666668,32.18649833333333,9.5,93.4,,
2025-07-08 08:54:21,119.58528666666666,32.18822333333333,10.8,309.5,,
2025-07-08 08:56:51,119.57826166666666,32.19085833333333,9.6,283.4,,
2025-07-08 08:58:52,119.57207166666667,32.19201666666667,9.5,286.6,,
2025-07-08 09:01:23,119.56503166666668,32.19493,9.7,300.3,,
2025-07-08 09:03:53,119.55822166666668,32.19848666666667,9.8,306.5,,
2025-07-08 09:05:54,119.55372,32.20216166666667,9.4,325.4,,
2025-07-08 09:07:55,119.5523,32.20697833333333,9.0,356.0,,
2025-07-08 09:09:56,119.55199833333332,32.212068333333335,9.4,356.6,,
2025-07-08 09:12:26,119.55156666666667,32.218736666666665,9.7,0.6,,
2025-07-08 09:14:26,119.55127333333331,32.22409833333333,9.5,354.6,,
2025-07-08 09:16:27,119.55279,32.22955,10.9,21.9,,
2025-07-08 09:19:29,119.55488,32.23651,5.9,356.0,,
2025-07-08 09:22:30,119.55359833333333,32.238463333333335,1.6,293.5,,
2025-07-08 09:25:31,119.55356333333332,32.238481666666665,0.0,74.7,,
2025-07-08 09:58:41,119.55358666666666,32.23849166666667,0.0,132.6,,
2025-07-08 10:28:50,119.553565,32.238475,0.0,117.6,,
2025-07-08 11:05:01,119.55356666666668,32.238475,0.0,141.7,,
2025-07-08 11:35:11,119.553565,32.23846666666667,0.0,201.7,,
2025-07-08 12:11:19,119.55355333333333,32.23847333333333,0.0,127.1,,
2025-07-08 12:52:31,119.55354833333334,32.238461666666666,0.0,201.0,,
2025-07-08 13:22:39,119.55356333333332,32.23846833333333,0.0,55.8,,
2025-07-08 13:58:50,119.55354833333334,32.238463333333335,0.0,213.4,,
2025-07-08 14:29:57,119.55356833333332,32.23847,0.0,127.6,,
2025-07-08 15:00:06,119.55357,32.23846833333333,0.0,6.6,,
2025-07-08 15:30:14,119.553565,32.23846833333333,0.0,6.6,,
2025-07-08 16:00:23,119.55357833333332,32.238476666666664,0.0,6.6,,
2025-07-08 16:30:31,119.553575,32.23847166666667,0.0,91.0,,
2025-07-08 17:00:40,119.55355833333331,32.23847333333333,0.0,326.0,,
2025-07-08 17:42:52,119.55357,32.23847166666667,0.0,12.0,,
2025-07-08 18:19:04,119.55356333333332,32.23848,0.0,334.3,,
2025-07-08 18:50:37,119.55355166666666,32.23848,0.0,175.0,,
2025-07-08 19:20:46,119.553545,32.23846833333333,0.0,181.5,,
2025-07-08 19:53:55,119.55354666666666,32.238475,0.0,180.1,,
2025-07-08 20:33:05,119.55355666666668,32.238475,0.0,123.2,,
2025-07-08 21:12:17,119.55355,32.23847166666667,0.0,132.2,,
2025-07-08 21:45:26,119.55355666666668,32.238455,0.0,208.8,,
2025-07-08 22:18:36,119.55355833333331,32.23847333333333,0.0,212.0,,
2025-07-08 22:51:48,119.55356333333332,32.23847166666667,0.0,240.0,,
2025-07-08 23:16:57,119.54846333333332,32.23513666666667,13.1,217.3,,
2025-07-08 23:18:00,119.548495,32.22692,15.4,169.1,,
2025-07-08 23:19:29,119.54907,32.22483833333333,15.4,167.5,,
2025-07-08 23:20:29,119.549705,32.22072,14.9,171.3,,
2025-07-08 23:21:31,119.55080333333332,32.21232,15.3,174.4,,
2025-07-08 23:23:30,119.55110166666668,32.209203333333335,7.2,169.9,,
2025-07-08 23:28:03,119.551515,32.21691833333333,8.1,351.9,,
2025-07-08 23:31:02,119.55130166666666,32.221445,8.1,355.8,,
2025-07-08 23:33:03,119.548935,32.225348333333336,8.0,333.5,,
2025-07-08 23:35:04,119.54811,32.22746166666666,2.7,42.9,,
2025-07-08 23:37:05,119.54964833333334,32.22213,13.2,173.3,,
2025-07-08 23:41:06,119.55052833333332,32.20630833333333,13.6,180.9,,
2025-07-08 23:43:37,119.55275666666668,32.198728333333335,10.1,152.0,,
2025-07-08 23:49:40,119.55403333333334,32.20021166666667,4.6,334.9,,
2025-07-08 23:53:10,119.552385,32.20609833333334,8.7,352.3,,
2025-07-08 23:56:13,119.551635,32.21609,7.9,354.0,,
2025-07-08 23:58:42,119.55105333333331,32.21933333333333,7.9,351.8,,
2025-07-09 00:01:14,119.54946,32.225168333333336,5.6,350.4,,
2025-07-09 00:06:46,119.55349666666666,32.23302,12.8,23.7,,
2025-07-09 00:09:47,119.55416833333334,32.238035,3.5,329.4,,
2025-07-09 00:13:49,119.55356666666668,32.23847333333333,0.0,304.0,,
2025-07-09 00:43:58,119.55356166666668,32.238481666666665,0.0,299.8,,
2025-07-09 01:23:10,119.55356666666668,32.238481666666665,0.0,338.2,,
2025-07-09 01:38:44,119.546585,32.23726333333333,11.2,251.2,,
2025-07-09 01:40:45,119.54116666666668,32.234678333333335,4.7,239.1,,
2025-07-09 01:47:46,119.54025666666666,32.234626666666664,3.0,332.3,,
2025-07-09 01:50:48,119.54248833333334,32.23218333333333,9.0,144.3,,
2025-07-09 01:52:48,119.546035,32.228175,9.7,146.7,,
2025-07-09 01:54:49,119.54870666666666,32.22208166666667,12.0,168.0,,
2025-07-09 01:58:20,119.54923333333332,32.21015333333333,12.5,184.7,,
2025-07-09 01:59:21,119.54934833333331,32.20657333333333,13.0,178.0,,
2025-07-09 02:00:21,119.54998333333332,32.20301,13.0,169.6,,
2025-07-09 02:01:51,119.5522,32.19795666666667,12.9,154.4,,
2025-07-09 02:05:23,119.56205666666666,32.190085,11.4,111.0,,
2025-07-09 02:07:23,119.56935333333334,32.18840333333333,13.6,101.7,,
2025-07-09 02:08:24,119.57380166666668,32.187875,13.5,97.8,,
2025-07-09 02:09:24,119.578135,32.18738333333334,13.1,97.0,,
2025-07-09 02:10:55,119.58407166666667,32.187036666666664,11.8,92.0,,
2025-07-09 02:13:55,119.59478666666666,32.187295,10.7,83.9,,
2025-07-09 02:17:26,119.60687166666666,32.18910833333333,9.4,69.0,,
2025-07-09 02:19:57,119.61353833333334,32.190441666666665,6.5,79.1,,
2025-07-09 02:22:58,119.615995,32.190178333333336,6.8,249.5,,
2025-07-09 02:25:00,119.60620666666668,32.191305,12.4,290.8,,
2025-07-09 02:27:00,119.60257333333334,32.19171333333333,10.4,274.3,,
2025-07-09 02:29:31,119.59414833333334,32.191298333333336,10.2,268.6,,
2025-07-09 02:31:31,119.58729833333334,32.191028333333335,10.5,276.5,,
2025-07-09 02:33:32,119.58030833333332,32.190801666666665,10.8,263.8,,
2025-07-09 02:35:33,119.57356166666666,32.19117333333333,10.1,282.4,,
2025-07-09 02:38:34,119.56616333333334,32.19189166666666,5.2,290.6,,
2025-07-09 02:40:35,119.55993666666669,32.190781666666666,11.0,248.3,,
2025-07-09 02:49:08,119.56041,32.189618333333335,8.6,112.2,,
2025-07-09 02:54:09,119.5593,32.189835,5.4,285.7,,
2025-07-09 02:58:41,119.55702333333332,32.19025333333333,0.0,233.7,,
2025-07-09 03:01:41,119.55734833333334,32.19003333333333,1.3,142.4,,
2025-07-09 03:04:42,119.55881333333332,32.18981,1.7,90.0,,
2025-07-09 03:07:43,119.56059666666668,32.18924166666667,2.1,86.4,,
2025-07-09 03:15:16,119.563255,32.189593333333335,1.4,68.3,,
2025-07-09 03:18:17,119.56453,32.18928,1.3,107.8,,
2025-07-09 03:24:19,119.56623666666668,32.188635,3.1,278.3,,
2025-07-09 03:27:20,119.56076333333333,32.189611666666664,6.4,283.7,,
2025-07-09 03:33:22,119.55704333333334,32.19023,0.0,147.7,,
2025-07-09 03:36:23,119.55685333333334,32.190625,5.3,328.8,,
2025-07-09 03:39:24,119.55459833333332,32.198546666666665,10.0,339.4,,
2025-07-09 03:41:24,119.55254833333332,32.203736666666664,9.5,344.5,,
2025-07-09 03:43:25,119.55202666666666,32.20926,10.2,357.7,,
2025-07-09 03:45:25,119.55160166666668,32.21490166666667,10.6,358.2,,
2025-07-09 03:47:26,119.55191,32.220663333333334,9.9,0.1,,
2025-07-09 03:49:26,119.55188,32.22635,10.5,11.1,,
2025-07-09 03:51:27,119.55440666666668,32.2326,12.2,16.3,,
2025-07-09 03:54:58,119.55439666666666,32.23816333333333,2.3,331.0,,
2025-07-09 03:58:29,119.55417666666666,32.238405,0.0,330.7,,
2025-07-09 04:30:39,119.55418,32.23840666666667,0.0,81.8,,
2025-07-09 05:01:42,119.55417333333334,32.23840833333333,0.0,81.8,,
2025-07-09 05:37:46,119.55417,32.238416666666666,0.0,81.8,,
2025-07-09 06:07:52,119.55417333333334,32.23840333333333,0.0,81.8,,
2025-07-09 06:40:00,119.55417666666666,32.23840833333333,0.0,312.1,,
2025-07-09 07:11:04,119.554175,32.238416666666666,0.0,312.1,,
2025-07-09 07:50:13,119.55417166666666,32.23841,0.0,312.1,,
2025-07-09 08:20:19,119.55417166666666,32.23840333333333,0.0,41.4,,
2025-07-09 08:56:25,119.55416,32.238416666666666,0.0,300.6,,
2025-07-09 09:15:01,119.534985,32.238616666666665,13.7,131.4,,
2025-07-09 09:16:01,119.53812166666668,32.23607,12.6,137.1,,
2025-07-09 09:17:01,119.54034833333333,32.233758333333334,10.5,141.3,,
2025-07-09 09:19:02,119.545775,32.228721666666665,12.4,137.9,,
2025-07-09 09:21:33,119.54888166666667,32.22273166666667,9.4,171.2,,
2025-07-09 09:23:33,119.549595,32.216755,11.7,174.7,,
2025-07-09 09:25:03,119.54948666666668,32.211688333333335,12.4,183.1,,
2025-07-09 09:27:34,119.54991333333334,32.203135,11.2,169.4,,
2025-07-09 09:29:35,119.55232333333332,32.19733,10.9,151.4,,
2025-07-09 09:32:05,119.55850833333334,32.19205,10.8,124.0,,
2025-07-09 09:34:06,119.56478166666666,32.18914,11.0,107.7,,
2025-07-09 09:36:37,119.57364666666666,32.18723833333333,11.1,101.2,,
2025-07-09 09:39:38,119.58442666666669,32.18672333333333,10.7,83.8,,
2025-07-09 09:44:09,119.60020166666666,32.18794166666667,10.9,81.5,,
2025-07-09 09:46:40,119.60886833333332,32.189643333333336,9.7,77.0,,
2025-07-09 09:48:40,119.61444833333331,32.190673333333336,8.3,76.6,,
2025-07-09 09:50:41,119.618,32.19096666666667,1.4,178.2,,
2025-07-09 09:53:42,119.61111166666667,32.190935,8.8,279.3,,
2025-07-09 09:55:43,119.605475,32.192326666666666,8.5,286.6,,
2025-07-09 09:57:44,119.59992666666666,32.192435,8.4,264.6,,
2025-07-09 10:00:15,119.59288833333332,32.19193333333333,8.6,262.8,,
2025-07-09 10:02:15,119.58730333333334,32.19137833333333,8.5,264.4,,
2025-07-09 10:05:16,119.57883333333334,32.191135,8.5,275.3,,
2025-07-09 10:07:17,119.57331,32.19188833333333,8.4,286.8,,
2025-07-09 10:09:17,119.568275,32.19399,8.7,298.3,,
2025-07-09 10:11:18,119.56341666666668,32.19647333333333,8.5,302.8,,
2025-07-09 10:15:19,119.55420833333334,32.20131666666666,8.1,321.0,,
2025-07-09 10:17:20,119.552705,32.20554833333333,7.8,351.5,,
2025-07-09 10:21:21,119.55141,32.214165,8.6,319.8,,
2025-07-09 10:23:52,119.547485,32.21928666666667,7.8,344.9,,
2025-07-09 10:25:53,119.54658666666668,32.222838333333335,6.3,347.8,,
2025-07-09 10:27:53,119.545345,32.226058333333334,6.0,339.3,,
2025-07-09 10:30:24,119.54330333333333,32.22926833333333,4.6,322.6,,
2025-07-09 10:33:56,119.53981166666668,32.23242333333334,3.4,303.3,,
2025-07-09 10:37:27,119.53828333333334,32.233985,2.8,306.1,,
2025-07-09 10:40:58,119.53673333333332,32.23484,2.3,327.1,,
2025-07-09 10:49:01,119.53489833333332,32.23916166666667,1.9,325.6,,
2025-07-09 10:53:32,119.541865,32.23266,13.4,141.5,,
2025-07-09 10:55:02,119.54553333333334,32.228155,11.5,150.8,,
2025-07-09 10:58:03,119.548955,32.2225,5.9,174.4,,
2025-07-09 11:01:04,119.54977166666669,32.21290333333334,14.0,181.3,,
2025-07-09 11:02:04,119.54935666666668,32.208931666666665,14.3,185.0,,
2025-07-09 11:06:36,119.55694666666666,32.192973333333335,13.6,131.6,,
2025-07-09 11:07:36,119.56052,32.191066666666664,13.1,116.7,,
2025-07-09 11:08:36,119.56495833333334,32.18991833333333,14.2,105.5,,
2025-07-09 11:10:06,119.571845,32.18845,14.4,105.9,,
2025-07-09 11:11:07,119.57655,32.18761333333333,14.5,99.9,,
2025-07-09 11:13:07,119.58548166666668,32.18698666666667,12.6,89.0,,
2025-07-09 11:14:38,119.59166,32.18722,12.5,85.5,,
2025-07-09 11:15:39,119.59579833333332,32.187553333333334,12.5,83.6,,
2025-07-09 11:18:09,119.60577833333332,32.189346666666665,12.4,79.4,,
2025-07-09 11:20:40,119.61379666666669,32.191228333333335,7.7,40.2,,
2025-07-09 11:22:40,119.60775666666666,32.19226666666667,10.4,267.3,,
2025-07-09 11:26:10,119.59581,32.19143,10.5,267.4,,
2025-07-09 11:28:10,119.58888333333331,32.19099333333333,10.6,265.9,,
2025-07-09 11:30:11,119.58181,32.190956666666665,10.8,271.2,,
2025-07-09 11:32:11,119.57480833333334,32.191625,10.7,283.5,,
2025-07-09 11:35:11,119.56516666666668,32.19517,10.6,298.8,,
2025-07-09 11:37:11,119.559125,32.198105,10.7,301.7,,
2025-07-09 11:39:11,119.55392166666668,32.201925,10.4,331.8,,
2025-07-09 11:41:41,119.5526,32.20899,10.8,2.0,,
2025-07-09 11:42:41,119.552515,32.21257,12.9,357.7,,
2025-07-09 11:43:41,119.55228666666666,32.216188333333335,13.0,356.7,,
2025-07-09 11:45:41,119.55172833333332,32.223475,13.1,355.6,,
2025-07-09 11:46:42,119.552,32.22698666666667,12.0,11.9,,
2025-07-09 11:47:42,119.55364666666668,32.230133333333335,12.7,25.3,,
2025-07-09 11:49:42,119.55525166666666,32.23518833333333,6.9,2.3,,
2025-07-09 11:51:43,119.55480666666666,32.23795166666667,3.7,335.3,,
2025-07-09 11:58:43,119.55417,32.23840666666667,0.0,45.3,,
2025-07-09 12:31:47,119.55417,32.23840166666667,0.0,172.2,,
2025-07-09 13:07:52,119.55417333333334,32.23840333333333,0.0,214.6,,
2025-07-09 13:40:57,119.55416666666666,32.238398333333336,0.0,21.5,,
2025-07-09 14:20:01,119.554175,32.23839666666667,0.0,64.0,,
2025-07-09 14:50:05,119.55416833333334,32.23839666666667,0.0,198.2,,
2025-07-09 15:20:10,119.55417333333334,32.238393333333335,0.0,198.2,,
2025-07-09 15:50:14,119.55417,32.23840333333333,0.0,70.6,,
2025-07-09 16:20:17,119.554175,32.238393333333335,0.0,90.6,,
2025-07-09 16:50:21,119.554165,32.238395,0.0,208.4,,
2025-07-09 17:20:28,119.55416166666669,32.2384,0.0,16.7,,
2025-07-09 17:50:35,119.554165,32.238395,0.0,140.5,,
2025-07-09 18:20:44,119.55416833333334,32.23840166666667,0.0,139.4,,
2025-07-09 18:56:54,119.55417,32.23841,0.0,340.1,,
2025-07-09 19:33:04,119.55416,32.23840833333333,0.0,356.1,,
2025-07-09 20:03:12,119.55417,32.23840166666667,0.0,73.5,,
2025-07-09 20:36:21,119.55416166666669,32.238391666666665,0.0,229.8,,
2025-07-09 21:12:31,119.55415,32.23840166666667,0.0,193.3,,
2025-07-09 21:22:34,119.55225333333334,32.234895,6.7,195.5,,
2025-07-09 21:26:35,119.551075,32.22539666666667,12.0,191.1,,
2025-07-09 21:27:36,119.550165,32.22195833333333,12.4,190.0,,
2025-07-09 21:29:06,119.54995166666669,32.21656333333333,13.3,176.8,,
2025-07-09 21:30:07,119.54991166666667,32.212755,13.6,181.2,,
2025-07-09 21:31:07,119.54992166666666,32.208998333333334,13.5,177.9,,
2025-07-09 21:32:07,119.550545,32.20523166666667,13.7,170.8,,
2025-07-09 21:34:08,119.55311166666668,32.19791166666667,13.8,158.1,,
2025-07-09 21:36:08,119.55864166666667,32.192051666666664,13.5,123.5,,
2025-07-09 21:37:39,119.56486,32.18986833333334,13.7,110.0,,
2025-07-09 21:38:39,119.56919166666668,32.18887,13.8,103.5,,
2025-07-09 21:39:39,119.573595,32.18812833333333,13.6,101.3,,
2025-07-09 21:40:39,119.578025,32.18767666666667,13.6,93.1,,
2025-07-09 21:41:40,119.58256166666666,32.18756833333333,13.6,90.2,,
2025-07-09 21:42:40,119.58705,32.187601666666666,13.7,89.3,,
2025-07-09 21:44:24,119.59478333333334,32.18796666666667,13.6,87.9,,
2025-07-09 21:46:21,119.60332333333334,32.189165,13.6,84.8,,
2025-07-09 21:47:21,119.60773,32.18966,13.6,79.2,,
2025-07-09 21:48:52,119.61321333333332,32.190905,9.1,74.1,,
2025-07-09 21:51:53,119.61801333333334,32.192655,0.1,355.2,,
2025-07-09 21:54:55,119.61977666666668,32.192861666666666,2.3,80.5,,
2025-07-09 21:58:26,119.621675,32.19336333333333,2.9,73.0,,
2025-07-09 22:03:28,119.61714166666668,32.193465,11.3,269.8,,
2025-07-09 22:08:00,119.59793333333332,32.19034833333333,13.0,268.0,,
2025-07-09 22:09:32,119.59142166666666,32.19018333333333,13.1,262.8,,
2025-07-09 22:11:12,119.58464833333332,32.18971333333333,10.6,269.8,,
2025-07-09 22:13:41,119.575805,32.1903,12.1,273.8,,
2025-07-09 22:15:41,119.56808833333334,32.191655,12.1,283.7,,
2025-07-09 22:17:42,119.56077666666668,32.19434833333333,12.1,299.8,,
2025-07-09 22:19:12,119.55603833333332,32.19731,11.4,315.3,,
2025-07-09 22:21:13,119.55283333333334,32.20231166666667,9.2,341.1,,
2025-07-09 22:23:43,119.55159333333332,32.20850333333333,9.7,0.2,,
2025-07-09 22:27:45,119.55128333333332,32.21966,8.0,353.5,,
2025-07-09 22:29:45,119.551075,32.22436166666667,8.9,359.7,,
2025-07-09 22:31:46,119.55383833333332,32.23133,14.1,23.2,,
2025-07-09 22:34:17,119.55496,32.23707,4.8,357.5,,
2025-07-09 22:42:21,119.55417166666666,32.238395,0.0,40.3,,
2025-07-09 23:14:53,119.55418666666668,32.23838666666666,0.0,155.9,,
2025-07-09 23:45:04,119.55418,32.23839666666667,0.0,77.5,,
2025-07-10 00:21:16,119.554175,32.238395,0.0,283.8,,
2025-07-10 00:54:27,119.55417,32.23838833333333,0.0,251.5,,
2025-07-10 01:30:40,119.55416833333334,32.238411666666664,0.1,261.9,,
2025-07-10 02:03:53,119.55417333333334,32.23840666666667,0.0,134.1,,
2025-07-10 02:40:05,119.55417333333334,32.238393333333335,0.0,132.8,,
2025-07-10 03:16:19,119.55354666666666,32.238438333333335,0.0,38.6,,
2025-07-10 03:53:04,119.54963833333332,32.238186666666664,9.8,260.6,,
2025-07-10 03:57:04,119.54085833333332,32.23431333333333,2.0,236.7,,
2025-07-10 04:00:05,119.540815,32.233898333333336,0.8,179.5,,
2025-07-10 04:04:36,119.54904,32.22389833333333,11.9,154.9,,
2025-07-10 04:06:37,119.54977666666667,32.217835,9.6,177.9,,
2025-07-10 04:09:38,119.54928666666666,32.208618333333334,13.9,184.0,,
2025-07-10 04:10:38,119.54942666666666,32.20454333333333,14.4,174.7,,
2025-07-10 04:11:38,119.55053166666669,32.20072666666667,13.7,163.1,,
2025-07-10 04:12:38,119.5526,32.19741166666667,13.6,148.1,,
2025-07-10 04:16:10,119.56677833333332,32.18940166666667,15.1,107.5,,
2025-07-10 04:17:10,119.57148333333332,32.188205,14.8,105.1,,
2025-07-10 04:18:10,119.57622,32.18734333333333,14.8,99.7,,
2025-07-10 04:19:41,119.58334,32.18701,14.5,90.4,,
2025-07-10 04:21:41,119.59332,32.187151666666665,14.9,89.8,,
2025-07-10 04:23:11,119.60015,32.18781833333333,13.6,83.6,,
2025-07-10 04:24:42,119.60640333333332,32.18884,11.4,75.4,,
2025-07-10 04:26:42,119.61310333333331,32.190466666666666,8.0,75.0,,
2025-07-10 04:28:43,119.61730833333333,32.191455,8.3,90.6,,
2025-07-10 04:30:44,119.61761333333334,32.192935,6.4,265.6,,
2025-07-10 04:33:15,119.6093,32.19150666666667,11.7,261.5,,
2025-07-10 04:35:46,119.59937833333332,32.19077166666667,12.1,263.6,,
2025-07-10 04:36:46,119.59543333333332,32.190355,11.9,263.2,,
2025-07-10 04:39:17,119.586565,32.19013833333333,10.7,268.6,,
2025-07-10 04:42:19,119.57748,32.190041666666666,7.3,264.9,,
2025-07-10 04:44:49,119.57091333333334,32.189728333333335,9.1,250.2,,
2025-07-10 04:47:50,119.576645,32.18754166666667,14.0,95.7,,
2025-07-10 04:48:50,119.58147,32.18731833333333,13.6,91.1,,
2025-07-10 04:50:21,119.58767333333331,32.18716166666667,12.4,92.5,,
2025-07-10 04:51:21,119.59177,32.187083333333334,12.1,89.2,,
2025-07-10 04:53:22,119.59969666666667,32.18778666666667,12.2,84.0,,
2025-07-10 04:55:52,119.60937666666666,32.18965333333333,11.9,77.7,,
2025-07-10 04:57:52,119.61547666666668,32.190688333333334,7.2,77.5,,
2025-07-10 05:04:55,119.61669833333332,32.190218333333334,0.3,354.7,,
2025-07-10 05:08:56,119.61700333333332,32.19164166666667,5.4,55.6,,
2025-07-10 05:11:57,119.62218833333333,32.193198333333335,4.2,44.8,,
2025-07-10 05:15:58,119.6143,32.192726666666665,8.5,251.6,,
2025-07-10 05:19:00,119.60884333333334,32.191136666666665,4.6,252.9,,
2025-07-10 05:22:01,119.60337,32.19044,5.7,259.8,,
2025-07-10 05:24:01,119.59927666666668,32.19002,8.1,264.8,,
2025-07-10 05:26:02,119.59465666666668,32.189,4.9,250.9,,
2025-07-10 05:28:02,119.59855166666668,32.187555,13.4,90.5,,
2025-07-10 05:30:03,119.60528666666669,32.18872,9.5,73.7,,
2025-07-10 05:32:34,119.61305833333331,32.19045166666667,10.1,79.5,,
2025-07-10 05:34:34,119.61818666666667,32.190508333333334,5.6,167.8,,
2025-07-10 05:39:06,119.61700833333332,32.18949166666667,0.0,120.5,,
2025-07-10 05:58:43,119.62038666666666,32.1941,2.6,57.9,,
2025-07-10 06:03:15,119.61942,32.193225,2.6,275.9,,
2025-07-10 06:06:15,119.61583166666668,32.19263,5.5,256.5,,
2025-07-10 06:09:46,119.60644333333332,32.191116666666666,8.6,260.5,,
2025-07-10 06:12:17,119.599295,32.19056333333333,8.6,268.6,,
2025-07-10 06:14:18,119.59362666666668,32.190236666666664,8.6,266.2,,
2025-07-10 06:16:18,119.58808833333332,32.19005333333333,8.3,267.9,,
2025-07-10 06:18:19,119.588435,32.18788166666667,12.1,99.7,,
2025-07-10 06:19:49,119.59366833333333,32.187956666666665,9.0,79.4,,
2025-07-10 06:22:21,119.60037666666666,32.188561666666665,8.1,85.2,,
2025-07-10 06:24:21,119.60557666666666,32.189386666666664,8.0,77.4,,
2025-07-10 06:27:22,119.61260166666666,32.19103333333333,7.0,72.5,,
2025-07-10 06:29:22,119.61658666666666,32.19221833333334,5.1,71.2,,
2025-07-10 06:32:54,119.62098666666668,32.193685,3.5,63.5,,
2025-07-10 06:36:55,119.62166666666668,32.193688333333334,0.3,28.4,,
2025-07-10 06:42:56,119.62329,32.19439333333333,0.6,13.4,,
2025-07-10 06:45:57,119.62158,32.19376666666667,2.5,267.4,,
2025-07-10 06:49:28,119.61473833333334,32.192436666666666,7.0,245.8,,
2025-07-10 06:52:29,119.61044666666666,32.191498333333335,4.9,253.0,,
2025-07-10 06:54:30,119.605875,32.190933333333334,7.7,267.6,,
2025-07-10 06:56:31,119.60066166666668,32.19063166666667,7.9,270.2,,
2025-07-10 06:58:32,119.59548333333332,32.19061,7.9,270.1,,
2025-07-10 07:01:32,119.58739,32.190055,8.5,265.8,,
2025-07-10 07:03:33,119.58562666666668,32.18850333333334,10.0,112.0,,
2025-07-10 07:05:34,119.591715,32.18827,8.3,88.4,,
2025-07-10 07:07:34,119.59720166666666,32.18883666666667,8.8,83.4,,
2025-07-10 07:09:34,119.60339666666668,32.18993833333333,9.6,78.0,,
2025-07-10 07:11:35,119.60952833333332,32.19128166666667,8.8,73.4,,
2025-07-10 07:14:36,119.61546,32.196461666666664,2.6,338.0,,
2025-07-10 07:21:08,119.61923666666668,32.19759833333333,1.7,43.4,,
2025-07-10 07:24:10,119.61986333333331,32.197535,0.7,68.8,,
2025-07-10 07:33:13,119.6208,32.19669,1.3,237.5,,
2025-07-10 07:36:14,119.61864666666666,32.193621666666665,3.6,257.8,,
2025-07-10 07:39:45,119.61261,32.19227,6.5,250.0,,
2025-07-10 07:41:46,119.60863,32.191496666666666,6.0,262.8,,
2025-07-10 07:43:47,119.60468833333331,32.191098333333336,6.2,261.5,,
2025-07-10 07:46:18,119.60171333333334,32.190781666666666,6.1,262.6,,
2025-07-10 07:48:18,119.59482,32.190415,7.3,266.8,,
2025-07-10 07:50:19,119.59009833333332,32.189998333333335,7.2,263.1,,
2025-07-10 07:52:50,119.5842,32.190055,7.2,277.7,,
2025-07-10 07:54:51,119.57947833333333,32.190196666666665,7.0,271.5,,
2025-07-10 07:56:51,119.57819666666668,32.188318333333335,13.1,120.3,,
2025-07-10 07:58:52,119.585195,32.187441666666665,9.9,93.0,,
2025-07-10 08:04:54,119.60249333333331,32.188988333333334,8.0,76.3,,
2025-07-10 08:06:55,119.60509,32.18942833333333,8.0,76.7,,
2025-07-10 08:09:55,119.61512333333332,32.194716666666665,8.5,48.1,,
2025-07-10 08:12:26,119.61871666666669,32.19747666666667,4.2,50.2,,
2025-07-10 08:16:58,119.62094833333332,32.19806833333333,1.3,143.8,,
2025-07-10 08:21:00,119.62174333333331,32.19688333333333,0.5,159.4,,
2025-07-10 08:27:32,119.62432,32.19470833333333,1.0,188.2,,
2025-07-10 08:31:03,119.62182333333334,32.19368,4.3,246.6,,
2025-07-10 08:34:04,119.61677833333331,32.193265,6.7,250.7,,
2025-07-10 08:36:05,119.61177833333332,32.19220333333333,7.6,256.4,,
2025-07-10 08:39:36,119.6066,32.191156666666664,4.5,264.2,,
2025-07-10 08:43:07,119.61387666666668,32.191493333333334,10.0,72.0,,
2025-07-10 08:45:38,119.61598666666669,32.19294166666667,1.8,316.9,,
2025-07-10 08:48:39,119.61046166666668,32.19177166666667,7.7,250.5,,
2025-07-10 08:50:40,119.60548333333334,32.19108,7.8,262.9,,
2025-07-10 08:53:11,119.598595,32.190513333333335,8.7,267.6,,
2025-07-10 08:55:12,119.59286,32.19007166666667,8.7,264.2,,
2025-07-10 08:57:13,119.58714166666668,32.18983166666667,8.6,266.6,,
2025-07-10 08:59:13,119.58146,32.189928333333334,8.7,273.9,,
2025-07-10 09:02:13,119.57860833333334,32.18774166666667,8.9,113.4,,
2025-07-10 09:04:44,119.58837833333334,32.18702666666667,12.6,91.4,,
2025-07-10 09:08:46,119.604415,32.18821166666667,11.7,79.1,,
2025-07-10 09:12:47,119.61585166666669,32.190125,3.4,138.0,,
2025-07-10 09:14:48,119.611435,32.191361666666666,10.8,281.5,,
2025-07-10 09:17:19,119.602525,32.192146666666666,10.9,268.7,,
2025-07-10 09:19:19,119.59516,32.19175166666667,11.3,265.8,,
2025-07-10 09:22:21,119.58405666666668,32.19103166666667,11.4,270.4,,
2025-07-10 09:24:51,119.57467166666666,32.19164333333333,11.4,283.5,,
2025-07-10 09:26:52,119.56769166666666,32.194028333333335,11.4,291.6,,
2025-07-10 09:29:23,119.55934833333332,32.197606666666665,11.3,299.1,,
2025-07-10 09:31:24,119.553915,32.20191,11.2,320.5,,
2025-07-10 09:34:25,119.552825,32.21077666666667,11.0,3.2,,
2025-07-10 09:36:56,119.55236833333332,32.21832,10.7,355.0,,
2025-07-10 09:39:26,119.55159833333332,32.22582166666667,11.0,2.7,,
2025-07-10 09:41:27,119.55388166666668,32.23198333333333,10.9,13.4,,
2025-07-10 09:43:58,119.55451833333332,32.236755,5.8,356.0,,
2025-07-10 10:15:00,119.55383666666668,32.238416666666666,0.0,217.2,,
2025-07-10 10:49:01,119.55383666666668,32.23840833333333,0.0,80.3,,
2025-07-10 11:19:02,119.55384,32.23840333333333,0.0,216.8,,
2025-07-10 11:52:03,119.55385666666666,32.23840666666667,0.0,112.8,,
2025-07-10 12:22:04,119.55385,32.23840166666667,0.0,248.4,,
2025-07-10 12:55:06,119.55386833333333,32.23840833333333,0.0,78.2,,
2025-07-10 13:25:10,119.55386166666666,32.23840333333333,0.0,267.1,,
2025-07-10 14:01:13,119.55384666666669,32.23840333333333,0.0,91.8,,
2025-07-10 14:31:15,119.55386,32.23840666666667,0.0,73.7,,
2025-07-10 15:01:16,119.55384666666669,32.23840666666667,0.0,125.2,,
2025-07-10 15:37:17,119.55385333333334,32.23840166666667,0.0,298.2,,
2025-07-10 16:07:19,119.55385833333334,32.23840666666667,0.0,244.9,,
2025-07-10 16:37:21,119.553855,32.23840666666667,0.0,246.5,,
2025-07-10 17:07:23,119.55385833333334,32.23841,0.0,333.4,,
2025-07-10 17:37:26,119.55386333333334,32.23840666666667,0.0,311.8,,
2025-07-10 18:07:27,119.55386333333334,32.238413333333334,0.0,290.0,,
2025-07-10 18:37:30,119.55385833333334,32.23840666666667,0.1,314.5,,
2025-07-10 19:13:32,119.55385833333334,32.238398333333336,0.0,314.9,,
2025-07-10 19:43:34,119.55385666666666,32.238405,0.0,239.0,,
2025-07-10 20:13:35,119.553845,32.23840833333333,0.0,255.5,,
2025-07-10 20:43:37,119.55383,32.23840666666667,0.0,195.0,,
2025-07-10 21:13:39,119.55383333333332,32.23840333333333,0.0,126.5,,
2025-07-10 21:43:47,119.55383666666668,32.23839666666667,0.0,218.3,,
2025-07-10 22:19:57,119.55384166666668,32.238415,0.0,357.5,,
2025-07-10 22:50:06,119.553845,32.238413333333334,0.0,289.7,,
2025-07-10 22:55:38,119.54664166666667,32.231595,13.6,179.5,,
2025-07-10 22:56:39,119.547905,32.22828833333333,10.0,157.9,,
2025-07-10 22:57:39,119.54892833333334,32.224905,12.8,167.5,,
2025-07-10 22:58:39,119.549515,32.221408333333336,12.4,173.1,,
2025-07-10 23:01:40,119.5504,32.210906666666666,12.9,174.8,,
2025-07-10 23:02:41,119.55056833333332,32.20730833333333,13.0,176.6,,
2025-07-10 23:03:41,119.55090333333334,32.203605,13.3,173.6,,
2025-07-10 23:06:12,119.554595,32.195195,13.1,142.5,,
2025-07-10 23:09:14,119.56558333333334,32.19001,12.9,105.4,,
2025-07-10 23:14:16,119.58814166666669,32.18772666666667,13.9,86.5,,
2025-07-10 23:16:47,119.59941,32.18852,12.7,83.4,,
2025-07-10 23:18:18,119.60510833333332,32.18949,11.7,79.7,,
2025-07-10 23:24:51,119.62013,32.19315,2.8,90.2,,
2025-07-10 23:28:53,119.623985,32.193356666666666,3.3,76.4,,
2025-07-10 23:35:26,119.62232333333333,32.194095,0.5,222.4,,
2025-07-10 23:44:29,119.61164,32.19121,5.8,133.1,,
2025-07-10 23:57:05,119.61688666666667,32.19211333333333,7.1,69.3,,
2025-07-11 00:00:05,119.62064333333332,32.19284666666667,3.9,77.6,,
2025-07-11 00:10:10,119.61137666666669,32.192015,4.8,255.4,,
2025-07-11 00:20:12,119.618615,32.19349666666667,1.7,300.6,,
2025-07-11 00:28:45,119.61630166666669,32.19312333333333,8.0,252.3,,
2025-07-11 00:31:16,119.60953833333332,32.191158333333334,8.8,249.2,,
2025-07-11 00:33:17,119.60302833333331,32.189535,12.4,259.3,,
2025-07-11 00:36:20,119.58712,32.18826,11.7,255.2,,
2025-07-11 00:38:49,119.58170666666666,32.186845,12.8,258.1,,
2025-07-11 00:50:23,119.57132333333334,32.18709333333333,6.7,312.2,,
2025-07-11 00:53:55,119.56347833333334,32.190715,5.4,293.5,,
2025-07-11 00:57:26,119.57185333333334,32.18821666666667,11.5,105.0,,
2025-07-11 01:01:27,119.58729,32.187495,12.8,84.5,,
2025-07-11 01:03:28,119.59603833333334,32.18805166666667,12.9,84.6,,
2025-07-11 01:06:00,119.60850166666668,32.18947166666667,10.4,81.3,,
2025-07-11 01:09:30,119.61401833333332,32.19045166666667,6.1,80.2,,
2025-07-11 01:13:32,119.614805,32.190016666666665,0.1,109.8,,
2025-07-11 01:17:33,119.61307833333332,32.18936,3.4,254.5,,
2025-07-11 01:21:05,119.60935666666668,32.18845,3.2,247.9,,
2025-07-11 01:25:33,119.60426,32.187835,5.0,286.3,,
2025-07-11 01:28:34,119.60069333333334,32.18859666666667,0.4,279.7,,
2025-07-11 01:31:35,119.59909666666668,32.188575,1.5,260.2,,
2025-07-11 01:34:37,119.59805666666666,32.188185,2.6,229.8,,
2025-07-11 01:37:39,119.60285166666668,32.187965,7.4,73.5,,
2025-07-11 01:41:08,119.609865,32.189523333333334,9.1,74.3,,
2025-07-11 01:43:39,119.61738833333334,32.19229166666667,12.5,54.7,,
2025-07-11 01:47:11,119.62413333333332,32.19483666666667,4.8,52.0,,
2025-07-11 01:50:13,119.61880833333332,32.19381833333333,6.6,263.6,,
2025-07-11 01:52:14,119.61451333333332,32.192811666666664,6.7,253.6,,
2025-07-11 01:54:43,119.61052833333332,32.191775,9.9,253.8,,
2025-07-11 01:57:44,119.60072666666667,32.190795,10.0,261.5,,
2025-07-11 01:59:45,119.594165,32.19025666666667,9.9,266.2,,
2025-07-11 02:03:16,119.58286333333334,32.18953666666667,9.7,268.7,,
2025-07-11 02:06:17,119.57342,32.19059166666667,9.7,281.0,,
2025-07-11 02:09:49,119.56558666666666,32.192175,9.8,293.1,,
2025-07-11 02:11:49,119.558225,32.19583,6.8,304.5,,
2025-07-11 02:15:20,119.553425,32.20159,7.7,339.6,,
2025-07-11 02:17:51,119.55240166666668,32.20694833333334,8.3,354.6,,
2025-07-11 02:20:22,119.55215,32.21290666666667,9.3,358.8,,
2025-07-11 02:23:23,119.55191666666668,32.220983333333336,9.7,358.4,,
2025-07-11 02:26:54,119.54717833333332,32.22824333333333,6.8,318.2,,
2025-07-11 02:29:26,119.54244166666666,32.232795,6.7,318.9,,
2025-07-11 02:32:25,119.53996833333332,32.23504333333333,0.5,330.4,,
2025-07-11 02:35:26,119.54494,32.22978833333333,13.6,145.5,,
2025-07-11 02:37:27,119.54839833333334,32.222638333333336,14.0,171.9,,
2025-07-11 02:40:28,119.547105,32.22405333333333,12.5,355.3,,
2025-07-11 02:45:29,119.54938333333334,32.219561666666664,9.7,177.7,,
2025-07-11 02:47:30,119.54778166666668,32.22062833333333,14.6,351.2,,
2025-07-11 02:48:30,119.54725833333332,32.22439333333333,12.0,347.5,,
2025-07-11 02:49:30,119.54818833333331,32.22399333333333,10.0,162.0,,
2025-07-11 02:52:01,119.54943666666668,32.21555,13.0,179.5,,
2025-07-11 02:53:03,119.54942833333334,32.208825,13.1,181.8,,
2025-07-11 02:55:03,119.54942833333334,32.208825,13.1,181.8,,
2025-07-11 03:00:03,119.55226,32.205346666666664,12.0,346.4,,
2025-07-11 03:02:34,119.55147166666669,32.21406,11.9,1.9,,
2025-07-11 03:05:05,119.551655,32.22038,8.0,353.6,,
2025-07-11 03:08:36,119.55089166666669,32.22493166666667,3.3,332.2,,
2025-07-11 03:12:07,119.551095,32.231593333333336,14.0,19.0,,
2025-07-11 03:15:38,119.55407666666666,32.23826,2.7,343.7,,
2025-07-11 03:22:10,119.55388666666668,32.238481666666665,0.0,41.7,,
2025-07-11 03:55:51,119.55034833333332,32.22810333333334,12.5,188.2,,
2025-07-11 03:57:51,119.55003333333332,32.22454,13.2,180.8,,
2025-07-11 03:59:51,119.55034666666668,32.21642833333333,14.6,177.9,,
2025-07-11 04:00:51,119.55019166666666,32.212291666666665,15.1,181.6,,
2025-07-11 04:01:52,119.55038833333332,32.207953333333336,15.5,176.1,,
2025-07-11 04:02:52,119.55127166666666,32.20366833333333,15.7,165.4,,
2025-07-11 04:03:52,119.55337,32.19965166666667,15.9,151.7,,
2025-07-11 04:04:52,119.55673,32.196243333333335,15.8,133.1,,
2025-07-11 04:06:53,119.56537666666668,32.191691666666664,14.0,114.6,,
2025-07-11 04:07:53,119.56831666666666,32.19063666666667,7.9,107.6,,
2025-07-11 04:08:53,119.56984333333334,32.190665,2.5,55.5,,
2025-07-11 04:14:26,119.56533166666668,32.19202166666667,5.1,291.2,,
2025-07-11 04:18:27,119.55968666666666,32.19496,5.1,303.4,,
2025-07-11 04:21:29,119.55569,32.197475,4.7,313.3,,
2025-07-11 04:25:00,119.553095,32.201433333333334,4.0,343.5,,
2025-07-11 04:30:01,119.55223333333332,32.204835,3.3,358.1,,
2025-07-11 04:33:02,119.55176666666668,32.208128333333335,4.1,354.8,,
2025-07-11 04:37:34,119.55191166666668,32.214025,4.7,1.1,,
2025-07-11 04:40:35,119.55160166666668,32.21776166666667,3.8,351.0,,
2025-07-11 04:43:36,119.55145666666668,32.22040333333333,2.7,356.9,,
2025-07-11 04:46:37,119.55075333333332,32.223185,3.4,350.6,,
2025-07-11 04:49:38,119.54979833333331,32.226198333333336,4.3,331.2,,
2025-07-11 04:52:39,119.54714333333334,32.22951333333334,6.1,314.8,,
2025-07-11 04:57:10,119.54271666666666,32.233718333333336,1.2,254.9,,
2025-07-11 05:00:11,119.5417,32.234008333333335,0.6,27.1,,
2025-07-11 05:03:42,119.54369,32.23191,9.6,138.6,,
2025-07-11 05:05:42,119.54369,32.23191,9.6,138.6,,
2025-07-11 05:07:42,119.54898,32.22329333333333,15.2,167.7,,
2025-07-11 05:09:43,119.55010166666666,32.21620333333333,10.4,179.2,,
2025-07-11 05:12:13,119.54980333333332,32.210323333333335,8.1,181.9,,
2025-07-11 05:14:14,119.55005333333334,32.205133333333336,11.3,169.9,,
2025-07-11 05:16:14,119.552435,32.19916166666667,11.4,153.4,,
2025-07-11 05:18:15,119.556655,32.19631,2.8,113.0,,
2025-07-11 05:21:46,119.55794666666668,32.195456666666665,1.6,130.5,,
2025-07-11 05:24:47,119.55911666666668,32.194653333333335,1.8,127.4,,
2025-07-11 05:27:48,119.55884666666668,32.194825,2.4,314.1,,
2025-07-11 05:30:49,119.55713666666666,32.196178333333336,2.3,309.8,,
2025-07-11 05:33:50,119.55455,32.19897666666667,4.7,337.2,,
2025-07-11 05:36:52,119.55335833333334,32.202705,3.9,337.1,,
2025-07-11 05:39:52,119.55240333333332,32.20556666666667,3.4,354.1,,
2025-07-11 05:46:24,119.55245,32.21482833333334,7.2,350.4,,
2025-07-11 05:48:55,119.55132166666668,32.222815,12.7,352.0,,
2025-07-11 05:49:55,119.5501,32.226125,12.4,330.2,,
2025-07-11 05:52:25,119.54443166666668,32.23097666666666,7.6,313.8,,
2025-07-11 05:57:57,119.54189833333334,32.23301333333333,5.2,146.6,,
2025-07-11 05:58:57,119.54511833333332,32.23017,15.4,136.6,,
2025-07-11 06:01:58,119.54921333333331,32.222896666666664,7.7,166.0,,
2025-07-11 06:03:59,119.55102666666669,32.221175,5.9,9.3,,
2025-07-11 06:06:00,119.5522,32.22587333333333,9.2,17.8,,
2025-07-11 06:09:30,119.555295,32.23469333333333,6.2,4.3,,
2025-07-11 06:12:31,119.55415166666668,32.23821,2.9,321.5,,
2025-07-11 06:19:02,119.553855,32.23847,0.0,348.0,,
2025-07-11 06:33:04,119.544955,32.234045,8.7,238.2,,
2025-07-11 06:38:05,119.54165833333332,32.233845,4.1,320.8,,
2025-07-11 06:43:36,119.54345666666669,32.231316666666665,8.9,146.7,,
2025-07-11 06:45:36,119.545915,32.22858,5.6,145.6,,
2025-07-11 06:47:37,119.54803333333334,32.22557833333333,7.1,157.3,,
2025-07-11 06:49:38,119.54933666666666,32.221705,9.3,170.5,,
2025-07-11 06:51:08,119.54992833333333,32.21619166666667,14.1,173.9,,
2025-07-11 06:54:39,119.55024166666666,32.20202833333333,13.9,166.9,,
2025-07-11 06:55:39,119.55178166666668,32.19861,13.6,157.1,,
2025-07-11 06:56:39,119.5538,32.19559666666667,10.8,144.0,,
2025-07-11 06:59:40,119.56073,32.19126833333333,8.2,115.4,,
2025-07-11 07:02:41,119.56837833333331,32.18866833333333,8.6,105.0,,
2025-07-11 07:07:12,119.58158333333331,32.187445,9.5,79.5,,
2025-07-11 07:12:14,119.583015,32.189431666666664,0.9,102.7,,
2025-07-11 07:15:46,119.57651333333334,32.190245,8.6,281.9,,
2025-07-11 07:17:46,119.570835,32.19146833333333,9.3,285.2,,
2025-07-11 07:20:17,119.56160833333334,32.18995833333334,12.2,256.5,,
2025-07-11 07:25:48,119.56303166666666,32.19255666666667,5.3,6.1,,
2025-07-11 07:27:49,119.560065,32.19455,6.8,302.2,,
2025-07-11 07:30:50,119.55561666666668,32.19719,4.9,317.8,,
2025-07-11 07:36:21,119.55284666666668,32.20289833333333,4.1,345.9,,
2025-07-11 07:39:52,119.55228166666669,32.207255,6.1,0.6,,
2025-07-11 07:42:53,119.55212666666668,32.21312833333333,7.4,358.0,,
2025-07-11 07:45:23,119.55208666666668,32.218271666666666,7.4,359.9,,
2025-07-11 07:47:24,119.55165666666667,32.22276333333333,8.5,356.0,,
2025-07-11 07:49:25,119.55091833333331,32.22696166666667,5.8,345.9,,
2025-07-11 07:52:25,119.55058333333334,32.23028333333333,3.5,351.3,,
2025-07-11 07:55:57,119.54951833333334,32.23384166666666,4.2,324.6,,
2025-07-11 07:59:28,119.54533666666669,32.237825,6.1,322.3,,
2025-07-11 08:35:37,119.54165166666668,32.23951,14.4,107.6,,
2025-07-11 08:37:08,119.54787333333331,32.238168333333334,12.1,103.6,,
2025-07-11 08:38:08,119.55079,32.237785,7.1,98.4,,
2025-07-11 08:40:09,119.553725,32.23806166666667,2.8,49.6,,
2025-07-11 08:45:42,119.553855,32.238485,0.0,53.6,,
2025-07-11 09:22:51,119.55385666666666,32.238483333333335,0.0,62.4,,
2025-07-11 10:02:02,119.553865,32.238485,0.0,230.5,,
2025-07-11 10:44:14,119.55387,32.23847833333333,0.0,91.6,,
2025-07-11 11:17:22,119.55387166666668,32.23848666666667,0.0,316.5,,
2025-07-11 11:53:32,119.55387666666668,32.23847166666667,0.0,298.9,,
2025-07-11 12:26:34,119.55388333333332,32.238461666666666,0.0,92.6,,
2025-07-11 13:32:37,119.55385833333334,32.238461666666666,0.0,123.6,,
2025-07-11 14:02:38,119.55385333333334,32.23844666666667,0.0,232.6,,
2025-07-11 14:35:40,119.55386666666666,32.238461666666666,0.0,307.3,,
2025-07-11 15:08:41,119.553865,32.238458333333334,0.0,344.1,,
2025-07-11 15:53:44,119.55386166666666,32.23846833333333,0.0,336.7,,
2025-07-11 16:28:47,119.55386333333334,32.238455,0.0,163.0,,
2025-07-11 16:59:47,119.55387,32.238461666666666,0.0,13.5,,
2025-07-11 17:29:49,119.553875,32.238461666666666,0.1,19.7,,
2025-07-11 18:05:51,119.55387666666668,32.23846833333333,0.0,354.5,,
2025-07-11 18:38:53,119.55386833333333,32.238465,0.0,209.4,,
2025-07-11 19:08:54,119.55387666666668,32.23847166666667,0.0,150.7,,
2025-07-11 19:41:56,119.553875,32.23846,0.0,236.2,,
2025-07-11 20:11:57,119.553885,32.23845,0.0,138.4,,
2025-07-11 20:44:00,119.55385833333334,32.23845333333333,0.0,128.6,,
2025-07-11 21:14:00,119.55385166666667,32.23845166666667,0.0,45.1,,
2025-07-11 21:50:11,119.55386166666666,32.23844666666667,0.1,314.9,,
2025-07-11 22:21:19,119.55385666666666,32.238461666666666,0.0,217.1,,
2025-07-11 22:54:32,119.55387333333331,32.238456666666664,0.1,215.2,,
2025-07-11 23:30:45,119.55387666666668,32.23844833333333,0.0,128.9,,
2025-07-12 00:00:56,119.55387333333331,32.23845166666667,0.1,254.7,,
2025-07-12 00:34:08,119.55385833333334,32.23846833333333,0.0,198.5,,
2025-07-12 00:48:42,119.548135,32.22865,14.1,167.6,,
2025-07-12 00:51:43,119.55002,32.217126666666665,13.9,174.2,,
2025-07-12 00:53:14,119.55048333333332,32.21125166666667,14.1,178.0,,
2025-07-12 00:54:45,119.550975,32.20522833333333,14.5,172.1,,
2025-07-12 00:55:45,119.55201333333332,32.201256666666666,14.7,164.0,,
2025-07-12 00:58:16,119.55632333333334,32.19627,1.1,337.7,,
2025-07-12 01:03:18,119.55422333333334,32.199893333333335,4.8,337.3,,
2025-07-12 01:05:19,119.553155,32.20336,8.9,348.7,,
2025-07-12 01:07:22,119.55260666666666,32.21098833333333,9.2,1.0,,
2025-07-12 01:10:51,119.552295,32.21699666666667,8.8,358.1,,
2025-07-12 01:12:54,119.55012,32.224111666666666,8.6,332.5,,
2025-07-12 01:19:55,119.55311666666668,32.233686666666664,10.9,37.6,,
2025-07-12 01:21:55,119.55441833333332,32.237095,4.6,3.3,,
2025-07-12 01:26:57,119.55387333333331,32.238476666666664,0.0,97.8,,
2025-07-12 02:00:00,119.55388166666668,32.23847333333333,0.0,282.0,,
2025-07-12 02:13:04,119.54223666666668,32.23523,10.4,241.9,,
2025-07-12 02:17:36,119.540205,32.23414666666667,12.6,138.2,,
2025-07-12 02:18:36,119.54313,32.23117666666667,14.1,141.1,,
2025-07-12 02:21:37,119.54796833333332,32.22537333333333,8.8,152.7,,
2025-07-12 02:26:10,119.54579833333334,32.22815166666667,12.0,337.1,,
2025-07-12 02:28:39,119.543695,32.23185,6.4,334.5,,
2025-07-12 02:33:41,119.54855333333332,32.22461833333333,8.8,160.3,,
2025-07-12 02:36:12,119.549735,32.21753666666667,11.3,175.5,,
2025-07-12 02:39:43,119.55115166666668,32.22235333333333,12.2,11.5,,
2025-07-12 02:41:14,119.55244666666668,32.227223333333335,12.1,17.4,,
2025-07-12 02:42:14,119.55381666666666,32.23061166666667,12.6,20.8,,
2025-07-12 02:43:45,119.55500666666669,32.23434666666667,8.1,7.9,,
2025-07-12 02:45:47,119.55461,32.237455,4.3,337.0,,
2025-07-12 02:47:47,119.553565,32.23847833333333,0.2,321.9,,
2025-07-12 03:21:30,119.55094166666667,32.23805,11.9,258.2,,
2025-07-12 03:23:31,119.54319333333332,32.236358333333335,11.8,256.2,,
2025-07-12 03:25:31,119.54323833333332,32.23209333333333,16.1,141.2,,
2025-07-12 03:27:32,119.54806166666668,32.22639,8.5,149.3,,
2025-07-12 03:29:33,119.54939666666668,32.22312,5.4,164.4,,
2025-07-12 03:31:34,119.55026333333332,32.218291666666666,8.7,178.8,,
2025-07-12 03:35:35,119.54976333333332,32.20963833333333,12.2,183.5,,
2025-07-12 03:37:05,119.55006333333333,32.20397666666667,10.5,170.5,,
2025-07-12 03:39:35,119.55191666666668,32.199038333333334,9.2,160.6,,
2025-07-12 03:41:07,119.555885,32.19432666666667,14.3,133.3,,
2025-07-12 03:42:37,119.56150833333334,32.19078666666667,14.4,120.5,,
2025-07-12 03:43:37,119.56597166666668,32.189315,14.7,108.4,,
2025-07-12 03:46:08,119.57699666666667,32.18893166666667,6.8,66.5,,
2025-07-12 03:49:40,119.57681333333332,32.18962,3.5,297.9,,
2025-07-12 03:53:41,119.56936833333332,32.19145,8.1,285.9,,
2025-07-12 03:55:42,119.56429833333333,32.19274166666667,8.1,295.2,,
2025-07-12 03:57:44,119.56024,32.194691666666664,6.1,301.4,,
2025-07-12 04:00:44,119.55540166666668,32.197518333333335,6.5,314.6,,
2025-07-12 04:04:15,119.55247,32.20206666666667,5.2,340.6,,
2025-07-12 04:06:15,119.55226166666668,32.20598666666667,6.4,359.6,,
2025-07-12 04:11:18,119.55268333333332,32.214166666666664,5.5,358.8,,
2025-07-12 04:13:49,119.55191333333332,32.219795,8.7,348.0,,
2025-07-12 04:15:49,119.55127,32.224853333333336,10.5,3.1,,
2025-07-12 04:17:51,119.553915,32.23078,9.9,21.8,,
2025-07-12 04:19:51,119.55476333333333,32.23602,8.0,355.2,,
2025-07-12 04:28:24,119.553565,32.238488333333336,0.0,317.1,,
2025-07-12 05:07:34,119.55357,32.238488333333336,0.0,317.1,,
2025-07-12 05:37:40,119.55356166666668,32.23847833333333,0.0,297.4,,
2025-07-12 06:16:47,119.55355166666666,32.238483333333335,0.0,329.8,,
2025-07-12 06:33:51,119.54486333333334,32.23674,7.7,248.9,,
2025-07-12 06:36:52,119.54101166666666,32.23528833333334,0.9,246.6,,
2025-07-12 06:43:24,119.54872166666668,32.22602666666667,9.8,157.9,,
2025-07-12 06:45:54,119.54953166666668,32.22134666666667,7.3,175.4,,
2025-07-12 06:47:54,119.549755,32.217328333333334,6.5,179.9,,
2025-07-12 06:50:55,119.54950333333332,32.211195,7.7,180.8,,
2025-07-12 06:53:26,119.55166333333334,32.20368333333333,10.8,154.3,,
2025-07-12 06:55:26,119.553515,32.200073333333336,4.2,138.5,,
2025-07-12 07:00:59,119.553035,32.20203166666667,4.0,354.7,,
2025-07-12 07:07:00,119.55205666666669,32.21115666666667,5.7,356.4,,
2025-07-12 07:10:01,119.55202333333334,32.216065,5.8,355.6,,
2025-07-12 07:13:33,119.55131833333331,32.22174666666667,5.5,353.4,,
2025-07-12 07:17:03,119.550665,32.22581666666667,3.6,345.7,,
2025-07-12 07:21:35,119.55078666666668,32.227201666666666,0.7,103.7,,
2025-07-12 07:24:36,119.55085,32.22743833333333,1.4,295.6,,
2025-07-12 07:27:37,119.55098333333332,32.231505,9.2,33.9,,
2025-07-12 07:29:37,119.55384666666669,32.23606,5.4,15.9,,
2025-07-12 07:38:09,119.553555,32.23847166666667,0.0,337.7,,
2025-07-12 08:08:16,119.55355666666668,32.238475,0.0,342.2,,
2025-07-12 08:37:26,119.54198,32.23369,2.3,309.6,,
2025-07-12 08:47:29,119.54600333333332,32.227795,9.6,147.7,,
2025-07-12 08:49:29,119.548105,32.224536666666665,4.4,154.1,,
2025-07-12 08:53:30,119.54650333333332,32.225611666666666,11.5,332.8,,
2025-07-12 08:55:31,119.54474,32.22858,4.7,190.4,,
2025-07-12 08:59:02,119.54735333333332,32.226255,9.2,0.5,,
2025-07-12 09:01:02,119.54863166666668,32.22349,8.5,164.8,,
2025-07-12 09:03:03,119.54934,32.21785333333333,9.3,175.0,,
2025-07-12 09:06:04,119.54942833333334,32.20926166666667,16.3,170.8,,
2025-07-12 09:08:04,119.55223666666669,32.200116666666666,17.6,154.1,,
2025-07-12 09:09:05,119.55505666666669,32.19632,15.5,142.4,,
2025-07-12 09:11:05,119.56112666666668,32.19269,9.6,117.0,,
2025-07-12 09:17:37,119.56408166666668,32.19283333333333,8.2,301.5,,
2025-07-12 09:19:38,119.55904666666666,32.195296666666664,8.9,302.1,,
2025-07-12 09:26:10,119.552225,32.206665,8.0,356.0,,
2025-07-12 09:28:11,119.55233,32.212595,11.7,358.6,,
2025-07-12 09:31:12,119.55154666666668,32.222393333333336,11.9,356.6,,
2025-07-12 09:33:12,119.55122666666666,32.228325,10.7,10.0,,
2025-07-12 09:35:43,119.55479,32.23469,7.9,7.4,,
2025-07-12 09:37:43,119.55437666666668,32.23764666666667,3.4,340.1,,
2025-07-12 09:41:10,119.55355333333333,32.2385,0.0,4.2,,
2025-07-12 10:17:42,119.55355333333333,32.238495,0.0,193.8,,
2025-07-12 10:47:53,119.55356,32.23847333333333,0.0,190.7,,
2025-07-12 11:24:05,119.55356333333332,32.23848,0.0,311.8,,
2025-07-12 11:54:13,119.55356666666668,32.238476666666664,0.0,212.0,,
2025-07-12 12:24:21,119.553565,32.23847166666667,0.0,118.0,,
2025-07-12 12:57:31,119.55356833333332,32.23847333333333,0.0,1.1,,
2025-07-12 13:27:40,119.55356,32.23847166666667,0.0,330.4,,
2025-07-12 14:03:50,119.55356,32.23846833333333,0.0,93.6,,
2025-07-12 14:33:57,119.55356,32.23847333333333,0.0,345.1,,
2025-07-12 15:04:03,119.553575,32.238463333333335,0.0,41.4,,
2025-07-12 15:43:08,119.55357333333332,32.23847833333333,0.1,295.1,,
2025-07-12 16:13:12,119.55357333333332,32.23846833333333,0.0,190.5,,
2025-07-12 16:49:16,119.55356833333332,32.23846833333333,0.0,138.3,,
2025-07-12 17:22:21,119.55357666666669,32.23847,0.0,287.6,,
2025-07-12 18:01:25,119.55357166666668,32.23846666666667,0.0,62.1,,
2025-07-12 18:31:29,119.55356833333332,32.23846833333333,0.0,24.5,,
2025-07-12 19:01:32,119.55356666666668,32.23846666666667,0.0,190.3,,
2025-07-12 19:34:36,119.553565,32.238483333333335,0.0,276.5,,
2025-07-12 20:07:39,119.55357,32.23846,0.0,147.5,,
2025-07-12 20:40:43,119.553565,32.23846666666667,0.0,187.2,,
2025-07-12 21:10:47,119.55355333333333,32.23847,0.1,194.2,,
2025-07-12 21:46:58,119.55355666666668,32.238475,0.0,197.3,,
2025-07-12 22:17:06,119.55355333333333,32.23847166666667,0.0,252.3,,
2025-07-12 22:47:16,119.55355666666668,32.238475,0.0,150.8,,
2025-07-12 23:17:28,119.55354666666666,32.23847333333333,0.0,117.7,,
2025-07-12 23:46:10,119.54532166666668,32.23544,11.4,243.9,,
2025-07-12 23:52:12,119.541045,32.23502666666667,2.0,322.4,,
2025-07-12 23:55:43,119.54476666666666,32.23070333333333,6.9,139.2,,
2025-07-12 23:58:45,119.54826166666666,32.223638333333334,11.1,167.4,,
2025-07-13 00:00:45,119.54878833333332,32.219295,6.1,180.4,,
2025-07-13 00:05:47,119.54571833333334,32.222206666666665,3.6,348.4,,
2025-07-13 00:13:51,119.544655,32.226258333333334,6.0,337.6,,
2025-07-13 00:17:22,119.542365,32.233518333333336,5.1,322.7,,
2025-07-13 00:21:53,119.53971,32.235036666666666,1.9,293.6,,
2025-07-13 00:24:54,119.54609,32.229555,11.9,133.9,,
2025-07-13 00:27:55,119.54860666666669,32.22562666666666,4.9,310.3,,
2025-07-13 00:31:56,119.55086666666666,32.21876833333334,8.9,119.1,,
2025-07-13 00:33:57,119.55158166666666,32.221318333333336,6.4,352.7,,
2025-07-13 00:35:58,119.55053833333334,32.22509,9.4,323.5,,
2025-07-13 00:40:30,119.547995,32.227355,1.4,305.8,,
2025-07-13 00:44:02,119.54674,32.22981166666667,6.9,336.0,,
2025-07-13 00:49:05,119.54307333333334,32.23283,2.1,289.0,,
2025-07-13 00:54:06,119.53990833333332,32.23488,2.3,313.2,,
2025-07-13 00:57:38,119.54629666666666,32.22806333333333,11.2,144.6,,
2025-07-13 00:59:08,119.54891,32.224091666666666,12.4,162.8,,
2025-07-13 01:00:09,119.54952333333334,32.221535,8.2,169.9,,
2025-07-13 01:03:40,119.54973,32.212468333333334,10.4,185.4,,
2025-07-13 01:05:41,119.55002333333331,32.205573333333334,13.7,173.1,,
2025-07-13 01:08:42,119.551685,32.198838333333335,5.8,163.8,,
2025-07-13 01:13:14,119.56175833333332,32.19099833333333,12.8,117.3,,
2025-07-13 01:15:14,119.56987333333332,32.188491666666664,13.1,105.0,,
2025-07-13 01:16:14,119.57414166666666,32.18777333333333,13.3,101.0,,
2025-07-13 01:17:15,119.57854166666668,32.18729166666667,13.4,96.6,,
2025-07-13 01:18:15,119.58288333333331,32.18709,13.3,92.4,,
2025-07-13 01:19:16,119.58726,32.18712166666667,13.1,88.7,,
2025-07-13 01:20:17,119.59159166666667,32.187325,13.3,86.1,,
2025-07-13 01:22:48,119.60245833333332,32.18830166666667,13.2,83.0,,
2025-07-13 01:26:48,119.61523833333334,32.190885,6.5,78.3,,
2025-07-13 01:30:21,119.619125,32.190935,5.9,221.2,,
2025-07-13 01:38:24,119.617,32.189503333333334,0.0,73.6,,
2025-07-13 02:11:39,119.617,32.18949,0.0,179.7,,
2025-07-13 02:36:49,119.61106166666669,32.189013333333335,6.7,263.9,,
2025-07-13 02:41:58,119.60179333333332,32.18882333333333,3.3,264.4,,
2025-07-13 02:47:29,119.59939666666666,32.188136666666665,0.9,126.5,,
2025-07-13 02:53:32,119.59998833333331,32.18826833333333,0.9,94.1,,
2025-07-13 02:59:34,119.60750333333333,32.189168333333335,7.9,71.8,,
2025-07-13 03:02:35,119.61543833333332,32.19089,8.8,77.0,,
2025-07-13 03:07:08,119.61674166666668,32.190495,1.0,36.2,,
2025-07-13 03:12:40,119.61912666666667,32.19275833333333,5.1,64.9,,
2025-07-13 03:24:14,119.62023833333332,32.193635,1.3,246.9,,
2025-07-13 03:28:46,119.61095833333331,32.1918,8.8,253.7,,
2025-07-13 03:30:47,119.60548666666666,32.19104333333333,7.8,262.8,,
2025-07-13 03:32:48,119.60020833333331,32.190628333333336,7.9,263.8,,
2025-07-13 03:34:49,119.59500833333334,32.19052666666666,8.0,270.7,,
2025-07-13 03:36:49,119.58984166666669,32.19024833333334,7.8,262.5,,
2025-07-13 03:38:50,119.58473666666669,32.189915,7.7,269.7,,
2025-07-13 03:41:21,119.57821333333334,32.19038,7.8,271.8,,
2025-07-13 03:43:52,119.57189,32.19099333333333,7.9,282.3,,
2025-07-13 03:45:53,119.56698,32.191915,7.6,284.8,,
2025-07-13 03:47:53,119.562415,32.193605,7.6,301.4,,
2025-07-13 03:49:54,119.55811833333334,32.195775,7.6,297.9,,
2025-07-13 03:51:55,119.55493,32.19869,6.5,327.5,,
2025-07-13 03:53:56,119.55364333333333,32.20106166666667,4.1,335.6,,
2025-07-13 03:56:27,119.552115,32.20484833333333,6.0,342.8,,
2025-07-13 03:58:58,119.55167333333333,32.208848333333336,10.7,358.6,,
2025-07-13 04:01:25,119.55242833333334,32.216185,10.7,0.7,,
2025-07-13 04:03:53,119.551855,32.22356333333333,10.8,356.2,,
2025-07-13 04:05:54,119.55319,32.22996,12.4,15.4,,
2025-07-13 04:06:54,119.5542,32.233126666666664,11.0,12.0,,
2025-07-13 04:08:55,119.55472833333332,32.23684333333333,4.0,0.4,,
2025-07-13 04:19:00,119.55355166666666,32.238476666666664,0.0,349.9,,
2025-07-13 06:34:13,119.54518166666666,32.23840666666667,16.6,108.7,,
2025-07-13 06:36:14,119.55247,32.23710166666667,5.4,99.7,,
2025-07-13 06:40:45,119.55431,32.238235,1.7,342.7,,
2025-07-13 06:47:47,119.55416333333334,32.2384,0.0,262.7,,
2025-07-13 07:17:56,119.55417833333334,32.238398333333336,0.0,305.7,,
2025-07-13 07:48:03,119.55417333333334,32.238391666666665,0.0,274.1,,
2025-07-13 08:18:10,119.55415666666669,32.23840166666667,0.0,293.9,,
2025-07-13 08:48:18,119.554165,32.23840333333333,0.0,298.1,,
2025-07-13 09:07:53,119.55008666666669,32.23654333333333,10.6,232.3,,
2025-07-13 09:11:25,119.54341666666669,32.23363166666667,3.3,245.2,,
2025-07-13 09:14:26,119.54514833333332,32.230266666666665,13.1,140.6,,
2025-07-13 09:15:26,119.54755333333334,32.227795,9.1,144.3,,
2025-07-13 09:17:26,119.54824166666668,32.225368333333336,6.3,319.5,,
2025-07-13 09:19:27,119.54681166666668,32.22741166666667,1.3,183.5,,
2025-07-13 09:22:27,119.54942333333334,32.217731666666666,11.6,171.2,,
2025-07-13 09:24:58,119.54917666666668,32.21093166666667,11.0,186.2,,
2025-07-13 09:26:59,119.54934666666666,32.20518333333333,9.8,174.0,,
2025-07-13 09:31:00,119.551825,32.19730666666667,7.0,155.1,,
2025-07-13 09:33:00,119.55487166666668,32.193935,8.4,134.5,,
2025-07-13 09:35:31,119.55949333333334,32.19103333333333,5.4,117.8,,
2025-07-13 09:39:02,119.56955166666668,32.18814833333333,13.4,102.6,,
2025-07-13 09:40:33,119.57584833333334,32.18716833333333,12.8,99.0,,
2025-07-13 09:42:30,119.58379333333332,32.186636666666665,12.2,93.2,,
2025-07-13 09:43:57,119.5899,32.18676333333333,12.5,87.1,,
2025-07-13 09:44:58,119.59390833333332,32.186725,12.0,91.9,,
2025-07-13 09:47:00,119.60170166666668,32.187603333333335,11.9,79.6,,
2025-07-13 09:49:00,119.60924666666666,32.18964,12.1,73.1,,
2025-07-13 09:51:31,119.61588666666668,32.19032166666667,1.4,120.1,,
2025-07-13 09:54:32,119.61212666666668,32.18978166666667,10.3,267.6,,
2025-07-13 09:56:33,119.60489166666666,32.191605,11.5,276.1,,
2025-07-13 09:59:34,119.59382666666669,32.19143666666667,11.4,269.0,,
2025-07-13 10:02:05,119.58434333333334,32.190735,11.7,261.9,,
2025-07-13 10:04:37,119.57496833333332,32.19061333333333,11.0,273.0,,
2025-07-13 10:06:37,119.56780333333332,32.19186333333333,11.0,285.9,,
2025-07-13 10:09:09,119.56060666666669,32.19394833333333,6.8,295.5,,
2025-07-13 10:13:40,119.55498,32.19741833333333,3.9,327.0,,
2025-07-13 10:17:11,119.55348666666669,32.20108333333334,3.8,343.4,,
2025-07-13 10:20:12,119.55084666666669,32.20657166666667,6.3,286.1,,
2025-07-13 10:22:13,119.55022333333334,32.204726666666666,7.7,179.2,,
2025-07-13 10:24:44,119.55501166666669,32.19464166666667,13.2,138.0,,
2025-07-13 10:27:14,119.56209666666666,32.190295,9.2,114.8,,
2025-07-13 10:29:15,119.568135,32.18876,10.3,105.5,,
2025-07-13 10:31:46,119.57687333333334,32.18721,12.5,101.0,,
2025-07-13 10:33:17,119.58298666666668,32.18677,12.1,94.2,,
2025-07-13 10:34:17,119.587075,32.18685,12.2,86.7,,
2025-07-13 10:36:18,119.59516333333332,32.187401666666666,13.5,84.7,,
2025-07-13 10:37:49,119.60168333333333,32.18828,13.8,76.7,,
2025-07-13 10:39:19,119.60339666666668,32.18874666666667,10.4,72.1,,
2025-07-13 10:41:20,119.61184333333334,32.19045166666667,14.0,75.9,,
2025-07-13 10:43:21,119.61541,32.19329166666667,13.1,278.0,,
2025-07-13 10:44:22,119.611155,32.193538333333336,12.9,274.8,,
2025-07-13 10:45:22,119.60680333333332,32.19368,13.2,270.8,,
2025-07-13 10:46:53,119.60064333333334,32.193313333333336,11.8,263.9,,
2025-07-13 10:49:24,119.59494166666668,32.19239,11.6,261.4,,
2025-07-13 10:51:25,119.58736,32.19137333333333,11.4,260.1,,
2025-07-13 10:54:56,119.57066833333332,32.19202833333333,11.1,280.7,,
2025-07-13 10:56:57,119.56375333333334,32.193655,10.9,283.5,,
2025-07-13 10:58:58,119.56031166666666,32.19454,11.0,286.5,,
2025-07-13 11:01:58,119.553935,32.19701166666667,10.7,310.3,,
2025-07-13 11:05:58,119.55501833333334,32.19499666666667,8.0,134.8,,
2025-07-13 11:08:58,119.56394833333331,32.19000666666667,11.6,112.4,,
2025-07-13 11:11:58,119.57555,32.187311666666666,12.5,96.5,,
2025-07-13 11:12:59,119.57988666666668,32.186883333333334,13.3,96.2,,
2025-07-13 11:14:59,119.58851166666666,32.186845,13.2,87.5,,
2025-07-13 11:16:29,119.595445,32.18741166666667,14.0,84.1,,
2025-07-13 11:17:29,119.59999833333332,32.187918333333336,14.0,79.9,,
2025-07-13 11:18:29,119.60450166666666,32.188703333333336,14.0,74.2,,
2025-07-13 11:19:29,119.60897166666666,32.18969833333333,14.1,76.5,,
2025-07-13 11:20:29,119.61219166666666,32.190846666666665,11.7,45.6,,
2025-07-13 11:21:29,119.60873833333332,32.19189,13.1,275.3,,
2025-07-13 11:22:29,119.604405,32.191878333333335,13.3,267.4,,
2025-07-13 11:25:00,119.59784833333332,32.191745,13.4,269.0,,
2025-07-13 11:27:00,119.58460666666667,32.190955,13.6,267.8,,
2025-07-13 11:29:00,119.57563166666668,32.191246666666665,13.6,278.4,,
2025-07-13 11:31:00,119.56712333333331,32.19362666666667,13.5,292.3,,
2025-07-13 11:33:00,119.55943333333332,32.197176666666664,13.4,300.2,,
2025-07-13 11:34:30,119.55443,32.200813333333336,13.5,317.4,,
2025-07-13 11:36:00,119.55261166666666,32.20597333333333,13.2,353.6,,
2025-07-13 11:37:30,119.55218833333332,32.21149833333333,13.3,358.9,,
2025-07-13 11:39:01,119.55189166666666,32.21709,13.4,356.0,,
2025-07-13 11:40:01,119.55157,32.220785,13.4,358.2,,
2025-07-13 11:41:01,119.551945,32.224466666666665,13.2,4.3,,
2025-07-13 11:42:01,119.55301333333334,32.228168333333336,14.2,19.2,,
2025-07-13 11:43:01,119.55416,32.2319,12.3,12.0,,
2025-07-13 11:44:32,119.55470666666666,32.23552166666666,6.6,3.1,,
2025-07-13 11:50:33,119.55416,32.23840333333333,0.0,303.3,,
2025-07-13 12:23:40,119.554165,32.23838833333333,0.0,36.9,,
2025-07-13 12:56:48,119.554175,32.238405,0.0,20.7,,
2025-07-13 13:26:57,119.554155,32.23839,0.0,20.7,,
2025-07-13 14:06:07,119.55417166666666,32.23839,0.0,96.4,,
2025-07-13 14:36:14,119.55417833333334,32.23838833333333,0.0,229.0,,
2025-07-13 15:06:21,119.554175,32.238391666666665,0.0,106.6,,
2025-07-13 15:39:28,119.55417166666666,32.238391666666665,0.0,262.9,,
2025-07-13 16:09:33,119.55418166666666,32.23840333333333,0.0,119.4,,
2025-07-13 16:39:40,119.55417666666666,32.238398333333336,0.0,57.8,,
2025-07-13 17:21:51,119.55417,32.23840666666667,0.0,37.0,,
2025-07-13 17:54:01,119.55417166666666,32.23840666666667,0.0,15.2,,
2025-07-13 18:25:05,119.55416333333334,32.23840333333333,0.0,276.5,,
2025-07-13 18:58:13,119.554165,32.23840333333333,0.0,157.9,,
2025-07-13 19:33:24,119.55417666666666,32.23840333333333,0.0,45.3,,
2025-07-13 20:04:33,119.554165,32.238398333333336,0.0,14.0,,
2025-07-13 20:34:44,119.55416833333334,32.23838666666666,0.0,302.3,,
2025-07-13 21:07:55,119.55417666666666,32.23839,0.0,66.0,,
2025-07-13 21:47:06,119.55417333333334,32.23840333333333,0.0,44.4,,
2025-07-13 22:32:20,119.55417666666666,32.23840333333333,0.0,133.9,,
2025-07-13 23:02:32,119.55416666666666,32.23839666666667,0.0,79.0,,
2025-07-13 23:41:47,119.55418,32.238398333333336,0.0,189.0,,
2025-07-14 00:11:58,119.554165,32.238398333333336,0.0,158.5,,
2025-07-14 00:42:09,119.55416,32.23840166666667,0.0,93.2,,
2025-07-14 01:15:42,119.55418,32.2384,0.0,325.9,,
2025-07-14 01:49:51,119.554175,32.238405,0.0,118.3,,
2025-07-14 02:26:03,119.55417333333334,32.23840166666667,0.0,38.0,,
2025-07-14 02:44:10,119.54768166666666,32.23598,8.1,256.7,,
2025-07-14 02:46:11,119.54422,32.234915,2.3,239.8,,
2025-07-14 02:52:43,119.54164,32.2349,1.0,298.3,,
2025-07-14 02:57:44,119.54681333333332,32.227421666666665,7.6,145.4,,
2025-07-14 03:00:44,119.549385,32.220675,8.4,173.8,,
2025-07-14 03:02:44,119.54956166666666,32.21670833333334,4.7,176.4,,
2025-07-14 03:04:44,119.55013166666669,32.21223666666667,8.4,171.8,,
2025-07-14 03:10:15,119.55229833333334,32.19851166666667,10.7,154.2,,
2025-07-14 03:12:45,119.55952166666668,32.19237,13.0,120.2,,
2025-07-14 03:14:15,119.56557,32.19009666666667,13.9,112.7,,
2025-07-14 03:15:46,119.567745,32.18949833333333,13.9,107.5,,
2025-07-14 03:18:17,119.57451,32.18814833333333,14.0,102.6,,
2025-07-14 03:20:16,119.591145,32.187455,12.4,88.8,,
2025-07-14 03:21:46,119.59707166666666,32.18792833333333,11.7,86.2,,
2025-07-14 03:24:47,119.60817333333334,32.189726666666665,11.6,75.1,,
2025-07-14 03:27:48,119.61737166666668,32.192245,2.5,346.9,,
2025-07-14 03:29:48,119.613095,32.191923333333335,8.4,259.8,,
2025-07-14 03:32:20,119.60576,32.190668333333335,10.1,259.8,,
2025-07-14 03:35:21,119.595755,32.189703333333334,10.2,261.9,,
2025-07-14 03:38:22,119.58566666666668,32.18904333333333,10.2,258.8,,
2025-07-14 03:40:53,119.57873166666668,32.189265,8.3,275.0,,
2025-07-14 03:44:55,119.56808333333332,32.190531666666665,8.0,279.6,,
2025-07-14 03:47:27,119.561975,32.19260166666667,6.2,288.0,,
2025-07-14 03:49:27,119.56132,32.191405,8.2,122.2,,
2025-07-14 03:51:58,119.56864333333333,32.18923,9.6,105.1,,
2025-07-14 03:53:59,119.57172666666666,32.18860166666666,9.7,103.3,,
2025-07-14 03:57:30,119.58736166666668,32.187648333333335,11.1,88.3,,
2025-07-14 03:59:30,119.59470666666668,32.188118333333335,12.2,85.8,,
2025-07-14 04:01:01,119.60094166666669,32.18859333333333,12.6,83.1,,
2025-07-14 04:02:31,119.607035,32.1895,12.7,76.3,,
2025-07-14 04:03:32,119.61117166666666,32.190356666666666,12.9,78.1,,
2025-07-14 04:04:33,119.61483166666666,32.190911666666665,10.1,80.1,,
2025-07-14 04:05:34,119.616665,32.192035,4.6,4.3,,
2025-07-14 04:08:05,119.61085,32.19123666666667,8.1,256.5,,
2025-07-14 04:10:35,119.60688666666668,32.190826666666666,8.1,260.9,,
2025-07-14 04:14:32,119.61265833333331,32.19074833333333,8.5,78.6,,
2025-07-14 04:16:33,119.61770833333334,32.19245333333333,7.1,33.5,,
2025-07-14 04:19:04,119.61443666666666,32.192328333333336,8.2,258.3,,
2025-07-14 04:21:34,119.60560166666669,32.19092,7.8,266.0,,
2025-07-14 04:26:06,119.59404,32.18968,7.7,262.1,,
2025-07-14 04:28:39,119.58528,32.18939,7.6,274.1,,
2025-07-14 04:33:09,119.576555,32.189565,7.4,274.7,,
2025-07-14 04:35:10,119.57167333333334,32.190146666666664,7.6,275.7,,
2025-07-14 04:37:42,119.56783,32.190706666666664,7.9,281.6,,
2025-07-14 04:41:14,119.56047333333332,32.193086666666666,5.3,284.1,,
2025-07-14 04:44:15,119.56020333333332,32.191825,10.6,118.2,,
2025-07-14 04:46:46,119.56592166666668,32.1903,12.4,101.0,,
2025-07-14 04:47:46,119.57394,32.188401666666664,12.8,104.8,,
2025-07-14 04:49:47,119.582325,32.187623333333335,12.7,98.5,,
2025-07-14 04:51:18,119.58864333333334,32.187355,12.7,93.9,,
2025-07-14 04:52:20,119.59678666666667,32.187595,12.2,83.9,,
2025-07-14 04:54:19,119.60073833333334,32.18821,12.3,79.7,,
2025-07-14 04:55:49,119.60659,32.189413333333334,12.3,77.0,,
2025-07-14 04:56:51,119.61054,32.190305,11.9,74.9,,
2025-07-14 04:59:21,119.6161,32.19213333333333,2.9,299.6,,
2025-07-14 05:01:52,119.61158166666668,32.19167,7.6,258.9,,
2025-07-14 05:03:53,119.60665666666668,32.190351666666665,7.9,253.7,,
2025-07-14 05:05:54,119.60205,32.189548333333335,5.0,267.8,,
2025-07-14 05:07:55,119.60591,32.189413333333334,8.0,88.6,,
2025-07-14 05:09:55,119.61011833333332,32.191156666666664,1.9,321.1,,
2025-07-14 05:12:57,119.61870333333331,32.19172833333333,12.6,76.9,,
2025-07-14 05:14:57,119.6167,32.192325,9.1,259.8,,
2025-07-14 05:19:29,119.61568833333334,32.19267166666667,8.0,262.4,,
2025-07-14 05:21:31,119.61321166666669,32.192105,7.6,246.9,,
2025-07-14 05:23:32,119.60833833333334,32.19116666666667,7.4,260.7,,
2025-07-14 05:27:02,119.59732,32.18982,7.6,267.7,,
2025-07-14 05:29:03,119.59235666666666,32.189886666666666,7.6,266.8,,
2025-07-14 05:31:34,119.58631333333334,32.18935333333334,7.4,278.6,,
2025-07-14 05:33:35,119.581475,32.18951833333333,7.4,276.5,,
2025-07-14 05:35:36,119.5791,32.18989,7.6,279.4,,
2025-07-14 05:37:36,119.57202333333332,32.190893333333335,7.3,282.4,,
2025-07-14 05:40:07,119.566375,32.192875,7.5,296.7,,
2025-07-14 05:42:09,119.56414166666669,32.193846666666666,7.5,298.1,,
2025-07-14 05:44:39,119.556635,32.197813333333336,7.7,310.9,,
2025-07-14 05:46:41,119.55361333333332,32.20129166666667,7.7,331.9,,
2025-07-14 05:48:41,119.55211166666666,32.205215,7.4,358.0,,
2025-07-14 05:51:12,119.55182,32.21050833333334,7.9,354.0,,
2025-07-14 05:53:13,119.55153166666666,32.21272666666667,8.0,353.0,,
2025-07-14 05:55:13,119.55047,32.21982166666667,8.7,354.9,,
2025-07-14 05:57:44,119.549325,32.225033333333336,6.6,346.4,,
2025-07-14 06:00:15,119.54756833333332,32.229245,6.3,336.7,,
2025-07-14 06:02:46,119.545835,32.23114666666667,0.3,321.2,,
2025-07-14 06:05:48,119.54498166666669,32.23229833333333,3.3,318.4,,
2025-07-14 06:09:50,119.54413166666669,32.232863333333334,3.6,310.0,,
2025-07-14 06:18:55,119.538585,32.237563333333334,2.2,330.0,,
2025-07-14 06:24:55,119.54547666666669,32.230131666666665,8.4,149.8,,
2025-07-14 06:26:55,119.54774,32.22574,8.6,158.5,,
2025-07-14 06:28:58,119.54924333333334,32.2195,8.6,173.5,,
2025-07-14 06:31:58,119.54976833333332,32.21492666666666,8.3,172.9,,
2025-07-14 06:34:00,119.55016666666668,32.20558,12.2,176.2,,
2025-07-14 06:35:00,119.55102166666668,32.20185,14.3,165.0,,
2025-07-14 06:37:00,119.55275333333331,32.198143333333334,14.0,155.5,,
2025-07-14 06:38:00,119.55520833333334,32.1949,13.9,141.4,,
2025-07-14 06:40:32,119.560865,32.19156,13.9,114.9,,
2025-07-14 06:41:32,119.56520333333332,32.19025,14.1,107.7,,
2025-07-14 06:42:32,119.57438,32.18803,14.1,103.6,,
2025-07-14 06:43:32,119.56973833333332,32.189058333333335,14.5,106.7,,
2025-07-14 06:45:03,119.5855,32.18684666666667,13.3,91.5,,
2025-07-14 06:46:04,119.58978666666668,32.18706,12.9,86.0,,
2025-07-14 06:47:04,119.5855,32.18684666666667,13.3,91.5,,
2025-07-14 06:48:04,119.58978666666668,32.18706,12.9,86.0,,
2025-07-14 06:49:04,119.601445,32.188253333333336,9.9,76.3,,
2025-07-14 06:51:34,119.60979666666668,32.19006666666667,11.8,76.2,,
2025-07-14 06:53:35,119.60979666666668,32.19006666666667,11.8,76.2,,
2025-07-14 06:55:36,119.62153333333332,32.19251833333333,10.5,81.0,,
2025-07-14 07:00:07,119.617165,32.189598333333336,5.0,241.0,,
2025-07-14 07:36:52,119.63677666666666,32.19491,10.5,72.0,,
2025-07-14 07:39:23,119.64486166666669,32.197885,10.5,65.6,,
2025-07-14 07:42:24,119.64486166666669,32.197885,10.5,65.6,,
2025-07-14 07:44:25,119.65290166666666,32.20265333333333,8.0,230.3,,
2025-07-14 07:47:56,119.649265,32.20138,8.1,254.6,,
2025-07-14 07:49:57,119.639195,32.19860833333333,7.9,255.5,,
2025-07-14 07:51:59,119.63173833333332,32.196405,8.0,249.6,,
2025-07-14 07:54:28,119.62805333333333,32.19554,6.6,261.0,,
2025-07-14 07:56:29,119.624005,32.19466166666667,4.9,270.2,,
2025-07-14 08:01:31,119.62529,32.19415333333333,2.5,92.1,,
2025-07-14 08:05:01,119.62710833333334,32.19677333333333,2.8,230.7,,
2025-07-14 08:08:33,119.62564333333331,32.195863333333335,1.3,226.4,,
2025-07-14 08:13:04,119.61946166666668,32.19367166666667,3.1,265.4,,
2025-07-14 08:17:06,119.61685166666666,32.192791666666665,7.4,250.1,,
2025-07-14 08:20:38,119.604215,32.18975833333333,9.5,255.0,,
2025-07-14 08:22:39,119.60107333333332,32.189296666666664,9.7,263.8,,
2025-07-14 08:25:40,119.594735,32.18873333333333,9.5,260.6,,
2025-07-14 08:29:11,119.59304666666668,32.18691833333333,2.5,33.5,,
2025-07-14 08:33:13,119.59117333333332,32.187295,3.4,265.8,,
2025-07-14 08:38:15,119.58816666666668,32.186748333333334,2.8,264.2,,
2025-07-14 08:55:53,119.58109833333332,32.186735,4.5,323.1,,
2025-07-14 08:58:56,119.57519166666668,32.191588333333335,8.1,292.9,,
2025-07-14 09:00:56,119.57519166666668,32.191588333333335,8.1,292.9,,
2025-07-14 09:02:56,119.56755333333334,32.19401833333333,8.3,291.6,,
2025-07-14 09:05:57,119.56515,32.195025,8.4,300.7,,
2025-07-14 09:07:58,119.55575833333332,32.19929666666667,7.9,308.2,,
2025-07-14 09:12:00,119.551505,32.20650833333333,7.5,351.2,,
2025-07-14 09:14:01,119.55150666666668,32.211043333333336,8.7,6.2,,
2025-07-14 09:16:01,119.55181166666668,32.21588833333333,9.2,359.0,,
2025-07-14 09:19:02,119.551565,32.22292,8.4,358.7,,
2025-07-14 09:22:03,119.55426666666666,32.23003833333333,10.5,28.2,,
2025-07-14 09:24:04,119.55617166666669,32.23519833333334,9.0,6.0,,
2025-07-14 09:27:35,119.553865,32.238415,0.9,297.2,,
2025-07-14 09:59:36,119.55386333333334,32.238415,0.0,130.5,,
2025-07-14 10:29:38,119.55386833333333,32.23842166666667,0.0,319.4,,
2025-07-14 11:05:40,119.55386333333334,32.23840833333333,0.0,236.7,,
2025-07-14 11:38:42,119.55386833333333,32.238425,0.0,32.8,,
2025-07-14 12:13:45,119.55386666666666,32.238418333333335,0.0,14.8,,
2025-07-14 12:47:45,119.55387333333331,32.238411666666664,0.0,294.4,,
2025-07-14 13:17:49,119.55387,32.23840666666667,0.0,311.8,,
2025-07-14 13:53:52,119.55387666666668,32.238415,0.0,198.8,,
2025-07-14 14:23:55,119.55388833333332,32.238405,0.0,234.7,,
2025-07-14 15:05:58,119.55387,32.23840166666667,0.0,84.7,,
2025-07-14 15:36:01,119.55389333333332,32.238416666666666,0.0,111.9,,
2025-07-14 16:06:03,119.55387833333332,32.23840666666667,0.0,280.6,,
2025-07-14 16:36:05,119.553895,32.23840666666667,0.0,231.1,,
2025-07-14 17:09:06,119.55387666666668,32.23839666666667,0.0,298.1,,
2025-07-14 18:06:11,119.55387,32.2384,0.0,351.7,,
2025-07-14 18:39:13,119.55387833333332,32.238416666666666,0.0,40.3,,
2025-07-14 19:15:16,119.55387,32.23839666666667,0.1,198.4,,
2025-07-14 19:48:19,119.55388166666668,32.23839666666667,0.0,258.1,,
2025-07-14 20:24:22,119.55388166666668,32.238395,0.0,26.3,,
2025-07-14 20:54:25,119.55386333333334,32.23839666666667,0.0,156.1,,
2025-07-14 21:24:34,119.55387833333332,32.23840166666667,0.0,185.7,,
2025-07-14 21:54:41,119.55387166666668,32.23840333333333,0.0,189.0,,
2025-07-14 22:04:44,119.55183333333332,32.23271,11.5,187.5,,
2025-07-14 22:06:44,119.55074166666668,32.226441666666666,12.4,184.9,,
2025-07-14 22:11:16,119.54967,32.21055166666667,13.8,180.0,,
2025-07-14 22:12:16,119.54974166666666,32.206761666666665,13.8,178.6,,
2025-07-14 22:14:47,119.552615,32.197538333333334,13.6,153.8,,
2025-07-14 22:16:18,119.55634833333332,32.19324666666667,10.1,137.6,,
2025-07-14 22:20:50,119.556585,32.19038833333333,0.0,180.7,,
2025-07-14 22:57:05,119.55657666666669,32.19039,0.0,254.4,,
2025-07-14 23:15:11,119.572785,32.188375,11.9,101.8,,
2025-07-14 23:18:12,119.58456333333334,32.18770166666667,12.0,90.6,,
2025-07-14 23:20:43,119.59392,32.1877,11.2,87.4,,
2025-07-14 23:23:14,119.60214166666668,32.188806666666665,8.8,75.1,,
2025-07-14 23:25:15,119.60785833333334,32.18991333333334,8.9,76.7,,
2025-07-14 23:30:47,119.61863833333334,32.192515,6.2,76.2,,
2025-07-14 23:34:18,119.623675,32.194451666666666,3.1,26.9,,
2025-07-14 23:37:20,119.61909666666666,32.19361166666667,6.1,256.6,,
2025-07-14 23:39:50,119.613195,32.192303333333335,9.3,251.1,,
2025-07-14 23:42:22,119.60559833333332,32.190981666666666,9.4,263.5,,
2025-07-14 23:44:23,119.59919833333332,32.190713333333335,9.9,270.1,,
2025-07-14 23:47:24,119.58990166666666,32.18989833333333,8.7,263.9,,
2025-07-14 23:49:25,119.58422,32.18995833333334,9.2,273.8,,
2025-07-14 23:51:26,119.577215,32.19011666666667,10.8,271.9,,
2025-07-14 23:54:57,119.56556833333332,32.19213166666667,8.3,289.9,,
2025-07-14 23:56:58,119.561195,32.19427666666667,7.2,300.9,,
2025-07-14 23:59:00,119.55582833333334,32.19708166666667,6.5,306.4,,
2025-07-15 00:02:01,119.55304666666666,32.199333333333335,5.9,311.7,,
2025-07-15 00:04:01,119.55126833333334,32.20234166666667,6.6,341.4,,
2025-07-15 00:06:02,119.550355,32.20284,2.7,171.3,,
2025-07-15 00:08:02,119.551425,32.200003333333335,5.2,162.0,,
2025-07-15 00:11:04,119.55550166666669,32.19493,11.9,136.4,,
2025-07-15 00:14:34,119.56563333333334,32.18998333333333,10.8,107.7,,
2025-07-15 00:17:05,119.57468,32.187796666666664,11.4,100.7,,
2025-07-15 00:20:36,119.58808166666668,32.187151666666665,12.0,89.2,,
2025-07-15 00:22:07,119.59405333333332,32.18767833333333,12.1,80.8,,
2025-07-15 00:23:07,119.59798333333332,32.188015,12.0,85.9,,
2025-07-15 00:25:08,119.60587166666669,32.189011666666666,12.0,81.0,,
2025-07-15 00:26:08,119.60977166666666,32.189721666666664,12.2,75.8,,
2025-07-15 00:27:08,119.61367166666666,32.19040833333333,12.0,78.5,,
2025-07-15 00:29:10,119.62017166666666,32.19159666666667,9.1,81.1,,
2025-07-15 00:34:42,119.61699166666666,32.18949166666667,0.0,279.0,,
2025-07-15 01:10:56,119.61698833333334,32.18948666666667,0.0,334.8,,
2025-07-15 01:31:06,119.62138166666666,32.19409666666667,9.3,266.1,,
2025-07-15 01:35:06,119.610255,32.19153166666667,9.0,253.9,,
2025-07-15 01:37:37,119.60283833333334,32.19083833333333,9.1,265.2,,
2025-07-15 01:39:38,119.596835,32.19047166666667,9.1,264.4,,
2025-07-15 01:43:09,119.58709666666668,32.189825,7.9,270.7,,
2025-07-15 01:45:10,119.58218166666668,32.189856666666664,7.1,269.9,,
2025-07-15 01:48:10,119.575685,32.1902,6.4,276.1,,
2025-07-15 01:50:41,119.57081333333332,32.19092,5.9,279.0,,
2025-07-15 01:53:43,119.56567,32.19202333333333,5.1,295.2,,
2025-07-15 01:56:44,119.561015,32.19392333333333,5.2,297.8,,
2025-07-15 01:59:45,119.55704833333331,32.19627666666667,4.8,315.4,,
2025-07-15 02:03:47,119.55259666666667,32.199081666666665,3.1,319.5,,
2025-07-15 02:06:49,119.55133166666668,32.202081666666665,5.4,350.0,,
2025-07-15 02:09:49,119.55105333333331,32.20581,4.7,0.8,,
2025-07-15 02:12:51,119.55050333333334,32.21047166666666,8.6,353.7,,
2025-07-15 02:19:53,119.55159833333332,32.21917,5.5,0.2,,
2025-07-15 02:22:54,119.55036333333334,32.22381333333333,7.4,347.9,,
2025-07-15 02:24:55,119.54825666666666,32.227196666666664,5.4,324.6,,
2025-07-15 02:26:56,119.54774,32.23071,10.3,29.6,,
2025-07-15 02:28:57,119.55121333333334,32.234593333333336,10.0,36.5,,
2025-07-15 02:30:58,119.55477333333332,32.23774,5.9,2.5,,
2025-07-15 03:11:35,119.55388166666668,32.23847166666667,0.0,124.5,,
2025-07-15 03:33:42,119.541625,32.23449333333333,8.4,281.9,,
2025-07-15 03:38:13,119.54403333333332,32.23051666666667,9.2,140.1,,
2025-07-15 03:41:14,119.54831833333331,32.223911666666666,8.6,162.2,,
2025-07-15 03:43:15,119.54947,32.21940166666667,8.3,173.4,,
2025-07-15 03:45:46,119.54974333333334,32.214645,5.2,182.2,,
2025-07-15 03:47:46,119.54963666666669,32.20999166666667,8.6,177.9,,
2025-07-15 03:50:47,119.55074333333332,32.2019,9.1,167.4,,
2025-07-15 03:52:48,119.55303,32.19947833333333,4.5,31.0,,
2025-07-15 03:56:19,119.55126,32.204946666666665,5.5,348.6,,
2025-07-15 04:00:51,119.551165,32.211866666666666,5.9,358.1,,
2025-07-15 04:04:22,119.550895,32.21798166666667,6.4,352.5,,
2025-07-15 04:06:23,119.55007833333332,32.22223,8.1,339.0,,
2025-07-15 04:08:54,119.548085,32.22633833333333,6.1,343.0,,
2025-07-15 04:10:55,119.54626,32.22940333333333,6.1,321.6,,
2025-07-15 04:13:56,119.54259666666668,32.233085,5.0,327.2,,
2025-07-15 04:18:57,119.54420166666668,32.230671666666666,12.7,140.5,,
2025-07-15 04:21:28,119.54753166666669,32.226573333333334,6.5,153.7,,
2025-07-15 04:23:29,119.54913833333332,32.222471666666664,8.5,165.2,,
2025-07-15 04:26:30,119.550275,32.214913333333335,9.4,175.4,,
2025-07-15 04:28:30,119.55003666666668,32.209615,9.7,185.4,,
2025-07-15 04:31:31,119.55080666666667,32.20151166666667,9.1,156.9,,
2025-07-15 04:34:02,119.55515,32.195593333333335,10.4,134.3,,
2025-07-15 04:37:33,119.56559166666666,32.190285,10.7,112.0,,
2025-07-15 04:39:34,119.57300166666668,32.18839333333333,12.3,102.8,,
2025-07-15 04:42:35,119.58075333333332,32.18862,3.2,1.2,,
2025-07-15 04:45:36,119.57673,32.189928333333334,5.1,284.7,,
2025-07-15 04:48:37,119.572205,32.190558333333335,4.0,275.2,,
2025-07-15 04:51:38,119.56815166666668,32.191195,4.7,287.1,,
2025-07-15 04:53:39,119.56429833333333,32.19258166666667,7.0,294.7,,
2025-07-15 04:55:40,119.56066166666666,32.19401833333333,6.2,299.2,,
2025-07-15 04:58:11,119.55661,32.194875,8.4,183.2,,
2025-07-15 04:59:12,119.55966666666669,32.192575,13.1,120.9,,
2025-07-15 05:01:12,119.56782333333334,32.189605,13.6,110.9,,
2025-07-15 05:02:13,119.57217,32.18847,13.7,103.6,,
2025-07-15 05:03:14,119.57660666666666,32.187886666666664,13.8,98.5,,
2025-07-15 05:04:14,119.578985,32.18857166666667,5.8,17.2,,
2025-07-15 05:07:45,119.57339,32.19029833333333,5.5,277.8,,
2025-07-15 05:11:17,119.56563666666666,32.19201,7.6,284.9,,
2025-07-15 05:14:19,119.559065,32.19513666666667,7.2,305.7,,
2025-07-15 05:16:20,119.55532166666669,32.197555,7.1,317.4,,
2025-07-15 05:18:51,119.55234166666666,32.201451666666664,4.7,329.7,,
2025-07-15 05:22:22,119.55079833333332,32.205218333333335,4.3,352.3,,
2025-07-15 05:27:55,119.550805,32.212645,5.8,359.8,,
2025-07-15 05:30:25,119.550775,32.21745166666667,7.0,356.9,,
2025-07-15 05:32:26,119.55072833333334,32.221175,6.6,358.8,,
2025-07-15 05:34:27,119.54993666666668,32.22476666666667,6.7,327.1,,
2025-07-15 05:36:58,119.54923333333332,32.220085,12.6,171.8,,
2025-07-15 05:37:58,119.54953666666668,32.21662333333333,12.4,176.2,,
2025-07-15 05:39:29,119.54978166666666,32.21127333333333,13.1,177.0,,
2025-07-15 05:41:00,119.55044333333332,32.20570333333333,13.7,172.1,,
2025-07-15 05:42:30,119.55199166666668,32.20004333333333,13.7,163.3,,
2025-07-15 05:43:30,119.55382,32.19659333333333,13.7,151.9,,
2025-07-15 05:46:01,119.562685,32.1911,13.9,113.9,,
2025-07-15 05:47:02,119.56707,32.189775,14.3,108.3,,
2025-07-15 05:48:32,119.57271666666666,32.188695,7.7,97.6,,
2025-07-15 05:49:33,119.57461333333332,32.188515,5.5,98.1,,
2025-07-15 05:52:34,119.57558833333331,32.18924666666667,3.4,284.1,,
2025-07-15 05:55:35,119.57293166666666,32.19032333333333,0.2,24.8,,
2025-07-15 05:58:37,119.57004166666668,32.19092333333333,3.6,281.7,,
2025-07-15 06:02:09,119.56829166666668,32.191275,1.3,97.1,,
2025-07-15 06:05:09,119.564965,32.19241,4.8,298.2,,
2025-07-15 06:08:10,119.56096833333334,32.194358333333334,3.8,301.0,,
2025-07-15 06:11:42,119.557085,32.19619333333333,5.2,299.6,,
2025-07-15 06:14:44,119.55381666666666,32.19943833333333,5.2,330.9,,
2025-07-15 06:19:46,119.55186333333332,32.202281666666664,2.6,335.3,,
2025-07-15 06:25:18,119.55167333333333,32.205115,1.3,8.5,,
2025-07-15 06:28:19,119.55090666666666,32.20791,4.1,353.4,,
2025-07-15 06:32:51,119.54944166666668,32.20824666666667,9.2,178.5,,
2025-07-15 06:36:23,119.55082,32.200363333333335,7.3,171.8,,
2025-07-15 06:38:54,119.55429833333334,32.195773333333335,8.1,143.2,,
2025-07-15 06:40:56,119.55842,32.192888333333336,8.1,121.5,,
2025-07-15 06:43:26,119.56458,32.19029333333334,8.4,107.3,,
2025-07-15 06:45:57,119.57152166666668,32.18898166666666,9.1,98.9,,
2025-07-15 06:48:29,119.57957833333332,32.18777333333333,10.5,96.3,,
2025-07-15 06:50:29,119.58640833333334,32.187575,10.2,88.3,,
2025-07-15 06:54:01,119.59055666666669,32.18955166666667,4.3,264.1,,
2025-07-15 06:57:03,119.58629,32.18979,4.3,271.4,,
2025-07-15 06:59:04,119.58163666666668,32.189908333333335,8.1,272.6,,
2025-07-15 07:01:35,119.57406833333332,32.19021333333333,9.5,275.0,,
2025-07-15 07:03:35,119.567865,32.19127833333334,9.7,291.5,,
2025-07-15 07:05:36,119.56204833333334,32.19380666666667,10.0,299.3,,
2025-07-15 07:07:37,119.55631333333334,32.19666,10.2,302.8,,
2025-07-15 07:11:08,119.55137333333332,32.20542833333333,10.2,349.8,,
2025-07-15 07:13:09,119.55084,32.211353333333335,10.9,356.6,,
2025-07-15 07:16:11,119.550065,32.219276666666666,9.1,352.7,,
2025-07-15 07:19:11,119.549115,32.225725,4.7,352.8,,
2025-07-15 07:21:42,119.55080833333334,32.22933833333333,11.3,59.9,,
2025-07-15 07:26:44,119.55388166666668,32.238465,0.6,297.5,,
2025-07-15 07:29:44,119.55387333333331,32.238463333333335,0.0,329.2,,
2025-07-15 08:11:58,119.55388833333332,32.238476666666664,0.0,34.4,,
2025-07-15 08:18:29,119.54825166666669,32.23614166666667,9.2,244.8,,
2025-07-15 08:21:30,119.541415,32.233738333333335,4.5,286.1,,
2025-07-15 08:26:01,119.54505666666668,32.229325,10.0,142.3,,
2025-07-15 08:28:02,119.54807333333332,32.22477833333333,9.1,153.8,,
2025-07-15 08:30:03,119.549385,32.21984166666667,9.7,174.8,,
2025-07-15 08:33:04,119.54966666666668,32.21214666666667,8.9,179.3,,
2025-07-15 08:35:34,119.549825,32.205135,10.9,172.0,,
2025-07-15 08:38:06,119.55209166666668,32.197875,10.8,155.7,,
2025-07-15 08:40:06,119.55708166666666,32.193715,11.0,127.8,,
2025-07-15 08:42:37,119.56535166666669,32.1909,10.7,105.5,,
2025-07-15 08:47:08,119.56903,32.19029666666667,2.6,110.4,,
2025-07-15 08:51:40,119.57069333333334,32.189865,0.5,79.8,,
2025-07-15 08:54:41,119.56959166666668,32.190083333333334,2.9,286.5,,
2025-07-15 08:58:43,119.56424833333334,32.190598333333334,6.5,279.8,,
2025-07-15 09:00:43,119.568475,32.18917666666667,10.1,109.2,,
2025-07-15 09:05:44,119.57409,32.18766166666666,2.8,121.1,,
2025-07-15 09:09:16,119.57274166666669,32.188073333333335,3.3,302.4,,
2025-07-15 09:12:47,119.5671,32.19245,8.3,310.7,,
2025-07-15 09:14:48,119.56323833333332,32.196043333333336,9.2,318.7,,
2025-07-15 09:17:19,119.557035,32.199715,9.4,309.6,,
2025-07-15 09:19:51,119.55234,32.20433166666667,8.1,339.7,,
2025-07-15 09:22:21,119.55176333333333,32.21004666666666,8.6,2.9,,
2025-07-15 09:24:45,119.55147,32.21606833333333,9.5,353.7,,
2025-07-15 09:27:13,119.55099833333334,32.22271333333333,9.4,359.1,,
2025-07-15 09:29:14,119.55163333333331,32.227905,9.9,16.5,,
2025-07-15 09:31:15,119.55427333333331,32.23361,10.8,11.5,,
2025-07-15 09:33:16,119.554775,32.238056666666665,6.2,318.6,,
2025-07-15 09:37:17,119.55387833333332,32.23848666666667,0.0,82.9,,
2025-07-15 10:07:25,119.55387,32.23847166666667,0.0,324.9,,
2025-07-15 10:37:32,119.55388833333332,32.23846,0.0,137.3,,
2025-07-15 11:07:38,119.55389333333332,32.238461666666666,0.1,224.4,,
2025-07-15 11:37:42,119.55387,32.23846,0.0,236.9,,
2025-07-15 12:15:47,119.553875,32.23846,0.0,31.0,,
2025-07-15 12:54:54,119.55387833333332,32.23844666666667,0.0,196.6,,
2025-07-15 13:41:04,119.55386166666666,32.23844833333333,0.0,275.1,,
2025-07-15 14:16:16,119.55386833333333,32.23846,0.0,255.6,,
2025-07-15 14:47:24,119.553885,32.23844666666667,0.0,96.2,,
2025-07-15 15:20:34,119.55387666666668,32.23845333333333,0.0,107.1,,
2025-07-15 16:02:49,119.55387,32.238455,0.0,203.9,,
2025-07-15 16:33:00,119.55387166666668,32.23846666666667,0.0,158.5,,
2025-07-15 17:03:11,119.55385166666667,32.23849833333333,0.1,248.6,,
2025-07-15 17:39:25,119.55386,32.238443333333336,0.0,6.2,,
2025-07-15 18:12:37,119.55389166666669,32.23846833333333,0.0,44.8,,
2025-07-15 18:42:48,119.55386666666666,32.23847166666667,0.1,222.5,,
2025-07-15 19:13:00,119.55386333333334,32.23846666666667,0.0,169.0,,
2025-07-15 19:46:12,119.55388333333332,32.238465,0.0,33.6,,
2025-07-15 20:22:25,119.55388666666668,32.238458333333334,0.0,111.8,,
2025-07-15 20:52:36,119.55387666666668,32.23844666666667,0.0,201.9,,
2025-07-15 21:28:47,119.55388166666668,32.23845333333333,0.0,302.2,,
2025-07-15 21:58:57,119.55388833333332,32.23846,0.0,78.5,,
2025-07-15 22:38:12,119.55389833333334,32.23844666666667,0.0,61.2,,
2025-07-15 23:17:25,119.553895,32.23846666666667,0.0,33.8,,
2025-07-15 23:36:32,119.54750166666666,32.236736666666665,9.8,247.9,,
2025-07-15 23:39:33,119.54090166666668,32.23513,1.6,306.4,,
2025-07-15 23:42:33,119.54404833333334,32.230761666666666,12.8,146.2,,
2025-07-15 23:44:05,119.547125,32.226213333333334,12.4,151.0,,
2025-07-15 23:46:05,119.54936166666668,32.220375,9.7,168.3,,
2025-07-15 23:48:35,119.55002166666668,32.21458833333333,7.7,173.6,,
2025-07-15 23:50:36,119.55001666666666,32.209678333333336,11.0,182.3,,
2025-07-15 23:53:07,119.55040666666666,32.201233333333334,11.7,167.5,,
2025-07-15 23:55:07,119.554035,32.19674833333333,6.2,90.7,,
2025-07-15 23:59:09,119.55123,32.20472,9.3,358.2,,
2025-07-16 00:01:10,119.5512,32.20969,8.9,1.8,,
2025-07-16 00:04:41,119.551325,32.21814666666667,8.9,3.4,,
2025-07-16 00:06:42,119.55109,32.223015,8.8,354.7,,
2025-07-16 00:10:13,119.54809166666666,32.226528333333334,11.1,177.4,,
2025-07-16 00:14:45,119.55026,32.21188,12.4,180.4,,
2025-07-16 00:16:15,119.550265,32.206855,12.1,178.4,,
2025-07-16 00:17:16,119.55108,32.20480333333333,6.3,127.2,,
2025-07-16 00:19:17,119.55153833333334,32.20858,7.9,354.7,,
2025-07-16 00:21:18,119.55184166666666,32.213226666666664,8.7,1.7,,
2025-07-16 00:23:19,119.55155666666668,32.21821166666667,8.7,351.9,,
2025-07-16 00:25:19,119.55097833333332,32.222985,8.6,358.4,,
2025-07-16 00:27:20,119.55036333333334,32.22759333333333,7.8,327.6,,
2025-07-16 00:29:51,119.549615,32.22237,11.7,175.9,,
2025-07-16 00:32:22,119.55070166666668,32.215125,8.2,125.1,,
2025-07-16 00:34:23,119.55095333333334,32.219235,7.1,354.8,,
2025-07-16 00:36:24,119.55067166666667,32.223576666666666,7.8,353.5,,
2025-07-16 00:38:24,119.54979166666666,32.227743333333336,7.6,350.4,,
2025-07-16 00:40:25,119.54861,32.226328333333335,8.6,169.9,,
2025-07-16 00:42:25,119.549445,32.22626666666667,6.0,329.9,,
2025-07-16 00:44:57,119.54663833333332,32.23008333333333,5.4,325.9,,
2025-07-16 00:48:58,119.54506333333332,32.232075,1.0,320.8,,
2025-07-16 00:52:00,119.54660833333334,32.230428333333336,8.8,151.3,,
2025-07-16 00:55:31,119.54902166666666,32.22201333333334,8.4,175.3,,
2025-07-16 00:57:32,119.54947,32.21725333333333,9.2,172.8,,
2025-07-16 01:00:03,119.54966166666668,32.210305,11.0,177.7,,
2025-07-16 01:02:34,119.55078166666668,32.201675,12.9,164.8,,
2025-07-16 01:04:05,119.554075,32.197068333333334,12.9,140.5,,
2025-07-16 01:05:35,119.55896833333334,32.19331,13.9,125.1,,
2025-07-16 01:07:07,119.56503833333332,32.190486666666665,14.0,112.5,,
2025-07-16 01:08:07,119.56950166666668,32.18935,13.9,106.1,,
2025-07-16 01:09:07,119.57359833333334,32.18889333333333,10.0,89.9,,
2025-07-16 01:12:08,119.57490166666666,32.189508333333336,5.4,264.3,,
2025-07-16 01:15:39,119.56871,32.190425,5.5,287.4,,
2025-07-16 01:17:40,119.57224666666669,32.18906333333333,12.4,98.0,,
2025-07-16 01:18:41,119.57646833333334,32.188628333333334,13.0,96.5,,
2025-07-16 01:19:42,119.580825,32.18827666666667,13.1,94.2,,
2025-07-16 01:22:12,119.58072666666666,32.18949833333333,6.4,284.0,,
2025-07-16 01:24:13,119.57566333333334,32.189405,7.8,279.4,,
2025-07-16 01:28:13,119.57530666666666,32.188536666666664,3.4,99.5,,
2025-07-16 01:31:15,119.57808666666666,32.188316666666665,3.7,84.5,,
2025-07-16 01:38:16,119.573865,32.18862333333333,2.8,96.5,,
2025-07-16 01:42:48,119.5785,32.188595,4.4,81.3,,
2025-07-16 01:45:50,119.58953333333334,32.188356666666664,10.0,84.7,,
2025-07-16 01:48:51,119.58666166666669,32.18946666666667,5.3,272.9,,
2025-07-16 01:53:53,119.57839666666666,32.188895,6.1,148.2,,
2025-07-16 01:56:55,119.58118833333332,32.18927166666667,9.2,272.5,,
2025-07-16 02:00:56,119.58074666666668,32.18781833333333,2.9,184.9,,
2025-07-16 02:04:28,119.57069333333334,32.190041666666666,9.6,281.7,,
2025-07-16 02:06:29,119.566025,32.19117,6.4,287.2,,
2025-07-16 02:09:00,119.56211166666668,32.192643333333336,9.3,297.2,,
2025-07-16 02:11:01,119.557875,32.19430166666667,6.5,305.4,,
2025-07-16 02:14:02,119.562375,32.192435,3.3,335.5,,
2025-07-16 02:39:37,119.56764,32.190416666666664,11.4,108.5,,
2025-07-16 02:41:38,119.57400333333334,32.18897666666667,7.2,104.3,,
2025-07-16 02:43:39,119.57637,32.188631666666666,0.4,97.6,,
2025-07-16 02:46:40,119.57422333333334,32.189805,5.4,279.1,,
2025-07-16 02:50:42,119.56468666666666,32.192375,9.7,295.2,,
2025-07-16 02:52:58,119.55915166666666,32.19482166666667,5.4,301.3,,
2025-07-16 02:55:28,119.55447833333334,32.19732,8.1,310.4,,
2025-07-16 02:59:00,119.55199833333332,32.20120166666667,6.1,342.1,,
2025-07-16 03:03:02,119.551415,32.21364833333333,9.3,1.5,,
2025-07-16 03:05:02,119.55128666666668,32.21892833333333,9.4,354.8,,
2025-07-16 03:07:03,119.550605,32.224088333333334,9.3,351.9,,
2025-07-16 03:09:04,119.55014833333334,32.22918666666666,9.3,359.0,,
2025-07-16 03:11:34,119.55469666666669,32.23515166666667,10.0,29.1,,
2025-07-16 03:17:06,119.553575,32.238485,0.1,3.5,,
2025-07-16 03:44:46,119.55227,32.237096666666666,8.1,230.4,,
2025-07-16 03:46:47,119.546725,32.23507,8.3,256.0,,
2025-07-16 03:49:49,119.54162333333332,32.23466666666667,2.3,281.6,,
2025-07-16 03:59:22,119.53990166666668,32.23570333333333,0.4,348.9,,
2025-07-16 04:04:25,119.53876333333334,32.23600833333333,3.5,319.9,,
2025-07-16 04:08:55,119.537975,32.236736666666665,0.2,342.7,,
2025-07-16 04:11:58,119.53797833333331,32.236266666666666,9.5,129.7,,
2025-07-16 04:15:28,119.54176166666667,32.23237833333334,6.3,146.3,,
2025-07-16 04:18:00,119.54636666666669,32.22709666666667,7.5,149.9,,
2025-07-16 04:22:00,119.549695,32.219855,8.1,186.3,,
2025-07-16 04:24:02,119.55141166666668,32.21622,9.1,4.8,,
2025-07-16 04:26:03,119.55016833333332,32.21655,9.2,175.1,,
2025-07-16 04:28:34,119.54922666666668,32.20812166666666,11.4,182.3,,
2025-07-16 04:31:05,119.551575,32.20494333333333,8.6,6.3,,
2025-07-16 04:33:05,119.551575,32.20494333333333,8.6,6.3,,
2025-07-16 04:36:37,119.55028166666666,32.218136666666666,8.5,1.3,,
2025-07-16 04:39:38,119.54957333333331,32.22215,5.3,351.5,,
2025-07-16 04:42:39,119.54728833333331,32.227675,5.8,327.7,,
2025-07-16 04:45:09,119.54719833333333,32.227295,10.1,150.3,,
2025-07-16 04:47:38,119.54933166666666,32.22258166666666,12.6,169.7,,
2025-07-16 04:49:40,119.54993666666668,32.21362,11.8,185.9,,
2025-07-16 04:51:40,119.55082833333331,32.20800666666667,7.8,101.7,,
2025-07-16 04:54:39,119.55105,32.212718333333335,7.2,352.5,,
2025-07-16 04:57:11,119.54967,32.205888333333334,12.1,182.3,,
2025-07-16 04:58:11,119.55007333333332,32.202601666666666,12.0,168.7,,
2025-07-16 05:00:11,119.5519,32.203915,8.5,356.7,,
2025-07-16 05:02:40,119.55144666666666,32.20690833333333,6.2,354.2,,
2025-07-16 05:04:40,119.55016666666668,32.206273333333336,10.4,183.5,,
2025-07-16 05:07:12,119.55308833333332,32.197221666666664,9.5,146.2,,
2025-07-16 05:09:41,119.55641,32.194653333333335,9.2,112.7,,
2025-07-16 05:12:41,119.55483833333334,32.201225,9.2,332.9,,
2025-07-16 05:15:13,119.55306333333333,32.20959666666667,8.8,358.4,,
2025-07-16 05:18:14,119.55116833333334,32.217105,9.2,339.1,,
2025-07-16 05:20:14,119.54988166666666,32.22087666666667,7.1,351.2,,
2025-07-16 05:22:14,119.54988166666666,32.22087666666667,7.1,351.2,,
2025-07-16 05:25:15,119.546095,32.22979,6.8,333.3,,
2025-07-16 05:28:15,119.54393166666668,32.23220666666667,4.5,315.1,,
2025-07-16 05:31:16,119.54104833333334,32.23463,3.2,323.3,,
2025-07-16 05:34:48,119.53982333333332,32.23574,4.3,316.1,,
2025-07-16 05:38:49,119.542485,32.233023333333335,12.2,139.8,,
2025-07-16 05:41:51,119.545665,32.22943333333333,5.1,138.0,,
2025-07-16 05:44:52,119.55136333333331,32.228705,10.8,47.0,,
2025-07-16 05:46:52,119.55534,32.23637333333333,9.0,356.1,,
2025-07-16 05:56:57,119.55357833333332,32.23846833333333,0.0,185.6,,
2025-07-16 06:34:09,119.55357166666668,32.23847166666667,0.0,236.2,,
2025-07-16 07:09:22,119.55357333333332,32.238475,0.0,32.5,,
2025-07-16 07:48:33,119.55357833333332,32.23846666666667,0.0,48.7,,
2025-07-16 08:19:41,119.55356,32.238483333333335,0.0,331.9,,
2025-07-16 08:52:52,119.55356166666668,32.238475,0.0,333.5,,
2025-07-16 09:23:02,119.55357666666669,32.238481666666665,0.0,255.2,,
2025-07-16 09:53:12,119.55357333333332,32.238488333333336,0.0,9.5,,
2025-07-16 10:29:23,119.55356333333332,32.23848666666667,0.0,313.0,,
2025-07-16 10:59:31,119.553575,32.23848666666667,0.0,30.6,,
2025-07-16 11:35:42,119.55357,32.23848,0.0,156.1,,
2025-07-16 12:09:29,119.55357166666668,32.23847833333333,0.0,358.8,,
2025-07-16 12:47:40,119.553575,32.238475,0.0,6.9,,
2025-07-16 13:21:48,119.55357333333332,32.23849166666667,0.0,267.3,,
2025-07-16 13:51:57,119.55357,32.23847166666667,0.0,34.0,,
2025-07-16 14:24:09,119.55355666666668,32.238476666666664,0.0,347.2,,
2025-07-16 15:05:00,119.553555,32.238485,0.0,317.2,,
2025-07-16 15:54:43,119.55356833333332,32.23847,0.0,206.3,,
2025-07-16 16:30:58,119.55357166666668,32.238481666666665,0.0,97.5,,
2025-07-16 17:07:12,119.55356833333332,32.238481666666665,0.0,155.3,,
2025-07-16 17:37:25,119.55356166666668,32.23847166666667,0.0,206.7,,
2025-07-16 18:07:36,119.55358,32.238475,0.0,70.4,,
2025-07-16 18:37:47,119.55358166666667,32.23847833333333,0.0,46.0,,
2025-07-16 19:07:57,119.55358,32.23847333333333,0.0,164.3,,
2025-07-16 19:38:07,119.55356,32.238476666666664,0.0,220.2,,
2025-07-16 20:08:17,119.55357833333332,32.23847166666667,0.0,307.7,,
2025-07-16 20:38:28,119.55357166666668,32.23847333333333,0.0,50.2,,
2025-07-16 21:08:39,119.55357,32.23846,0.0,258.6,,
2025-07-16 21:41:52,119.55357166666668,32.23846833333333,0.0,45.5,,
2025-07-16 22:12:04,119.55358166666667,32.23847333333333,0.0,288.8,,
2025-07-16 22:45:16,119.55356833333332,32.238483333333335,0.0,294.5,,
2025-07-16 23:15:27,119.553575,32.23847,0.1,209.3,,
2025-07-16 23:44:37,119.54976,32.234696666666665,10.1,212.0,,
2025-07-16 23:46:38,119.54845666666668,32.228255,12.7,179.6,,
2025-07-16 23:48:09,119.54877,32.222946666666665,12.5,178.0,,
2025-07-16 23:49:10,119.54892333333332,32.219561666666664,12.2,177.5,,
2025-07-16 23:51:11,119.549535,32.21277833333333,12.5,177.9,,
2025-07-16 23:52:12,119.54955833333334,32.20915333333333,13.3,180.4,,
2025-07-16 23:53:13,119.54980666666668,32.205375,13.4,175.4,,
2025-07-16 23:54:44,119.55130833333334,32.20021666666667,10.4,160.0,,
2025-07-16 23:56:45,119.55473833333332,32.19660666666667,5.9,82.9,,
2025-07-16 23:58:46,119.55329666666668,32.19953,7.0,337.1,,
2025-07-17 00:03:17,119.55156166666669,32.20701666666667,6.2,351.5,,
2025-07-17 00:06:49,119.55151333333332,32.21349,7.0,354.7,,
2025-07-17 00:09:20,119.55147333333332,32.218425,7.0,359.5,,
2025-07-17 00:12:52,119.55066666666669,32.225093333333334,6.9,350.6,,
2025-07-17 00:14:55,119.55006166666666,32.22319666666667,5.2,156.2,,
2025-07-17 00:19:25,119.54841166666668,32.226726666666664,5.7,333.5,,
2025-07-17 00:24:58,119.55066833333332,32.228091666666664,11.0,82.2,,
2025-07-17 00:27:00,119.5549,32.23281333333333,10.6,21.6,,
2025-07-17 00:29:29,119.55454,32.238193333333335,3.8,312.1,,
2025-07-17 00:32:32,119.55417833333334,32.23840166666667,0.0,281.9,,
2025-07-17 01:03:44,119.55418166666666,32.2384,0.0,82.2,,
2025-07-17 01:39:58,119.554185,32.238393333333335,0.0,58.9,,
2025-07-17 02:10:10,119.55417833333334,32.238398333333336,0.0,20.1,,
2025-07-17 02:16:12,119.55045666666666,32.23338666666667,10.6,257.5,,
2025-07-17 02:18:15,119.54892833333334,32.22398166666667,12.0,171.9,,
2025-07-17 02:21:15,119.54937666666666,32.217501666666664,11.9,180.7,,
2025-07-17 02:23:17,119.54979166666666,32.20677833333333,13.2,175.5,,
2025-07-17 02:24:46,119.55012,32.204966666666664,13.2,170.7,,
2025-07-17 02:25:48,119.55305833333334,32.198053333333334,13.2,148.5,,
2025-07-17 02:27:47,119.55578166666666,32.19519,13.4,141.4,,
2025-07-17 02:30:18,119.56556166666668,32.19001166666666,14.2,109.7,,
2025-07-17 02:31:20,119.574715,32.18793,14.3,103.8,,
2025-07-17 02:32:49,119.57701666666668,32.18750166666667,14.4,101.4,,
2025-07-17 02:33:50,119.57701666666668,32.18750166666667,14.4,101.4,,
2025-07-17 02:34:52,119.59114,32.18743,14.2,84.2,,
2025-07-17 02:36:22,119.58882833333334,32.187236666666664,14.2,84.6,,
2025-07-17 02:37:52,119.60049833333332,32.18834666666667,14.2,82.5,,
2025-07-17 02:38:52,119.60475666666666,32.18887,12.3,81.1,,
2025-07-17 02:39:53,119.60859,32.18953333333334,10.4,77.0,,
2025-07-17 02:41:54,119.61405,32.19143833333333,9.0,56.0,,
2025-07-17 02:43:57,119.62304166666668,32.19301166666666,13.2,114.9,,
2025-07-17 02:50:28,119.61753,32.193533333333335,4.8,263.8,,
2025-07-17 02:54:00,119.61171833333331,32.191761666666665,5.8,255.3,,
2025-07-17 02:56:01,119.60968666666666,32.19139166666667,6.8,256.4,,
2025-07-17 02:58:02,119.60490333333334,32.19076,7.4,259.3,,
2025-07-17 03:00:33,119.59632,32.19033833333334,7.4,264.3,,
2025-07-17 03:02:35,119.59389,32.19025666666667,7.1,266.5,,
2025-07-17 03:05:35,119.58474166666667,32.189973333333334,6.5,270.1,,
2025-07-17 03:08:06,119.57963333333332,32.189845,6.5,268.7,,
2025-07-17 03:10:07,119.57551166666669,32.19020166666667,6.3,284.6,,
2025-07-17 03:12:38,119.57042833333334,32.19108166666667,6.4,281.3,,
2025-07-17 03:14:39,119.56640333333333,32.19186833333333,6.2,287.8,,
2025-07-17 03:16:40,119.56219666666668,32.19358166666667,7.4,297.5,,
2025-07-17 03:18:41,119.55793833333334,32.195701666666665,7.4,297.4,,
2025-07-17 03:20:42,119.554655,32.19862833333333,7.0,327.4,,
2025-07-17 03:22:43,119.552335,32.20191,6.8,336.7,,
2025-07-17 03:24:44,119.55191333333332,32.20570333333333,6.8,359.8,,
2025-07-17 03:26:45,119.55178833333332,32.209581666666665,7.1,357.3,,
2025-07-17 03:29:15,119.55164166666668,32.21433833333333,6.7,0.6,,
2025-07-17 03:31:48,119.55108166666666,32.220875,6.6,351.7,,
2025-07-17 03:35:50,119.55003166666668,32.228721666666665,7.5,5.3,,
2025-07-17 03:38:19,119.550315,32.23215666666667,9.8,9.0,,
2025-07-17 03:40:20,119.55236166666668,32.234548333333336,10.8,46.0,,
2025-07-17 03:45:22,119.55418166666666,32.23839666666667,0.0,212.2,,
2025-07-17 04:18:36,119.55418,32.23839666666667,0.0,30.3,,
2025-07-17 04:48:47,119.55418333333331,32.23839666666667,0.0,139.5,,
2025-07-17 05:31:03,119.55417666666666,32.238395,0.0,303.4,,
2025-07-17 06:04:14,119.55417333333334,32.238395,0.0,221.2,,
2025-07-17 06:34:24,119.55418,32.238395,0.0,79.7,,
2025-07-17 07:04:36,119.55417333333334,32.23840166666667,0.0,308.5,,
2025-07-17 07:34:44,119.554175,32.238391666666665,0.0,101.3,,
2025-07-17 08:04:53,119.55417333333334,32.2384,0.0,298.0,,
2025-07-17 08:35:02,119.55417166666666,32.23840333333333,0.0,273.1,,
2025-07-17 09:02:41,119.54939166666666,32.22333,7.6,171.9,,
2025-07-17 09:05:42,119.55015666666668,32.224943333333336,4.7,354.9,,
2025-07-17 09:08:43,119.54828666666668,32.22752,2.7,277.8,,
2025-07-17 09:11:43,119.54874666666667,32.23264833333333,9.6,343.9,,
2025-07-17 09:14:14,119.54677,32.237271666666665,6.7,325.0,,
2025-07-17 09:37:22,119.53424833333334,32.239815,11.1,129.5,,
2025-07-17 09:39:23,119.53993833333334,32.235171666666666,15.6,133.8,,
2025-07-17 09:40:23,119.543505,32.23206166666667,15.5,137.3,,
2025-07-17 09:41:23,119.54617833333332,32.229546666666664,9.9,138.5,,
2025-07-17 09:43:54,119.54922166666668,32.22333833333333,11.8,172.9,,
2025-07-17 09:45:54,119.54967166666668,32.21716333333333,10.2,180.5,,
2025-07-17 09:48:25,119.54988833333331,32.21009166666666,10.8,176.5,,
2025-07-17 09:50:26,119.55040666666666,32.20347833333334,11.9,173.9,,
2025-07-17 09:52:57,119.554075,32.19638666666667,11.2,141.9,,
2025-07-17 09:54:57,119.55984333333332,32.192456666666665,11.3,119.2,,
2025-07-17 09:56:58,119.566835,32.19030166666667,11.2,104.7,,
2025-07-17 09:59:29,119.57580166666666,32.18841166666667,11.4,102.2,,
2025-07-17 10:03:01,119.58861,32.187886666666664,10.1,82.7,,
2025-07-17 10:05:02,119.59488,32.18832166666667,9.9,87.8,,
2025-07-17 10:08:03,119.60458333333334,32.189545,9.9,79.5,,
2025-07-17 10:10:03,119.610935,32.190846666666665,10.4,75.7,,
2025-07-17 10:12:03,119.61452,32.192645,3.2,298.7,,
2025-07-17 10:14:34,119.60851,32.192595,7.1,264.4,,
2025-07-17 10:16:35,119.60851,32.192595,7.1,264.4,,
2025-07-17 10:18:37,119.59801833333331,32.19272,8.6,268.6,,
2025-07-17 10:21:38,119.58913333333334,32.19197833333333,9.1,264.7,,
2025-07-17 10:23:39,119.58323666666666,32.191445,9.0,263.8,,
2025-07-17 10:26:40,119.574545,32.191811666666666,8.7,279.5,,
2025-07-17 10:30:12,119.56801833333331,32.19447666666667,8.9,301.1,,
2025-07-17 10:33:13,119.55756833333334,32.19882,8.6,295.5,,
2025-07-17 10:35:14,119.55344833333334,32.20208,8.3,318.3,,
2025-07-17 10:37:15,119.55219166666669,32.206246666666665,8.0,357.5,,
2025-07-17 10:39:46,119.5521,32.211848333333336,8.2,359.5,,
2025-07-17 10:42:17,119.55172166666668,32.217888333333335,8.9,1.2,,
2025-07-17 10:44:48,119.55114833333332,32.223911666666666,8.7,348.9,,
2025-07-17 10:46:49,119.55096,32.228831666666665,9.4,4.4,,
2025-07-17 10:48:50,119.55325,32.234026666666665,11.3,38.2,,
2025-07-17 10:54:52,119.554175,32.23839666666667,0.0,112.3,,
2025-07-17 11:25:02,119.55418833333331,32.238398333333336,0.0,219.3,,
2025-07-17 11:55:12,119.55418166666666,32.23838333333333,0.0,42.2,,
2025-07-17 12:28:22,119.55418166666666,32.238398333333336,0.0,157.8,,
2025-07-17 12:58:31,119.55417666666666,32.23838333333333,0.0,231.1,,
2025-07-17 13:28:42,119.55418166666666,32.23838333333333,0.0,162.1,,
2025-07-17 14:10:58,119.55417833333334,32.238398333333336,0.0,264.4,,
2025-07-17 14:41:09,119.55418333333331,32.23838833333333,0.0,247.0,,
2025-07-17 15:11:21,119.554175,32.23839666666667,0.0,67.8,,
2025-07-17 15:41:31,119.55419333333332,32.23839666666667,0.0,170.7,,
2025-07-17 16:22:47,119.55418,32.23840833333333,0.1,47.2,,
2025-07-17 16:53:00,119.55418,32.238415,0.0,3.7,,
2025-07-17 17:26:14,119.55418833333331,32.23839,0.0,157.0,,
2025-07-17 17:57:25,119.55417833333334,32.2384,0.0,27.5,,
2025-07-17 18:36:41,119.55417833333334,32.238395,0.0,82.0,,
2025-07-17 19:12:57,119.55418833333331,32.2384,0.0,33.8,,
2025-07-17 19:46:12,119.55418333333331,32.238385,0.0,236.3,,
2025-07-17 20:16:25,119.55417666666666,32.23840166666667,0.0,7.7,,
2025-07-17 20:46:39,119.55417,32.23840166666667,0.0,233.7,,
2025-07-17 21:16:51,119.55418666666668,32.238395,0.0,22.9,,
2025-07-17 21:47:02,119.554175,32.238405,0.0,319.7,,
2025-07-17 22:23:17,119.55417833333334,32.23839666666667,0.0,77.0,,
2025-07-17 22:53:30,119.55418333333331,32.238395,0.0,300.1,,
2025-07-17 23:23:42,119.55418,32.23839,0.0,87.3,,
2025-07-17 23:53:55,119.55417833333334,32.23838833333333,0.0,303.6,,
2025-07-18 00:29:11,119.554175,32.23840333333333,0.0,312.4,,
2025-07-18 01:02:26,119.55418666666668,32.238405,0.0,301.2,,
2025-07-18 01:32:37,119.55418333333331,32.238413333333334,0.0,311.8,,
2025-07-18 02:05:50,119.55417666666666,32.238393333333335,0.0,184.9,,
2025-07-18 02:37:00,119.55417833333334,32.23840166666667,0.0,33.1,,
2025-07-18 02:52:34,119.55435666666666,32.238171666666666,2.5,259.1,,
2025-07-18 02:58:07,119.55073,32.23050833333333,11.1,197.1,,
2025-07-18 03:00:08,119.54904833333332,32.224223333333335,11.6,184.6,,
2025-07-18 03:02:09,119.549125,32.218338333333335,10.4,178.6,,
2025-07-18 03:04:09,119.549495,32.21239,11.1,178.3,,
2025-07-18 03:07:10,119.55007833333332,32.202891666666666,11.5,168.2,,
2025-07-18 03:09:43,119.55412666666666,32.195705,11.5,143.6,,
2025-07-18 03:11:43,119.55985166666666,32.19171166666667,11.3,120.5,,
2025-07-18 03:13:44,119.56672,32.189035,11.5,109.3,,
2025-07-18 03:15:44,119.57366666666668,32.18761333333333,10.2,101.8,,
2025-07-18 03:18:16,119.58190333333332,32.18700833333333,9.8,90.3,,
2025-07-18 03:21:17,119.59132333333334,32.18736666666667,9.3,88.3,,
2025-07-18 03:23:18,119.597575,32.187648333333335,9.4,84.9,,
2025-07-18 03:25:50,119.60531666666668,32.18873166666667,9.6,78.5,,
2025-07-18 03:27:50,119.61131666666668,32.19042,9.6,69.5,,
2025-07-18 03:29:51,119.617295,32.1924,9.5,68.5,,
2025-07-18 03:32:54,119.62095666666669,32.19309166666667,2.5,85.0,,
2025-07-18 03:41:57,119.62623166666668,32.19448333333333,1.4,18.7,,
2025-07-18 03:51:32,119.61881333333334,32.192771666666665,3.8,244.2,,
2025-07-18 03:55:34,119.614185,32.19210666666667,5.0,248.8,,
2025-07-18 03:57:35,119.62059166666668,32.19278,11.3,74.3,,
2025-07-18 04:02:06,119.62014333333332,32.193236666666664,5.9,247.9,,
2025-07-18 04:04:38,119.61533833333333,32.19204666666667,6.0,257.2,,
2025-07-18 04:07:11,119.60786166666666,32.19067166666667,6.6,261.5,,
2025-07-18 04:09:40,119.60414666666668,32.19000833333333,7.9,257.9,,
2025-07-18 04:12:41,119.59547,32.18902333333333,9.3,261.2,,
2025-07-18 04:14:42,119.58938666666668,32.18833166666667,9.2,265.2,,
2025-07-18 04:20:45,119.58678833333332,32.18787,11.6,97.9,,
2025-07-18 04:22:46,119.59594333333334,32.187796666666664,13.7,84.6,,
2025-07-18 04:24:47,119.60435833333334,32.18933833333333,11.4,78.6,,
2025-07-18 04:32:20,119.62395833333332,32.195146666666666,8.5,247.9,,
2025-07-18 04:34:51,119.61757666666666,32.19309666666667,7.9,242.2,,
2025-07-18 04:37:22,119.61114833333332,32.19154833333333,8.3,261.4,,
2025-07-18 04:39:23,119.60584166666666,32.19081666666667,8.1,262.5,,
2025-07-18 04:41:26,119.59924,32.19024,5.9,265.2,,
2025-07-18 04:43:27,119.59523166666666,32.18977,6.4,262.6,,
2025-07-18 04:45:27,119.59313666666668,32.18952,6.4,264.4,,
2025-07-18 04:47:58,119.58789333333333,32.18904666666667,6.4,266.3,,
2025-07-18 04:50:29,119.58271666666668,32.189128333333336,6.1,272.9,,
2025-07-18 04:55:01,119.57431833333334,32.189555,6.6,278.9,,
2025-07-18 04:57:02,119.56983333333334,32.190255,7.3,283.5,,
2025-07-18 05:01:06,119.559,32.19458,7.0,299.0,,
2025-07-18 05:04:06,119.555335,32.19649666666667,6.0,309.1,,
2025-07-18 05:07:07,119.55178333333332,32.199798333333334,5.1,340.1,,
2025-07-18 05:14:09,119.5524,32.197743333333335,8.9,149.4,,
2025-07-18 05:17:40,119.560075,32.191655,10.0,113.0,,
2025-07-18 05:19:41,119.567265,32.18915166666667,12.3,104.3,,
2025-07-18 05:22:12,119.576315,32.187306666666665,11.0,97.4,,
2025-07-18 05:24:43,119.5857,32.18718666666667,12.2,86.1,,
2025-07-18 05:26:44,119.59370666666666,32.187628333333336,12.2,84.4,,
2025-07-18 05:27:44,119.597775,32.18794666666667,12.5,84.2,,
2025-07-18 05:29:15,119.60407166666668,32.18866166666667,13.0,81.5,,
2025-07-18 05:30:45,119.610415,32.18991666666667,13.7,73.4,,
2025-07-18 05:31:46,119.61484,32.190958333333334,13.8,71.2,,
2025-07-18 05:32:46,119.61914333333333,32.191876666666666,12.9,78.1,,
2025-07-18 05:33:48,119.62038166666666,32.193105,4.5,326.3,,
2025-07-18 05:35:48,119.61493333333334,32.19448666666667,10.5,276.7,,
2025-07-18 05:38:19,119.60712833333334,32.19423333333334,9.4,264.3,,
2025-07-18 05:40:50,119.59923333333332,32.193441666666665,9.6,266.8,,
2025-07-18 05:42:51,119.592805,32.192843333333336,9.9,263.3,,
2025-07-18 05:44:52,119.58638,32.19202666666666,9.8,260.5,,
2025-07-18 05:46:53,119.58001333333333,32.191338333333334,9.6,266.9,,
2025-07-18 05:49:24,119.57233166666668,32.192785,9.5,290.7,,
2025-07-18 05:51:55,119.565365,32.195888333333336,9.6,297.8,,
2025-07-18 05:55:56,119.55473833333332,32.201365,9.6,322.6,,
2025-07-18 05:57:57,119.55270333333333,32.20610333333333,8.9,355.8,,
2025-07-18 06:00:58,119.55208666666668,32.21380333333333,9.3,358.7,,
2025-07-18 06:03:29,119.55191833333332,32.22032333333333,9.2,357.6,,
2025-07-18 06:06:00,119.55229,32.226911666666666,9.9,15.2,,
2025-07-18 06:08:02,119.55457833333334,32.232348333333334,10.4,22.0,,
2025-07-18 06:10:02,119.55555833333334,32.23726,7.3,343.0,,
2025-07-18 06:14:33,119.55386166666666,32.238411666666664,0.0,290.9,,
2025-07-18 06:47:45,119.55386166666666,32.23840833333333,0.0,333.0,,
2025-07-18 07:19:57,119.55385666666666,32.23841,0.0,333.0,,
2025-07-18 07:54:36,119.55028666666666,32.23775833333333,10.0,265.0,,
2025-07-18 07:56:37,119.54418,32.236375,10.6,230.0,,
2025-07-18 08:02:09,119.542565,32.23287666666667,5.2,136.1,,
2025-07-18 08:04:09,119.54635333333331,32.22870666666667,9.9,145.6,,
2025-07-18 08:06:10,119.54912666666668,32.22371666666667,9.9,164.7,,
2025-07-18 08:08:41,119.550135,32.216721666666665,8.9,177.1,,
2025-07-18 08:10:42,119.54987166666666,32.212608333333336,6.7,185.2,,
2025-07-18 08:13:43,119.54992333333334,32.20638833333334,9.1,176.0,,
2025-07-18 08:16:44,119.55252333333334,32.19757833333333,12.3,151.4,,
2025-07-18 08:17:44,119.55493666666666,32.19471,12.8,141.7,,
2025-07-18 08:20:15,119.56380333333334,32.19000833333333,13.1,112.2,,
2025-07-18 08:22:16,119.57217,32.187955,13.2,100.1,,
2025-07-18 08:23:16,119.57602666666666,32.187445,11.7,99.2,,
2025-07-18 08:25:48,119.58160666666669,32.18694833333333,11.2,93.3,,
2025-07-18 08:27:18,119.587375,32.18707666666667,12.8,86.9,,
2025-07-18 08:28:48,119.59792666666668,32.187875,12.7,85.1,,
2025-07-18 08:29:48,119.602025,32.188451666666666,12.6,74.8,,
2025-07-18 08:30:49,119.602025,32.188451666666666,12.6,74.8,,
2025-07-18 08:32:50,119.60957,32.18976166666667,11.4,75.9,,
2025-07-18 08:34:51,119.61597166666668,32.191315,9.8,72.8,,
2025-07-18 08:36:53,119.61458833333332,32.192065,8.4,252.6,,
2025-07-18 08:40:53,119.60652,32.191131666666664,8.4,263.7,,
2025-07-18 08:43:24,119.59961333333334,32.190578333333335,8.4,264.9,,
2025-07-18 08:45:25,119.59410833333334,32.19010166666666,8.4,262.0,,
2025-07-18 08:47:26,119.58882166666666,32.189105,7.8,255.5,,
2025-07-18 08:50:28,119.58446333333332,32.18839,3.8,255.4,,
2025-07-18 08:53:28,119.59572833333333,32.18722,12.1,84.1,,
2025-07-18 08:54:28,119.59976166666668,32.18761,12.7,82.1,,
2025-07-18 08:56:30,119.60399333333334,32.188428333333334,13.0,74.4,,
2025-07-18 08:58:00,119.61019166666668,32.190035,13.2,72.5,,
2025-07-18 09:00:01,119.617335,32.19277666666667,4.5,277.6,,
2025-07-18 09:01:01,119.614295,32.193403333333336,10.1,285.8,,
2025-07-18 09:03:03,119.608245,32.193855,8.8,264.0,,
2025-07-18 09:05:03,119.60230666666666,32.19336666666667,9.2,266.2,,
2025-07-18 09:07:04,119.596165,32.19277666666667,9.3,266.2,,
2025-07-18 09:10:05,119.58710333333332,32.191741666666665,9.1,261.0,,
2025-07-18 09:12:37,119.57965333333334,32.19136,9.0,273.3,,
2025-07-18 09:15:08,119.57237666666668,32.192391666666666,8.8,292.0,,
2025-07-18 09:17:10,119.56437,32.19561,8.9,293.7,,
2025-07-18 09:19:39,119.560615,32.197491666666664,8.9,303.6,,
2025-07-18 09:21:40,119.55571833333332,32.200311666666664,8.9,315.4,,
2025-07-18 09:23:41,119.55261333333333,32.20447333333333,8.4,334.8,,
2025-07-18 09:25:42,119.55193166666666,32.209001666666666,8.4,1.6,,
2025-07-18 09:28:43,119.55179333333334,32.21624833333333,8.7,358.2,,
2025-07-18 09:30:44,119.55167,32.22124,8.9,357.8,,
2025-07-18 09:34:45,119.55271833333332,32.23144166666667,10.3,21.0,,
2025-07-18 09:37:16,119.55542166666666,32.23703,7.8,353.6,,
2025-07-18 09:39:17,119.55384333333332,32.23840333333333,0.6,296.0,,
2025-07-18 09:47:21,119.553865,32.238413333333334,0.0,94.5,,
2025-07-18 10:21:30,119.55385666666666,32.238413333333334,0.0,218.2,,
2025-07-18 11:03:44,119.55386333333334,32.238411666666664,0.0,79.8,,
2025-07-18 11:39:56,119.55386,32.238411666666664,0.0,351.1,,
2025-07-18 12:10:01,119.55385166666667,32.23841,0.0,181.8,,
2025-07-18 12:40:11,119.55384333333332,32.238405,0.0,49.2,,
2025-07-18 13:10:25,119.55383166666668,32.2384,0.0,220.4,,
2025-07-18 13:43:38,119.55383,32.23840666666667,0.0,136.3,,
2025-07-18 14:16:53,119.553835,32.23841,0.0,181.1,,
2025-07-18 14:47:05,119.55383,32.23840666666667,0.0,83.3,,
2025-07-18 15:44:28,119.55383833333332,32.23840666666667,0.0,243.0,,
2025-07-18 16:17:40,119.55386166666666,32.23840666666667,0.0,102.8,,
2025-07-18 16:47:53,119.55386166666666,32.23840833333333,0.0,208.3,,
2025-07-18 17:18:04,119.55387,32.2384,0.1,113.4,,
2025-07-18 17:56:15,119.55386166666666,32.238415,0.0,309.6,,
2025-07-18 18:32:31,119.55385833333334,32.238405,0.0,208.1,,
2025-07-18 19:02:45,119.553865,32.23842,0.0,26.4,,
2025-07-18 19:33:00,119.55387333333331,32.238418333333335,0.0,320.3,,
2025-07-18 20:12:16,119.55386333333334,32.23841,0.0,88.2,,
2025-07-18 20:44:30,119.55386,32.2384,0.0,17.1,,
2025-07-18 21:15:38,119.55385333333334,32.23840333333333,0.0,103.0,,
2025-07-18 21:47:51,119.553855,32.2384,0.0,219.3,,
2025-07-18 22:25:01,119.55386833333333,32.23841,0.0,96.1,,
2025-07-18 22:54:10,119.55115,32.23247666666666,10.1,201.8,,
2025-07-18 22:56:11,119.54965333333334,32.226243333333336,13.4,175.2,,
2025-07-18 22:57:42,119.55039833333332,32.220675,13.0,175.3,,
2025-07-18 22:58:42,119.55038,32.217135,12.7,182.0,,
2025-07-18 23:02:14,119.550195,32.20404333333333,13.8,175.8,,
2025-07-18 23:03:44,119.552555,32.198701666666665,13.9,153.3,,
2025-07-18 23:05:17,119.56055333333332,32.191923333333335,13.9,118.1,,
2025-07-18 23:07:16,119.56468833333334,32.190236666666664,14.0,111.6,,
2025-07-18 23:09:17,119.57387666666666,32.18837333333333,14.3,101.9,,
2025-07-18 23:10:17,119.57840666666668,32.18762,13.4,98.4,,
2025-07-18 23:14:50,119.585055,32.18888166666667,3.7,293.5,,
2025-07-18 23:17:51,119.58138333333332,32.18922333333333,3.8,279.2,,
2025-07-18 23:22:24,119.57592,32.189275,3.3,272.0,,
2025-07-18 23:25:25,119.57207666666666,32.18964,4.0,282.4,,
2025-07-18 23:28:58,119.567575,32.190706666666664,4.1,288.7,,
2025-07-18 23:33:00,119.56263166666666,32.191915,3.7,294.1,,
2025-07-18 23:39:02,119.55999,32.19294166666667,4.0,299.0,,
2025-07-18 23:43:07,119.55449833333331,32.196056666666664,4.0,311.8,,
2025-07-18 23:46:07,119.553,32.19735166666667,1.3,308.8,,
2025-07-18 23:50:38,119.55720333333332,32.193445,8.9,124.9,,
2025-07-18 23:54:09,119.56631833333331,32.18965333333333,9.9,108.2,,
2025-07-18 23:56:10,119.57359833333334,32.18815,10.4,100.3,,
2025-07-18 23:59:12,119.58226833333332,32.18767,6.8,92.0,,
2025-07-19 00:01:44,119.58203,32.188585,3.6,282.7,,
2025-07-19 00:06:16,119.57939833333332,32.188478333333336,2.2,260.8,,
2025-07-19 00:09:18,119.57636166666668,32.18828,3.8,276.0,,
2025-07-19 00:12:19,119.57273166666668,32.18903666666667,4.6,288.6,,
2025-07-19 00:15:50,119.56765666666666,32.19028333333333,5.6,282.4,,
2025-07-19 00:17:51,119.562905,32.191635,8.6,294.1,,
2025-07-19 00:20:53,119.55814333333332,32.193936666666666,4.4,297.1,,
2025-07-19 00:23:54,119.554685,32.19580666666667,3.9,307.4,,
2025-07-19 00:27:26,119.55174166666669,32.19887333333333,3.8,304.6,,
2025-07-19 00:32:29,119.56133166666666,32.19166166666667,8.7,113.8,,
2025-07-19 00:35:00,119.56088666666666,32.193925,8.4,304.8,,
2025-07-19 00:41:02,119.55219833333334,32.20388333333333,3.7,358.0,,
2025-07-19 00:43:34,119.55092833333332,32.20149166666667,13.7,169.6,,
2025-07-19 00:46:35,119.55446833333332,32.19578166666667,4.2,142.4,,
2025-07-19 00:49:06,119.55971166666669,32.192841666666666,9.9,119.0,,
2025-07-19 00:52:07,119.56608666666666,32.190495,6.2,108.3,,
2025-07-19 00:54:39,119.571385,32.189233333333334,5.2,106.6,,
2025-07-19 00:59:41,119.570785,32.189818333333335,1.1,270.0,,
2025-07-19 01:02:43,119.56825,32.19027166666667,1.7,282.1,,
2025-07-19 01:06:14,119.56743666666668,32.19034333333333,3.5,291.6,,
2025-07-19 01:09:46,119.56459666666667,32.191291666666665,3.7,285.4,,
2025-07-19 01:14:49,119.559075,32.19313,6.8,301.0,,
2025-07-19 01:22:22,119.55430166666666,32.195748333333334,4.2,320.9,,
2025-07-19 01:27:24,119.56709166666668,32.19032166666667,10.5,110.0,,
2025-07-19 01:29:55,119.57255333333332,32.189206666666664,9.6,96.8,,
2025-07-19 01:34:27,119.56491666666666,32.191858333333336,9.2,285.2,,
2025-07-19 01:36:28,119.56073666666668,32.19343333333333,8.2,302.9,,
2025-07-19 01:41:31,119.55407666666666,32.19716833333333,5.3,325.6,,
2025-07-19 01:45:32,119.55329166666668,32.196175,9.9,142.7,,
2025-07-19 01:48:04,119.55976666666666,32.19244666666667,11.4,118.5,,
2025-07-19 01:50:35,119.569845,32.189435,13.0,105.0,,
2025-07-19 01:51:35,119.57382333333334,32.188813333333336,12.4,98.0,,
2025-07-19 01:52:36,119.57795666666668,32.188293333333334,13.0,98.4,,
2025-07-19 01:53:36,119.58231666666669,32.18801,13.2,90.1,,
2025-07-19 01:54:37,119.58684666666667,32.187978333333334,13.9,93.9,,
2025-07-19 01:55:37,119.59136166666669,32.18788166666667,13.9,91.8,,
2025-07-19 01:56:38,119.59620333333334,32.187486666666665,13.2,100.1,,
2025-07-19 02:00:09,119.59218333333334,32.18716833333333,3.0,308.6,,
2025-07-19 02:03:10,119.59619833333332,32.18855166666667,6.3,77.4,,
2025-07-19 02:08:42,119.59548333333332,32.189796666666666,4.1,264.1,,
2025-07-19 02:11:43,119.59134333333331,32.18989,4.6,271.8,,
2025-07-19 02:15:15,119.58512333333331,32.189886666666666,8.9,270.4,,
2025-07-19 02:17:16,119.57855,32.190135,10.5,276.7,,
2025-07-19 02:19:16,119.57214666666668,32.19086333333333,9.5,280.1,,
2025-07-19 02:21:17,119.56585333333334,32.192101666666666,10.7,289.0,,
2025-07-19 02:23:18,119.55925166666668,32.19464833333333,10.4,296.7,,
2025-07-19 02:25:19,119.55486,32.19642833333333,4.7,268.2,,
2025-07-19 02:28:20,119.55543333333334,32.19714333333334,8.2,331.2,,
2025-07-19 02:30:50,119.55192666666666,32.20285333333333,11.2,340.7,,
2025-07-19 02:32:51,119.551535,32.209133333333334,11.5,0.1,,
2025-07-19 02:34:52,119.55145333333331,32.21570166666667,12.1,5.4,,
2025-07-19 02:35:52,119.55167,32.21901,12.0,0.4,,
2025-07-19 02:37:53,119.55109166666666,32.22553166666667,11.6,352.6,,
2025-07-19 02:40:55,119.55466833333334,32.23408333333333,10.8,25.5,,
2025-07-19 02:42:56,119.55427666666668,32.23824,4.2,312.9,,
2025-07-19 02:59:31,119.54990333333332,32.23023,15.6,180.2,,
2025-07-19 03:02:02,119.55023833333334,32.219325,15.1,178.4,,
2025-07-19 03:03:33,119.55022833333334,32.212826666666665,15.6,181.6,,
2025-07-19 03:04:33,119.55001833333333,32.208416666666665,16.0,180.8,,
2025-07-19 03:05:33,119.55043,32.203875,16.1,171.8,,
2025-07-19 03:06:34,119.55184166666666,32.19967333333334,14.9,159.9,,
2025-07-19 03:08:34,119.55571,32.19686166666666,8.9,347.3,,
2025-07-19 03:10:35,119.55317666666669,32.20149166666667,8.8,337.5,,
2025-07-19 03:12:36,119.55187166666668,32.205463333333334,8.1,359.6,,
2025-07-19 03:15:36,119.55166833333334,32.212195,7.5,354.1,,
2025-07-19 03:18:37,119.55132,32.21852,7.8,352.7,,
2025-07-19 03:21:08,119.55074,32.2239,6.2,352.2,,
2025-07-19 03:23:09,119.54872333333331,32.22588666666667,2.6,323.1,,
2025-07-19 03:26:10,119.54739333333332,32.22814833333333,2.8,293.9,,
2025-07-19 03:29:40,119.54992,32.21912,12.1,178.7,,
2025-07-19 03:31:11,119.54983666666666,32.213881666666666,12.9,180.3,,
2025-07-19 03:32:42,119.54957666666668,32.208385,13.1,179.8,,
2025-07-19 03:35:42,119.55322833333334,32.19808333333334,13.1,149.8,,
2025-07-19 03:37:13,119.55757,32.193955,13.2,127.4,,
2025-07-19 03:38:43,119.56184833333332,32.191831666666666,8.6,116.0,,
2025-07-19 03:41:45,119.56849,32.189503333333334,4.7,106.0,,
2025-07-19 03:44:46,119.57106,32.1904,2.4,68.9,,
2025-07-19 03:48:17,119.572885,32.18989833333333,1.7,131.6,,
2025-07-19 03:51:18,119.56971333333334,32.19014,2.6,255.0,,
2025-07-19 03:56:51,119.57020166666666,32.189595,8.6,91.6,,
2025-07-19 04:01:21,119.56719833333334,32.19148833333333,4.2,284.8,,
2025-07-19 04:04:24,119.56181,32.192476666666664,4.9,303.9,,
2025-07-19 04:07:53,119.55653833333334,32.19627166666667,10.1,310.0,,
2025-07-19 04:09:54,119.55272166666668,32.20000833333334,7.7,325.4,,
2025-07-19 04:11:55,119.55146833333332,32.203055,6.4,352.3,,
2025-07-19 04:13:55,119.55308333333332,32.198195,15.5,149.2,,
2025-07-19 04:15:56,119.55734333333334,32.192051666666664,11.9,147.3,,
2025-07-19 04:29:30,119.55677666666666,32.19031666666667,0.0,254.6,,
2025-07-19 04:43:06,119.55593166666668,32.19333666666667,9.4,347.7,,
2025-07-19 04:53:40,119.56534833333332,32.19047,9.7,102.3,,
2025-07-19 04:56:11,119.57325666666668,32.188965,9.1,99.4,,
2025-07-19 04:59:44,119.56917666666666,32.19076333333334,4.8,275.8,,
2025-07-19 05:06:15,119.56311333333332,32.19226833333333,4.4,298.9,,
2025-07-19 05:10:47,119.55959,32.194493333333334,3.4,307.9,,
2025-07-19 05:16:19,119.55319666666666,32.19854,4.8,322.9,,
2025-07-19 05:26:23,119.55060166666668,32.208486666666666,5.2,342.4,,
2025-07-19 05:29:24,119.55046666666668,32.211906666666664,2.8,4.3,,
2025-07-19 05:35:56,119.55007833333332,32.203916666666665,8.5,171.1,,
2025-07-19 05:37:57,119.55169166666668,32.19921333333333,8.6,160.1,,
2025-07-19 05:40:28,119.55600333333334,32.194768333333336,7.8,144.2,,
2025-07-19 05:42:29,119.55999166666666,32.19181666666667,8.6,124.1,,
2025-07-19 05:45:30,119.56822333333334,32.189141666666664,9.2,103.2,,
2025-07-19 05:49:01,119.56914166666668,32.191315,6.2,297.7,,
2025-07-19 05:51:02,119.565195,32.193241666666665,7.5,301.5,,
2025-07-19 05:53:03,119.56089833333333,32.19547166666667,7.7,305.6,,
2025-07-19 05:55:34,119.55592666666666,32.198766666666664,7.6,306.9,,
2025-07-19 05:57:34,119.552145,32.19953666666667,6.5,204.2,,
2025-07-19 05:59:34,119.55574666666666,32.19396166666667,12.0,139.4,,
2025-07-19 06:00:35,119.55890333333332,32.19195166666667,12.0,122.1,,
2025-07-19 06:02:35,119.56632,32.189206666666664,12.6,108.8,,
2025-07-19 06:04:36,119.57429,32.18795,12.0,99.1,,
2025-07-19 06:05:36,119.57812333333334,32.18754833333333,10.9,94.4,,
2025-07-19 06:07:37,119.58206333333334,32.188813333333336,7.6,328.4,,
2025-07-19 06:09:39,119.57685666666669,32.19104333333333,9.0,287.9,,
2025-07-19 06:12:09,119.569825,32.193266666666666,9.2,296.8,,
2025-07-19 06:14:11,119.56457,32.195825,9.2,300.3,,
2025-07-19 06:17:12,119.556675,32.19971,9.2,300.6,,
2025-07-19 06:19:43,119.55286333333332,32.205083333333334,8.8,347.3,,
2025-07-19 06:24:14,119.55251333333334,32.216451666666664,9.3,359.7,,
2025-07-19 06:26:15,119.55215666666666,32.221555,9.1,355.4,,
2025-07-19 06:28:16,119.55191,32.22679333333333,9.7,8.2,,
2025-07-19 06:31:17,119.554905,32.23498166666667,9.8,17.7,,
2025-07-19 06:34:18,119.55387833333332,32.238461666666666,0.3,304.0,,
2025-07-19 07:04:28,119.55388166666668,32.238461666666666,0.0,67.1,,
2025-07-19 07:43:42,119.553875,32.23846666666667,0.0,354.0,,
2025-07-19 08:13:54,119.55386833333333,32.23846833333333,0.0,203.6,,
2025-07-19 08:44:07,119.55387166666668,32.23847833333333,0.0,322.1,,
2025-07-19 09:20:20,119.55388333333332,32.23849333333333,0.0,148.9,,
2025-07-19 09:50:27,119.55386666666666,32.23847833333333,0.0,205.6,,
2025-07-19 10:35:37,119.55387666666668,32.238481666666665,0.0,190.8,,
2025-07-19 11:05:43,119.55388,32.238465,0.0,160.4,,
2025-07-19 11:35:48,119.553885,32.23847833333333,0.0,347.5,,
2025-07-19 12:05:56,119.55386,32.23846833333333,0.0,64.8,,
2025-07-19 12:48:09,119.55387,32.238463333333335,0.0,115.3,,
2025-07-19 13:27:21,119.55385666666666,32.238458333333334,0.0,352.6,,
2025-07-19 14:00:30,119.55385833333334,32.238463333333335,0.1,299.6,,
2025-07-19 14:38:44,119.55386166666666,32.23846666666667,0.0,154.9,,
2025-07-19 15:12:53,119.55385166666667,32.23847,0.0,347.7,,
2025-07-19 15:43:01,119.55385333333334,32.23847166666667,0.1,120.2,,
2025-07-19 16:13:09,119.553855,32.238465,0.0,203.3,,
2025-07-19 16:43:19,119.55387666666668,32.23846833333333,0.0,195.6,,
2025-07-19 17:13:29,119.55386333333334,32.23844833333333,0.0,216.1,,
2025-07-19 17:43:39,119.553855,32.238465,0.1,8.2,,
2025-07-19 18:13:48,119.55386666666666,32.23847333333333,0.0,35.3,,
2025-07-19 18:47:00,119.55385333333334,32.238456666666664,0.0,204.6,,
2025-07-19 19:17:12,119.55387666666668,32.238456666666664,0.0,220.0,,
2025-07-19 19:53:25,119.55387666666668,32.238456666666664,0.0,123.4,,
2025-07-19 20:26:36,119.55386666666666,32.238463333333335,0.1,210.7,,
2025-07-19 20:56:45,119.55388333333332,32.23845333333333,0.1,44.1,,
2025-07-19 21:26:55,119.553885,32.238458333333334,0.0,54.3,,
2025-07-19 21:57:04,119.55386666666666,32.238456666666664,0.0,298.0,,
2025-07-19 22:27:43,119.55256833333334,32.23697166666667,7.2,204.5,,
2025-07-19 22:31:44,119.54977333333332,32.224975,12.7,184.5,,
2025-07-19 22:33:15,119.54950666666667,32.219721666666665,12.4,184.2,,
2025-07-19 22:36:15,119.54983833333333,32.209275,13.1,177.4,,
2025-07-19 22:37:46,119.55058,32.20366833333333,13.5,170.2,,
2025-07-19 22:43:17,119.565475,32.191345,10.1,110.1,,
2025-07-19 22:44:18,119.567845,32.19037,5.4,135.5,,
2025-07-19 22:49:20,119.567915,32.19068166666667,2.5,269.5,,
2025-07-19 22:53:21,119.56576333333334,32.190976666666664,2.6,301.3,,
2025-07-19 22:59:54,119.56306,32.191685,0.3,254.6,,
2025-07-19 23:11:28,119.56023166666668,32.191966666666666,4.3,109.5,,
2025-07-19 23:17:30,119.57394666666669,32.18877666666667,4.8,94.6,,
2025-07-19 23:20:32,119.57813666666668,32.188653333333335,5.7,92.5,,
2025-07-19 23:25:34,119.57923,32.18859166666667,2.9,253.0,,
2025-07-19 23:32:07,119.57899,32.18826166666667,1.0,80.7,,
2025-07-19 23:41:11,119.58817166666668,32.18777,11.1,86.9,,
2025-07-19 23:45:13,119.60416166666668,32.18968666666667,13.7,81.4,,
2025-07-19 23:46:43,119.60855333333332,32.191225,3.2,4.4,,
2025-07-19 23:47:43,119.60660333333334,32.19083166666667,7.3,262.0,,
2025-07-19 23:49:44,119.60143666666669,32.19067833333333,7.3,268.3,,
2025-07-19 23:52:15,119.59553833333334,32.19035,7.3,258.5,,
2025-07-19 23:55:47,119.587295,32.18966833333333,8.0,267.3,,
2025-07-19 23:59:19,119.58437333333332,32.188635,9.3,96.6,,
2025-07-20 00:01:20,119.58853833333332,32.18944,3.1,325.5,,
2025-07-20 00:04:22,119.583105,32.19002,7.0,271.2,,
2025-07-20 00:10:24,119.56923,32.191445,6.6,284.9,,
2025-07-20 00:12:25,119.56534333333332,32.192993333333334,6.6,296.9,,
2025-07-20 00:14:26,119.56189166666668,32.194581666666664,4.7,309.0,,
2025-07-20 00:18:57,119.55477,32.199313333333336,6.2,324.6,,
2025-07-20 00:22:29,119.551545,32.204548333333335,6.2,340.0,,
2025-07-20 00:24:30,119.55155333333332,32.208245,6.8,355.5,,
2025-07-20 00:29:32,119.55004666666666,32.2182,5.3,354.1,,
2025-07-20 00:33:03,119.54959833333334,32.223455,5.2,350.5,,
2025-07-20 00:36:35,119.54783,32.22868,8.8,335.6,,
2025-07-20 00:39:35,119.54393,32.232461666666666,4.7,318.3,,
2025-07-20 00:43:37,119.53976833333331,32.235796666666666,4.2,315.8,,
2025-07-20 00:46:38,119.53681666666668,32.238215,4.0,308.0,,
2025-07-20 00:54:11,119.54269166666668,32.23231333333333,9.0,141.4,,
2025-07-20 00:56:11,119.54611833333334,32.228611666666666,8.2,146.4,,
2025-07-20 00:58:12,119.54826333333334,32.224356666666665,8.3,166.3,,
2025-07-20 01:00:13,119.54907666666666,32.220031666666664,7.8,176.8,,
2025-07-20 01:02:13,119.54936333333332,32.215115,9.5,177.8,,
2025-07-20 01:04:14,119.5494,32.20937166666667,11.0,178.2,,
2025-07-20 01:06:15,119.55006833333331,32.203116666666666,11.3,172.8,,
2025-07-20 01:08:46,119.55463166666668,32.19600333333333,12.0,138.1,,
2025-07-20 01:12:17,119.5654,32.190443333333334,10.7,95.1,,
2025-07-20 01:14:48,119.56206333333331,32.193621666666665,9.9,301.3,,
2025-07-20 01:16:49,119.5571,32.197315,10.1,315.7,,
2025-07-20 01:19:20,119.55196,32.20272166666667,9.9,333.8,,
2025-07-20 01:21:51,119.55036333333334,32.209673333333335,10.5,355.2,,
2025-07-20 01:25:22,119.54968666666667,32.20632833333333,10.2,190.4,,
2025-07-20 01:27:53,119.551275,32.19926,9.9,155.0,,
2025-07-20 01:29:53,119.55530333333331,32.19506833333333,9.4,134.1,,
2025-07-20 01:32:25,119.56191333333334,32.191763333333334,9.4,115.2,,
2025-07-20 01:34:56,119.56907166666667,32.1896,9.8,104.6,,
2025-07-20 01:36:56,119.57348,32.189095,6.5,103.0,,
2025-07-20 01:41:28,119.58545833333334,32.188385,9.0,80.6,,
2025-07-20 01:43:29,119.58006333333331,32.18958833333333,10.5,268.3,,
2025-07-20 01:45:29,119.57402333333332,32.189076666666665,6.0,257.8,,
2025-07-20 01:48:31,119.57741333333334,32.187936666666666,10.0,93.8,,
2025-07-20 01:50:32,119.58375666666667,32.187575,9.5,101.0,,
2025-07-20 01:53:33,119.58457833333334,32.18933166666667,7.2,271.0,,
2025-07-20 01:56:34,119.57647666666666,32.19019,8.4,281.7,,
2025-07-20 01:59:05,119.56926833333333,32.19128166666667,8.9,278.8,,
2025-07-20 02:01:06,119.56371666666666,32.192915,9.1,304.2,,
2025-07-20 02:03:38,119.557205,32.19618333333333,9.2,302.2,,
2025-07-20 02:06:39,119.552505,32.20238333333333,9.0,343.3,,
2025-07-20 02:09:09,119.551795,32.208595,9.1,358.5,,
2025-07-20 02:11:41,119.55153166666666,32.21470166666667,9.2,2.5,,
2025-07-20 02:13:41,119.55158333333334,32.21957166666667,8.7,359.5,,
2025-07-20 02:15:42,119.550855,32.22455166666666,9.0,354.6,,
2025-07-20 02:18:13,119.55210666666666,32.231075,10.3,19.6,,
2025-07-20 02:20:13,119.55493166666666,32.236313333333335,9.1,17.8,,
2025-07-20 02:25:15,119.55384333333332,32.23847833333333,0.0,208.5,,
2025-07-20 03:01:23,119.553855,32.238461666666666,0.0,7.1,,
2025-07-20 03:31:26,119.55384833333332,32.23847,0.0,79.5,,
2025-07-20 03:57:01,119.55024333333331,32.23537666666667,8.1,219.6,,
2025-07-20 03:59:02,119.54925,32.22953,12.0,183.3,,
2025-07-20 04:04:04,119.54615333333334,32.229546666666664,6.7,326.0,,
2025-07-20 04:06:33,119.54449666666666,32.23195833333333,6.6,325.9,,
2025-07-20 04:13:05,119.54344166666668,32.2318,9.3,145.9,,
2025-07-20 04:15:36,119.54727,32.226108333333336,9.7,151.8,,
2025-07-20 04:17:37,119.54910166666669,32.22061,10.1,169.5,,
2025-07-20 04:19:37,119.550315,32.216478333333335,8.1,129.2,,
2025-07-20 04:21:38,119.550065,32.221338333333335,9.5,346.3,,
2025-07-20 04:24:08,119.54817833333334,32.22703333333333,7.9,333.0,,
2025-07-20 04:28:40,119.54375666666668,32.23327666666667,5.7,303.2,,
2025-07-20 04:31:42,119.53801833333333,32.23713166666667,5.2,311.9,,
2025-07-20 04:34:44,119.536825,32.238125,2.3,207.9,,
2025-07-20 04:37:43,119.54033,32.23408333333333,11.7,141.9,,
2025-07-20 04:39:44,119.5451,32.228728333333336,13.3,139.6,,
2025-07-20 04:40:44,119.54777166666666,32.22582333333333,13.3,150.5,,
2025-07-20 04:43:15,119.54951166666666,32.21761,8.4,175.1,,
2025-07-20 04:47:48,119.54956166666666,32.22343,11.9,346.3,,
2025-07-20 04:50:47,119.54626833333332,32.229261666666666,11.7,333.0,,
2025-07-20 04:53:48,119.54191166666666,32.23318833333333,6.8,156.4,,
2025-07-20 04:55:49,119.54727,32.228543333333334,10.7,140.7,,
2025-07-20 04:59:20,119.54937,32.22123666666667,7.2,176.1,,
2025-07-20 05:01:51,119.54964833333334,32.21744833333333,7.0,174.3,,
2025-07-20 05:03:51,119.549795,32.21333166666667,8.2,177.8,,
2025-07-20 05:05:52,119.55048333333332,32.213301666666666,5.4,8.0,,
2025-07-20 05:09:23,119.55016,32.21875,5.7,357.6,,
2025-07-20 05:14:25,119.54840333333334,32.22556,1.2,247.2,,
2025-07-20 05:17:26,119.55085333333334,32.22059333333333,5.2,8.2,,
2025-07-20 05:20:29,119.54805833333332,32.22636333333333,5.7,329.4,,
2025-07-20 05:23:58,119.54619666666666,32.22967166666667,3.5,330.3,,
2025-07-20 05:27:29,119.54079333333334,32.23468666666667,8.2,315.4,,
2025-07-20 05:32:30,119.54115666666668,32.234383333333334,8.0,127.4,,
2025-07-20 05:35:02,119.54548666666666,32.230165,6.6,137.9,,
2025-07-20 05:38:02,119.55040666666666,32.22817833333333,10.7,70.4,,
2025-07-20 05:40:03,119.554045,32.23323333333333,10.6,20.4,,
2025-07-20 05:42:05,119.55378833333332,32.23839,3.1,299.5,,
2025-07-20 05:46:35,119.55356166666668,32.238485,0.0,248.7,,
2025-07-20 06:25:47,119.55356,32.238481666666665,0.0,338.3,,
2025-07-20 06:55:57,119.55356166666668,32.238483333333335,0.0,181.8,,
2025-07-20 07:32:08,119.55355666666668,32.238485,0.0,218.2,,
2025-07-20 08:05:18,119.55355,32.23849166666667,0.0,287.7,,
2025-07-20 08:35:27,119.55354833333334,32.238483333333335,0.0,297.3,,
2025-07-20 09:11:38,119.55355333333333,32.23849666666667,0.0,189.1,,
2025-07-20 09:41:47,119.55355666666668,32.23849,0.0,43.4,,
2025-07-20 10:14:58,119.55356,32.23848666666667,0.0,99.2,,
2025-07-20 10:45:07,119.55356166666668,32.238465,0.0,153.1,,
2025-07-20 11:15:15,119.55354666666666,32.23849333333333,0.0,263.2,,
2025-07-20 11:51:25,119.55354,32.23848666666667,0.0,272.4,,
2025-07-20 12:21:33,119.55356,32.23848,0.0,160.5,,
2025-07-20 12:54:42,119.55354,32.238475,0.0,116.4,,
2025-07-20 13:24:51,119.55354,32.238465,0.0,313.3,,
2025-07-20 13:55:00,119.553545,32.23849333333333,0.0,353.5,,
2025-07-20 14:25:08,119.55355166666666,32.238481666666665,0.0,251.1,,
2025-07-20 14:55:17,119.55355833333331,32.23848,0.0,158.7,,
2025-07-20 15:25:25,119.55355333333333,32.238481666666665,0.0,154.8,,
2025-07-20 15:58:36,119.553555,32.238485,0.0,130.5,,
2025-07-20 16:49:51,119.55355166666666,32.23849666666667,0.0,322.2,,
2025-07-20 17:20:00,119.55355833333331,32.23849166666667,0.0,349.7,,
2025-07-20 17:53:11,119.553555,32.238475,0.0,165.1,,
2025-07-20 18:26:22,119.55355833333331,32.23848666666667,0.0,354.1,,
2025-07-20 19:08:36,119.55356833333332,32.238483333333335,0.0,94.1,,
2025-07-20 19:41:47,119.553555,32.238465,0.0,17.9,,
2025-07-20 20:11:59,119.55356166666668,32.23848666666667,0.0,63.9,,
2025-07-20 20:42:09,119.55355833333331,32.238483333333335,0.0,49.5,,
2025-07-20 21:12:19,119.55356166666668,32.238481666666665,0.0,75.2,,
2025-07-20 21:43:38,119.55355166666666,32.238476666666664,0.0,225.9,,
2025-07-20 22:22:50,119.55356,32.23847166666667,0.0,37.1,,
2025-07-20 22:59:01,119.553565,32.23847,0.0,147.2,,
2025-07-20 23:38:15,119.55356,32.238481666666665,0.0,12.4,,
2025-07-21 00:08:24,119.55355,32.23847833333333,0.0,42.3,,
2025-07-21 00:38:34,119.55355666666668,32.238476666666664,0.0,271.4,,
2025-07-21 01:08:43,119.55356666666668,32.238488333333336,0.0,322.8,,
2025-07-21 01:36:54,119.54797,32.238005,8.6,274.8,,
2025-07-21 01:38:55,119.54301666666667,32.23652333333333,6.0,237.8,,
2025-07-21 01:41:26,119.53834666666668,32.237021666666664,5.3,298.2,,
2025-07-21 01:45:27,119.54377666666667,32.23161666666667,13.4,138.7,,
2025-07-21 01:46:27,119.54630833333331,32.22868166666667,12.2,147.3,,
2025-07-21 01:47:58,119.54876666666668,32.225485,12.1,150.7,,
2025-07-21 01:50:58,119.54985833333332,32.217955,9.0,176.0,,
2025-07-21 01:55:30,119.54944166666668,32.20864,8.2,183.5,,
2025-07-21 01:59:01,119.55059666666666,32.201465,8.2,161.9,,
2025-07-21 02:01:02,119.55280166666668,32.197203333333334,9.2,153.5,,
2025-07-21 02:05:34,119.566755,32.189838333333334,12.0,105.3,,
2025-07-21 02:09:05,119.57908166666668,32.18745166666667,11.1,97.5,,
2025-07-21 02:11:36,119.58828,32.187401666666666,11.1,89.3,,
2025-07-21 02:13:06,119.59416666666668,32.18762666666667,12.6,86.1,,
2025-07-21 02:14:37,119.60050166666667,32.18839666666667,13.0,79.5,,
2025-07-21 02:16:07,119.60691,32.18942666666667,13.5,76.8,,
2025-07-21 02:17:37,119.61297833333332,32.19073,12.3,74.6,,
2025-07-21 02:21:08,119.617765,32.19345333333333,5.1,254.8,,
2025-07-21 02:24:40,119.61220333333333,32.191966666666666,4.9,251.7,,
2025-07-21 02:27:41,119.60547,32.190765,7.5,259.3,,
2025-07-21 02:31:13,119.596635,32.189436666666666,8.0,264.1,,
2025-07-21 02:33:13,119.591375,32.189405,8.3,267.1,,
2025-07-21 02:35:45,119.58455833333332,32.18924166666667,8.4,270.4,,
2025-07-21 02:38:45,119.58515333333334,32.18748,10.6,94.9,,
2025-07-21 02:40:46,119.59297666666669,32.18752333333333,13.4,89.7,,
2025-07-21 02:42:47,119.59992333333334,32.18830833333333,12.3,82.4,,
2025-07-21 02:45:17,119.609305,32.19028333333333,9.7,70.7,,
2025-07-21 02:47:18,119.615305,32.192525,9.4,50.4,,
2025-07-21 02:49:19,119.61192666666666,32.191968333333335,8.7,248.9,,
2025-07-21 02:52:20,119.60323,32.19038333333334,9.0,256.5,,
2025-07-21 02:54:51,119.60095166666666,32.1888,5.8,107.5,,
2025-07-21 02:57:22,119.60677666666666,32.18957666666667,7.7,76.8,,
2025-07-21 03:01:24,119.61314666666668,32.19219666666667,8.9,258.8,,
2025-07-21 03:07:56,119.61965,32.194115,3.0,292.3,,
2025-07-21 03:10:57,119.61594833333334,32.192836666666665,4.2,251.7,,
2025-07-21 03:14:00,119.610455,32.191315,5.5,258.1,,
2025-07-21 03:19:31,119.601535,32.190415,5.8,267.3,,
2025-07-21 03:24:32,119.59148666666668,32.18989833333333,7.0,265.7,,
2025-07-21 03:27:03,119.58543,32.189746666666665,7.6,266.6,,
2025-07-21 03:29:04,119.58059,32.18974333333333,7.3,271.3,,
2025-07-21 03:31:04,119.57577,32.189728333333335,7.2,266.2,,
2025-07-21 03:33:36,119.57010666666666,32.19065833333333,6.2,279.5,,
2025-07-21 03:35:36,119.56621666666666,32.19147,6.0,289.8,,
2025-07-21 03:37:37,119.56256333333332,32.192863333333335,6.2,295.9,,
2025-07-21 03:40:07,119.55735333333334,32.19540666666666,7.8,305.3,,
2025-07-21 03:42:08,119.55444166666666,32.197455,4.1,319.5,,
2025-07-21 03:45:09,119.55215,32.20135333333333,7.6,341.8,,
2025-07-21 03:47:10,119.55142833333332,32.20506666666667,6.7,0.5,,
2025-07-21 03:49:11,119.55154,32.20906,7.3,7.0,,
2025-07-21 03:51:12,119.551525,32.213315,7.7,358.7,,
2025-07-21 03:53:13,119.55134333333334,32.217553333333335,7.5,357.3,,
2025-07-21 03:55:44,119.55129,32.22266833333333,7.3,358.6,,
2025-07-21 03:57:44,119.54994,32.22640166666667,6.9,342.1,,
2025-07-21 03:59:45,119.55065333333332,32.23070166666667,9.4,12.6,,
2025-07-21 04:02:15,119.55509666666669,32.23689,9.3,27.1,,
2025-07-21 04:12:48,119.55418,32.23840166666667,0.0,295.8,,
2025-07-21 04:42:56,119.55417666666666,32.238411666666664,0.0,295.8,,
2025-07-21 05:13:06,119.55417333333334,32.23840166666667,0.0,131.9,,
2025-07-21 05:49:17,119.55417,32.23840833333333,0.0,312.7,,
2025-07-21 06:19:26,119.55417833333334,32.238411666666664,0.0,271.0,,
2025-07-21 06:49:36,119.55418166666666,32.238413333333334,0.0,271.0,,
2025-07-21 07:22:45,119.55417666666666,32.238418333333335,0.0,119.8,,
2025-07-21 07:52:54,119.55417166666666,32.238416666666666,0.0,75.2,,
2025-07-21 08:18:01,119.55127666666668,32.23169,12.3,194.6,,
2025-07-21 08:21:32,119.54926,32.219323333333335,13.0,184.4,,
2025-07-21 08:22:34,119.54938166666666,32.21201,13.2,181.6,,
2025-07-21 08:25:33,119.550495,32.20383666666667,15.3,166.4,,
2025-07-21 08:27:03,119.55258833333332,32.19772,15.3,151.7,,
2025-07-21 08:28:03,119.555475,32.19443166666667,14.1,141.0,,
2025-07-21 08:30:04,119.557375,32.19044,3.6,246.6,,
2025-07-21 08:34:05,119.55163833333332,32.196106666666665,10.2,323.2,,
2025-07-21 08:36:36,119.549995,32.202596666666665,9.9,7.6,,
2025-07-21 08:38:37,119.550715,32.207948333333334,9.5,5.7,,
2025-07-21 08:40:37,119.55125666666666,32.21335,9.9,5.0,,
2025-07-21 08:43:08,119.55156833333334,32.22025333333333,9.9,3.5,,
2025-07-21 08:45:09,119.55163,32.22575166666667,9.8,4.8,,
2025-07-21 08:47:39,119.55459833333332,32.23287333333333,11.2,18.6,,
2025-07-21 08:49:40,119.55507166666666,32.237988333333334,6.5,338.5,,
2025-07-21 08:53:41,119.55417333333334,32.23842666666667,0.0,275.1,,
2025-07-21 09:12:48,119.550705,32.226641666666666,13.0,186.1,,
2025-07-21 09:14:49,119.55012,32.219345,13.2,176.6,,
2025-07-21 09:18:50,119.55021166666668,32.20433333333333,13.9,169.3,,
2025-07-21 09:21:21,119.555475,32.19593666666667,14.0,135.7,,
2025-07-21 09:22:21,119.55902666666668,32.19351833333333,13.9,120.3,,
2025-07-21 09:24:52,119.56960666666669,32.189521666666664,14.2,103.7,,
2025-07-21 09:26:23,119.576615,32.188476666666666,14.4,95.2,,
2025-07-21 09:28:23,119.58593333333332,32.188318333333335,14.2,87.2,,
2025-07-21 09:29:24,119.58947666666668,32.188465,8.8,89.1,,
2025-07-21 09:30:24,119.58946,32.18793333333333,3.8,274.6,,
2025-07-21 09:32:25,119.58587666666666,32.188685,6.7,278.7,,
2025-07-21 09:34:27,119.58048166666669,32.188415,9.6,259.6,,
2025-07-21 09:39:28,119.57842833333332,32.18730166666667,1.9,111.4,,
2025-07-21 09:43:29,119.57572,32.18742833333334,4.3,253.9,,
2025-07-21 09:47:31,119.579795,32.18808666666666,5.8,80.9,,
2025-07-21 09:49:32,119.58411833333334,32.188455,9.2,88.3,,
2025-07-21 09:51:33,119.59083666666666,32.18895666666667,10.5,87.5,,
2025-07-21 09:53:33,119.59768,32.189191666666666,10.3,86.1,,
2025-07-21 09:56:05,119.60588833333334,32.189658333333334,8.5,85.6,,
2025-07-21 09:58:05,119.61097,32.19080833333334,7.9,72.8,,
2025-07-21 10:01:06,119.61734,32.19234,4.7,69.8,,
2025-07-21 10:04:37,119.62291333333332,32.19367166666667,5.1,73.7,,
2025-07-21 10:08:08,119.62842833333332,32.19470833333333,4.5,84.8,,
2025-07-21 10:11:39,119.62996833333334,32.19577,7.0,263.7,,
2025-07-21 10:14:10,119.62355666666669,32.194375,9.1,255.2,,
2025-07-21 10:16:42,119.61601333333331,32.193268333333336,10.1,252.5,,
2025-07-21 10:19:16,119.60949333333332,32.19105833333333,5.8,249.5,,
2025-07-21 10:22:11,119.60913166666668,32.190198333333335,11.6,84.9,,
2025-07-21 10:25:12,119.622175,32.192638333333335,11.7,66.4,,
2025-07-21 10:27:13,119.62105833333334,32.19408,4.3,264.0,,
2025-07-21 10:31:15,119.615705,32.19262833333333,4.2,253.5,,
2025-07-21 10:36:17,119.60746166666668,32.191066666666664,7.4,257.5,,
2025-07-21 10:38:18,119.60199833333331,32.19024666666667,8.5,261.4,,
2025-07-21 10:40:19,119.596415,32.18962333333333,8.5,264.0,,
2025-07-21 10:42:50,119.59004333333333,32.18903,6.0,266.1,,
2025-07-21 10:44:50,119.58551833333334,32.188876666666665,8.8,268.0,,
2025-07-21 10:46:52,119.57978,32.18854666666667,8.6,263.9,,
2025-07-21 10:50:22,119.575595,32.18787833333333,3.2,274.4,,
2025-07-21 10:57:25,119.57319166666667,32.188125,1.6,281.0,,
2025-07-21 11:04:29,119.56841333333334,32.190848333333335,9.0,323.9,,
2025-07-21 11:06:29,119.56438,32.19464333333333,9.2,310.0,,
2025-07-21 11:08:30,119.55954,32.197966666666666,9.4,308.0,,
2025-07-21 11:11:01,119.553445,32.202261666666665,9.3,312.2,,
2025-07-21 11:14:32,119.55189166666666,32.21084333333334,9.2,353.8,,
2025-07-21 11:16:32,119.55154166666668,32.21604166666667,9.6,358.1,,
2025-07-21 11:19:03,119.55107333333332,32.222836666666666,9.8,354.5,,
2025-07-21 11:21:04,119.55158166666666,32.228181666666664,10.1,21.6,,
2025-07-21 11:23:05,119.55429,32.233815,10.7,19.7,,
2025-07-21 11:25:05,119.554875,32.238193333333335,5.5,310.8,,
2025-07-21 11:29:06,119.55417833333334,32.23840666666667,0.0,74.9,,
2025-07-21 12:02:15,119.55416833333334,32.2384,0.0,197.3,,
2025-07-21 12:32:24,119.55418,32.23840833333333,0.0,252.6,,
2025-07-21 13:02:31,119.55417,32.238395,0.0,123.4,,
2025-07-21 13:32:32,119.55416666666666,32.23840166666667,0.0,142.5,,
2025-07-21 14:02:34,119.55417333333334,32.238405,0.0,83.1,,
2025-07-21 14:35:36,119.55417,32.23840666666667,0.0,17.2,,
2025-07-21 15:05:38,119.55417666666666,32.23840833333333,0.0,142.3,,
2025-07-21 15:35:39,119.554185,32.23840166666667,0.1,95.0,,
2025-07-21 16:05:41,119.55417666666666,32.238395,0.0,94.6,,
2025-07-21 16:35:43,119.55416166666669,32.238411666666664,0.0,308.4,,
2025-07-21 17:08:45,119.55416333333334,32.23839666666667,0.0,224.8,,
2025-07-21 17:38:47,119.55416666666666,32.238391666666665,0.0,36.1,,
2025-07-21 18:08:50,119.55417333333334,32.23839666666667,0.0,155.1,,
2025-07-21 18:38:52,119.55417,32.238411666666664,0.1,255.1,,
2025-07-21 19:11:54,119.55417,32.238393333333335,0.0,239.8,,
2025-07-21 19:41:57,119.55416166666669,32.23838666666666,0.0,66.1,,
2025-07-21 20:21:00,119.55416,32.238405,0.0,285.7,,
2025-07-21 20:56:05,119.55416833333334,32.238385,0.0,160.0,,
2025-07-21 21:27:08,119.55416833333334,32.23840166666667,0.0,239.1,,
2025-07-21 22:06:20,119.55417333333334,32.238405,0.0,238.9,,
2025-07-21 22:36:29,119.55417833333334,32.23839666666667,0.0,256.8,,
2025-07-21 23:06:39,119.55416333333334,32.23839666666667,0.0,262.9,,
2025-07-21 23:42:49,119.55416833333334,32.2384,0.0,63.4,,
2025-07-22 00:12:58,119.55416833333334,32.2384,0.0,69.4,,
2025-07-22 00:55:12,119.55417166666666,32.23840833333333,0.0,3.6,,
2025-07-22 01:25:21,119.554175,32.238405,0.0,260.1,,
2025-07-22 01:55:30,119.55417333333334,32.23840166666667,0.0,286.6,,
2025-07-22 02:25:40,119.55416833333334,32.238393333333335,0.0,270.5,,
2025-07-22 02:55:49,119.554175,32.2384,0.0,82.3,,
2025-07-22 03:02:22,119.55444666666666,32.23827,1.8,276.1,,
2025-07-22 03:06:53,119.54206,32.235126666666666,5.5,283.4,,
2025-07-22 03:10:54,119.54261666666666,32.23343833333333,7.2,140.6,,
2025-07-22 03:13:25,119.54648833333331,32.228355,8.9,152.9,,
2025-07-22 03:15:56,119.54861833333334,32.22262,8.4,172.9,,
2025-07-22 03:18:27,119.55009,32.214623333333336,12.8,174.3,,
2025-07-22 03:19:27,119.549985,32.210926666666666,13.3,181.6,,
2025-07-22 03:20:27,119.54982,32.20720166666667,13.6,181.8,,
2025-07-22 03:23:29,119.55310166666666,32.19796,12.4,138.0,,
2025-07-22 03:28:30,119.57031166666668,32.188923333333335,12.0,107.4,,
2025-07-22 03:29:30,119.57413166666667,32.18801166666667,11.9,101.4,,
2025-07-22 03:33:01,119.58768333333332,32.187131666666666,12.0,95.3,,
2025-07-22 03:34:32,119.59380833333331,32.18760833333333,12.7,82.0,,
2025-07-22 03:36:03,119.60023833333334,32.18835833333333,13.6,82.8,,
2025-07-22 03:38:03,119.609325,32.189935,14.8,78.5,,
2025-07-22 03:40:04,119.61831666666669,32.19204,12.2,51.8,,
2025-07-22 03:41:34,119.617095,32.192901666666664,4.0,254.1,,
2025-07-22 03:49:37,119.60890333333332,32.191455,5.8,266.3,,
2025-07-22 03:54:09,119.59685833333332,32.189995,8.7,261.8,,
2025-07-22 03:57:11,119.58775333333334,32.189928333333334,9.4,269.1,,
2025-07-22 04:01:43,119.57368333333334,32.19040833333333,9.8,280.7,,
2025-07-22 04:03:44,119.56745333333332,32.191203333333334,9.3,297.1,,
2025-07-22 04:06:14,119.56001833333332,32.19432,10.4,295.5,,
2025-07-22 04:08:46,119.55345833333334,32.19882166666667,10.3,326.9,,
2025-07-22 04:11:16,119.55138833333334,32.205815,10.4,359.7,,
2025-07-22 04:14:17,119.551575,32.214801666666666,11.1,359.5,,
2025-07-22 04:16:18,119.550035,32.219955,9.7,351.4,,
2025-07-22 04:18:49,119.54923333333332,32.22495333333333,5.5,340.7,,
2025-07-22 04:22:20,119.54619166666669,32.229551666666666,5.4,328.6,,
2025-07-22 04:29:24,119.54359,32.234271666666665,1.1,321.4,,
2025-07-22 04:32:25,119.54257166666666,32.235436666666665,0.2,313.9,,
2025-07-22 04:35:26,119.541185,32.23471833333333,3.7,260.5,,
2025-07-22 04:40:58,119.54633666666666,32.22797666666666,11.6,150.9,,
2025-07-22 04:44:31,119.54942833333334,32.22013,5.8,180.9,,
2025-07-22 04:47:30,119.549435,32.215755,7.9,178.6,,
2025-07-22 04:50:31,119.54955666666666,32.20869833333333,8.8,180.1,,
2025-07-22 04:52:32,119.54947166666666,32.204385,8.6,182.7,,
2025-07-22 04:54:33,119.550695,32.20013333333333,5.6,163.3,,
2025-07-22 04:57:34,119.55496166666669,32.195463333333336,7.8,137.4,,
2025-07-22 05:01:05,119.56393333333334,32.19088166666667,9.6,109.5,,
2025-07-22 05:03:05,119.57022333333332,32.18912666666667,10.6,106.4,,
2025-07-22 05:08:07,119.58748833333334,32.18727833333333,11.0,92.4,,
2025-07-22 05:10:07,119.59478166666666,32.18744,11.0,89.7,,
2025-07-22 05:12:07,119.60222166666668,32.18828666666667,12.1,77.4,,
2025-07-22 05:15:38,119.61458166666668,32.191138333333335,9.6,76.7,,
2025-07-22 05:23:11,119.60514333333332,32.19145833333334,8.4,262.8,,
2025-07-22 05:25:12,119.59963333333332,32.19085166666667,8.3,264.1,,
2025-07-22 05:27:13,119.59422166666668,32.19033833333334,8.3,265.5,,
2025-07-22 05:32:45,119.58034333333332,32.18822333333333,4.4,248.1,,
2025-07-22 05:35:46,119.58571166666668,32.18774166666667,13.3,85.8,,
2025-07-22 05:38:47,119.59823,32.188035,12.9,82.8,,
2025-07-22 05:40:18,119.60403166666669,32.189123333333335,11.8,78.7,,
2025-07-22 05:42:18,119.61188833333334,32.19051833333333,12.3,77.8,,
2025-07-22 05:44:49,119.61898,32.193115,4.3,334.4,,
2025-07-22 05:48:51,119.61862666666669,32.190538333333336,10.0,207.3,,
2025-07-22 05:53:53,119.61652333333332,32.191361666666666,10.0,17.2,,
2025-07-22 05:58:55,119.624685,32.193956666666665,3.2,85.2,,
2025-07-22 06:02:56,119.625765,32.195721666666664,7.4,248.4,,
2025-07-22 06:05:27,119.62020333333334,32.194336666666665,8.1,256.1,,
2025-07-22 06:07:28,119.615565,32.19273166666667,7.9,255.5,,
2025-07-22 06:09:28,119.60998333333332,32.191046666666665,9.0,261.8,,
2025-07-22 06:14:31,119.59459833333334,32.189985,9.2,263.6,,
2025-07-22 06:16:32,119.58861833333332,32.18973833333333,9.2,266.5,,
2025-07-22 06:19:02,119.58075166666669,32.18971666666667,10.0,268.9,,
2025-07-22 06:21:04,119.57422833333334,32.189836666666665,8.3,271.4,,
2025-07-22 06:23:04,119.58031333333334,32.18772666666667,13.1,96.3,,
2025-07-22 06:24:34,119.58669166666668,32.18750333333333,13.0,94.6,,
2025-07-22 06:26:04,119.59301166666668,32.187866666666665,12.7,84.0,,
2025-07-22 06:27:04,119.59693333333334,32.1882,11.0,83.7,,
2025-07-22 06:29:35,119.60529,32.189545,9.9,81.6,,
2025-07-22 06:32:36,119.614365,32.19163666666667,9.4,70.5,,
2025-07-22 06:35:07,119.62245,32.194111666666664,8.6,65.5,,
2025-07-22 06:41:09,119.60938833333331,32.192078333333335,10.9,264.3,,
2025-07-22 06:43:41,119.60014,32.19134833333333,11.5,266.7,,
2025-07-22 06:45:41,119.59257,32.190848333333335,11.5,266.3,,
2025-07-22 06:51:13,119.57219,32.191545,10.4,282.2,,
2025-07-22 06:54:14,119.57016833333331,32.189305,8.6,98.4,,
2025-07-22 06:56:14,119.57615,32.188595,9.4,94.8,,
2025-07-22 06:58:45,119.58365666666668,32.187958333333334,9.2,98.7,,
2025-07-22 07:00:45,119.58814833333334,32.18778,6.8,99.3,,
2025-07-22 07:02:47,119.59200833333334,32.18775333333333,7.4,86.3,,
2025-07-22 07:04:47,119.59835166666667,32.187448333333336,10.5,97.8,,
2025-07-22 07:07:18,119.606625,32.187976666666664,10.1,78.9,,
2025-07-22 07:12:51,119.61560666666666,32.189886666666666,3.9,81.3,,
2025-07-22 07:39:01,119.61603333333332,32.19320333333334,7.1,252.6,,
2025-07-22 07:41:02,119.61038333333332,32.19170666666667,9.2,253.1,,
2025-07-22 07:44:34,119.59991666666669,32.19036166666667,9.3,264.9,,
2025-07-22 07:46:35,119.59378833333334,32.189955,9.3,263.1,,
2025-07-22 07:49:06,119.59536833333334,32.188208333333336,10.8,88.6,,
2025-07-22 07:53:37,119.61487333333334,32.19201833333333,9.6,71.2,,
2025-07-22 07:56:08,119.61711166666667,32.19309833333333,8.5,253.5,,
2025-07-22 07:59:10,119.60811833333334,32.19057,9.5,252.4,,
2025-07-22 08:01:11,119.60184166666669,32.18986,9.5,263.5,,
2025-07-22 08:03:40,119.595335,32.189461666666666,7.4,270.1,,
2025-07-22 08:08:12,119.58368833333331,32.189901666666664,8.0,273.5,,
2025-07-22 08:10:13,119.57828333333332,32.19020833333333,8.4,276.7,,
2025-07-22 08:13:14,119.56999666666668,32.19069666666667,8.1,276.9,,
2025-07-22 08:16:16,119.57082166666666,32.189418333333336,10.0,105.7,,
2025-07-22 08:19:46,119.58399333333334,32.18790333333333,10.7,90.1,,
2025-07-22 08:22:17,119.5933,32.18851166666666,12.2,88.6,,
2025-07-22 08:24:48,119.60295333333332,32.189305,13.1,83.7,,
2025-07-22 08:28:50,119.61575833333332,32.19181833333333,10.3,73.4,,
2025-07-22 08:31:52,119.61661833333334,32.19311166666667,0.1,277.7,,
2025-07-22 08:35:52,119.61140333333331,32.19233333333333,9.8,277.6,,
2025-07-22 08:39:54,119.59807166666668,32.192993333333334,10.4,268.2,,
2025-07-22 08:43:24,119.58627666666666,32.191405,10.2,266.0,,
2025-07-22 08:47:56,119.57126333333332,32.192791666666665,10.2,293.4,,
2025-07-22 08:50:27,119.56352,32.19555166666667,10.1,288.2,,
2025-07-22 08:52:58,119.55647,32.19911,10.1,313.1,,
2025-07-22 08:55:29,119.55202166666666,32.20437166666667,9.0,338.7,,
2025-07-22 08:57:30,119.551585,32.20937833333333,9.6,345.3,,
2025-07-22 09:00:31,119.54969666666666,32.21764666666667,10.6,355.5,,
2025-07-22 09:03:02,119.55080666666667,32.224665,10.0,359.4,,
2025-07-22 09:05:33,119.55366333333332,32.23157,11.4,29.7,,
2025-07-22 09:08:34,119.55438666666667,32.23824833333333,4.7,297.4,,
2025-07-22 09:21:38,119.55388,32.23843333333333,0.1,81.1,,
2025-07-22 09:54:47,119.55387666666668,32.238416666666666,0.0,176.0,,
2025-07-22 10:24:48,119.55388833333332,32.23842666666667,0.0,290.8,,
2025-07-22 10:57:50,119.55388333333332,32.23842,0.0,217.0,,
2025-07-22 11:27:51,119.55388,32.238411666666664,0.0,248.4,,
2025-07-22 12:00:52,119.55387666666668,32.23841,0.0,344.1,,
2025-07-22 12:30:53,119.55388166666668,32.23841,0.0,13.3,,
2025-07-22 13:00:55,119.55387,32.2384,0.0,207.7,,
2025-07-22 13:36:56,119.553845,32.238411666666664,0.0,267.0,,
2025-07-22 14:09:58,119.55385,32.238418333333335,0.0,136.4,,
2025-07-22 14:45:00,119.55388333333332,32.23840666666667,0.0,193.4,,
2025-07-22 15:18:02,119.55387333333331,32.238405,0.0,204.7,,
2025-07-22 15:52:02,119.553875,32.238413333333334,0.0,270.9,,
2025-07-22 16:22:03,119.55387666666668,32.238416666666666,0.0,313.7,,
2025-07-22 16:52:05,119.553865,32.23841,0.1,23.1,,
2025-07-22 17:28:05,119.55384666666669,32.23840166666667,0.0,213.1,,
2025-07-22 18:01:07,119.55384166666668,32.238418333333335,0.0,340.6,,
2025-07-22 18:31:07,119.55385,32.238413333333334,0.0,50.7,,
2025-07-22 19:04:08,119.55384333333332,32.23840666666667,0.0,46.9,,
2025-07-22 19:37:09,119.55384666666669,32.23840166666667,0.0,186.0,,
2025-07-22 20:15:12,119.55383666666668,32.23842,0.0,333.2,,
2025-07-22 20:52:12,119.55383833333332,32.23840333333333,0.0,191.6,,
2025-07-22 21:28:13,119.55384833333332,32.23840333333333,0.0,219.3,,
2025-07-22 21:58:20,119.55384333333332,32.238405,0.0,351.6,,
2025-07-22 22:18:33,119.552935,32.23708833333333,6.5,201.8,,
2025-07-22 22:21:31,119.549445,32.23012666666666,11.1,206.9,,
2025-07-22 22:23:32,119.54957666666668,32.22345,12.1,171.2,,
2025-07-22 22:24:32,119.5501,32.22012,12.2,175.7,,
2025-07-22 22:25:32,119.55009166666666,32.21667333333333,12.4,181.9,,
2025-07-22 22:28:03,119.54964333333334,32.20785,13.0,181.3,,
2025-07-22 22:30:34,119.55210333333332,32.19906,13.1,149.1,,
2025-07-22 22:35:05,119.56783,32.189933333333336,13.4,107.3,,
2025-07-22 22:36:06,119.572195,32.18899,13.5,103.1,,
2025-07-22 22:37:06,119.57653666666668,32.188305,13.5,98.6,,
2025-07-22 22:41:08,119.59423166666669,32.18881,13.4,79.6,,
2025-07-22 22:44:39,119.609025,32.190325,12.4,74.5,,
2025-07-22 22:45:39,119.61223166666667,32.19101,9.1,75.1,,
2025-07-22 22:53:42,119.62642666666666,32.194523333333336,6.4,62.4,,
2025-07-22 22:57:43,119.62246166666668,32.19490166666667,4.4,254.0,,
2025-07-22 23:09:18,119.61148666666666,32.191875,8.8,260.6,,
2025-07-22 23:12:49,119.60546333333332,32.18957,7.9,100.9,,
2025-07-22 23:15:50,119.61707166666666,32.192436666666666,11.5,58.6,,
2025-07-22 23:19:22,119.61114833333332,32.19208666666667,4.7,264.5,,
2025-07-22 23:26:25,119.605305,32.18935833333333,8.5,80.4,,
2025-07-22 23:28:26,119.61014833333331,32.190475,7.1,74.2,,
2025-07-22 23:32:27,119.61051166666668,32.19127833333334,10.5,251.7,,
2025-07-22 23:38:58,119.61884666666668,32.19197666666667,9.1,75.8,,
2025-07-22 23:42:30,119.62912666666666,32.193855,9.4,78.6,,
2025-07-22 23:44:31,119.63718666666666,32.195745,12.0,68.9,,
2025-07-22 23:48:03,119.63199,32.19614833333333,9.4,259.3,,
2025-07-22 23:58:06,119.60619666666666,32.19023166666667,5.1,255.6,,
2025-07-23 00:02:38,119.60108833333334,32.18935333333334,4.0,247.9,,
2025-07-23 00:07:10,119.60851,32.190443333333334,9.5,76.7,,
2025-07-23 00:10:11,119.62048,32.193088333333336,9.0,74.9,,
2025-07-23 00:12:12,119.62374666666666,32.193666666666665,2.4,92.7,,
2025-07-23 00:17:13,119.61227,32.1919,9.5,261.3,,
2025-07-23 00:19:44,119.60336,32.19063833333333,11.4,267.1,,
2025-07-23 00:21:45,119.59601333333332,32.190016666666665,11.2,263.2,,
2025-07-23 00:25:17,119.58230166666668,32.189218333333336,11.9,271.7,,
2025-07-23 00:27:48,119.57324666666666,32.19018333333333,11.0,282.5,,
2025-07-23 00:29:49,119.56620333333332,32.19162333333333,11.0,288.1,,
2025-07-23 00:31:50,119.56077,32.19370166666667,7.5,304.5,,
2025-07-23 00:34:51,119.55521,32.19762166666667,9.3,332.2,,
2025-07-23 00:38:52,119.55186666666668,32.209286666666664,10.8,350.9,,
2025-07-23 00:41:23,119.55009,32.21592666666667,8.6,354.5,,
2025-07-23 00:44:24,119.54971833333332,32.22052333333333,6.3,351.2,,
2025-07-23 00:47:25,119.54849833333331,32.22625,6.7,331.7,,
2025-07-23 00:49:56,119.54614333333332,32.22969,4.6,333.8,,
2025-07-23 01:04:32,119.54482,32.23325833333333,1.8,320.9,,
2025-07-23 01:17:06,119.542925,32.23442,4.0,318.4,,
2025-07-23 01:19:07,119.53961333333334,32.23703166666667,7.4,313.1,,
2025-07-23 01:21:07,119.54059166666669,32.23457166666667,9.6,136.2,,
2025-07-23 01:23:08,119.54399666666669,32.23128166666667,9.0,141.9,,
2025-07-23 01:25:09,119.54760666666668,32.22568666666667,14.8,162.6,,
2025-07-23 01:26:09,119.54896,32.22172333333334,14.4,162.7,,
2025-07-23 01:27:40,119.54935166666668,32.222085,3.1,214.2,,
2025-07-23 01:30:41,119.54943,32.21550166666667,9.3,175.7,,
2025-07-23 01:33:12,119.54963,32.20898833333333,8.9,181.0,,
2025-07-23 01:36:13,119.55078166666668,32.200941666666665,9.8,161.2,,
2025-07-23 01:38:14,119.553965,32.196665,9.1,142.7,,
2025-07-23 01:41:15,119.56039166666666,32.192165,7.9,121.1,,
2025-07-23 01:43:16,119.565185,32.19021166666667,8.0,111.6,,
2025-07-23 01:45:17,119.57084166666668,32.18921,9.5,96.6,,
2025-07-23 01:47:17,119.57722666666666,32.18819,9.9,98.3,,
2025-07-23 01:49:48,119.58556,32.18783333333333,10.3,89.5,,
2025-07-23 01:52:49,119.59787166666666,32.188156666666664,14.6,83.5,,
2025-07-23 01:54:49,119.60722333333334,32.18949666666666,14.6,76.6,,
2025-07-23 01:55:50,119.611765,32.19106166666667,15.1,75.3,,
2025-07-23 02:01:52,119.61741,32.19266833333333,6.2,251.0,,
2025-07-23 02:04:24,119.61023333333333,32.19183,8.8,275.5,,
2025-07-23 02:06:25,119.6044,32.192545,9.1,273.3,,
2025-07-23 02:08:55,119.60588833333334,32.19244833333333,8.8,279.7,,
2025-07-23 02:10:57,119.59020666666666,32.192235,9.7,263.3,,
2025-07-23 02:13:28,119.58233333333334,32.19139166666667,9.6,265.7,,
2025-07-23 02:15:29,119.57607166666666,32.19151166666666,9.4,276.2,,
2025-07-23 02:20:01,119.56326833333334,32.19601333333333,9.5,297.6,,
2025-07-23 02:22:32,119.55657333333332,32.19941,9.3,303.6,,
2025-07-23 02:25:02,119.55237,32.204591666666666,8.9,339.5,,
2025-07-23 02:27:03,119.55169666666669,32.209581666666665,9.3,358.0,,
2025-07-23 02:29:04,119.55139666666666,32.21494833333333,9.8,358.5,,
2025-07-23 02:33:05,119.54882166666668,32.225755,9.6,340.3,,
2025-07-23 02:36:06,119.54386666666667,32.231775,6.6,319.7,,
2025-07-23 02:38:06,119.541465,32.233415,2.7,241.2,,
2025-07-23 02:40:07,119.54564,32.23104333333333,12.4,79.6,,
2025-07-23 02:41:07,119.54905833333332,32.23328166666667,13.1,35.4,,
2025-07-23 02:43:38,119.55433833333332,32.238278333333334,3.2,346.8,,
2025-07-23 02:50:09,119.55417166666666,32.23840166666667,0.0,314.1,,
2025-07-23 03:21:17,119.54606833333334,32.236423333333335,9.2,244.6,,
2025-07-23 03:26:49,119.53993,32.235908333333334,4.4,316.7,,
2025-07-23 03:32:20,119.54360166666666,32.231588333333335,10.3,145.1,,
2025-07-23 03:33:21,119.54579166666667,32.228385,13.5,150.0,,
2025-07-23 03:35:22,119.54912666666668,32.222388333333335,6.6,173.2,,
2025-07-23 03:37:52,119.54932,32.223108333333336,2.9,327.3,,
2025-07-23 03:41:54,119.55008166666669,32.21470166666667,9.4,177.6,,
2025-07-23 03:46:25,119.55032666666666,32.20424833333333,9.3,167.8,,
2025-07-23 03:51:57,119.55272833333332,32.19748,11.5,146.9,,
2025-07-23 03:53:58,119.557195,32.1935,9.4,128.0,,
2025-07-23 03:56:58,119.56635333333334,32.19072666666667,7.8,58.6,,
2025-07-23 04:01:01,119.56381833333332,32.19054666666667,10.4,255.2,,
2025-07-23 04:03:02,119.557885,32.19015,8.1,278.0,,
2025-07-23 04:23:38,119.55323,32.19459833333333,9.4,317.2,,
2025-07-23 04:25:39,119.54954333333332,32.198975,9.8,341.2,,
2025-07-23 04:27:39,119.5479,32.204235,9.8,347.6,,
2025-07-23 04:30:10,119.54759,32.211108333333335,10.0,358.1,,
2025-07-23 04:32:41,119.54753333333332,32.21847666666667,11.4,358.8,,
2025-07-23 04:34:41,119.54658833333332,32.224351666666664,9.4,343.6,,
2025-07-23 04:36:42,119.546035,32.22853,5.8,10.2,,
2025-07-23 04:39:44,119.54556166666669,32.23227,2.9,354.8,,
2025-07-23 04:43:14,119.54421,32.23412833333333,0.5,316.8,,
2025-07-23 04:47:16,119.546665,32.23155833333333,5.8,164.9,,
2025-07-23 04:49:16,119.54802833333332,32.22722666666667,11.8,164.3,,
2025-07-23 04:51:47,119.54939,32.22061166666667,7.0,180.7,,
2025-07-23 04:54:50,119.55122666666666,32.225075,8.7,6.1,,
2025-07-23 04:57:19,119.55162,32.22875,9.1,3.4,,
2025-07-23 04:59:51,119.54981,32.234445,8.3,325.4,,
2025-07-23 05:01:51,119.546695,32.23723833333333,5.5,312.7,,
2025-07-23 05:07:53,119.541425,32.23664,7.4,144.8,,
2025-07-23 05:09:54,119.54454,32.23481,4.5,95.4,,
2025-07-23 05:12:54,119.54404666666667,32.236223333333335,0.9,298.3,,
2025-07-23 05:15:55,119.542125,32.237273333333334,3.6,308.7,,
2025-07-23 05:20:57,119.53903,32.23909166666667,1.9,293.8,,
2025-07-23 05:43:33,119.53624,32.238418333333335,12.2,134.4,,
2025-07-23 05:47:04,119.544035,32.230486666666664,6.6,153.2,,
2025-07-23 05:50:05,119.546575,32.226796666666665,9.4,145.8,,
2025-07-23 05:52:36,119.54959,32.221385,8.8,121.3,,
2025-07-23 05:54:37,119.54854333333331,32.227205,11.3,340.1,,
2025-07-23 05:56:38,119.54466666666669,32.23153833333333,8.2,314.4,,
2025-07-23 05:59:08,119.54054,32.235005,6.1,317.3,,
2025-07-23 06:01:10,119.54263666666668,32.234185,6.0,149.3,,
2025-07-23 06:03:10,119.54509,32.23081,6.4,137.7,,
2025-07-23 06:05:10,119.54757666666669,32.22703833333333,8.9,152.9,,
2025-07-23 06:07:11,119.54934666666666,32.223076666666664,7.2,170.8,,
2025-07-23 06:09:42,119.54990833333332,32.22023333333333,2.5,260.1,,
2025-07-23 06:12:44,119.55108333333334,32.215313333333334,7.6,88.9,,
2025-07-23 06:14:44,119.55007333333332,32.219651666666664,9.6,346.4,,
2025-07-23 06:17:45,119.54892333333332,32.224575,5.1,353.3,,
2025-07-23 06:19:45,119.54711333333331,32.22826333333333,8.3,332.0,,
2025-07-23 06:22:46,119.54342833333334,32.231858333333335,7.7,311.2,,
2025-07-23 06:25:47,119.54095833333334,32.23479,5.7,334.5,,
2025-07-23 06:32:19,119.54355166666669,32.23190666666667,4.9,142.1,,
2025-07-23 06:35:20,119.54863333333331,32.226258333333334,8.2,161.6,,
2025-07-23 06:37:21,119.54967333333332,32.222165,10.4,170.7,,
2025-07-23 06:42:52,119.550405,32.214938333333336,6.9,180.8,,
2025-07-23 06:44:53,119.55016,32.21118166666667,7.6,182.8,,
2025-07-23 06:47:24,119.55002333333331,32.205945,7.4,187.1,,
2025-07-23 06:51:25,119.55266,32.19827166666666,7.9,150.0,,
2025-07-23 06:53:26,119.55637,32.194298333333336,8.8,131.0,,
2025-07-23 06:55:56,119.56317666666666,32.19114166666667,10.5,111.3,,
2025-07-23 06:57:58,119.57010666666666,32.189455,11.2,102.1,,
2025-07-23 06:59:58,119.57737333333333,32.18831333333333,10.6,98.6,,
2025-07-23 07:03:00,119.592005,32.188475,9.8,80.4,,
2025-07-23 07:05:00,119.59500166666666,32.188585,8.4,90.0,,
2025-07-23 07:07:00,119.59855,32.189676666666664,3.0,47.6,,
2025-07-23 07:10:32,119.60268,32.189965,6.0,105.8,,
2025-07-23 07:12:32,119.60758333333334,32.190371666666664,8.1,77.5,,
2025-07-23 07:16:04,119.60658333333332,32.19083833333333,6.4,267.5,,
2025-07-23 07:19:04,119.6018,32.19055,4.7,272.5,,
2025-07-23 07:22:05,119.59597666666669,32.190493333333336,6.6,266.1,,
2025-07-23 07:24:07,119.59144666666668,32.19000333333334,6.8,263.3,,
2025-07-23 07:26:08,119.58692833333332,32.18956,7.2,259.2,,
2025-07-23 07:28:09,119.58196666666667,32.189865,7.6,276.4,,
2025-07-23 07:31:09,119.57457166666669,32.190446666666666,7.8,280.5,,
2025-07-23 07:33:10,119.56934333333334,32.191336666666665,8.1,280.6,,
2025-07-23 07:35:10,119.5644,32.19260666666667,7.5,293.0,,
2025-07-23 07:37:11,119.55991666666668,32.19461,7.7,299.5,,
2025-07-23 07:39:12,119.55574333333334,32.19694333333333,7.2,311.1,,
2025-07-23 07:41:43,119.55272166666668,32.201215,7.1,334.9,,
2025-07-23 07:43:44,119.55135333333334,32.20527666666667,8.0,349.0,,
2025-07-23 07:45:45,119.55073166666666,32.20979666666667,8.2,354.5,,
2025-07-23 07:47:46,119.550365,32.21413833333333,5.4,357.0,,
2025-07-23 07:50:47,119.549585,32.219031666666666,7.0,350.3,,
2025-07-23 07:53:17,119.54925666666666,32.223365,3.7,344.3,,
2025-07-23 07:56:19,119.54961666666668,32.221853333333335,9.0,174.2,,
2025-07-23 07:58:19,119.550995,32.21819166666667,2.9,72.2,,
2025-07-23 08:01:20,119.549155,32.223823333333335,5.8,337.5,,
2025-07-23 08:04:53,119.54979666666668,32.21529666666667,12.7,177.1,,
2025-07-23 08:06:22,119.549815,32.21351,13.0,180.7,,
2025-07-23 08:07:22,119.54968833333334,32.20988833333333,13.0,179.8,,
2025-07-23 08:08:53,119.550025,32.20430833333333,13.3,171.3,,
2025-07-23 08:09:53,119.551125,32.200735,13.4,161.4,,
2025-07-23 08:11:24,119.554495,32.19591666666667,13.3,142.0,,
2025-07-23 08:12:25,119.55765833333334,32.19339166666666,13.2,130.6,,
2025-07-23 08:13:55,119.56330833333334,32.190535,13.3,116.5,,
2025-07-23 08:14:55,119.56744166666668,32.18958166666667,12.5,100.9,,
2025-07-23 08:16:57,119.57236166666668,32.189978333333336,5.6,318.6,,
2025-07-23 08:19:57,119.56507,32.192413333333334,6.0,292.1,,
2025-07-23 08:23:28,119.55835,32.19549166666667,5.8,301.2,,
2025-07-23 08:26:29,119.55493333333334,32.19791166666667,4.2,315.2,,
2025-07-23 08:30:31,119.55174666666667,32.20294166666667,5.9,343.5,,
2025-07-23 08:38:03,119.55119833333332,32.21469,7.1,4.9,,
2025-07-23 08:41:04,119.55052666666668,32.220713333333336,7.2,347.0,,
2025-07-23 08:43:05,119.54908333333331,32.22461333333333,7.2,334.4,,
2025-07-23 08:45:06,119.54719166666666,32.22638166666667,5.3,173.6,,
2025-07-23 08:49:07,119.55148166666666,32.22868833333333,10.1,24.8,,
2025-07-23 08:52:38,119.55475166666666,32.23782833333333,6.0,344.2,,
2025-07-23 09:15:13,119.55386666666666,32.238481666666665,0.0,199.9,,
2025-07-23 09:45:22,119.55386166666666,32.23847166666667,0.0,31.5,,
2025-07-23 10:20:09,119.55387,32.23847833333333,0.0,323.6,,
2025-07-23 10:53:19,119.55386833333333,32.238481666666665,0.0,345.3,,
2025-07-23 11:35:31,119.55385166666667,32.238481666666665,0.0,249.2,,
2025-07-23 12:11:39,119.55386666666666,32.23847333333333,0.0,260.1,,
2025-07-23 12:41:40,119.55386666666666,32.238463333333335,0.0,84.6,,
2025-07-23 13:20:41,119.55387333333331,32.23846833333333,0.0,70.7,,
2025-07-23 13:56:42,119.553855,32.238476666666664,0.0,60.1,,
2025-07-23 14:35:42,119.553865,32.238463333333335,0.1,136.8,,
2025-07-23 15:21:44,119.553865,32.238463333333335,0.0,117.0,,
2025-07-23 15:51:44,119.55386333333334,32.238485,0.0,4.7,,
2025-07-23 16:26:45,119.55384666666669,32.23849333333333,0.0,31.4,,
2025-07-23 16:59:45,119.55384666666669,32.238475,0.0,236.9,,
2025-07-23 17:29:46,119.55385666666666,32.238465,0.0,325.3,,
2025-07-23 18:02:47,119.55385333333334,32.23847,0.0,45.1,,
2025-07-23 18:32:48,119.55385166666667,32.238476666666664,0.0,259.2,,
2025-07-23 19:02:48,119.55386,32.23845333333333,0.0,194.1,,
2025-07-23 19:32:50,119.55388,32.238465,0.0,64.3,,
2025-07-23 20:02:50,119.55386333333334,32.23846,0.1,202.3,,
2025-07-23 20:32:51,119.55384833333332,32.23846,0.0,137.6,,
2025-07-23 21:05:53,119.55384166666668,32.23845166666667,0.0,262.6,,
2025-07-23 21:36:02,119.55385166666667,32.23845333333333,0.0,59.0,,
2025-07-23 22:18:17,119.55386666666666,32.238443333333336,0.0,129.4,,
2025-07-23 22:42:55,119.54826,32.22423333333333,11.0,170.2,,
2025-07-23 22:44:56,119.54910333333332,32.21823833333333,10.9,173.5,,
2025-07-23 22:48:57,119.55033166666666,32.206095,8.6,171.4,,
2025-07-23 22:51:28,119.55110333333332,32.20928333333333,9.0,357.0,,
2025-07-23 22:53:30,119.55115,32.21427666666666,9.0,3.8,,
2025-07-23 22:55:30,119.55108666666666,32.219366666666666,9.0,357.9,,
2025-07-23 22:58:32,119.55035666666669,32.226353333333336,7.7,350.5,,
2025-07-23 23:00:33,119.548695,32.223866666666666,11.9,174.6,,
2025-07-23 23:02:03,119.549085,32.218825,12.0,176.6,,
2025-07-23 23:03:04,119.5494,32.215475,11.9,177.4,,
2025-07-23 23:04:04,119.54947,32.21210333333333,12.2,179.8,,
2025-07-23 23:07:36,119.55129,32.200023333333334,12.6,155.9,,
2025-07-23 23:09:37,119.556105,32.19428166666667,12.6,133.4,,
2025-07-23 23:12:08,119.56510666666668,32.189838333333334,12.8,114.2,,
2025-07-23 23:13:08,119.56916,32.188808333333334,13.0,103.9,,
2025-07-23 23:14:39,119.57546833333332,32.18799166666667,13.0,94.8,,
2025-07-23 23:16:40,119.584065,32.187551666666664,13.0,95.3,,
2025-07-23 23:18:10,119.59053,32.18725666666667,12.9,88.4,,
2025-07-23 23:22:12,119.60721166666669,32.189525,13.0,75.0,,
2025-07-23 23:23:43,119.6135,32.190976666666664,13.2,76.7,,
2025-07-23 23:24:43,119.61777166666668,32.19175,13.0,78.0,,
2025-07-23 23:26:13,119.624005,32.19300833333333,13.1,78.1,,
2025-07-23 23:29:45,119.63859333333332,32.19644,13.1,72.5,,
2025-07-23 23:31:16,119.64486166666669,32.198395,13.4,66.6,,
2025-07-23 23:32:46,119.65048333333333,32.20121833333334,13.3,53.7,,
2025-07-23 23:33:47,119.65391666666666,32.20359,13.2,49.3,,
2025-07-23 23:35:47,119.660135,32.20878666666667,13.3,37.6,,
2025-07-23 23:36:48,119.661685,32.212125,12.9,12.9,,
2025-07-23 23:42:21,119.66104833333333,32.21559166666667,0.0,194.9,,
2025-07-24 00:01:30,119.65836833333331,32.21370666666667,8.9,225.0,,
2025-07-24 00:06:02,119.65682333333334,32.212255,0.0,192.6,,
2025-07-24 00:36:16,119.656825,32.212271666666666,0.0,328.6,,
2025-07-24 00:58:56,119.65017333333331,32.206673333333335,8.0,234.6,,
2025-07-24 01:00:58,119.64635166666666,32.20319666666666,8.6,231.8,,
2025-07-24 01:02:58,119.64135333333331,32.200813333333336,8.8,239.3,,
2025-07-24 01:04:59,119.63637166666666,32.198645,8.6,251.9,,
2025-07-24 01:07:00,119.63129166666668,32.196475,8.6,241.2,,
2025-07-24 01:09:01,119.62604166666668,32.19459666666667,8.8,249.8,,
2025-07-24 01:11:03,119.62093,32.19249333333333,8.9,219.9,,
2025-07-24 01:13:03,119.61683333333332,32.18980666666667,8.8,252.7,,
2025-07-24 01:15:34,119.61089333333334,32.18974,6.8,284.1,,
2025-07-24 01:18:05,119.60558666666668,32.19007,6.2,267.9,,
2025-07-24 01:20:06,119.60137,32.189706666666666,6.5,263.4,,
2025-07-24 01:22:37,119.59627666666668,32.18902833333333,6.0,257.7,,
2025-07-24 01:26:39,119.58860333333334,32.18837,5.8,265.8,,
2025-07-24 01:36:43,119.58926833333334,32.18801,4.8,82.7,,
2025-07-24 01:40:45,119.59621833333334,32.1883,4.3,86.0,,
2025-07-24 01:46:16,119.60881666666668,32.19018,6.5,74.3,,
2025-07-24 01:48:47,119.61391666666668,32.19146,7.9,72.2,,
2025-07-24 01:51:18,119.62058333333331,32.193191666666664,9.0,74.0,,
2025-07-24 01:54:19,119.62081666666668,32.19453333333333,5.6,253.8,,
2025-07-24 01:58:51,119.61069833333332,32.191725,6.9,251.3,,
2025-07-24 02:01:52,119.60399,32.19038666666667,8.4,264.2,,
2025-07-24 02:03:54,119.59833166666668,32.189675,8.0,261.1,,
2025-07-24 02:06:24,119.59179,32.189346666666665,7.9,266.2,,
2025-07-24 02:09:26,119.58374666666668,32.188963333333334,6.7,264.7,,
2025-07-24 02:11:27,119.57947,32.18706,5.9,231.5,,
2025-07-24 02:15:29,119.58092,32.186951666666666,3.6,74.6,,
2025-07-24 02:20:30,119.57815333333332,32.187106666666665,4.4,262.9,,
2025-07-24 02:25:02,119.57603666666668,32.186521666666664,3.4,239.4,,
2025-07-24 02:28:03,119.570435,32.190165,8.9,284.4,,
2025-07-24 02:31:34,119.56437666666666,32.19142166666666,4.1,291.3,,
2025-07-24 02:36:37,119.55927333333334,32.19383833333333,4.5,295.0,,
2025-07-24 02:40:38,119.55846833333334,32.19474833333334,8.8,120.3,,
2025-07-24 02:41:38,119.56180833333332,32.192368333333334,13.7,127.9,,
2025-07-24 02:42:39,119.56548666666669,32.19014,14.1,120.9,,
2025-07-24 02:44:09,119.56918166666668,32.190221666666666,3.3,359.5,,
2025-07-24 02:48:41,119.56385833333331,32.18898333333333,4.5,291.4,,
2025-07-24 02:51:42,119.56056333333332,32.190043333333335,2.7,303.2,,
2025-07-24 02:55:43,119.55891333333334,32.1904,5.5,324.5,,
2025-07-24 02:57:44,119.55671833333334,32.19562666666667,9.5,335.1,,
2025-07-24 02:59:45,119.55417333333334,32.20021666666667,9.1,339.3,,
2025-07-24 03:02:16,119.552205,32.20638,9.2,350.9,,
2025-07-24 03:05:17,119.55196833333332,32.21434,9.7,359.7,,
2025-07-24 03:07:18,119.55172666666668,32.21984,9.6,354.7,,
2025-07-24 03:09:19,119.55094,32.22524333333333,9.6,357.5,,
2025-07-24 03:11:50,119.55402,32.232283333333335,10.4,20.9,,
2025-07-24 03:14:20,119.55448,32.237995,5.6,320.4,,
2025-07-24 03:36:29,119.55355,32.23847833333333,0.0,286.5,,
2025-07-24 04:06:36,119.55355166666666,32.238476666666664,0.0,214.1,,
2025-07-24 04:17:09,119.542735,32.236115,8.8,271.7,,
2025-07-24 04:21:10,119.53830333333332,32.23670666666667,6.3,142.7,,
2025-07-24 04:26:12,119.54527166666666,32.22984666666667,5.6,142.9,,
2025-07-24 04:29:13,119.548465,32.22483833333333,7.8,161.3,,
2025-07-24 04:34:14,119.55094333333334,32.22201333333334,4.5,339.7,,
2025-07-24 04:37:45,119.54793,32.22703,4.4,335.7,,
2025-07-24 04:41:47,119.54763,32.228155,1.2,116.4,,
2025-07-24 04:45:48,119.550015,32.220643333333335,9.5,173.6,,
2025-07-24 04:51:20,119.55008666666669,32.20541166666667,11.2,175.2,,
2025-07-24 04:54:52,119.55510833333334,32.195458333333335,11.1,135.4,,
2025-07-24 04:58:53,119.56724666666666,32.190045,6.5,107.6,,
2025-07-24 05:01:54,119.56765,32.19079166666667,3.5,288.7,,
2025-07-24 05:04:55,119.563685,32.192211666666665,4.5,302.4,,
2025-07-24 05:07:56,119.55932166666666,32.193945,5.4,288.5,,
2025-07-24 05:11:27,119.55440833333331,32.19741166666667,5.7,310.7,,
2025-07-24 05:14:58,119.55160833333332,32.20189,4.9,354.0,,
2025-07-24 05:19:00,119.55175333333334,32.207231666666665,4.8,353.7,,
2025-07-24 05:22:30,119.55146833333332,32.212896666666666,6.9,359.1,,
2025-07-24 05:27:03,119.54968666666667,32.22215666666666,7.4,355.0,,
2025-07-24 05:30:04,119.54871333333334,32.226108333333336,4.5,338.7,,
2025-07-24 05:32:33,119.54969833333334,32.22271,13.3,167.8,,
2025-07-24 05:33:33,119.55016666666668,32.21912666666667,13.0,176.9,,
2025-07-24 05:34:34,119.55029,32.21548,13.3,177.2,,
2025-07-24 05:38:05,119.55121166666666,32.20182166666667,14.4,163.7,,
2025-07-24 05:41:36,119.55497,32.197875,7.9,318.4,,
2025-07-24 05:44:07,119.55202333333334,32.20316,8.8,340.0,,
2025-07-24 05:47:08,119.55151666666669,32.21040833333333,9.1,5.0,,
2025-07-24 05:49:39,119.550575,32.21763833333333,10.7,346.9,,
2025-07-24 05:51:39,119.54952833333331,32.223245,7.7,345.3,,
2025-07-24 05:53:40,119.548375,32.226751666666665,5.0,337.6,,
2025-07-24 05:58:43,119.55243833333331,32.233065,12.2,39.3,,
2025-07-24 06:00:43,119.55463166666668,32.23782666666666,6.4,338.9,,
2025-07-24 06:20:15,119.55354333333334,32.23849,0.0,14.0,,
2025-07-24 06:53:19,119.55352666666668,32.23849666666667,0.0,202.5,,
2025-07-24 07:23:25,119.553505,32.238505,0.0,339.7,,
2025-07-24 07:53:30,119.55351166666668,32.238508333333336,0.0,323.5,,
2025-07-24 08:23:33,119.55351,32.23851333333333,0.0,323.5,,
2025-07-24 08:57:18,119.553525,32.23853833333333,0.0,327.5,,
2025-07-24 09:29:23,119.55353,32.23849166666667,0.0,200.3,,
2025-07-24 09:59:26,119.55353833333334,32.23849333333333,0.0,324.4,,
2025-07-24 10:32:29,119.55354833333334,32.23849166666667,0.0,153.2,,
2025-07-24 11:05:32,119.55354333333334,32.23849833333333,0.0,322.9,,
2025-07-24 11:45:36,119.55355666666668,32.23847166666667,0.0,146.5,,
2025-07-24 12:33:06,119.55355833333331,32.23847,0.0,170.1,,
2025-07-24 13:09:10,119.55356166666668,32.23846,0.0,335.2,,
2025-07-24 13:45:13,119.55354666666666,32.238465,0.0,334.6,,
2025-07-24 14:15:17,119.553555,32.238461666666666,0.0,327.6,,
2025-07-24 14:45:19,119.553565,32.23847166666667,0.0,109.7,,
2025-07-24 15:15:23,119.55357166666668,32.238483333333335,0.0,8.1,,
2025-07-24 15:51:27,119.55356,32.238481666666665,0.0,235.3,,
2025-07-24 16:21:30,119.55358,32.238483333333335,0.0,127.4,,
2025-07-24 17:06:33,119.55356666666668,32.23847333333333,0.0,195.1,,
2025-07-24 17:39:36,119.55357333333332,32.23847833333333,0.0,161.3,,
2025-07-24 18:24:41,119.55356333333332,32.23847,0.0,169.1,,
2025-07-24 18:54:45,119.55356333333332,32.238456666666664,0.0,131.6,,
2025-07-24 19:24:48,119.55356666666668,32.238476666666664,0.0,3.1,,
2025-07-24 19:54:51,119.55355666666668,32.23847333333333,0.0,16.8,,
2025-07-24 20:27:53,119.55354333333334,32.238475,0.0,232.2,,
2025-07-24 21:04:04,119.55354833333334,32.238476666666664,0.0,351.5,,
2025-07-24 21:40:16,119.553565,32.23847333333333,0.0,46.2,,
2025-07-24 22:13:28,119.55356166666668,32.23846833333333,0.0,6.7,,
2025-07-24 22:43:38,119.553545,32.238475,0.0,352.4,,
2025-07-24 23:13:47,119.55354333333334,32.23847833333333,0.0,11.9,,
2025-07-24 23:49:55,119.553555,32.23847166666667,0.0,188.8,,
2025-07-25 00:28:07,119.55355333333333,32.238485,0.0,132.7,,
2025-07-25 01:01:18,119.55357166666668,32.23848,0.0,132.7,,
2025-07-25 01:32:27,119.55356666666668,32.238481666666665,0.0,321.8,,
2025-07-25 01:40:00,119.548425,32.23721833333333,9.7,253.7,,
2025-07-25 01:42:31,119.54178666666668,32.23567333333333,5.4,253.8,,
2025-07-25 01:45:32,119.53746833333334,32.23752666666667,4.4,316.7,,
2025-07-25 01:48:34,119.541365,32.232295,9.9,143.0,,
2025-07-25 01:52:03,119.54436166666666,32.22868833333333,6.2,148.1,,
2025-07-25 01:54:04,119.546965,32.22499333333333,8.5,155.8,,
2025-07-25 01:56:35,119.548525,32.21992,8.0,170.7,,
2025-07-25 02:00:36,119.55009833333334,32.209626666666665,11.3,179.4,,
2025-07-25 02:02:39,119.55164,32.19956666666667,12.7,159.7,,
2025-07-25 02:04:08,119.55251833333334,32.197986666666665,12.5,153.8,,
2025-07-25 02:05:08,119.55484833333334,32.19523,12.3,140.7,,
2025-07-25 02:06:09,119.558045,32.19311833333333,12.1,122.0,,
2025-07-25 02:09:40,119.57128666666668,32.188485,12.6,106.0,,
2025-07-25 02:12:11,119.58071666666666,32.18694333333333,11.8,94.1,,
2025-07-25 02:14:12,119.58881333333332,32.18711,12.5,87.2,,
2025-07-25 02:16:13,119.59716166666666,32.187751666666664,12.6,83.2,,
2025-07-25 02:22:15,119.617855,32.19199166666667,8.8,74.6,,
2025-07-25 02:23:15,119.61756333333334,32.192978333333336,4.4,294.0,,
2025-07-25 02:27:48,119.60654833333334,32.1911,8.4,265.7,,
2025-07-25 02:31:49,119.59513,32.190255,8.8,262.5,,
2025-07-25 02:33:50,119.58949,32.18953833333333,8.5,263.8,,
2025-07-25 02:35:51,119.58398,32.189436666666666,8.0,270.2,,
2025-07-25 02:39:23,119.57457166666669,32.19011833333333,8.7,281.8,,
2025-07-25 02:44:26,119.56068333333332,32.193815,9.0,295.8,,
2025-07-25 02:46:27,119.55573666666666,32.196625,9.0,311.1,,
2025-07-25 02:48:28,119.55264833333334,32.198815,2.8,301.9,,
2025-07-25 02:51:01,119.55746,32.193281666666664,12.0,124.8,,
2025-07-25 02:52:30,119.55922833333334,32.1923,12.9,123.3,,
2025-07-25 02:55:01,119.568275,32.18879333333334,10.2,102.1,,
2025-07-25 02:57:32,119.575745,32.187485,9.0,99.2,,
2025-07-25 03:00:33,119.5751,32.189231666666664,6.0,305.8,,
2025-07-25 03:02:33,119.57418,32.189508333333336,7.9,280.9,,
2025-07-25 03:05:04,119.56943166666667,32.190113333333336,4.1,276.5,,
2025-07-25 03:09:06,119.56552166666668,32.19085666666667,0.3,273.2,,
2025-07-25 03:18:10,119.56334,32.19164166666667,1.1,124.3,,
2025-07-25 03:21:12,119.56376166666666,32.19142,0.3,138.9,,
2025-07-25 03:24:13,119.55862333333332,32.19056666666667,3.5,277.9,,
2025-07-25 03:27:45,119.557275,32.19202,2.2,6.7,,
2025-07-25 03:34:19,119.561485,32.19108833333333,6.1,112.9,,
2025-07-25 03:36:49,119.56468333333332,32.19026,7.0,102.0,,
2025-07-25 03:40:19,119.57115833333332,32.189058333333335,2.4,97.4,,
2025-07-25 03:44:21,119.57691833333334,32.18824166666667,5.5,86.6,,
2025-07-25 03:47:22,119.56908333333334,32.192883333333334,10.8,296.1,,
2025-07-25 03:49:23,119.56278666666668,32.19589833333333,10.8,300.5,,
2025-07-25 03:53:55,119.55206,32.204876666666664,10.6,350.3,,
2025-07-25 03:55:56,119.551815,32.210908333333336,11.0,357.8,,
2025-07-25 03:58:27,119.55126,32.21885666666667,11.3,357.2,,
2025-07-25 04:00:27,119.55146166666668,32.225183333333334,11.5,9.0,,
2025-07-25 04:02:58,119.55437833333332,32.232475,10.9,21.5,,
2025-07-25 04:06:30,119.55416666666666,32.23840666666667,0.2,298.1,,
2025-07-25 04:36:40,119.55417166666666,32.238415,0.0,308.3,,
2025-07-25 05:12:46,119.554165,32.23840166666667,0.0,49.4,,
2025-07-25 05:42:50,119.55417666666666,32.23840833333333,0.0,299.2,,
2025-07-25 06:15:54,119.55416833333334,32.23840833333333,0.0,14.7,,
2025-07-25 06:45:57,119.55417166666666,32.238405,0.0,14.7,,
2025-07-25 07:19:02,119.55417666666666,32.23840166666667,0.0,14.7,,
2025-07-25 07:49:06,119.55416833333334,32.23840833333333,0.0,14.7,,
2025-07-25 08:22:11,119.55416666666666,32.23841,0.0,337.8,,
2025-07-25 09:07:20,119.55416,32.238416666666666,0.0,250.1,,
2025-07-25 09:17:28,119.54446333333334,32.235775,9.9,241.0,,
2025-07-25 09:20:28,119.543195,32.23139166666667,3.8,155.5,,
2025-07-25 09:22:29,119.54690833333332,32.22589833333333,12.3,149.3,,
2025-07-25 09:23:29,119.54876666666668,32.22285,12.4,161.8,,
2025-07-25 09:24:30,119.54931666666668,32.22125666666667,3.2,191.0,,
2025-07-25 09:26:00,119.54945833333332,32.219045,7.2,167.1,,
2025-07-25 09:28:02,119.54964833333334,32.214731666666665,8.3,176.7,,
2025-07-25 09:30:31,119.54975166666668,32.20862833333333,9.5,173.4,,
2025-07-25 09:33:03,119.55015666666668,32.20191666666667,8.9,175.2,,
2025-07-25 09:35:03,119.55228333333334,32.19719833333333,9.2,152.0,,
2025-07-25 09:38:33,119.56102,32.191075,10.0,121.6,,
2025-07-25 09:41:04,119.56805333333334,32.1887,8.5,105.5,,
2025-07-25 09:45:05,119.58110166666668,32.18698833333333,10.4,91.8,,
2025-07-25 09:47:06,119.58800833333332,32.186953333333335,10.8,85.2,,
2025-07-25 09:50:07,119.599025,32.18784,11.1,81.9,,
2025-07-25 09:53:08,119.60988333333331,32.18985166666667,11.3,78.3,,
2025-07-25 09:58:40,119.62937,32.19405,11.0,73.1,,
2025-07-25 10:01:40,119.63444666666666,32.19705166666667,9.1,276.2,,
2025-07-25 10:03:41,119.62789166666668,32.195965,9.9,257.8,,
2025-07-25 10:05:42,119.62134333333331,32.19513666666667,10.1,264.1,,
2025-07-25 10:08:13,119.61254666666666,32.19293166666667,10.9,264.4,,
2025-07-25 10:10:44,119.60362,32.192256666666665,10.9,265.9,,
2025-07-25 10:12:45,119.59637666666669,32.19192666666667,11.1,266.7,,
2025-07-25 10:14:46,119.58901166666666,32.191565,11.3,264.5,,
2025-07-25 10:19:18,119.57247333333332,32.19221833333334,11.2,286.0,,
2025-07-25 10:21:19,119.56573166666666,32.19460333333333,11.0,297.0,,
2025-07-25 10:23:19,119.559415,32.19766,11.0,298.3,,
2025-07-25 10:27:20,119.551965,32.206905,10.5,357.6,,
2025-07-25 10:29:51,119.551645,32.21425166666667,10.6,357.3,,
2025-07-25 10:31:52,119.55150166666668,32.22018,10.4,359.5,,
2025-07-25 10:33:52,119.55102166666668,32.226013333333334,10.4,355.8,,
2025-07-25 10:35:53,119.55237666666666,32.23173666666667,11.0,29.3,,
2025-07-25 10:38:24,119.55546666666666,32.237611666666666,6.8,356.0,,
2025-07-25 11:16:00,119.55416166666669,32.238415,0.0,11.6,,
2025-07-25 11:46:04,119.55416,32.238416666666666,0.1,181.6,,
2025-07-25 12:19:09,119.55416333333334,32.23840833333333,0.0,179.3,,
2025-07-25 12:26:10,119.550925,32.23616333333333,7.9,222.4,,
2025-07-25 12:28:11,119.5483,32.231075,12.1,190.8,,
2025-07-25 12:30:41,119.54893333333334,32.222831666666664,11.5,173.9,,
2025-07-25 12:32:41,119.54952666666668,32.216676666666665,11.0,179.6,,
2025-07-25 12:34:41,119.54949,32.21042333333333,11.4,183.8,,
2025-07-25 12:37:11,119.55021833333332,32.202335,11.8,171.9,,
2025-07-25 12:39:42,119.554575,32.195145,12.1,133.1,,
2025-07-25 12:41:12,119.559635,32.19249,12.2,114.7,,
2025-07-25 12:42:12,119.56335833333333,32.19119666666667,12.1,114.0,,
2025-07-25 12:43:42,119.56875333333332,32.18955166666667,11.7,105.9,,
2025-07-25 12:47:12,119.581405,32.18805833333333,11.0,95.7,,
2025-07-25 12:51:13,119.595215,32.188165,9.9,82.5,,
2025-07-25 12:53:43,119.60327833333334,32.189255,10.1,79.5,,
2025-07-25 12:57:13,119.614085,32.190936666666666,8.7,79.4,,
2025-07-25 12:59:13,119.61847166666666,32.19179166666667,4.6,76.7,,
2025-07-25 13:02:43,119.626115,32.19384,6.4,69.4,,
2025-07-25 13:05:13,119.62296333333332,32.193841666666664,7.5,257.1,,
2025-07-25 13:09:44,119.614855,32.192618333333336,5.2,256.2,,
2025-07-25 13:12:44,119.61045,32.191085,4.8,243.6,,
2025-07-25 13:16:14,119.602355,32.190113333333336,8.9,264.8,,
2025-07-25 13:18:15,119.59622,32.18974333333333,9.4,268.1,,
2025-07-25 13:20:15,119.59012833333334,32.189703333333334,9.1,271.1,,
2025-07-25 13:23:15,119.580755,32.18991166666667,10.3,273.7,,
2025-07-25 13:25:46,119.57238833333334,32.18977,10.6,283.0,,
2025-07-25 13:31:15,119.55682666666668,32.19547333333333,8.2,308.1,,
2025-07-25 13:35:16,119.55194666666668,32.20365666666667,9.1,356.1,,
2025-07-25 13:37:16,119.55190333333331,32.208571666666664,8.5,359.7,,
2025-07-25 13:39:16,119.551645,32.21333666666666,8.6,358.1,,
2025-07-25 13:41:46,119.55098666666666,32.219393333333336,8.9,359.7,,
2025-07-25 13:43:46,119.55042833333331,32.22441666666667,9.3,355.7,,
2025-07-25 13:45:46,119.548705,32.227565,7.7,241.2,,
2025-07-25 13:48:46,119.552035,32.22784,10.5,17.9,,
2025-07-25 13:52:17,119.555105,32.23672333333333,7.7,13.2,,
2025-07-25 13:54:17,119.55415,32.238443333333336,0.2,282.3,,
2025-07-25 14:24:23,119.55416,32.238411666666664,0.0,167.8,,
2025-07-25 15:00:30,119.55416,32.238411666666664,0.0,83.4,,
2025-07-25 15:33:35,119.55416,32.238415,0.0,359.2,,
2025-07-25 16:09:43,119.55415166666668,32.238413333333334,0.0,291.0,,
2025-07-25 16:48:51,119.55416,32.23840833333333,0.0,293.4,,
2025-07-25 17:18:56,119.55417333333334,32.238413333333334,0.0,59.5,,
2025-07-25 17:52:02,119.55417166666666,32.238413333333334,0.0,37.0,,
2025-07-25 18:31:10,119.55416666666666,32.238405,0.0,328.1,,
2025-07-25 19:01:15,119.55417666666666,32.23839666666667,0.0,251.8,,
2025-07-25 19:31:20,119.55417,32.23840333333333,0.0,340.5,,
2025-07-25 20:07:28,119.55416333333334,32.2384,0.0,312.5,,
2025-07-25 20:37:37,119.55416166666669,32.23838333333333,0.0,125.9,,
2025-07-25 21:16:47,119.55416166666669,32.2384,0.0,10.9,,
2025-07-25 21:46:55,119.55415833333332,32.23840166666667,0.0,270.3,,
2025-07-25 22:23:08,119.55416333333334,32.2384,0.0,85.9,,
2025-07-25 22:57:24,119.55416333333334,32.238391666666665,0.0,207.4,,
2025-07-25 23:13:26,119.54781333333334,32.22463666666667,11.6,176.0,,
2025-07-25 23:17:27,119.549805,32.211796666666665,12.0,174.3,,
2025-07-25 23:18:27,119.54981333333332,32.208445,12.1,180.0,,
2025-07-25 23:19:28,119.54997166666666,32.205041666666666,12.1,175.5,,
2025-07-25 23:21:58,119.55233333333334,32.196846666666666,12.1,159.1,,
2025-07-25 23:23:08,119.55458166666666,32.19356,11.4,146.9,,
2025-07-25 23:26:09,119.55701833333332,32.190236666666664,1.2,269.1,,
2025-07-25 23:30:11,119.553235,32.19936166666667,11.1,341.5,,
2025-07-25 23:32:12,119.551535,32.205286666666666,10.9,354.9,,
2025-07-25 23:34:43,119.55135,32.21293,11.1,356.7,,
2025-07-25 23:38:44,119.55095166666666,32.22513166666667,11.1,4.0,,
2025-07-25 23:41:46,119.5543,32.23412666666667,10.7,19.8,,
2025-07-25 23:43:46,119.55487166666668,32.23817666666667,4.9,303.8,,
2025-07-25 23:47:48,119.55416166666669,32.238398333333336,0.0,110.1,,
2025-07-26 00:23:00,119.55416,32.23840333333333,0.0,42.2,,
2025-07-26 00:57:09,119.55417666666666,32.238398333333336,0.0,194.6,,
2025-07-26 01:27:19,119.55416666666666,32.238405,0.0,335.9,,
2025-07-26 01:57:26,119.554165,32.238405,0.0,275.7,,
2025-07-26 02:27:33,119.55417833333334,32.238398333333336,0.0,163.1,,
2025-07-26 02:57:39,119.55418333333331,32.23840666666667,0.0,322.1,,
2025-07-26 03:18:13,119.545935,32.236155,10.1,257.4,,
2025-07-26 03:20:13,119.54177166666666,32.233913333333334,7.8,163.8,,
2025-07-26 03:22:14,119.54539333333334,32.228656666666666,12.5,148.7,,
2025-07-26 03:25:15,119.54926333333331,32.22053833333333,9.8,173.9,,
2025-07-26 03:27:16,119.54961,32.214063333333335,12.2,181.2,,
2025-07-26 03:28:46,119.549535,32.208936666666666,12.3,184.8,,
2025-07-26 03:29:46,119.54975666666668,32.20536833333333,13.3,170.3,,
2025-07-26 03:31:47,119.55205666666669,32.19871,10.0,155.9,,
2025-07-26 03:33:48,119.55639,32.19395333333333,13.6,128.7,,
2025-07-26 03:35:48,119.564435,32.190268333333336,14.2,112.6,,
2025-07-26 03:36:48,119.56893833333334,32.18919833333333,14.3,103.0,,
2025-07-26 03:38:19,119.57403,32.188228333333335,10.0,104.3,,
2025-07-26 03:41:50,119.58667666666666,32.18708,12.4,89.5,,
2025-07-26 03:42:50,119.590755,32.187255,12.4,87.6,,
2025-07-26 03:55:26,119.62227666666666,32.194155,5.0,238.8,,
2025-07-26 04:00:57,119.61941666666668,32.194091666666665,1.7,265.4,,
2025-07-26 04:04:28,119.61535833333332,32.19296,4.2,246.5,,
2025-07-26 04:07:29,119.61078166666668,32.191775,5.9,256.9,,
2025-07-26 04:10:31,119.60443333333332,32.190935,7.1,263.4,,
2025-07-26 04:13:32,119.597265,32.190468333333335,7.2,266.6,,
2025-07-26 04:15:33,119.59262166666667,32.190108333333335,7.0,268.2,,
2025-07-26 04:17:33,119.58779833333334,32.189845,7.3,264.6,,
2025-07-26 04:19:34,119.58275333333332,32.18974333333333,7.8,270.2,,
2025-07-26 04:21:35,119.57735,32.19004666666667,8.2,277.4,,
2025-07-26 04:23:36,119.57191,32.190756666666665,8.6,277.6,,
2025-07-26 04:26:38,119.56382833333332,32.192415,8.4,296.2,,
2025-07-26 04:28:38,119.55934833333332,32.19389833333334,8.2,229.6,,
2025-07-26 04:30:39,119.56776666666669,32.19002833333333,15.8,107.5,,
2025-07-26 04:31:39,119.57275833333334,32.18900333333333,15.6,101.0,,
2025-07-26 04:33:09,119.58002833333332,32.18844333333333,14.7,94.5,,
2025-07-26 04:35:10,119.58864166666666,32.18844833333333,10.6,98.9,,
2025-07-26 04:37:11,119.59589833333334,32.187466666666666,12.0,84.0,,
2025-07-26 04:38:41,119.60208166666666,32.18823666666667,12.5,77.5,,
2025-07-26 04:40:12,119.60803666666666,32.18959666666667,12.7,77.0,,
2025-07-26 04:41:12,119.61189833333331,32.190255,10.9,76.5,,
2025-07-26 04:43:43,119.61710666666669,32.19280333333333,8.5,268.8,,
2025-07-26 04:45:44,119.61118166666668,32.192388333333334,9.6,270.7,,
2025-07-26 04:48:14,119.602745,32.1921,10.2,274.9,,
2025-07-26 04:50:16,119.5956,32.19291333333334,11.3,273.6,,
2025-07-26 04:52:47,119.586485,32.191885,11.0,264.0,,
2025-07-26 04:55:48,119.57624333333334,32.19082,9.4,248.5,,
2025-07-26 04:58:19,119.56971833333331,32.19370833333333,9.5,300.0,,
2025-07-26 05:01:50,119.560275,32.198148333333336,9.4,298.5,,
2025-07-26 05:03:51,119.55471833333333,32.2008,9.5,300.6,,
2025-07-26 05:06:22,119.550875,32.20539333333333,5.1,340.8,,
2025-07-26 05:08:22,119.54921666666668,32.20323666666667,8.8,176.8,,
2025-07-26 05:11:23,119.55341666666666,32.195805,11.0,142.1,,
2025-07-26 05:14:55,119.56550166666666,32.189855,12.3,106.5,,
2025-07-26 05:15:55,119.56918,32.188961666666664,11.6,107.0,,
2025-07-26 05:17:55,119.57654166666669,32.18755,11.5,99.6,,
2025-07-26 05:22:26,119.593835,32.18743166666667,12.3,85.2,,
2025-07-26 05:23:27,119.59797333333331,32.187801666666665,12.5,84.0,,
2025-07-26 05:25:27,119.60606833333334,32.18912,12.5,73.6,,
2025-07-26 05:26:58,119.61211833333331,32.19047,13.0,76.8,,
2025-07-26 05:28:28,119.61814333333334,32.191968333333335,11.1,75.2,,
2025-07-26 05:30:29,119.618225,32.19311,7.4,257.9,,
2025-07-26 05:33:00,119.61123166666668,32.19184,8.5,257.3,,
2025-07-26 05:35:01,119.60568333333332,32.19113333333333,8.6,262.9,,
2025-07-26 05:37:02,119.59992833333334,32.19054833333333,8.8,265.2,,
2025-07-26 05:39:33,119.59277166666666,32.19011,8.7,265.2,,
2025-07-26 05:41:34,119.58713833333331,32.189656666666664,8.5,265.9,,
2025-07-26 05:44:05,119.58015333333331,32.18953666666667,8.6,271.6,,
2025-07-26 05:46:35,119.57531,32.188725,6.1,178.9,,
2025-07-26 05:48:06,119.5809,32.187736666666666,12.3,92.0,,
2025-07-26 05:50:06,119.58908166666669,32.18738666666667,12.5,91.3,,
2025-07-26 05:51:07,119.59321666666666,32.187443333333334,12.7,87.3,,
2025-07-26 05:52:07,119.59732166666667,32.18792333333333,12.7,78.5,,
2025-07-26 05:53:08,119.60150166666666,32.18868333333333,12.9,79.6,,
2025-07-26 05:54:38,119.60756666666668,32.189315,12.4,82.6,,
2025-07-26 05:55:38,119.61162,32.18995833333334,12.4,75.8,,
2025-07-26 05:56:39,119.61561,32.190835,12.5,76.0,,
2025-07-26 05:58:39,119.61343666666669,32.193305,9.1,284.9,,
2025-07-26 06:01:10,119.605985,32.193628333333336,9.7,264.0,,
2025-07-26 06:03:11,119.59961833333334,32.193085,10.1,265.0,,
2025-07-26 06:05:12,119.59297,32.19278,10.0,260.6,,
2025-07-26 06:07:43,119.58492,32.19163,9.9,262.9,,
2025-07-26 06:09:44,119.57850833333332,32.19122,9.6,274.1,,
2025-07-26 06:13:45,119.567125,32.19460333333333,9.4,298.7,,
2025-07-26 06:17:16,119.557685,32.19887833333333,9.3,302.3,,
2025-07-26 06:19:16,119.552885,32.201843333333336,8.5,321.3,,
2025-07-26 06:21:47,119.55207,32.20780166666667,8.8,351.7,,
2025-07-26 06:25:18,119.551695,32.21681,9.6,353.6,,
2025-07-26 06:27:19,119.55137333333332,32.222141666666666,9.6,359.7,,
2025-07-26 06:29:20,119.55152666666666,32.227345,9.6,10.7,,
2025-07-26 06:31:21,119.55413666666666,32.232978333333335,11.1,20.4,,
2025-07-26 06:33:52,119.55524666666666,32.23782333333333,3.1,331.9,,
2025-07-26 06:44:22,119.553855,32.238411666666664,0.0,302.4,,
2025-07-26 07:14:26,119.55385333333334,32.23842,0.0,302.4,,
2025-07-26 07:44:28,119.55385,32.23842666666667,0.0,302.4,,
2025-07-26 08:14:29,119.55384,32.23843166666666,0.0,302.4,,
2025-07-26 08:44:32,119.55384666666669,32.238438333333335,0.0,303.0,,
2025-07-26 09:16:37,119.55384,32.23843166666666,0.0,273.7,,
2025-07-26 09:47:38,119.553835,32.23842166666667,0.0,90.1,,
2025-07-26 10:17:40,119.55383333333332,32.23842666666667,0.0,191.3,,
2025-07-26 10:56:44,119.55383166666668,32.23842666666667,0.0,158.6,,
2025-07-26 11:35:46,119.55383333333332,32.238415,0.0,188.4,,
2025-07-26 12:10:49,119.55384333333332,32.238415,0.0,263.1,,
2025-07-26 12:40:51,119.55383166666668,32.238411666666664,0.0,263.1,,
2025-07-26 13:11:51,119.55384166666668,32.23842,0.0,263.1,,
2025-07-26 13:41:53,119.55384,32.23842333333333,0.0,263.1,,
2025-07-26 14:16:57,119.55385166666667,32.238413333333334,0.0,290.3,,
2025-07-26 14:47:57,119.553855,32.238411666666664,0.0,290.3,,
2025-07-26 15:24:00,119.55386166666666,32.238416666666666,0.0,106.3,,
2025-07-26 15:54:02,119.55385333333334,32.23842,0.0,289.0,,
2025-07-26 16:24:05,119.55385,32.238416666666666,0.0,68.6,,
2025-07-26 16:54:08,119.553855,32.238411666666664,0.0,250.2,,
2025-07-26 17:27:12,119.55385666666666,32.238418333333335,0.0,81.9,,
2025-07-26 17:57:16,119.55386333333334,32.238415,0.0,27.8,,
2025-07-26 18:27:19,119.55386,32.23841,0.0,72.1,,
2025-07-26 18:57:22,119.55386833333333,32.238405,0.0,43.4,,
2025-07-26 19:27:25,119.55386166666666,32.23840166666667,0.0,244.2,,
2025-07-26 20:00:30,119.55386666666666,32.23840666666667,0.0,269.9,,
2025-07-26 20:36:33,119.55385,32.23840333333333,0.0,348.7,,
2025-07-26 21:33:50,119.55383666666668,32.238415,0.0,227.0,,
2025-07-26 22:03:58,119.55384166666668,32.23840833333333,0.0,205.1,,
2025-07-26 22:33:06,119.548525,32.226616666666665,11.9,179.1,,
2025-07-26 22:36:37,119.54911333333334,32.21583833333333,12.7,172.8,,
2025-07-26 22:38:08,119.54972,32.21044666666667,13.0,176.8,,
2025-07-26 22:39:40,119.55038333333331,32.20162666666667,11.9,179.9,,
2025-07-26 22:44:10,119.55554666666669,32.19150166666667,8.1,154.0,,
2025-07-26 22:49:41,119.56579666666669,32.18919,8.5,103.8,,
2025-07-26 22:51:42,119.57133333333331,32.18852666666667,8.5,91.8,,
2025-07-26 22:56:44,119.58497833333334,32.188295,8.2,86.9,,
2025-07-26 22:58:44,119.59044833333331,32.18842166666666,8.3,86.9,,
2025-07-26 23:02:46,119.60151833333332,32.18910666666667,8.4,82.3,,
2025-07-26 23:04:49,119.60953333333332,32.19036666666667,7.7,71.1,,
2025-07-26 23:11:19,119.62202833333332,32.19372,7.1,68.1,,
2025-07-26 23:13:19,119.62554166666666,32.1952,1.1,309.9,,
2025-07-26 23:18:51,119.612525,32.191361666666666,8.0,260.5,,
2025-07-26 23:22:52,119.60402666666668,32.19061666666666,7.3,274.5,,
2025-07-26 23:25:53,119.59644333333334,32.190055,7.5,265.1,,
2025-07-26 23:27:54,119.60058833333332,32.18861666666667,10.8,82.1,,
2025-07-26 23:30:25,119.599145,32.189841666666666,7.4,268.2,,
2025-07-26 23:33:56,119.589255,32.18948,8.5,270.1,,
2025-07-26 23:35:57,119.58347333333332,32.189785,8.8,275.6,,
2025-07-26 23:38:58,119.57476,32.190263333333334,8.9,276.9,,
2025-07-26 23:41:00,119.566175,32.19135833333333,8.6,284.4,,
2025-07-26 23:43:30,119.5621,32.19254166666666,8.7,293.1,,
2025-07-26 23:48:31,119.55271333333332,32.20061166666667,8.2,339.2,,
2025-07-26 23:50:31,119.55143333333334,32.205095,8.3,350.1,,
2025-07-26 23:54:33,119.55086833333333,32.214185,8.4,353.0,,
2025-07-26 23:56:33,119.55050666666666,32.218788333333336,8.3,357.5,,
2025-07-26 23:59:33,119.54841333333331,32.225143333333335,7.1,330.4,,
2025-07-27 00:02:35,119.54470833333332,32.22992,8.2,328.5,,
2025-07-27 00:04:35,119.54028166666669,32.234645,10.7,320.6,,
2025-07-27 00:06:36,119.53672166666666,32.23781666666667,2.3,259.7,,
2025-07-27 00:09:37,119.539725,32.23457,4.6,142.9,,
2025-07-27 00:12:37,119.54337333333334,32.23093166666666,6.0,139.2,,
2025-07-27 00:14:38,119.546125,32.228165,7.2,142.8,,
2025-07-27 00:17:39,119.54920666666666,32.221891666666664,9.9,171.5,,
2025-07-27 00:20:40,119.54947666666666,32.21374,10.0,177.7,,
2025-07-27 00:25:11,119.55012166666668,32.203896666666665,3.3,181.1,,
2025-07-27 00:27:12,119.55158,32.199685,9.1,155.4,,
2025-07-27 00:30:43,119.55937666666668,32.19198333333333,10.8,125.8,,
2025-07-27 00:32:44,119.56511666666668,32.18971666666667,8.0,107.9,,
2025-07-27 00:34:45,119.57107666666668,32.188408333333335,11.0,101.7,,
2025-07-27 00:37:16,119.57990166666669,32.18711,10.8,93.6,,
2025-07-27 00:40:17,119.59102666666666,32.187423333333335,11.6,91.1,,
2025-07-27 00:42:18,119.59877666666668,32.18795166666666,11.8,83.0,,
2025-07-27 00:44:18,119.60614333333334,32.1893,10.0,75.4,,
2025-07-27 00:46:19,119.61373,32.190601666666666,11.4,77.8,,
2025-07-27 00:47:19,119.61767833333332,32.191118333333335,12.1,82.8,,
2025-07-27 00:49:21,119.62354833333332,32.19150333333333,6.6,100.4,,
2025-07-27 00:53:21,119.62376,32.19047,0.0,64.5,,
2025-07-27 01:15:00,119.621805,32.19043666666666,1.8,230.8,,
2025-07-27 01:18:02,119.62151333333334,32.190086666666666,0.0,129.6,,
2025-07-27 01:24:04,119.62362,32.192683333333335,7.1,57.3,,
2025-07-27 01:27:36,119.62896833333332,32.19409,6.8,69.4,,
2025-07-27 01:31:07,119.62646666666669,32.19587166666667,5.4,257.5,,
2025-07-27 01:35:38,119.614825,32.19313833333333,8.4,249.5,,
2025-07-27 01:38:40,119.60873333333332,32.19152666666667,7.2,256.1,,
2025-07-27 01:42:11,119.602695,32.19039333333333,7.4,230.0,,
2025-07-27 01:46:43,119.593665,32.188943333333334,5.0,275.0,,
2025-07-27 01:49:44,119.58895,32.18895,5.0,267.1,,
2025-07-27 01:51:45,119.584395,32.18913833333333,7.1,270.7,,
2025-07-27 01:53:45,119.5798,32.189213333333335,8.0,284.8,,
2025-07-27 01:57:47,119.56975833333334,32.19101333333333,6.5,285.0,,
2025-07-27 02:00:18,119.57077333333334,32.188946666666666,13.4,105.9,,
2025-07-27 02:02:48,119.57212666666666,32.19044,5.6,292.2,,
2025-07-27 02:05:50,119.56575833333332,32.19213166666667,6.6,288.2,,
2025-07-27 02:10:22,119.55912833333332,32.195515,4.9,306.1,,
2025-07-27 02:13:53,119.55526,32.19880333333333,5.1,325.0,,
2025-07-27 02:17:24,119.552205,32.20397333333333,6.6,345.9,,
2025-07-27 02:19:54,119.55191666666668,32.20954833333333,9.0,2.8,,
2025-07-27 02:21:55,119.55193833333334,32.215066666666665,12.0,5.0,,
2025-07-27 02:23:26,119.55195666666668,32.22024833333333,12.2,359.3,,
2025-07-27 02:24:26,119.55172666666668,32.22361,12.3,357.0,,
2025-07-27 02:26:26,119.55310166666666,32.22952333333333,11.3,19.2,,
2025-07-27 02:28:27,119.55523,32.23538833333333,10.4,11.2,,
2025-07-27 02:30:27,119.55411166666669,32.23834166666666,3.5,301.9,,
2025-07-27 02:40:00,119.55387833333332,32.23847333333333,0.0,321.6,,
2025-07-27 02:55:34,119.54396333333334,32.23037,15.1,162.5,,
2025-07-27 02:56:35,119.54672333333332,32.226705,14.6,148.2,,
2025-07-27 02:58:05,119.54915333333334,32.220965,14.3,164.4,,
2025-07-27 03:01:37,119.54988,32.210098333333335,12.6,176.6,,
2025-07-27 03:02:37,119.55003333333332,32.206471666666665,13.4,176.5,,
2025-07-27 03:04:07,119.550965,32.200873333333334,13.4,168.8,,
2025-07-27 03:06:38,119.55637833333331,32.19419,10.8,125.0,,
2025-07-27 03:08:39,119.56244666666667,32.19086166666666,11.5,115.7,,
2025-07-27 03:10:39,119.56768666666666,32.18980666666667,4.6,86.4,,
2025-07-27 03:14:10,119.57241666666668,32.189665,3.1,34.4,,
2025-07-27 03:19:12,119.56083833333334,32.195123333333335,9.7,303.3,,
2025-07-27 03:21:13,119.55578333333334,32.198391666666666,9.6,306.6,,
2025-07-27 03:23:43,119.55179166666667,32.20395,9.4,340.9,,
2025-07-27 03:26:44,119.550955,32.21194,9.8,354.2,,
2025-07-27 03:29:15,119.55012333333332,32.21857166666667,10.3,353.8,,
2025-07-27 03:31:46,119.549025,32.225298333333335,9.3,340.2,,
2025-07-27 03:33:47,119.54684,32.22700666666667,7.3,175.0,,
2025-07-27 03:38:48,119.54940166666668,32.2161,7.7,174.3,,
2025-07-27 03:43:20,119.54980666666668,32.20377333333333,12.3,170.8,,
2025-07-27 03:45:20,119.55146833333332,32.20589833333333,11.2,359.9,,
2025-07-27 03:47:51,119.54988333333333,32.21006666666667,6.1,203.6,,
2025-07-27 03:50:22,119.55006666666668,32.20252333333333,9.8,174.8,,
2025-07-27 03:55:23,119.554455,32.198735,11.0,331.9,,
2025-07-27 03:59:25,119.54824833333332,32.20967,11.7,359.5,,
2025-07-27 04:01:26,119.54732666666666,32.220016666666666,13.0,355.3,,
2025-07-27 04:03:25,119.54671166666668,32.223483333333334,12.3,349.2,,
2025-07-27 04:04:25,119.54574,32.226506666666666,11.2,343.7,,
2025-07-27 04:06:27,119.54066833333331,32.23417333333333,9.5,321.9,,
2025-07-27 04:11:57,119.54379333333333,32.230405,12.9,142.8,,
2025-07-27 04:12:57,119.546125,32.22748,12.7,147.0,,
2025-07-27 04:15:28,119.54893333333334,32.22139333333333,8.1,169.6,,
2025-07-27 04:17:28,119.549415,32.21678333333333,8.2,175.4,,
2025-07-27 04:19:29,119.54933833333334,32.210926666666666,10.7,183.1,,
2025-07-27 04:21:29,119.55004,32.20386,13.3,166.3,,
2025-07-27 04:23:30,119.552885,32.199796666666664,3.2,108.7,,
2025-07-27 04:27:02,119.55193166666666,32.202783333333336,3.6,342.4,,
2025-07-27 04:30:02,119.55038,32.207345,6.6,351.5,,
2025-07-27 04:32:33,119.5495,32.20688833333333,9.2,176.3,,
2025-07-27 04:34:35,119.552485,32.197631666666666,11.2,153.0,,
2025-07-27 04:38:04,119.56022166666666,32.192173333333336,12.9,116.2,,
2025-07-27 04:40:05,119.567015,32.189675,10.0,109.1,,
2025-07-27 04:42:05,119.57204666666668,32.188343333333336,8.3,104.5,,
2025-07-27 04:44:06,119.57670666666668,32.188735,5.4,338.5,,
2025-07-27 04:46:07,119.57114666666666,32.18978166666667,8.8,273.2,,
2025-07-27 04:48:38,119.563685,32.189695,9.4,267.4,,
2025-07-27 04:50:38,119.557975,32.190055,6.6,277.6,,
2025-07-27 04:56:42,119.55695666666666,32.19025833333333,0.0,117.4,,
2025-07-27 05:28:20,119.56630666666666,32.189526666666666,10.6,101.3,,
2025-07-27 05:30:21,119.57151166666668,32.188805,5.0,106.1,,
2025-07-27 05:33:22,119.57771333333334,32.18812,10.7,88.1,,
2025-07-27 05:36:23,119.58533,32.18790166666667,7.5,92.0,,
2025-07-27 05:39:24,119.58871,32.18907,4.1,298.0,,
2025-07-27 05:42:55,119.58326833333334,32.189481666666666,5.1,263.2,,
2025-07-27 05:45:26,119.584335,32.189231666666664,7.8,276.5,,
2025-07-27 05:47:57,119.57797,32.18987666666666,7.5,273.8,,
2025-07-27 05:51:28,119.56904166666666,32.19108666666666,7.6,281.5,,
2025-07-27 05:53:29,119.56441166666669,32.19259,7.6,298.2,,
2025-07-27 05:56:30,119.557565,32.19555666666667,7.9,298.2,,
2025-07-27 05:59:31,119.55244333333331,32.20041166666667,8.0,331.8,,
2025-07-27 06:04:04,119.54987,32.210026666666664,1.2,343.0,,
2025-07-27 06:08:04,119.54944833333332,32.204355,11.1,174.2,,
2025-07-27 06:10:04,119.55190166666668,32.19804166666667,12.2,152.1,,
2025-07-27 06:12:05,119.55760166666668,32.19321333333333,11.4,129.7,,
2025-07-27 06:17:37,119.55235166666668,32.202148333333334,9.6,332.4,,
2025-07-27 06:20:08,119.55146,32.20704666666666,8.4,354.1,,
2025-07-27 06:22:11,119.55040666666666,32.21449,9.4,351.3,,
2025-07-27 06:24:40,119.550005,32.21691333333333,6.2,355.5,,
2025-07-27 06:26:41,119.54937,32.22158,6.8,352.7,,
2025-07-27 06:30:13,119.55170333333334,32.227005,9.9,33.1,,
2025-07-27 06:33:13,119.55594,32.23397166666667,9.1,14.1,,
2025-07-27 06:35:14,119.55468833333332,32.23808666666667,5.0,308.9,,
2025-07-27 06:38:17,119.55386,32.23846833333333,0.0,284.2,,
2025-07-27 07:21:26,119.553875,32.238476666666664,0.0,158.4,,
2025-07-27 07:57:33,119.55387833333332,32.23848666666667,0.0,63.1,,
2025-07-27 08:33:38,119.55386666666666,32.23849166666667,0.0,257.8,,
2025-07-27 09:06:43,119.553855,32.23848666666667,0.0,316.9,,
2025-07-27 09:39:51,119.55386833333333,32.238481666666665,0.1,181.1,,
2025-07-27 10:09:58,119.55386666666666,32.23846833333333,0.0,86.7,,
2025-07-27 10:52:06,119.55385666666666,32.23846833333333,0.1,186.4,,
2025-07-27 11:25:10,119.55388666666668,32.23848,0.0,94.6,,
2025-07-27 11:55:15,119.55387166666668,32.23847,0.0,289.5,,
2025-07-27 12:31:25,119.55386333333334,32.238465,0.0,277.8,,
2025-07-27 13:01:35,119.55388666666668,32.23847333333333,0.0,73.2,,
2025-07-27 13:31:42,119.55387833333332,32.23849333333333,0.0,224.2,,
2025-07-27 14:07:52,119.55386166666666,32.23846666666667,0.0,257.2,,
2025-07-27 14:41:03,119.55386333333334,32.238495,0.0,117.0,,
2025-07-27 15:14:12,119.55386666666666,32.23847833333333,0.0,317.1,,
2025-07-27 15:44:21,119.55385166666667,32.23849,0.0,316.7,,
2025-07-27 16:17:32,119.553855,32.238475,0.0,343.6,,
2025-07-27 16:47:41,119.553835,32.238505,0.0,316.0,,
2025-07-27 17:20:52,119.55386,32.238481666666665,0.0,137.7,,
2025-07-27 17:51:03,119.55387,32.23849,0.0,27.2,,
2025-07-27 18:21:13,119.553865,32.238481666666665,0.0,81.5,,
2025-07-27 18:54:23,119.55387,32.238455,0.0,188.5,,
2025-07-27 19:33:33,119.55386,32.238458333333334,0.0,189.7,,
2025-07-27 20:03:41,119.55385833333334,32.238456666666664,0.0,191.8,,
2025-07-27 20:33:50,119.55385833333334,32.238456666666664,0.0,346.0,,
2025-07-27 21:07:00,119.553875,32.238458333333334,0.0,131.5,,
2025-07-27 21:49:14,119.55386333333334,32.238476666666664,0.0,168.4,,
2025-07-27 22:40:31,119.55386666666666,32.23845,0.0,279.9,,
2025-07-27 22:55:37,119.54232666666668,32.23592333333333,13.6,168.3,,
2025-07-27 22:57:08,119.545355,32.23057,14.3,153.2,,
2025-07-27 22:59:08,119.54905333333332,32.22342,13.6,158.7,,
2025-07-27 23:00:09,119.54998,32.21977666666667,13.5,171.9,,
2025-07-27 23:03:10,119.55137333333332,32.216878333333334,9.8,3.7,,
2025-07-27 23:05:41,119.55063,32.223845,9.8,354.3,,
2025-07-27 23:09:13,119.54790833333334,32.22880333333333,7.4,216.7,,
2025-07-27 23:11:44,119.54863166666668,32.22663333333333,2.6,88.4,,
2025-07-27 23:14:15,119.54542666666669,32.22972166666667,6.4,316.4,,
2025-07-27 23:17:16,119.54294833333331,32.23279333333333,3.9,338.9,,
2025-07-27 23:23:49,119.53916833333334,32.23623,5.6,312.4,,
2025-07-27 23:29:21,119.54113166666669,32.23270333333333,3.1,159.6,,
2025-07-27 23:31:22,119.54352333333334,32.22991833333333,7.2,142.7,,
2025-07-27 23:33:22,119.5467,32.226815,8.8,135.3,,
2025-07-27 23:35:23,119.54925333333334,32.221516666666666,11.9,170.3,,
2025-07-27 23:37:23,119.54964166666667,32.215535,7.4,174.7,,
2025-07-27 23:39:24,119.54949833333332,32.209491666666665,13.7,180.1,,
2025-07-27 23:40:55,119.550175,32.203738333333334,13.9,170.7,,
2025-07-27 23:41:55,119.55126333333334,32.199938333333336,13.8,162.7,,
2025-07-27 23:45:57,119.56403,32.19048333333333,11.2,102.3,,
2025-07-27 23:51:29,119.56130166666668,32.19358666666667,6.6,301.6,,
2025-07-27 23:54:30,119.55696666666668,32.19624666666667,5.3,313.0,,
2025-07-27 23:57:32,119.553675,32.19919,4.5,321.4,,
2025-07-28 00:01:03,119.55101666666668,32.20245666666667,3.5,358.3,,
2025-07-28 00:04:04,119.55167,32.205328333333334,4.8,3.5,,
2025-07-28 00:09:36,119.551885,32.21275166666667,4.9,358.6,,
2025-07-28 00:11:37,119.55138333333332,32.21601833333333,6.2,345.0,,
2025-07-28 00:13:37,119.55120833333334,32.219455,6.2,1.7,,
2025-07-28 00:16:38,119.55014833333334,32.22537333333333,7.6,346.0,,
2025-07-28 00:19:10,119.548335,32.22670166666666,12.1,174.5,,
2025-07-28 00:20:10,119.54891333333332,32.22327833333333,12.1,171.5,,
2025-07-28 00:22:41,119.549575,32.21449,13.0,179.5,,
2025-07-28 00:24:11,119.54947333333334,32.208958333333335,13.2,180.2,,
2025-07-28 00:26:42,119.55146166666668,32.199845,13.4,163.9,,
2025-07-28 00:29:13,119.557985,32.192655,13.4,124.2,,
2025-07-28 00:30:43,119.56397166666666,32.19050333333333,13.2,112.7,,
2025-07-28 00:31:43,119.568085,32.189258333333335,13.3,107.8,,
2025-07-28 00:34:14,119.57891666666669,32.188093333333335,13.2,90.3,,
2025-07-28 00:35:15,119.58319833333331,32.18824166666667,11.7,83.6,,
2025-07-28 00:36:46,119.584165,32.18931666666667,5.5,287.9,,
2025-07-28 00:39:17,119.57902666666666,32.189236666666666,6.2,271.3,,
2025-07-28 00:41:18,119.57502666666667,32.189436666666666,6.0,279.5,,
2025-07-28 00:43:19,119.571045,32.18926166666667,5.8,258.3,,
2025-07-28 00:49:51,119.56222,32.19264666666667,6.1,303.7,,
2025-07-28 00:51:52,119.55862166666668,32.19423333333334,6.2,296.3,,
2025-07-28 00:57:24,119.55371333333332,32.198568333333334,4.0,335.6,,
2025-07-28 01:00:25,119.55172166666668,32.201951666666666,4.6,338.0,,
2025-07-28 01:03:56,119.551585,32.206338333333335,4.6,1.0,,
2025-07-28 01:07:58,119.55089666666667,32.21144666666667,4.5,352.6,,
2025-07-28 01:11:29,119.55052,32.21592833333333,4.8,350.4,,
2025-07-28 01:14:30,119.54966833333332,32.219863333333336,5.0,348.0,,
2025-07-28 01:23:34,119.54831666666666,32.225725,0.8,179.8,,
2025-07-28 01:26:36,119.55411,32.23374,12.7,13.6,,
2025-07-28 01:28:36,119.55434666666666,32.238155,5.4,313.3,,
2025-07-28 01:35:38,119.55356166666668,32.23848,0.0,299.5,,
2025-07-28 02:05:49,119.553565,32.238485,0.0,190.6,,
2025-07-28 02:35:58,119.55357166666668,32.238483333333335,0.0,190.6,,
2025-07-28 02:45:31,119.55067,32.232975,9.9,214.9,,
2025-07-28 02:49:33,119.54486833333333,32.233135,5.4,305.6,,
2025-07-28 02:57:06,119.54397833333331,32.23366166666667,1.0,146.5,,
2025-07-28 03:00:07,119.54256833333334,32.234375,1.7,302.8,,
2025-07-28 03:03:09,119.54239333333334,32.23437333333333,1.1,148.5,,
2025-07-28 03:06:11,119.54282166666668,32.234046666666664,0.1,219.2,,
2025-07-28 03:12:13,119.54170833333332,32.23334833333333,6.4,308.7,,
2025-07-28 03:15:13,119.54453833333334,32.23059,8.7,145.0,,
2025-07-28 03:21:15,119.55036166666666,32.216155,6.6,180.5,,
2025-07-28 03:23:16,119.55000833333334,32.20970333333333,12.9,181.9,,
2025-07-28 03:24:16,119.549845,32.20625,11.3,180.3,,
2025-07-28 03:26:17,119.55043333333332,32.200646666666664,9.8,168.6,,
2025-07-28 03:28:17,119.55321833333332,32.19714166666667,5.7,54.1,,
2025-07-28 03:30:18,119.55264333333334,32.200898333333335,7.1,339.5,,
2025-07-28 03:32:18,119.55134833333334,32.204678333333334,7.6,347.0,,
2025-07-28 03:34:19,119.55132,32.20952333333334,9.0,1.7,,
2025-07-28 03:37:20,119.55137833333332,32.21756333333333,9.6,359.5,,
2025-07-28 03:39:51,119.55072166666666,32.224225,9.5,347.6,,
2025-07-28 03:41:52,119.54881833333332,32.229216666666666,9.4,333.3,,
2025-07-28 03:43:53,119.54563333333331,32.233563333333336,9.1,324.5,,
2025-07-28 03:45:53,119.54147833333332,32.23733333333333,9.2,320.0,,
2025-07-28 04:18:02,119.53659666666668,32.23731,8.7,130.4,,
2025-07-28 04:19:02,119.53794,32.236241666666665,4.8,136.9,,
2025-07-28 04:22:03,119.54783833333332,32.23236833333333,14.0,94.9,,
2025-07-28 04:24:04,119.55437166666668,32.235225,8.8,41.2,,
2025-07-28 04:25:35,119.55501666666666,32.237946666666666,5.3,317.6,,
2025-07-28 04:30:05,119.55355166666666,32.238485,0.0,317.2,,
2025-07-28 05:00:13,119.55355666666668,32.23848,0.0,351.4,,
2025-07-28 05:30:20,119.553565,32.23849333333333,0.0,38.7,,
2025-07-28 06:03:29,119.55355166666666,32.238483333333335,0.0,326.0,,
2025-07-28 06:33:37,119.55355,32.23848,0.0,6.4,,
2025-07-28 07:06:47,119.55354833333334,32.238481666666665,0.0,30.5,,
2025-07-28 07:36:56,119.55356166666668,32.23848666666667,0.0,308.5,,
2025-07-28 08:13:07,119.55356166666668,32.238485,0.0,36.8,,
2025-07-28 08:49:18,119.55354666666666,32.2385,0.0,286.7,,
2025-07-28 09:22:29,119.55354666666666,32.238488333333336,0.0,8.6,,
2025-07-28 09:58:38,119.55355,32.2385,0.0,268.6,,
2025-07-28 10:37:50,119.55355333333333,32.238506666666666,0.0,214.9,,
2025-07-28 11:11:03,119.55354833333334,32.238495,0.0,95.0,,
2025-07-28 11:44:12,119.55354833333334,32.23849,0.0,218.7,,
2025-07-28 12:26:23,119.553545,32.23847,0.0,12.0,,
2025-07-28 12:56:31,119.553545,32.23847833333333,0.0,328.1,,
2025-07-28 13:35:43,119.55355166666666,32.238476666666664,0.0,64.5,,
2025-07-28 14:05:51,119.55354666666666,32.23847166666667,0.0,237.2,,
2025-07-28 14:39:02,119.55355,32.23846666666667,0.0,317.7,,
2025-07-28 15:09:12,119.55355,32.23846,0.0,131.8,,
2025-07-28 15:39:21,119.55353666666667,32.238483333333335,0.0,237.6,,
