postTime,lon,lat,sog,cog,heading,rot
2025-07-01 00:01:58,119.25749166666668,32.201451666666664,6.9,127.3,,
2025-07-01 00:04:29,119.26208666666666,32.19856333333333,7.0,127.1,,
2025-07-01 00:06:31,119.267785,32.19525333333333,7.0,122.9,,
2025-07-01 00:09:00,119.27073666666666,32.19383,6.9,116.6,,
2025-07-01 00:11:31,119.27582333333334,32.191988333333335,6.5,111.3,,
2025-07-01 00:16:02,119.28535,32.18973666666667,6.9,101.9,,
2025-07-01 00:18:33,119.29093833333332,32.188885,6.8,97.7,,
2025-07-01 00:20:33,119.29555333333332,32.18872666666667,7.1,88.1,,
2025-07-01 00:23:04,119.30148666666666,32.18903,7.1,87.5,,
2025-07-01 00:25:04,119.30627,32.189095,7.4,90.3,,
2025-07-01 00:27:05,119.31108,32.18913,7.4,90.2,,
2025-07-01 00:29:35,119.317115,32.189173333333336,7.4,90.1,,
2025-07-01 00:34:06,119.32791166666668,32.19010333333333,7.4,80.3,,
2025-07-01 00:36:07,119.33480333333333,32.191498333333335,7.1,73.5,,
2025-07-01 00:38:36,119.33818333333332,32.192395,7.1,72.1,,
2025-07-01 00:42:37,119.34701,32.19529333333333,7.2,65.7,,
2025-07-01 00:44:39,119.35342,32.19784666666666,7.0,61.8,,
2025-07-01 00:48:08,119.35858333333331,32.20019166666667,7.0,59.4,,
2025-07-01 00:52:39,119.36669833333332,32.20550166666666,7.2,41.8,,
2025-07-01 00:56:10,119.37141666666666,32.210296666666665,5.8,39.4,,
2025-07-01 00:59:41,119.37581,32.21489,6.4,37.9,,
2025-07-01 01:02:12,119.37914,32.218665,6.9,35.1,,
2025-07-01 01:04:13,119.38175666666666,32.22186166666667,7.0,36.2,,
2025-07-01 01:07:14,119.38606833333333,32.226486666666666,7.4,40.1,,
2025-07-01 01:10:45,119.39119833333334,32.231923333333334,7.3,37.7,,
2025-07-01 01:13:46,119.39572333333334,32.23657333333333,7.2,41.4,,
2025-07-01 03:03:29,119.534785,32.239536666666666,8.3,131.1,,
2025-07-01 03:05:29,119.53865666666668,32.236435,8.0,135.7,,
2025-07-01 03:08:00,119.5431,32.232315,8.0,137.7,,
2025-07-01 03:10:29,119.54551333333332,32.229751666666665,7.7,141.8,,
2025-07-01 03:13:30,119.54871666666666,32.22408166666666,7.5,164.7,,
2025-07-01 03:16:01,119.54957666666668,32.21901666666667,7.2,177.5,,
2025-07-01 03:19:34,119.54965833333333,32.21116333333333,6.3,184.4,,
2025-07-01 03:22:34,119.54928666666666,32.20751333333333,6.9,183.3,,
2025-07-01 03:25:05,119.5498,32.20287666666667,6.5,168.9,,
2025-07-01 03:27:36,119.55158,32.19849333333333,6.5,153.2,,
2025-07-01 03:32:08,119.55814833333334,32.19240833333333,7.3,118.5,,
2025-07-01 03:35:09,119.56569333333331,32.189888333333336,8.7,105.1,,
2025-07-01 03:38:10,119.57436,32.18819166666667,9.2,101.4,,
2025-07-01 03:41:04,119.582785,32.187555,8.4,89.9,,
2025-07-01 03:43:35,119.58948833333334,32.18727333333333,7.5,99.5,,
2025-07-01 03:47:37,119.59938,32.187376666666665,7.1,82.6,,
2025-07-01 03:50:27,119.60539666666666,32.188446666666664,6.4,74.4,,
2025-07-01 03:53:39,119.61203833333332,32.190061666666665,6.8,74.5,,
2025-07-01 03:55:39,119.61652,32.19108,7.0,77.0,,
2025-07-01 03:58:10,119.62234166666669,32.19209333333333,7.2,80.3,,
2025-07-01 04:01:42,119.628575,32.192065,3.1,99.9,,
2025-07-01 04:11:46,119.62771666666669,32.19069833333333,0.0,263.7,,
2025-07-01 04:57:08,119.62759166666666,32.1907,0.0,261.5,,
2025-07-01 05:33:27,119.62758166666669,32.19069666666667,0.0,261.5,,
2025-07-01 06:03:42,119.62757,32.19069833333333,0.0,261.5,,
2025-07-01 06:37:00,119.62757,32.19069,0.0,261.5,,
2025-07-01 07:07:14,119.627565,32.190691666666666,0.0,261.5,,
2025-07-01 07:37:28,119.62851666666668,32.19081166666667,0.0,106.9,,
2025-07-01 08:09:41,119.62856166666668,32.19081333333333,0.0,106.9,,
2025-07-01 08:45:57,119.62857,32.190826666666666,0.0,106.9,,
2025-07-01 09:31:15,119.62854166666666,32.19083,0.0,106.9,,
2025-07-01 10:01:28,119.628545,32.19084,0.0,281.2,,
2025-07-01 10:35:41,119.62856666666669,32.19081166666667,0.0,123.2,,
2025-07-01 11:08:54,119.62853166666666,32.190841666666664,0.0,123.2,,
2025-07-01 11:39:01,119.62853166666666,32.19085666666667,0.0,16.0,,
2025-07-01 12:12:07,119.62853166666666,32.19083,0.0,16.0,,
2025-07-01 12:45:13,119.62861166666669,32.190803333333335,0.0,108.5,,
2025-07-01 13:27:21,119.62856166666668,32.1908,0.0,108.5,,
2025-07-01 13:57:26,119.62859833333331,32.190826666666666,0.0,79.0,,
2025-07-01 14:30:33,119.62854833333331,32.190825,0.0,79.0,,
2025-07-01 15:21:44,119.62856166666668,32.19081333333333,0.0,295.6,,
2025-07-01 15:57:50,119.62856166666668,32.190821666666665,0.0,295.6,,
2025-07-01 17:07:02,119.62857,32.190815,0.0,295.6,,
2025-07-01 17:39:30,119.62750833333334,32.191903333333336,3.2,312.6,,
2025-07-01 17:44:08,119.62475666666668,32.19506,3.1,301.1,,
2025-07-01 17:50:09,119.61787666666666,32.19372166666667,3.9,253.2,,
2025-07-01 17:59:41,119.60684166666668,32.19246833333333,3.4,265.5,,
2025-07-01 18:06:13,119.59877,32.19128333333333,4.2,267.3,,
2025-07-01 18:09:14,119.59506833333332,32.191405,3.6,272.7,,
2025-07-01 18:15:15,119.58769666666667,32.191221666666664,3.8,260.4,,
2025-07-01 18:18:46,119.58337166666666,32.19085833333333,3.8,272.6,,
2025-07-01 18:23:47,119.57709666666666,32.19097166666667,3.6,277.8,,
2025-07-01 18:27:49,119.57152166666668,32.19203,3.4,285.5,,
2025-07-01 18:35:51,119.56238166666668,32.193261666666665,3.7,302.7,,
2025-07-01 18:39:50,119.559365,32.19530666666667,4.1,300.1,,
2025-07-01 18:43:51,119.55497666666666,32.197761666666665,3.6,308.9,,
2025-07-01 18:47:23,119.55315333333331,32.202088333333336,3.4,327.6,,
2025-07-01 18:50:52,119.552215,32.204205,3.0,356.6,,
2025-07-01 18:54:23,119.55209166666668,32.20755333333334,3.7,353.8,,
2025-07-01 18:59:53,119.55190166666668,32.213585,4.1,357.2,,
2025-07-01 19:03:24,119.55180166666666,32.21752333333333,3.9,358.8,,
2025-07-01 19:08:25,119.551265,32.222923333333334,4.0,358.4,,
2025-07-01 19:11:55,119.55153666666666,32.22680833333333,4.0,7.7,,
2025-07-01 19:17:26,119.55154666666668,32.233155,2.8,333.2,,
2025-07-01 19:20:27,119.54928666666666,32.234813333333335,3.7,311.5,,
2025-07-01 19:23:58,119.54572,32.23729,4.0,303.4,,
2025-07-02 03:36:40,119.393635,32.23890166666666,4.8,220.5,,
2025-07-02 03:40:00,119.39016166666669,32.23540833333333,5.0,217.1,,
2025-07-02 03:43:31,119.38715166666668,32.231186666666666,5.1,210.5,,
2025-07-02 03:48:04,119.38199833333331,32.225161666666665,4.6,212.5,,
2025-07-02 03:52:03,119.37889,32.222001666666664,5.1,225.1,,
2025-07-02 03:55:04,119.37550666666668,32.218851666666666,5.1,221.6,,
2025-07-02 03:58:06,119.37195833333334,32.21573166666667,5.1,223.8,,
2025-07-02 04:02:07,119.36810333333334,32.211315,4.6,211.8,,
2025-07-02 04:05:08,119.36513833333332,32.208465,4.2,234.1,,
2025-07-02 04:08:09,119.36152333333334,32.206426666666665,4.4,234.6,,
2025-07-02 04:11:41,119.35706333333331,32.204095,4.7,238.6,,
2025-07-02 04:14:41,119.35300666666669,32.20225166666667,4.9,240.8,,
2025-07-02 04:17:43,119.34895666666668,32.20061833333333,4.2,243.3,,
2025-07-02 04:21:44,119.34356666666666,32.19866833333333,4.5,253.5,,
2025-07-02 04:24:44,119.33963,32.19748666666667,4.1,250.0,,
2025-07-02 04:28:16,119.33494833333332,32.19651,4.2,254.9,,
2025-07-02 04:31:17,119.33077833333331,32.19562666666667,4.3,258.7,,
2025-07-02 04:34:47,119.32590666666668,32.19498333333333,4.2,263.5,,
2025-07-02 04:38:18,119.32115333333331,32.19429,4.2,261.3,,
2025-07-02 04:41:19,119.31685666666668,32.193841666666664,4.3,257.0,,
2025-07-02 04:44:21,119.31260666666668,32.193415,4.2,264.1,,
2025-07-02 04:47:22,119.30831833333332,32.19304666666667,4.5,266.1,,
2025-07-02 04:50:24,119.304015,32.19285166666667,4.3,269.3,,
2025-07-02 04:54:26,119.29854166666668,32.192661666666666,3.9,273.7,,
2025-07-02 04:57:57,119.29396666666666,32.19323333333333,4.1,277.5,,
2025-07-02 05:01:29,119.28905,32.19396,4.4,281.3,,
2025-07-02 05:05:01,119.28426,32.194743333333335,4.1,288.5,,
2025-07-02 05:09:02,119.279115,32.19640166666667,4.2,293.5,,
2025-07-02 05:12:03,119.27533666666666,32.197536666666664,4.1,292.9,,
2025-07-02 05:15:35,119.27099166666666,32.19887166666667,4.0,292.8,,
2025-07-02 05:19:06,119.26729333333331,32.201013333333336,3.7,301.8,,
2025-07-02 05:22:08,119.26409333333334,32.20269166666667,3.7,304.5,,
2025-07-02 05:25:39,119.26026666666668,32.20457666666667,3.8,300.4,,
2025-07-02 05:28:40,119.25714,32.20632,3.7,300.8,,
2025-07-02 05:33:12,119.252455,32.20887333333334,3.8,304.6,,
2025-07-02 05:36:13,119.24943,32.21067333333333,3.9,310.3,,
2025-07-02 05:39:14,119.24626,32.212468333333334,4.2,299.0,,
2025-07-02 05:43:15,119.24145166666666,32.21516666666667,4.5,305.7,,
2025-07-02 05:46:16,119.23771333333332,32.217391666666664,4.6,308.0,,
2025-07-02 05:49:17,119.23417166666668,32.21988833333333,4.4,309.8,,
2025-07-02 05:53:48,119.22935666666666,32.22392833333333,4.4,316.3,,
2025-07-02 05:57:50,119.225155,32.22742,4.4,315.1,,
2025-07-02 06:00:51,119.22175166666666,32.229123333333334,4.0,290.5,,
2025-07-02 06:03:51,119.21802833333334,32.23009833333333,4.0,284.5,,
2025-07-02 06:07:22,119.21383666666668,32.23144666666666,3.8,298.2,,
2025-07-02 06:10:23,119.210545,32.23280333333334,3.6,294.7,,
2025-07-02 06:13:24,119.20729,32.234048333333334,3.6,297.4,,
2025-07-02 06:16:55,119.20353333333334,32.235661666666665,3.8,294.1,,
2025-07-02 06:19:55,119.20006333333332,32.236825,3.6,289.3,,
2025-07-02 06:22:57,119.196635,32.23795666666667,3.6,295.3,,
2025-07-02 06:25:57,119.19329,32.238978333333336,3.5,283.4,,
2025-07-02 06:28:58,119.18988,32.23984,3.6,291.9,,
2025-07-02 08:19:27,119.07491833333331,32.238975,2.9,231.6,,
2025-07-02 08:22:27,119.07273333333332,32.23708333333333,3.3,225.1,,
2025-07-02 08:25:29,119.07034666666668,32.23555833333333,2.6,233.6,,
2025-07-02 08:29:29,119.06845666666666,32.233925,1.9,227.6,,
2025-07-02 08:32:30,119.06697333333334,32.23278833333333,2.6,224.7,,
2025-07-02 08:35:31,119.06505333333334,32.231053333333335,2.8,225.3,,
2025-07-02 08:39:02,119.06307833333334,32.22931166666667,2.4,220.7,,
2025-07-02 08:43:33,119.06136833333332,32.227246666666666,2.2,210.8,,
2025-07-02 08:47:05,119.06017,32.225921666666665,1.3,220.7,,
2025-07-02 08:50:06,119.059295,32.225271666666664,1.1,228.0,,
2025-07-02 08:53:07,119.05935333333332,32.22542,0.2,65.5,,
2025-07-02 09:25:18,119.059395,32.22544666666667,0.0,62.9,,
2025-07-02 09:55:28,119.05938833333332,32.22544166666667,0.0,62.9,,
2025-07-02 10:25:37,119.05940666666666,32.225431666666665,0.0,62.9,,
2025-07-02 10:55:46,119.05940166666667,32.225415,0.0,62.9,,
2025-07-02 11:25:56,119.05942166666668,32.22542333333333,0.0,62.9,,
2025-07-02 11:56:07,119.05940666666666,32.22544833333333,0.0,62.9,,
2025-07-02 12:26:15,119.05939166666668,32.22543666666667,0.0,62.9,,
2025-07-02 12:56:25,119.059395,32.225435,0.0,62.9,,
2025-07-02 13:26:36,119.059395,32.22544,0.0,62.9,,
2025-07-02 13:56:47,119.05941333333334,32.22544166666667,0.0,62.9,,
2025-07-02 14:26:59,119.05941166666666,32.22544166666667,0.0,62.9,,
2025-07-02 14:59:55,119.05941333333334,32.225435,0.0,62.9,,
2025-07-02 15:32:15,119.05941166666666,32.225433333333335,0.0,62.9,,
2025-07-02 16:02:57,119.059365,32.22546666666667,0.0,62.9,,
2025-07-02 16:33:07,119.05933333333331,32.225471666666664,0.0,62.9,,
2025-07-02 17:03:16,119.059345,32.22546166666667,0.0,62.9,,
2025-07-02 17:21:23,119.06045,32.224865,0.7,129.6,,
2025-07-02 17:24:23,119.06090666666668,32.2245,0.1,134.3,,
2025-07-02 17:27:24,119.06033,32.22281,3.5,202.5,,
2025-07-02 17:30:25,119.058645,32.219615,4.6,206.1,,
2025-07-02 17:33:56,119.05638333333332,32.21551,4.6,210.1,,
2025-07-02 17:37:27,119.05339166666668,32.212035,4.2,217.9,,
2025-07-02 17:40:28,119.05126166666666,32.20907666666667,4.4,203.6,,
2025-07-02 17:43:29,119.05056833333332,32.20524666666667,5.0,178.1,,
2025-07-02 17:46:59,119.04985833333332,32.201388333333334,3.0,212.9,,
2025-07-02 17:52:31,119.04841666666668,32.199308333333335,1.2,212.2,,
2025-07-02 17:55:32,119.04824166666668,32.199125,0.0,217.9,,
2025-07-02 18:25:40,119.04808833333334,32.19902666666667,0.0,234.7,,
2025-07-02 18:55:49,119.04810333333332,32.199023333333336,0.0,0.4,,
2025-07-02 19:25:59,119.04810166666668,32.19896833333333,0.1,163.0,,
2025-07-02 19:59:10,119.04813333333334,32.198978333333336,0.0,148.4,,
2025-07-02 20:32:17,119.04808666666666,32.19899,0.0,121.7,,
2025-07-02 21:02:26,119.04808666666666,32.19900166666667,0.0,121.7,,
2025-07-02 21:32:37,119.04809,32.199011666666664,0.0,121.7,,
2025-07-02 22:02:47,119.04807166666669,32.19905,0.0,356.9,,
2025-07-02 22:32:57,119.048055,32.19901,0.0,356.9,,
2025-07-02 23:00:07,119.04810666666668,32.20126333333333,4.2,32.6,,
2025-07-02 23:02:08,119.05079333333332,32.203925,7.9,43.9,,
2025-07-02 23:04:08,119.05502166666666,32.20757833333333,10.1,41.1,,
2025-07-02 23:06:09,119.058855,32.21213,10.1,31.6,,
2025-07-02 23:08:10,119.06215666666668,32.21706666666667,10.1,29.2,,
2025-07-02 23:10:10,119.06511166666668,32.22201333333334,9.7,27.3,,
2025-07-02 23:12:11,119.06828666666668,32.226565,9.3,34.0,,
2025-07-02 23:14:12,119.07181333333334,32.230716666666666,9.1,36.4,,
2025-07-02 23:16:12,119.07557166666666,32.23465,9.0,41.7,,
2025-07-02 23:18:13,119.07991166666666,32.238155,9.3,51.6,,
2025-07-02 23:50:54,119.18093833333332,32.23915,9.0,107.5,,
2025-07-02 23:52:54,119.18648666666668,32.237471666666664,8.9,111.0,,
2025-07-02 23:54:55,119.19195333333332,32.235681666666665,8.9,109.5,,
2025-07-02 23:56:55,119.19732833333332,32.233975,8.7,111.8,,
2025-07-02 23:58:56,119.20266,32.23207166666667,8.7,116.2,,
2025-07-03 00:00:57,119.20791,32.229971666666664,8.8,115.6,,
2025-07-03 00:02:57,119.21328,32.22793,8.9,113.4,,
2025-07-03 00:04:58,119.21849166666668,32.225741666666664,8.8,117.1,,
2025-07-03 00:07:28,119.22478333333332,32.22279,8.8,120.2,,
2025-07-03 00:09:29,119.22908666666666,32.22040666666667,7.3,125.9,,
2025-07-03 00:12:29,119.23506833333332,32.21639,8.1,128.7,,
2025-07-03 00:15:01,119.24049333333332,32.212898333333335,8.3,124.6,,
2025-07-03 00:17:01,119.24498,32.210163333333334,8.6,126.7,,
2025-07-03 00:19:31,119.25050166666666,32.20667,8.3,127.2,,
2025-07-03 00:21:32,119.25484666666668,32.20390666666667,8.3,126.6,,
2025-07-03 00:23:33,119.259165,32.201193333333336,8.2,125.0,,
2025-07-03 00:25:33,119.26366666666668,32.19856,8.3,124.6,,
2025-07-03 00:28:34,119.270585,32.194763333333334,8.2,118.3,,
2025-07-03 00:30:35,119.27549166666668,32.19284833333333,8.4,113.8,,
2025-07-03 00:32:36,119.28066,32.19108666666666,8.7,106.1,,
2025-07-03 00:44:09,119.31267333333334,32.189231666666664,8.7,85.6,,
2025-07-03 00:47:40,119.322795,32.19005333333333,8.8,83.8,,
2025-07-03 00:50:11,119.32985,32.1909,8.6,80.0,,
2025-07-03 00:53:42,119.339585,32.19269166666667,8.6,74.7,,
2025-07-03 00:55:43,119.344925,32.19421666666667,8.9,68.0,,
2025-07-03 00:58:44,119.35282333333332,32.19701333333333,8.7,63.9,,
2025-07-03 01:00:44,119.35777333333333,32.19928,8.5,58.3,,
2025-07-03 01:02:44,119.36248666666668,32.20193833333333,8.6,53.0,,
2025-07-03 01:05:15,119.36769833333334,32.205855,8.6,42.5,,
2025-07-03 01:07:15,119.37124,32.20961333333333,8.8,37.3,,
2025-07-03 01:09:15,119.37496833333331,32.21353,9.0,41.6,,
2025-07-03 01:11:15,119.37878833333332,32.21727166666667,8.9,39.4,,
2025-07-03 01:13:46,119.38346166666666,32.22201,9.0,38.5,,
2025-07-03 01:17:47,119.39048,32.22985166666667,8.8,37.9,,
2025-07-03 01:19:47,119.39403833333331,32.233785,8.9,37.5,,
2025-07-03 01:21:47,119.39777833333332,32.23773,9.4,38.7,,
2025-07-03 07:06:43,119.53662333333334,32.238481666666665,8.6,129.6,,
2025-07-03 07:08:43,119.54043666666666,32.23533666666667,7.8,137.5,,
2025-07-03 07:11:44,119.54512333333334,32.230595,6.6,145.4,,
2025-07-03 07:14:14,119.54764166666666,32.22683833333333,5.9,159.2,,
2025-07-03 07:16:15,119.54888333333334,32.223455,6.7,166.4,,
2025-07-03 07:18:16,119.54939333333331,32.219878333333334,6.4,178.0,,
2025-07-03 07:20:17,119.54954666666669,32.216231666666665,6.4,181.1,,
2025-07-03 07:22:18,119.54965833333333,32.212633333333336,6.6,183.0,,
2025-07-03 07:25:19,119.54962,32.20695333333333,6.7,175.3,,
2025-07-03 07:27:50,119.550565,32.20202,7.1,166.6,,
2025-07-03 07:29:51,119.551975,32.198095,7.2,154.6,,
2025-07-03 07:32:21,119.555205,32.19424333333333,7.0,137.4,,
2025-07-03 07:34:52,119.55991,32.19153333333333,6.8,114.6,,
2025-07-03 07:38:24,119.56813,32.18931666666667,7.8,104.4,,
2025-07-03 07:40:25,119.57334166666666,32.18815,8.3,104.3,,
2025-07-03 07:43:26,119.58129,32.18700833333333,8.1,95.7,,
2025-07-03 07:45:27,119.58659166666666,32.186796666666666,7.8,91.7,,
2025-07-03 07:47:28,119.591775,32.186771666666665,7.7,88.9,,
2025-07-03 07:51:00,119.60045666666667,32.18776833333333,7.8,76.9,,
2025-07-03 07:55:32,119.61201833333334,32.19043166666667,8.2,76.0,,
2025-07-03 07:58:34,119.61980333333334,32.192033333333335,7.9,78.4,,
2025-07-03 08:00:34,119.62501833333332,32.19283,8.2,80.0,,
2025-07-03 08:02:35,119.630325,32.193705,8.3,78.1,,
2025-07-03 08:04:37,119.63572833333332,32.19498166666666,8.7,74.3,,
2025-07-03 08:07:07,119.64243666666668,32.19683333333333,8.8,70.7,,
2025-07-03 08:10:38,119.65161166666668,32.19998833333333,8.4,64.3,,
2025-07-03 08:12:38,119.656535,32.20224,8.7,56.6,,
2025-07-03 08:14:40,119.66112333333334,32.20487166666667,8.2,52.2,,
2025-07-03 08:16:40,119.66474333333332,32.207985,7.5,33.6,,
2025-07-03 08:19:11,119.667785,32.212936666666664,8.7,28.0,,
2025-07-03 08:21:13,119.67073833333332,32.21720833333333,8.7,33.8,,
2025-07-03 08:23:14,119.67402666666666,32.221305,9.0,33.2,,
2025-07-03 08:25:15,119.67670166666667,32.225566666666666,8.7,22.9,,
2025-07-03 08:27:15,119.678535,32.23012333333333,8.7,17.0,,
2025-07-03 08:29:16,119.68022166666668,32.234905,8.8,16.6,,
2025-07-03 08:31:16,119.68205166666668,32.23970333333333,9.1,18.6,,
2025-07-03 10:23:54,119.87324333333332,32.23837666666667,7.9,167.4,,
2025-07-03 10:25:54,119.87442666666666,32.23405666666667,8.0,165.6,,
2025-07-03 10:27:55,119.87551166666668,32.22969,7.8,169.9,,
2025-07-03 10:30:56,119.87709166666669,32.223128333333335,7.7,169.9,,
2025-07-03 10:32:57,119.87816666666669,32.218651666666666,8.2,168.6,,
2025-07-03 10:35:58,119.87977833333332,32.21192833333333,8.1,169.0,,
2025-07-03 10:37:58,119.88063333333334,32.207393333333336,8.2,172.2,,
2025-07-03 10:39:59,119.88104666666666,32.20511833333333,8.5,169.7,,
2025-07-03 10:43:30,119.88301833333334,32.194691666666664,8.4,172.0,,
2025-07-03 10:45:30,119.883815,32.190063333333335,8.7,173.0,,
2025-07-03 10:48:01,119.88404833333334,32.18883833333334,8.5,170.9,,
2025-07-03 10:50:02,119.88541166666668,32.17935166666667,8.7,174.5,,
2025-07-03 10:52:02,119.88541166666668,32.17935166666667,8.7,174.5,,
2025-07-03 10:55:02,119.88727166666666,32.167365,8.9,171.3,,
2025-07-03 10:57:02,119.88727166666666,32.167365,8.9,171.3,,
2025-07-03 10:59:03,119.88887166666666,32.157833333333336,8.4,169.6,,
2025-07-03 11:01:34,119.89041,32.152046666666664,8.2,165.0,,
2025-07-03 11:04:35,119.891975,32.147443333333335,8.5,163.9,,
2025-07-03 11:07:05,119.894895,32.13962333333333,8.4,161.8,,
2025-07-03 11:09:05,119.894895,32.13962333333333,8.4,161.8,,
2025-07-03 11:11:06,119.89752666666666,32.13309666666667,8.1,158.1,,
2025-07-03 11:13:07,119.89931666666666,32.12875,8.3,161.1,,
2025-07-03 11:15:37,119.90243333333332,32.12121166666667,8.3,163.1,,
2025-07-03 11:17:37,119.90390666666669,32.11678,8.2,163.6,,
2025-07-03 11:20:38,119.90532,32.112381666666664,8.2,163.3,,
2025-07-03 11:22:39,119.90730666666668,32.10582,7.8,166.5,,
2025-07-03 11:24:39,119.908725,32.10156,7.9,165.8,,
2025-07-03 11:26:40,119.91016,32.09731166666667,8.0,163.5,,
2025-07-03 11:29:11,119.91210833333334,32.09202333333333,8.6,161.2,,
2025-07-03 11:32:12,119.91514166666668,32.08584166666667,8.3,156.5,,
2025-07-03 11:34:13,119.91741833333332,32.08164,8.4,155.9,,
2025-07-03 11:36:13,119.91979666666668,32.077398333333335,8.4,156.1,,
2025-07-03 11:38:14,119.92220666666668,32.073166666666665,8.4,151.5,,
2025-07-03 11:40:15,119.92481833333332,32.068925,8.5,154.2,,
2025-07-03 11:42:46,119.92751833333334,32.06346,8.6,159.0,,
2025-07-03 11:44:46,119.92954,32.05905,8.5,157.2,,
2025-07-03 11:49:18,119.934745,32.04933166666667,8.4,156.0,,
2025-07-03 11:51:48,119.93773,32.044065,8.3,156.9,,
2025-07-03 11:53:49,119.94013333333334,32.039806666666664,8.3,154.9,,
2025-07-03 11:56:20,119.94315333333331,32.034553333333335,8.3,154.3,,
2025-07-03 11:58:20,119.94557833333332,32.03044,8.1,152.3,,
2025-07-03 12:00:50,119.948725,32.02551833333333,7.8,150.4,,
2025-07-03 12:02:50,119.951305,32.02173333333333,7.8,148.9,,
2025-07-03 12:05:21,119.95488666666668,32.01724,7.6,144.0,,
2025-07-03 12:08:22,119.95993166666666,32.01262666666667,7.6,133.6,,
2025-07-03 12:11:23,119.96539,32.008388333333336,7.7,131.2,,
2025-07-03 12:14:24,119.97138,32.00415,8.5,129.3,,
2025-07-03 12:16:25,119.97600833333334,32.00118333333333,9.1,125.2,,
2025-07-03 12:18:25,119.98069666666666,31.998045,9.4,131.5,,
2025-07-03 12:20:26,119.98456333333333,31.99442833333333,8.3,137.0,,
2025-07-03 12:22:27,119.9882,31.991028333333333,8.1,138.1,,
2025-07-03 12:24:27,119.991605,31.987593333333333,8.0,142.2,,
2025-07-03 12:26:28,119.99484166666667,31.984186666666663,7.6,140.0,,
2025-07-03 12:28:29,119.99827,31.981155,7.4,132.8,,
2025-07-03 12:30:31,120.00381166666666,31.977361666666667,7.3,125.5,,
2025-07-03 12:33:00,120.00673166666668,31.975676666666665,7.2,124.2,,
2025-07-03 12:35:02,120.01076333333332,31.973496666666662,7.1,122.5,,
2025-07-03 12:37:02,120.01497166666668,31.97151833333333,7.5,117.6,,
2025-07-03 12:39:02,120.01929666666666,31.969595,7.2,117.4,,
2025-07-03 12:41:33,120.02493833333334,31.967456666666667,7.5,112.5,,
2025-07-03 12:44:04,120.03076166666666,31.965506666666663,7.6,111.1,,
2025-07-03 12:47:35,120.03891166666666,31.963136666666667,7.7,107.2,,
2025-07-03 12:49:37,120.04585,31.961265,7.4,107.7,,
2025-07-03 12:52:06,120.0493,31.96043,7.3,106.0,,
2025-07-03 12:54:07,120.05389666666666,31.959306666666667,7.5,106.8,,
2025-07-03 12:57:38,120.061925,31.957283333333333,7.2,108.0,,
2025-07-03 13:00:09,120.06758,31.955671666666667,7.1,109.4,,
2025-07-03 13:04:10,120.07647,31.952985,7.1,110.1,,
2025-07-03 13:08:12,120.08513833333332,31.95043666666667,6.9,107.8,,
2025-07-03 13:10:13,120.08936166666666,31.949305,6.7,108.2,,
2025-07-03 13:12:14,120.09339666666666,31.94814333333333,6.2,107.7,,
2025-07-03 13:15:16,120.09924833333334,31.94655,6.4,106.8,,
2025-07-03 13:18:47,120.10613833333332,31.944685,6.3,107.9,,
2025-07-03 13:24:19,120.11716333333334,31.941911666666662,6.5,106.3,,
2025-07-03 13:26:51,120.12246333333331,31.94055833333333,6.9,107.0,,
2025-07-03 13:28:52,120.12673166666669,31.93936,6.8,108.8,,
2025-07-03 13:36:56,120.14423166666668,31.93566333333333,6.7,100.9,,
2025-07-03 13:40:28,120.15200166666666,31.934175,6.8,104.0,,
2025-07-03 13:43:01,120.15965666666666,31.93281333333333,6.9,100.1,,
2025-07-03 13:50:34,120.17431166666668,31.930831666666663,6.9,99.6,,
2025-07-03 13:53:35,120.18103333333332,31.92998,6.8,94.8,,
2025-07-03 13:55:36,120.18566666666666,31.92967833333333,6.8,96.3,,
2025-07-03 14:02:40,120.201285,31.928935,6.7,91.5,,
2025-07-03 14:08:13,120.21359833333334,31.928851666666667,6.8,86.2,,
2025-07-03 14:12:16,120.22484166666666,31.929815,6.8,81.6,,
2025-07-03 14:14:45,120.228195,31.930225,6.9,81.8,,
2025-07-03 14:21:48,120.24373833333334,31.933668333333333,6.9,73.5,,
2025-07-03 14:25:49,120.25272,31.936075,7.3,68.4,,
2025-07-03 14:28:20,120.25818333333332,31.938316666666665,7.4,63.3,,
2025-07-03 14:30:53,120.26556666666669,31.942055,7.4,59.1,,
2025-07-03 14:36:23,120.27499,31.946491666666667,7.4,63.6,,
2025-07-03 14:39:24,120.28161833333333,31.94909833333333,7.1,69.5,,
2025-07-03 14:41:26,120.28846,31.951055,7.4,70.8,,
2025-07-03 14:43:55,120.29181666666666,31.95214,7.8,69.3,,
2025-07-03 14:45:56,120.29629166666666,31.953761666666665,7.4,67.3,,
2025-07-03 14:48:57,120.302975,31.95637333333333,7.2,61.9,,
2025-07-03 14:51:58,120.30958,31.959071666666667,7.5,68.8,,
2025-07-03 14:55:30,120.31739833333332,31.96202333333333,7.4,61.3,,
2025-07-03 15:01:01,120.32747333333332,31.96938833333333,7.3,41.6,,
2025-07-03 15:03:32,120.33187666666667,31.97294,7.5,49.3,,
2025-07-03 15:06:33,120.33751666666667,31.97699,7.3,52.5,,
2025-07-03 15:09:35,120.34364166666668,31.980406666666667,7.5,57.3,,
2025-07-03 15:12:06,120.34857833333334,31.983521666666668,7.4,53.1,,
2025-07-03 15:14:37,120.35333166666666,31.98676,7.6,48.9,,
2025-07-03 15:17:38,120.35875,31.990885,7.2,49.1,,
2025-07-03 15:19:39,120.36260333333334,31.99330833333333,7.2,56.0,,
2025-07-03 15:23:11,120.36982833333332,31.996645,7.3,65.4,,
2025-07-03 15:25:12,120.374,31.998518333333333,7.3,57.9,,
2025-07-03 15:27:13,120.37786,32.00076833333333,7.1,52.3,,
2025-07-03 15:29:44,120.382535,32.00377833333334,7.1,53.2,,
2025-07-03 15:31:45,120.38629333333331,32.006055,7.0,55.1,,
2025-07-03 15:33:45,120.39005833333331,32.00830166666667,7.0,55.3,,
2025-07-03 15:35:46,120.39386666666668,32.01044666666667,7.1,58.0,,
2025-07-03 15:37:47,120.397735,32.01249,6.9,56.2,,
2025-07-03 15:39:50,120.40353333333331,32.01571333333333,7.2,59.1,,
2025-07-03 15:42:49,120.40744333333332,32.017626666666665,6.8,61.1,,
2025-07-03 15:44:50,120.41163,32.01929666666667,7.2,66.6,,
2025-07-03 15:48:21,120.41911666666668,32.02167,7.5,72.8,,
2025-07-03 15:51:23,120.42557333333332,32.023761666666665,7.0,69.0,,
2025-07-03 15:54:24,120.43215666666669,32.02581833333333,7.4,70.7,,
2025-07-03 15:56:26,120.438755,32.02787,7.2,68.6,,
2025-07-03 16:00:26,120.44538833333333,32.02994666666667,7.3,72.3,,
2025-07-03 16:02:26,120.44978333333331,32.03113333333334,7.1,72.1,,
2025-07-03 16:05:57,120.45758166666668,32.0325,6.9,84.5,,
2025-07-03 16:07:57,120.46207,32.03305666666667,7.0,80.1,,
2025-07-03 16:09:58,120.46642833333334,32.03379666666667,6.9,81.6,,
2025-07-03 16:11:58,120.47092333333332,32.03409166666667,7.0,88.4,,
2025-07-03 16:13:59,120.47543166666668,32.033955,7.0,93.9,,
2025-07-03 16:16:00,120.48013,32.033683333333336,7.0,94.6,,
2025-07-03 16:18:01,120.484745,32.033233333333335,6.7,98.4,,
2025-07-03 16:20:32,120.49044333333332,32.032576666666664,6.8,98.3,,
2025-07-03 16:22:33,120.49499166666666,32.03190333333333,6.9,101.8,,
2025-07-03 16:24:35,120.49946333333334,32.03131666666667,7.1,98.7,,
2025-07-03 16:37:11,120.526315,32.022841666666665,7.3,114.6,,
2025-07-03 16:41:44,120.53599833333334,32.01909833333333,7.2,113.0,,
2025-07-03 16:47:46,120.54881,32.014555,6.9,112.9,,
2025-07-03 16:52:18,120.55805,32.011163333333336,6.6,112.4,,
2025-07-03 16:57:20,120.56825166666668,32.00727666666667,6.7,114.7,,
2025-07-03 17:02:52,120.57922,32.003188333333334,6.6,111.2,,
2025-07-03 17:07:54,120.58953166666667,32.00006166666667,6.7,106.8,,
2025-07-03 17:15:57,120.60698,31.995835,7.1,104.5,,
2025-07-03 17:23:30,120.62449833333334,31.9943,7.6,94.5,,
2025-07-03 17:26:32,120.63186833333332,31.9944,7.4,89.2,,
2025-07-03 17:34:05,120.65092166666666,31.99497833333333,7.8,83.2,,
2025-07-03 17:49:13,120.69250333333332,32.001045,9.3,78.4,,
2025-07-03 17:51:13,120.698595,32.00192,9.3,82.4,,
2025-07-03 17:53:44,120.70615833333332,32.002555,8.9,85.8,,
2025-07-03 17:55:45,120.71189666666666,32.00290666666667,8.9,86.3,,
2025-07-03 17:57:45,120.71736166666666,32.00329833333333,8.2,84.0,,
2025-07-03 17:59:46,120.72269666666666,32.003951666666666,8.3,80.1,,
2025-07-03 18:01:46,120.72783833333334,32.00459166666667,7.6,83.4,,
2025-07-03 18:04:17,120.73402833333331,32.00523166666667,7.4,78.4,,
2025-07-03 18:06:49,120.74024833333333,32.00611,7.5,80.2,,
2025-07-03 18:08:50,120.74517333333333,32.00669333333333,7.4,83.9,,
2025-07-03 18:10:51,120.7501,32.007218333333334,7.3,81.7,,
2025-07-03 18:12:52,120.75504666666669,32.00791,7.5,80.4,,
2025-07-03 18:14:53,120.75998833333334,32.008555,7.7,78.7,,
2025-07-03 18:16:54,120.76486833333334,32.009285,7.5,83.4,,
2025-07-03 18:18:55,120.76975333333333,32.00942833333333,7.4,92.0,,
2025-07-03 18:20:56,120.77465833333332,32.009285,7.6,92.1,,
2025-07-03 18:23:27,120.78085166666666,32.00900166666667,7.6,94.6,,
2025-07-03 18:25:28,120.78557833333332,32.008455,7.3,102.2,,
2025-07-03 18:27:29,120.79034333333334,32.00761333333333,7.5,102.4,,
2025-07-03 18:29:30,120.79506333333332,32.00667166666667,7.4,104.7,,
2025-07-03 18:31:31,120.79972833333332,32.00546,7.6,108.8,,
2025-07-03 18:33:32,120.80433333333332,32.00400666666667,7.5,112.6,,
2025-07-03 18:35:32,120.80881166666668,32.00230333333333,7.7,115.8,,
2025-07-03 18:37:33,120.81308833333334,32.00022166666667,7.6,123.4,,
2025-07-03 18:39:34,120.81717333333332,31.997786666666663,7.8,125.2,,
2025-07-03 18:41:34,120.821125,31.995193333333333,7.6,129.4,,
2025-07-03 18:43:35,120.82483833333332,31.99233333333333,7.5,134.4,,
2025-07-03 18:45:35,120.82846333333332,31.989543333333334,7.5,134.9,,
2025-07-03 18:47:36,120.83187166666669,31.986598333333333,7.7,136.9,,
2025-07-03 18:50:07,120.83592,31.98267833333333,7.4,141.2,,
2025-07-03 18:52:07,120.838955,31.979401666666668,7.6,142.8,,
2025-07-03 18:54:08,120.84195833333334,31.976085,7.5,141.0,,
2025-07-03 18:56:08,120.84480333333332,31.972855,7.2,145.1,,
2025-07-03 18:59:39,120.8493,31.967011666666668,7.2,150.9,,
2025-07-03 19:01:39,120.85172666666666,31.96364,7.1,150.7,,
2025-07-03 19:03:40,120.85400833333334,31.96019833333333,7.2,152.4,,
2025-07-03 19:05:40,120.85623833333334,31.956661666666665,7.4,151.9,,
2025-07-03 19:07:40,120.85828,31.95302,7.2,155.7,,
2025-07-03 19:09:40,120.86029166666668,31.94930833333333,7.7,156.1,,
2025-07-03 19:11:41,120.86208833333332,31.945498333333333,7.2,159.2,,
2025-07-03 19:14:12,120.86428333333332,31.940818333333333,7.1,159.5,,
2025-07-03 19:16:12,120.86578833333331,31.93713333333333,7.1,161.3,,
2025-07-03 19:18:43,120.86765,31.93261833333333,6.8,160.3,,
2025-07-03 19:20:43,120.86908333333334,31.929065,6.6,161.4,,
2025-07-03 19:23:14,120.87096166666667,31.92475,6.5,158.9,,
2025-07-03 19:25:14,120.87252666666669,31.92139333333333,6.5,160.4,,
2025-07-03 19:27:14,120.87397,31.917991666666666,6.2,159.6,,
2025-07-03 19:29:45,120.87564,31.913576666666668,6.6,164.1,,
2025-07-03 19:31:45,120.87700833333334,31.910145,6.4,163.3,,
2025-07-03 19:33:45,120.87798,31.90660833333333,6.4,168.0,,
2025-07-03 19:35:46,120.87881,31.902986666666667,6.6,169.8,,
2025-07-03 19:38:16,120.880045,31.898568333333333,6.9,165.5,,
2025-07-03 19:40:17,120.88123333333333,31.895086666666668,6.5,163.0,,
2025-07-03 19:42:17,120.88218166666668,31.891495,6.7,168.6,,
2025-07-03 19:44:18,120.88302833333331,31.887933333333333,6.5,168.5,,
2025-07-03 19:46:48,120.88408333333334,31.883475,6.5,168.4,,
2025-07-03 19:48:49,120.884775,31.87987,6.7,173.9,,
2025-07-03 19:50:50,120.88547666666666,31.8763,6.5,167.9,,
2025-07-03 19:52:50,120.886425,31.872801666666668,6.6,167.3,,
2025-07-03 19:55:21,120.887235,31.868376666666663,6.4,168.6,,
2025-07-03 19:57:21,120.88814,31.864965,6.1,166.9,,
2025-07-03 19:59:22,120.88885333333332,31.86144333333333,6.3,167.9,,
2025-07-03 20:01:51,120.89010333333331,31.857188333333333,6.5,165.9,,
2025-07-03 20:04:52,120.89185,31.85206,6.3,161.8,,
2025-07-03 20:06:53,120.893375,31.84879,6.3,157.3,,
2025-07-03 20:08:53,120.89508666666669,31.84549,6.5,155.3,,
2025-07-03 20:13:54,120.89985166666666,31.83694833333333,7.1,154.3,,
2025-07-03 20:16:55,120.90275666666666,31.831596666666663,6.7,155.6,,
2025-07-03 20:20:56,120.906535,31.82403833333333,7.5,151.9,,
2025-07-03 20:23:26,120.90949666666668,31.81984,6.8,145.1,,
2025-07-03 20:25:27,120.91169,31.816713333333333,6.6,150.2,,
2025-07-03 20:27:27,120.91370666666668,31.813476666666663,6.5,152.6,,
2025-07-03 20:31:29,120.91832333333332,31.80710833333333,6.8,147.9,,
2025-07-03 20:33:29,120.92079833333334,31.803965,6.7,143.1,,
2025-07-03 20:36:00,120.92431333333332,31.800246666666663,7.0,140.0,,
2025-07-03 20:38:31,120.92779333333333,31.79634666666667,7.0,139.5,,
2025-07-03 20:41:32,120.93205333333331,31.791715,7.2,140.2,,
2025-07-03 20:44:03,120.93558333333333,31.788016666666667,6.7,141.5,,
2025-07-03 20:48:04,120.939005,31.78256,4.1,180.5,,
2025-07-03 20:58:40,120.92344,31.78064333333333,5.9,279.5,,
2025-07-03 21:05:11,120.91372333333334,31.780481666666667,3.8,261.1,,
2025-07-03 21:08:12,120.90997833333331,31.780281666666667,3.3,266.0,,
2025-07-04 11:56:30,120.91008166666668,31.78157,4.3,79.7,,
2025-07-04 19:49:42,121.02868166666669,31.787171666666666,2.3,274.8,,
2025-07-04 19:52:43,121.02596833333334,31.78760833333333,2.8,284.6,,
2025-07-04 20:00:14,121.023985,31.787938333333333,1.6,164.0,,
2025-07-04 20:06:15,121.02409333333334,31.78760833333333,0.2,182.5,,
2025-07-04 20:24:19,121.020745,31.788536666666666,2.1,273.7,,
2025-07-04 20:27:50,121.01997833333331,31.78882833333333,0.0,339.8,,
2025-07-04 20:58:01,121.02007666666668,31.789661666666667,0.0,5.8,,
2025-07-04 21:28:15,121.020045,31.789775,0.0,5.8,,
2025-07-04 22:01:27,121.02001,31.789808333333333,0.0,5.8,,
2025-07-04 22:43:39,121.019955,31.789818333333333,0.0,258.2,,
2025-07-04 23:22:50,121.01998,31.7898,0.0,258.2,,
2025-07-04 23:58:00,121.02,31.788736666666665,1.3,245.1,,
2025-07-05 00:05:01,121.02142333333332,31.78809333333333,3.2,94.0,,
2025-07-05 00:08:32,121.026945,31.787575,5.6,97.9,,
2025-07-05 01:26:21,120.99183166666668,31.78006833333333,6.0,281.2,,
2025-07-05 01:30:22,120.98422666666669,31.78063833333333,5.8,271.2,,
2025-07-05 01:33:23,120.97854,31.780765,5.9,272.3,,
2025-07-05 01:36:54,120.97176333333331,31.78093833333333,6.0,274.2,,
2025-07-05 01:40:25,120.96505666666668,31.781545,5.7,271.8,,
2025-07-05 01:43:26,120.95928,31.782045,5.9,279.0,,
2025-07-05 01:48:28,120.95049,31.78513333333333,5.6,293.5,,
2025-07-05 01:58:02,120.936655,31.794805,5.9,320.5,,
2025-07-05 02:04:34,120.928775,31.80300666666667,6.1,324.6,,
2025-07-05 02:07:05,120.92597,31.806516666666667,6.0,327.1,,
2025-07-05 02:13:07,120.91922833333334,31.814776666666667,5.9,328.2,,
2025-07-05 02:15:37,120.91631,31.81822,6.2,322.1,,
2025-07-05 02:17:38,120.9141,31.821023333333333,6.2,328.2,,
2025-07-05 02:20:39,120.91072333333334,31.825096666666667,5.7,321.1,,
2025-07-05 02:23:10,120.90794166666667,31.828586666666663,5.9,332.0,,
2025-07-05 02:27:11,120.90492333333331,31.834246666666665,5.4,338.3,,
2025-07-05 02:30:12,120.9031,31.838563333333333,5.4,341.1,,
2025-07-05 02:33:43,120.90135833333332,31.843621666666667,5.5,345.1,,
2025-07-05 02:37:44,120.899155,31.849451666666667,5.6,340.5,,
2025-07-05 02:40:45,120.89766666666668,31.85381333333333,5.1,344.0,,
2025-07-05 02:44:47,120.89607333333332,31.859685,5.3,348.7,,
2025-07-05 02:47:47,120.89515,31.864115,5.4,351.8,,
2025-07-05 02:51:18,120.89426333333331,31.869215,5.2,351.4,,
2025-07-05 02:54:49,120.893315,31.874333333333333,5.3,353.2,,
2025-07-05 02:58:20,120.89223166666666,31.87943,5.4,349.0,,
2025-07-05 03:01:21,120.891315,31.883826666666668,5.2,350.2,,
2025-07-05 03:04:22,120.89017,31.88813,5.3,344.9,,
2025-07-05 03:07:53,120.888375,31.89316,5.3,340.8,,
2025-07-05 03:10:53,120.88682166666666,31.89719,4.7,339.6,,
2025-07-05 03:13:54,120.88490166666666,31.901443333333333,5.3,339.5,,
2025-07-05 03:16:55,120.88323666666666,31.90574,5.3,344.3,,
2025-07-05 03:20:56,120.881215,31.911456666666663,5.5,340.0,,
2025-07-05 03:23:57,120.879515,31.91570833333333,5.5,340.9,,
2025-07-05 03:26:58,120.877705,31.920045,5.6,339.8,,
2025-07-05 03:30:29,120.87538166666668,31.92517833333333,5.6,340.0,,
2025-07-05 03:33:30,120.87343333333334,31.92925,5.0,335.2,,
2025-07-05 03:36:31,120.871775,31.93314,4.9,341.7,,
2025-07-05 03:39:31,120.87042166666669,31.93708,4.7,344.6,,
2025-07-05 03:42:32,120.86909166666666,31.940901666666665,4.8,340.9,,
2025-07-05 03:45:33,120.86738,31.944536666666668,4.7,337.4,,
2025-07-05 03:48:34,120.865205,31.9479,4.6,328.1,,
2025-07-05 03:51:35,120.86396666666668,31.95165833333333,4.7,350.5,,
2025-07-05 03:54:36,120.86282333333334,31.955181666666668,4.1,342.4,,
2025-07-05 03:57:37,120.86157,31.958525,4.2,340.7,,
2025-07-05 04:01:08,120.85952666666668,31.96237,4.4,325.1,,
2025-07-05 04:04:09,120.85719166666668,31.965166666666665,3.8,331.5,,
2025-07-05 04:07:11,120.85544666666668,31.968335,4.1,327.6,,
2025-07-05 04:10:13,120.85304666666669,31.97113166666667,4.0,320.7,,
2025-07-05 04:13:44,120.85010833333334,31.974221666666665,4.1,315.5,,
2025-07-05 04:16:45,120.84737666666666,31.97697,4.3,322.6,,
2025-07-05 04:19:47,120.84450333333334,31.979546666666668,4.3,317.5,,
2025-07-05 04:23:49,120.84069,31.982935,4.2,321.4,,
2025-07-05 04:26:50,120.837965,31.985485,4.3,314.6,,
2025-07-05 04:29:51,120.834795,31.98798,4.4,312.9,,
2025-07-05 04:32:52,120.83156666666666,31.9905,4.5,315.6,,
2025-07-05 04:35:53,120.82824833333332,31.993056666666668,4.8,311.4,,
2025-07-05 04:39:25,120.82423166666666,31.995791666666666,4.9,308.6,,
2025-07-05 04:42:26,120.82087,31.998743333333334,4.9,317.5,,
2025-07-05 04:45:28,120.81747666666666,32.001463333333334,4.7,312.1,,
2025-07-05 04:48:29,120.81374666666666,32.004135,4.7,305.6,,
2025-07-05 04:51:30,120.80974,32.006301666666666,4.8,300.4,,
2025-07-05 04:54:31,120.805785,32.00776333333334,4.2,294.8,,
2025-07-05 04:58:03,120.80115833333332,32.00953666666667,4.7,297.6,,
2025-07-05 05:01:35,120.796375,32.011318333333335,4.4,293.6,,
2025-07-05 05:04:36,120.79223166666668,32.012348333333335,4.3,284.0,,
2025-07-05 05:07:37,120.78802666666668,32.01293,4.3,277.0,,
2025-07-05 05:10:39,120.78359333333331,32.01345833333333,4.6,277.9,,
2025-07-05 05:13:40,120.77934333333332,32.01395,3.9,279.1,,
2025-07-05 05:17:12,120.77415,32.01429,4.7,279.2,,
2025-07-05 05:21:44,120.76745833333334,32.014606666666666,4.6,270.1,,
2025-07-05 05:24:46,120.763075,32.01434,4.3,264.0,,
2025-07-05 05:27:47,120.75860666666668,32.01381666666666,4.7,260.6,,
2025-07-05 05:30:48,120.75407,32.01327833333333,4.6,264.2,,
2025-07-05 05:33:50,120.74962666666669,32.012675,1.0,142.2,,
2025-07-05 05:37:21,120.74457333333334,32.01224,4.5,261.1,,
2025-07-05 05:41:24,120.73875,32.011496666666666,4.5,262.6,,
2025-07-05 05:44:25,120.73440166666668,32.01094333333333,4.5,260.2,,
2025-07-05 05:47:27,120.73001,32.01044,4.5,260.6,,
2025-07-05 05:51:00,120.72343666666669,32.009365,4.5,251.0,,
2025-07-05 05:54:30,120.719815,32.008851666666665,4.5,263.9,,
2025-07-05 05:58:02,120.71465333333332,32.008091666666665,4.6,259.0,,
2025-07-05 06:02:34,120.70786333333334,32.00748166666666,4.5,260.7,,
2025-07-05 06:06:36,120.70226833333334,32.00644,4.4,256.4,,
2025-07-05 06:10:08,120.69741166666668,32.00552833333333,4.3,254.4,,
2025-07-05 06:14:10,120.6919,32.004493333333336,4.3,252.4,,
2025-07-05 06:17:12,120.68788166666668,32.00374,4.0,262.2,,
2025-07-05 06:24:17,120.67834333333332,32.002565,4.1,263.0,,
2025-07-05 06:27:18,120.674385,32.00207666666667,3.9,260.5,,
2025-07-05 06:33:51,120.66599333333332,32.00069833333333,4.0,261.7,,
2025-07-05 06:36:53,120.66197166666667,32.00024833333333,4.1,263.5,,
2025-07-05 06:43:27,120.65377,31.999313333333333,3.8,260.9,,
2025-07-05 06:48:30,120.647505,31.99878,3.5,271.3,,
2025-07-05 06:53:02,120.64150666666669,31.998665,4.2,266.9,,
2025-07-05 07:03:38,120.62704666666669,32.000735,4.4,288.1,,
2025-07-05 07:14:14,120.61380666666666,32.005005,4.0,303.4,,
2025-07-05 07:20:18,120.607795,32.009275,4.0,307.4,,
2025-07-05 07:26:50,120.60073666666666,32.013261666666665,3.9,295.6,,
2025-07-05 07:32:24,120.59467166666668,32.01651666666667,3.9,311.1,,
2025-07-05 07:35:25,120.592045,32.01891333333333,3.9,320.9,,
2025-07-05 07:44:30,120.58373166666668,32.02630666666666,4.0,320.4,,
2025-07-05 07:51:33,120.57732166666666,32.032313333333335,4.3,316.9,,
2025-07-05 07:54:35,120.57444,32.034895,4.1,311.4,,
2025-07-05 07:58:38,120.57043833333331,32.03803,4.2,312.8,,
2025-07-05 08:03:40,120.56594666666666,32.04233833333333,4.2,324.1,,
2025-07-05 08:11:46,120.55733166666668,32.04871833333333,3.6,306.2,,
2025-07-05 08:15:16,120.55493333333334,32.05008,3.5,305.5,,
2025-07-05 08:19:18,120.55128,32.052575,3.7,311.9,,
2025-07-05 08:22:50,120.54795333333334,32.05477,3.6,304.6,,
2025-07-05 08:28:56,120.54049666666668,32.05853666666667,3.8,298.8,,
2025-07-05 08:34:28,120.53524166666666,32.061748333333334,3.6,308.9,,
2025-07-05 08:37:59,120.53221833333332,32.06413,3.7,315.5,,
2025-07-05 08:41:31,120.528935,32.06652833333333,3.9,306.0,,
2025-07-05 08:46:03,120.52384,32.069125,4.2,300.2,,
2025-07-05 08:49:03,120.521415,32.07024,4.3,297.2,,
2025-07-05 08:54:07,120.513425,32.071985,3.8,274.0,,
2025-07-05 08:59:39,120.507705,32.07270833333333,3.9,279.0,,
2025-07-05 09:03:10,120.50337333333331,32.073188333333334,3.8,278.6,,
2025-07-05 09:10:13,120.49518333333332,32.073051666666665,3.5,270.7,,
2025-07-05 09:15:47,120.48767333333332,32.07312666666667,3.4,264.2,,
2025-07-05 09:18:48,120.48447833333331,32.07258,3.4,251.9,,
2025-07-05 09:22:18,120.48183,32.07194666666667,3.4,253.8,,
2025-07-05 09:25:19,120.47842833333333,32.071583333333336,3.5,262.9,,
2025-07-05 09:28:23,120.474185,32.07053666666667,3.3,252.9,,
2025-07-05 09:33:23,120.469755,32.069583333333334,3.6,256.2,,
2025-07-05 09:39:25,120.46313666666668,32.06841,3.4,252.0,,
2025-07-05 09:42:56,120.45920333333332,32.06733833333333,3.7,252.0,,
2025-07-05 09:45:57,120.45586333333334,32.06605666666667,3.9,245.7,,
2025-07-05 09:48:58,120.45237333333333,32.06468666666667,4.0,242.1,,
2025-07-05 09:52:01,120.44782666666669,32.062648333333335,3.9,241.3,,
2025-07-05 09:55:01,120.44559333333332,32.06168666666667,3.8,238.9,,
2025-07-05 09:58:34,120.440765,32.059055,3.9,232.0,,
2025-07-05 10:02:03,120.43814333333331,32.05755,4.0,236.8,,
2025-07-05 10:06:06,120.43339666666668,32.054025,3.8,226.2,,
2025-07-05 10:09:07,120.43086,32.05162333333333,3.9,215.8,,
2025-07-05 10:12:36,120.42858666666666,32.049816666666665,3.6,234.3,,
2025-07-05 10:15:38,120.42492333333334,32.047145,3.7,228.7,,
2025-07-05 10:20:38,120.42142333333334,32.044085,3.9,225.6,,
2025-07-05 10:23:40,120.41755333333332,32.04121333333333,4.0,225.9,,
2025-07-05 10:26:41,120.41433833333332,32.038655,4.9,219.9,,
2025-07-05 10:30:10,120.41168166666668,32.03620333333333,5.1,227.3,,
2025-07-05 10:33:41,120.407295,32.033078333333336,5.1,233.7,,
2025-07-05 10:36:42,120.40342166666667,32.03073333333333,4.7,230.8,,
2025-07-05 10:39:45,120.39918,32.027431666666665,4.2,225.9,,
2025-07-05 10:46:45,120.39321,32.02262833333333,4.3,231.2,,
2025-07-05 10:49:48,120.38896166666666,32.019738333333336,4.1,235.0,,
2025-07-05 10:53:18,120.38634333333331,32.01798333333333,4.2,231.1,,
2025-07-05 10:57:19,120.38209,32.01511166666667,4.2,232.3,,
2025-07-05 11:00:21,120.37794166666669,32.01221833333334,4.0,227.1,,
2025-07-05 11:04:21,120.37518166666666,32.009856666666664,4.0,220.6,,
2025-07-05 11:08:22,120.37177666666666,32.006545,3.9,222.2,,
2025-07-05 11:11:23,120.36889166666668,32.00419333333333,3.8,228.6,,
2025-07-05 11:14:25,120.36481666666668,32.00111,3.9,233.0,,
2025-07-05 11:18:24,120.36187166666669,31.99899333333333,3.8,231.2,,
2025-07-05 11:21:27,120.35784666666666,31.9962,3.8,232.9,,
2025-07-05 11:24:28,120.35465,31.994151666666667,3.8,232.7,,
2025-07-05 11:27:58,120.35215833333334,31.992295,4.1,229.1,,
2025-07-05 11:31:29,120.34839166666669,31.989806666666667,4.2,232.3,,
2025-07-05 11:34:30,120.34528333333331,31.98738,4.3,224.9,,
2025-07-05 11:37:31,120.34229833333332,31.98504833333333,4.2,231.5,,
2025-07-05 11:40:32,120.33885166666668,31.98290833333333,4.6,235.9,,
2025-07-05 11:43:33,120.33553666666668,31.980866666666667,4.1,233.3,,
2025-07-05 11:47:04,120.33162333333334,31.978495,4.5,241.6,,
2025-07-05 11:50:05,120.32765166666668,31.976976666666665,4.0,244.9,,
2025-07-05 11:53:36,120.32312833333332,31.975075,4.3,240.8,,
2025-07-05 11:57:07,120.31878666666668,31.972896666666667,4.4,234.8,,
2025-07-05 12:00:38,120.31456166666666,31.97037333333333,4.2,233.3,,
2025-07-05 12:04:40,120.30990666666666,31.967358333333333,4.3,237.6,,
2025-07-05 12:07:40,120.30605666666666,31.965423333333334,4.6,238.9,,
2025-07-05 12:11:42,120.300995,31.963075,4.2,244.6,,
2025-07-05 12:15:12,120.29661,31.960935,34.5,11.2,,
2025-07-05 12:16:12,120.29551,31.96056833333333,13.5,191.6,,
2025-07-05 12:21:51,120.28845833333334,31.957905,4.0,244.3,,
2025-07-05 12:26:53,120.28219833333333,31.955126666666665,4.1,248.8,,
2025-07-05 12:30:55,120.27729666666669,31.95304833333333,4.1,240.5,,
2025-07-05 12:35:27,120.27150666666668,31.950366666666667,4.6,238.5,,
2025-07-05 12:42:30,120.26262166666666,31.945551666666667,4.4,240.8,,
2025-07-05 12:47:32,120.25624,31.94363166666667,4.2,250.1,,
2025-07-05 12:51:04,120.25162666666668,31.94271,4.1,261.9,,
2025-07-05 12:56:06,120.24483833333332,31.942353333333333,4.2,270.0,,
2025-07-05 12:59:37,120.24000166666669,31.941951666666668,4.1,259.1,,
2025-07-05 13:02:39,120.23590833333331,31.94143333333333,4.3,263.2,,
2025-07-05 13:11:13,120.22328,31.94112833333333,4.6,270.9,,
2025-07-05 13:14:15,120.21859166666668,31.941086666666667,4.8,272.3,,
2025-07-05 13:17:47,120.21324666666666,31.941311666666667,4.6,274.0,,
2025-07-05 13:20:49,120.20877333333334,31.94170833333333,4.9,279.0,,
2025-07-05 13:23:51,120.20413166666668,31.942146666666662,4.7,276.8,,
2025-07-05 13:26:52,120.199475,31.94265,4.8,275.6,,
2025-07-05 13:29:54,120.19479833333334,31.942825,5.0,271.4,,
2025-07-05 13:33:26,120.189215,31.94316333333333,4.9,276.3,,
2025-07-05 13:36:28,120.18436333333334,31.943556666666662,4.9,275.2,,
2025-07-05 13:40:00,120.178225,31.94419333333333,5.6,276.1,,
2025-07-05 13:43:32,120.17184666666668,31.944896666666665,5.6,280.0,,
2025-07-05 13:49:07,120.16185166666666,31.946185,5.5,278.8,,
2025-07-05 13:52:09,120.15653,31.94702,5.5,281.2,,
2025-07-05 13:55:11,120.15122333333332,31.947858333333333,5.5,281.5,,
2025-07-05 14:05:48,120.133685,31.950715,5.3,285.9,,
2025-07-05 14:11:22,120.12424333333334,31.95268,5.2,283.8,,
2025-07-05 14:18:25,120.11245666666667,31.955396666666665,5.3,278.3,,
2025-07-05 14:21:57,120.10627,31.956416666666662,5.4,284.8,,
2025-07-05 14:25:29,120.10000333333332,31.95762333333333,5.7,280.2,,
2025-07-05 14:28:31,120.09471666666668,31.958385,5.6,287.1,,
2025-07-05 14:31:32,120.08948333333332,31.959476666666667,5.7,283.3,,
2025-07-05 14:34:34,120.084065,31.96057833333333,5.7,283.4,,
2025-07-05 14:38:05,120.077605,31.96180333333333,5.8,280.7,,
2025-07-05 14:41:06,120.07195166666666,31.9629,5.7,283.2,,
2025-07-05 14:43:37,120.06717,31.963656666666665,6.1,280.8,,
2025-07-05 14:47:09,120.060565,31.964576666666662,5.8,277.6,,
2025-07-05 14:50:10,120.054925,31.965588333333333,5.7,284.1,,
2025-07-05 14:53:11,120.04947333333334,31.966711666666665,5.9,282.5,,
2025-07-05 14:56:13,120.04406,31.968045,5.6,286.3,,
2025-07-05 14:59:14,120.03860333333331,31.969586666666668,5.7,288.0,,
2025-07-05 15:02:15,120.03312833333334,31.971115,5.9,293.3,,
2025-07-05 15:05:16,120.02793166666666,31.973165,5.9,296.9,,
2025-07-05 15:08:17,120.02287166666666,31.975528333333333,6.0,300.7,,
2025-07-05 15:11:18,120.01784166666668,31.977971666666665,5.9,303.1,,
2025-07-05 15:14:20,120.01277166666668,31.980273333333333,5.9,296.1,,
2025-07-05 15:17:22,120.00756666666666,31.982531666666667,5.7,299.5,,
2025-07-05 15:20:23,120.00253333333332,31.98492333333333,5.7,299.3,,
2025-07-05 15:23:24,119.99793833333334,31.987471666666668,5.5,307.8,,
2025-07-05 15:26:25,119.993935,31.99030833333333,5.1,313.1,,
2025-07-05 15:29:26,119.99047833333331,31.99338333333333,5.0,316.3,,
2025-07-05 15:32:27,119.98722,31.996446666666667,5.0,316.7,,
2025-07-05 15:35:28,119.98352333333334,31.999156666666668,5.1,306.6,,
2025-07-05 15:38:59,119.97944333333334,32.00267,4.9,315.1,,
2025-07-05 15:42:00,119.975655,32.00537,5.2,311.3,,
2025-07-05 15:45:00,119.97182,32.00828666666666,5.3,312.3,,
2025-07-05 15:48:00,119.96796166666668,32.01133,5.4,314.3,,
2025-07-05 15:51:01,119.96436166666666,32.01454833333333,5.5,317.6,,
2025-07-05 15:54:32,119.96046166666666,32.01859666666667,5.3,324.5,,
2025-07-05 15:57:32,119.95719166666667,32.02211166666667,5.3,322.6,,
2025-07-05 16:01:03,119.95352666666666,32.026196666666664,5.4,328.5,,
2025-07-05 16:04:03,119.95088166666666,32.02983666666667,5.2,330.2,,
2025-07-05 16:07:34,119.947845,32.03414166666666,5.2,330.6,,
2025-07-05 16:12:04,119.94423,32.039945,5.1,332.7,,
2025-07-05 16:15:35,119.94149166666666,32.04456166666667,5.2,333.9,,
2025-07-05 16:18:35,119.93961,32.048611666666666,5.0,345.1,,
2025-07-05 16:23:06,119.93743666666668,32.05493,5.1,338.7,,
2025-07-05 16:26:06,119.93544333333334,32.058908333333335,5.1,337.6,,
2025-07-05 16:29:07,119.93393666666668,32.06308166666667,5.1,348.6,,
2025-07-05 16:32:39,119.93267333333333,32.06823833333333,5.5,346.9,,
2025-07-05 16:36:39,119.93123333333334,32.07410333333333,5.4,347.2,,
2025-07-05 16:40:10,119.92977,32.079278333333335,5.4,348.4,,
2025-07-05 16:43:41,119.928145,32.08452166666667,5.7,341.2,,
2025-07-05 16:47:41,119.92628166666668,32.09049,5.4,352.9,,
2025-07-05 16:51:12,119.92519166666666,32.0959,5.6,350.8,,
2025-07-05 16:56:13,119.92332,32.10355166666667,5.7,349.8,,
2025-07-05 16:59:13,119.92213833333334,32.108165,5.7,347.5,,
2025-07-05 17:02:43,119.92028833333332,32.113375,5.6,341.3,,
2025-07-05 17:06:15,119.91807166666666,32.11846333333333,5.7,340.0,,
2025-07-05 17:09:15,119.91654,32.12294833333333,5.5,347.4,,
2025-07-05 17:12:15,119.915245,32.12748666666667,5.5,343.5,,
2025-07-05 17:15:17,119.91389333333332,32.13198166666667,5.4,344.9,,
2025-07-05 17:18:47,119.91228833333334,32.137065,5.3,341.0,,
2025-07-05 17:21:47,119.91078166666668,32.14140166666667,5.4,348.7,,
2025-07-05 17:24:48,119.90996666666666,32.14588333333333,5.7,350.7,,
2025-07-05 17:27:48,119.90893833333334,32.150328333333334,5.4,350.8,,
2025-07-05 17:30:48,119.90763666666666,32.154735,5.4,346.7,,
2025-07-05 17:33:49,119.90610666666667,32.15902666666667,5.3,342.9,,
2025-07-05 17:36:49,119.90520333333332,32.16335,5.7,349.8,,
2025-07-05 17:39:50,119.90433333333333,32.16770666666667,5.4,351.3,,
2025-07-05 17:42:50,119.90340666666668,32.17204,5.4,351.3,,
2025-07-05 17:45:50,119.90246333333332,32.1763,5.3,348.4,,
2025-07-05 17:48:50,119.90136166666667,32.18062833333333,5.4,347.8,,
2025-07-05 17:51:51,119.90034666666666,32.18494333333334,5.1,352.0,,
2025-07-05 17:55:22,119.89971666666666,32.190005,5.0,353.5,,
2025-07-05 17:58:22,119.89892833333332,32.194316666666666,5.2,352.5,,
2025-07-05 18:01:22,119.89808833333332,32.19855333333334,4.8,354.1,,
2025-07-05 18:04:23,119.896995,32.202756666666666,5.2,347.6,,
2025-07-05 18:07:53,119.89529666666668,32.207845,5.6,343.4,,
2025-07-05 18:10:54,119.893855,32.21239833333333,5.6,343.4,,
2025-07-05 18:14:24,119.89258833333334,32.217546666666664,5.4,353.8,,
2025-07-05 18:17:54,119.89190666666669,32.22284166666667,5.2,353.4,,
2025-07-05 18:20:55,119.89128333333332,32.227005,4.8,351.2,,
2025-07-05 18:24:26,119.89001666666668,32.23160333333333,4.7,346.0,,
2025-07-05 18:27:26,119.88872166666668,32.235551666666666,4.6,348.1,,
2025-07-05 18:30:27,119.88718333333334,32.23941166666667,5.0,334.1,,
2025-07-05 22:20:00,119.67649,32.23919166666666,4.3,198.3,,
2025-07-05 22:23:01,119.67532833333334,32.23569666666667,4.3,190.6,,
2025-07-05 22:26:32,119.67455,32.23184333333333,3.8,192.7,,
2025-07-05 22:29:32,119.67341166666668,32.22867166666666,4.0,200.9,,
2025-07-05 22:32:34,119.67169,32.22566,3.9,208.6,,
2025-07-05 22:35:36,119.66960333333331,32.22282833333333,3.8,213.0,,
2025-07-05 22:38:37,119.66744666666666,32.220035,4.0,216.6,,
2025-07-05 22:42:09,119.664685,32.217075,3.7,219.3,,
2025-07-05 22:45:11,119.66248333333333,32.21460166666667,3.8,224.0,,
2025-07-05 22:48:12,119.65991833333334,32.212335,3.6,226.9,,
2025-07-05 22:51:14,119.65733,32.210031666666666,3.8,224.2,,
2025-07-05 22:54:16,119.65432,32.20753333333333,4.6,220.9,,
2025-07-05 22:57:16,119.651495,32.20488,4.3,224.3,,
2025-07-05 23:03:19,119.64409333333332,32.20129,4.2,249.9,,
2025-07-05 23:09:22,119.63672333333334,32.199106666666665,3.9,254.2,,
2025-07-05 23:13:54,119.63153833333334,32.19752666666667,3.7,253.7,,
2025-07-05 23:18:25,119.62628666666669,32.1961,3.8,248.1,,
2025-07-05 23:24:27,119.61868666666666,32.193893333333335,4.1,251.4,,
2025-07-05 23:27:58,119.614175,32.19305,4.0,267.9,,
2025-07-05 23:34:30,119.60669666666666,32.19274333333333,3.3,265.9,,
2025-07-05 23:38:01,119.60302333333334,32.192433333333334,3.3,261.0,,
2025-07-05 23:43:33,119.59674666666666,32.191563333333335,3.7,262.5,,
2025-07-05 23:47:34,119.591915,32.19135333333333,3.7,264.8,,
2025-07-05 23:51:36,119.58699333333334,32.19088166666667,3.9,267.8,,
2025-07-05 23:54:37,119.58253666666668,32.19070333333333,4.9,264.3,,
2025-07-06 00:01:08,119.57371333333332,32.19058833333333,3.6,279.1,,
2025-07-06 00:04:39,119.569585,32.19112666666667,3.8,281.5,,
2025-07-06 00:09:41,119.56369666666669,32.192658333333334,3.8,284.9,,
2025-07-06 00:12:53,119.56036666666668,32.19430666666667,3.6,303.9,,
2025-07-06 00:15:56,119.55725666666666,32.19613,3.8,304.6,,
2025-07-06 00:19:06,119.55439333333334,32.19835666666667,3.6,324.7,,
2025-07-06 00:22:19,119.552815,32.20110666666667,3.3,348.7,,
2025-07-06 00:25:31,119.55232333333332,32.204135,3.4,354.3,,
2025-07-06 00:29:46,119.55188,32.20782333333333,3.0,358.1,,
2025-07-06 00:34:03,119.55214833333334,32.211665,3.5,0.7,,
2025-07-06 00:37:17,119.55208,32.21490166666667,3.8,2.1,,
2025-07-06 00:40:27,119.55188166666667,32.21837333333333,3.8,351.8,,
2025-07-06 00:44:19,119.55093833333332,32.22246166666667,4.1,355.3,,
2025-07-06 00:47:20,119.55067333333334,32.22594,4.2,356.2,,
2025-07-06 00:50:20,119.55065166666668,32.229573333333335,4.6,4.7,,
2025-07-06 00:53:21,119.55030666666669,32.23308166666666,3.7,338.7,,
2025-07-06 00:56:52,119.54817,32.23619333333333,3.8,335.2,,
2025-07-06 00:59:53,119.54542333333332,32.238596666666666,4.2,305.0,,
2025-07-06 03:19:35,119.39307666666669,32.238078333333334,3.7,225.5,,
2025-07-06 03:22:36,119.39049166666666,32.235755,3.9,223.9,,
2025-07-06 03:25:36,119.38801166666669,32.23302,4.2,212.9,,
2025-07-06 03:28:37,119.385875,32.230156666666666,3.5,221.9,,
2025-07-06 03:33:08,119.38284666666668,32.226555,3.4,213.6,,
2025-07-06 03:36:39,119.38038666666668,32.22377,3.6,221.1,,
2025-07-06 03:40:10,119.3775,32.22080833333333,4.0,221.7,,
2025-07-06 03:43:11,119.37498,32.21819,3.8,218.7,,
2025-07-06 03:48:12,119.37096666666666,32.214771666666664,3.4,226.5,,
2025-07-06 03:51:12,119.36842333333334,32.212941666666666,3.3,225.9,,
2025-07-06 03:55:13,119.365385,32.210145,3.3,224.8,,
2025-07-06 03:58:36,119.36266833333332,32.208045,3.8,231.4,,
2025-07-06 04:01:44,119.35919,32.205785,4.6,234.1,,
2025-07-06 04:05:15,119.35491833333332,32.20352833333333,4.3,242.6,,
2025-07-06 04:08:45,119.35117166666669,32.20183,3.5,243.6,,
2025-07-06 04:12:46,119.34677,32.20024333333333,3.7,246.2,,
2025-07-06 04:16:18,119.3421,32.198555,3.1,249.6,,
2025-07-06 04:19:47,119.339615,32.197831666666666,3.2,251.5,,
2025-07-06 04:22:49,119.335765,32.196756666666666,3.1,254.9,,
2025-07-06 04:25:50,119.33275333333332,32.196171666666665,3.1,255.3,,
2025-07-06 04:28:50,119.32971166666668,32.19555666666667,3.3,264.0,,
2025-07-06 04:32:19,119.327105,32.19526166666667,3.3,260.8,,
2025-07-06 04:35:20,119.32392166666666,32.1949,3.3,258.1,,
2025-07-06 04:39:21,119.319445,32.194455,3.4,266.6,,
2025-07-06 04:42:21,119.3161,32.19394666666667,3.5,257.4,,
2025-07-06 04:45:52,119.31225166666668,32.193326666666664,3.4,257.6,,
2025-07-06 04:49:13,119.3086,32.19328333333333,3.3,271.5,,
2025-07-06 04:52:25,119.30407166666669,32.19301166666666,3.4,264.9,,
2025-07-06 04:55:54,119.30131333333334,32.19286,3.3,271.6,,
2025-07-06 04:58:54,119.29808166666666,32.193095,3.1,274.4,,
2025-07-06 05:02:25,119.29423666666666,32.19340166666667,3.3,276.9,,
2025-07-06 05:05:27,119.29000333333332,32.19385,3.4,282.4,,
2025-07-06 05:08:56,119.28726,32.19426833333333,3.3,282.0,,
2025-07-06 05:12:40,119.283345,32.19535666666667,3.3,286.9,,
2025-07-06 05:16:25,119.27946666666666,32.196331666666666,3.2,291.2,,
2025-07-06 05:20:41,119.27539166666666,32.19766166666667,3.1,293.4,,
2025-07-06 05:23:53,119.27229166666666,32.19872,3.3,289.5,,
2025-07-06 05:27:04,119.26890333333333,32.19996166666667,3.3,299.0,,
2025-07-06 05:30:16,119.26595,32.20151333333333,3.3,301.1,,
2025-07-06 05:33:29,119.26302833333334,32.203028333333336,3.1,299.3,,
2025-07-06 05:36:29,119.26037666666667,32.20444833333333,3.2,308.2,,
2025-07-06 05:39:52,119.25746166666669,32.20623,3.2,301.8,,
2025-07-06 05:43:37,119.25409666666668,32.20793666666667,3.1,301.3,,
2025-07-06 05:46:49,119.25126833333331,32.209445,3.2,302.8,,
2025-07-06 05:50:02,119.24849166666668,32.211056666666664,3.1,305.5,,
2025-07-06 05:53:44,119.24529333333334,32.21299833333333,3.2,306.1,,
2025-07-06 05:57:52,119.24174,32.21525333333334,3.2,308.4,,
2025-07-06 06:01:04,119.23889166666666,32.21678,3.1,297.2,,
2025-07-06 06:04:26,119.23671166666666,32.219205,3.5,329.7,,
2025-07-06 06:07:36,119.23446833333334,32.221725,3.6,321.9,,
2025-07-06 06:10:49,119.23163833333334,32.22398666666667,3.7,307.4,,
2025-07-06 06:14:00,119.22849333333332,32.22593166666667,3.7,303.6,,
2025-07-06 06:17:12,119.22513666666669,32.22778,3.7,300.5,,
2025-07-06 06:20:25,119.221545,32.229198333333336,3.7,291.4,,
2025-07-06 06:23:38,119.21779333333332,32.23005,3.6,288.4,,
2025-07-06 06:26:49,119.214365,32.23146333333333,3.5,298.6,,
2025-07-06 06:30:01,119.211055,32.23294666666666,3.5,295.2,,
2025-07-06 06:33:09,119.20767833333332,32.23417666666667,3.5,293.2,,
2025-07-06 06:36:40,119.2038,32.235548333333334,3.9,291.0,,
2025-07-06 06:39:40,119.20035333333334,32.236693333333335,3.7,291.0,,
2025-07-06 06:42:41,119.19701333333332,32.237806666666664,3.8,287.3,,
2025-07-06 06:45:41,119.19351166666668,32.23861,3.7,281.1,,
2025-07-06 06:48:41,119.19006333333331,32.23954166666667,3.8,282.6,,
2025-07-06 08:36:29,119.07390333333332,32.238148333333335,3.6,220.6,,
2025-07-06 08:39:46,119.07184166666669,32.236375,2.3,235.6,,
2025-07-06 08:42:47,119.07047166666666,32.235031666666664,1.2,215.2,,
2025-07-06 08:47:01,119.06945666666668,32.233705,2.1,220.1,,
2025-07-06 08:50:41,119.06794166666668,32.23215833333333,2.0,230.1,,
2025-07-06 08:54:20,119.06548333333332,32.23103,3.1,240.0,,
2025-07-06 08:57:33,119.06280166666669,32.22887,3.1,216.5,,
2025-07-06 09:02:56,119.06153666666668,32.226773333333334,0.6,26.5,,
2025-07-06 09:33:48,119.06166333333331,32.22694666666667,0.0,122.4,,
2025-07-06 10:06:25,119.06174833333333,32.226955,0.0,24.6,,
2025-07-06 10:36:33,119.06175333333331,32.226955,0.0,24.6,,
2025-07-06 11:06:41,119.06160333333334,32.22701,0.0,24.6,,
2025-07-06 11:37:41,119.06159833333334,32.227001666666666,0.0,67.5,,
2025-07-06 12:09:58,119.06167166666668,32.22698833333333,0.0,24.6,,
2025-07-06 12:40:03,119.06166333333331,32.22699,0.0,24.6,,
2025-07-06 13:13:09,119.06167833333332,32.22701166666667,0.0,312.6,,
2025-07-06 13:43:20,119.06167333333332,32.22699166666666,0.0,312.6,,
2025-07-06 14:13:29,119.06168166666669,32.22699333333333,0.0,312.6,,
2025-07-06 14:43:39,119.06167333333332,32.227003333333336,0.0,312.6,,
2025-07-06 15:13:51,119.06165666666666,32.227005,0.0,312.6,,
2025-07-06 15:44:02,119.06166833333332,32.227005,0.0,312.6,,
2025-07-06 16:14:10,119.061675,32.22698166666667,0.0,312.6,,
2025-07-06 16:44:17,119.06166833333332,32.226995,0.0,312.6,,
2025-07-06 17:17:02,119.06165166666666,32.22701166666667,0.0,312.6,,
2025-07-06 17:47:33,119.06166333333331,32.226998333333334,0.0,312.6,,
2025-07-06 18:17:38,119.06165333333334,32.22700666666667,0.0,312.6,,
2025-07-06 18:56:45,119.06167666666668,32.226971666666664,0.0,312.6,,
2025-07-06 19:26:50,119.06165833333333,32.22697333333333,0.0,312.6,,
2025-07-06 19:56:55,119.06167,32.22698333333334,0.0,312.6,,
2025-07-06 20:27:03,119.06161833333331,32.226816666666664,0.2,189.5,,
2025-07-06 20:30:33,119.06172833333332,32.22540333333333,3.2,185.4,,
2025-07-06 20:33:34,119.06032,32.22215833333333,4.6,201.5,,
2025-07-06 20:36:35,119.05805833333334,32.218555,5.0,210.8,,
2025-07-06 20:40:05,119.05507333333334,32.21422166666667,5.1,208.8,,
2025-07-06 20:43:06,119.054535,32.210098333333335,5.3,161.7,,
2025-07-06 20:46:06,119.05488666666666,32.20600666666667,4.6,201.5,,
2025-07-06 20:49:07,119.05252,32.203225,3.1,219.6,,
2025-07-06 20:54:38,119.05060166666668,32.20111166666667,0.0,215.7,,
2025-07-06 21:57:58,119.05060833333332,32.200875,0.0,110.6,,
2025-07-06 23:01:12,119.05057833333332,32.20090666666667,0.0,49.0,,
2025-07-06 23:34:20,119.050585,32.20087,0.0,49.0,,
2025-07-07 00:13:27,119.050595,32.20088166666667,0.0,46.2,,
2025-07-07 00:43:35,119.05083166666668,32.201085,0.0,39.5,,
2025-07-07 01:28:45,119.05083,32.20110666666667,0.0,206.5,,
2025-07-07 02:04:53,119.050825,32.201115,0.0,201.3,,
2025-07-07 02:26:27,119.053045,32.20704833333333,7.6,37.5,,
2025-07-07 02:28:27,119.056245,32.210683333333336,8.2,36.7,,
2025-07-07 02:30:27,119.05932833333334,32.21458,8.5,30.7,,
2025-07-07 02:32:28,119.062075,32.21883166666667,9.0,25.5,,
2025-07-07 02:34:28,119.06473,32.2232,8.9,29.3,,
2025-07-07 02:36:29,119.06785,32.227183333333336,8.1,37.2,,
2025-07-07 02:39:29,119.07284166666666,32.23218833333333,7.7,41.5,,
2025-07-07 02:41:29,119.076355,32.23522666666667,7.6,45.5,,
2025-07-07 02:43:30,119.08033666666668,32.23820166666667,8.2,51.5,,
2025-07-07 03:19:06,119.18226333333334,32.239401666666666,8.7,108.0,,
2025-07-07 03:21:06,119.18753333333332,32.23782666666666,8.5,110.4,,
2025-07-07 03:23:06,119.19280833333332,32.23607166666667,8.6,111.6,,
2025-07-07 03:25:07,119.19799333333332,32.23406666666666,8.5,116.7,,
2025-07-07 03:27:38,119.20426166666668,32.23135666666667,8.6,118.5,,
2025-07-07 03:29:38,119.20923,32.229103333333335,8.3,119.0,,
2025-07-07 03:31:38,119.214125,32.22692333333333,8.2,118.5,,
2025-07-07 03:33:39,119.21900166666668,32.224716666666666,8.3,117.4,,
2025-07-07 03:35:39,119.22380833333334,32.222561666666664,8.2,118.4,,
2025-07-07 03:38:39,119.23059,32.21901833333333,8.0,125.2,,
2025-07-07 03:40:40,119.23494166666669,32.21639666666667,7.9,126.9,,
2025-07-07 03:42:40,119.23918,32.213721666666665,7.9,126.3,,
2025-07-07 03:46:41,119.24760166666668,32.208265,8.2,127.7,,
2025-07-07 03:49:11,119.25293,32.204975,8.1,124.6,,
2025-07-07 03:52:11,119.259575,32.20122833333333,8.2,123.8,,
2025-07-07 03:54:42,119.26523333333331,32.19808166666667,8.1,125.0,,
2025-07-07 03:56:42,119.26971166666668,32.195483333333335,8.3,122.5,,
2025-07-07 03:58:42,119.274375,32.19308,8.1,116.9,,
2025-07-07 04:00:43,119.279325,32.191135,8.4,113.6,,
2025-07-07 04:02:43,119.284475,32.18952,8.3,107.1,,
2025-07-07 04:05:13,119.291045,32.18854833333334,8.2,91.6,,
2025-07-07 04:08:13,119.29904666666668,32.18864666666666,8.4,86.7,,
2025-07-07 04:10:45,119.30869666666666,32.189035,8.4,88.5,,
2025-07-07 04:13:44,119.314235,32.18906833333333,8.7,88.6,,
2025-07-07 04:16:14,119.32113,32.18929333333333,8.3,84.5,,
2025-07-07 04:18:44,119.327925,32.189798333333336,8.2,81.7,,
2025-07-07 04:20:45,119.33324833333332,32.19065,8.1,77.2,,
2025-07-07 04:22:46,119.33824666666666,32.191901666666666,7.7,72.1,,
2025-07-07 04:24:46,119.34322666666668,32.19348166666666,7.7,67.6,,
2025-07-07 04:29:17,119.35398,32.19790166666667,8.3,63.5,,
2025-07-07 04:32:17,119.360685,32.201406666666664,8.2,53.3,,
2025-07-07 04:34:48,119.36581833333334,32.204921666666664,7.7,46.4,,
2025-07-07 04:36:48,119.36935333333334,32.208261666666665,8.2,40.5,,
2025-07-07 04:38:48,119.37287333333332,32.21187666666667,8.6,39.5,,
2025-07-07 04:41:49,119.37805833333331,32.217531666666666,8.4,36.9,,
2025-07-07 04:43:50,119.38136333333334,32.221286666666664,8.1,37.0,,
2025-07-07 04:45:50,119.384805,32.224963333333335,8.6,37.0,,
2025-07-07 04:47:51,119.38841666666669,32.22860166666667,8.3,39.7,,
2025-07-07 04:49:51,119.39204833333334,32.23213333333333,8.4,42.4,,
2025-07-07 04:52:22,119.39671,32.23672,8.8,41.4,,
2025-07-07 05:53:38,119.53710333333332,32.238101666666665,6.5,124.1,,
2025-07-07 05:56:08,119.54118666666666,32.23515666666667,6.8,134.9,,
2025-07-07 05:58:09,119.54424666666668,32.232305,6.7,139.3,,
2025-07-07 06:00:40,119.54763166666666,32.228605,6.9,150.4,,
2025-07-07 06:03:10,119.54915,32.22419,6.6,173.5,,
2025-07-07 06:06:41,119.54960166666666,32.217825,6.4,174.4,,
2025-07-07 06:09:42,119.549915,32.21223166666667,7.0,185.5,,
2025-07-07 06:12:13,119.54937,32.20728166666667,7.4,183.8,,
2025-07-07 06:14:13,119.54973666666666,32.20318666666667,7.4,167.5,,
2025-07-07 06:16:44,119.55192333333332,32.19848,7.5,154.6,,
2025-07-07 06:19:45,119.55646333333334,32.19383166666667,7.4,131.8,,
2025-07-07 06:22:45,119.56264,32.19043833333333,7.9,114.9,,
2025-07-07 06:25:16,119.56874333333332,32.18894,8.1,103.4,,
2025-07-07 06:27:47,119.57527666666668,32.18773,8.2,100.1,,
2025-07-07 06:30:17,119.581795,32.18716666666667,8.0,92.2,,
2025-07-07 06:32:18,119.58695666666668,32.18735,7.8,85.3,,
2025-07-07 06:36:19,119.59735,32.188046666666665,7.6,84.0,,
2025-07-07 06:38:49,119.60344333333332,32.18901833333334,7.5,74.3,,
2025-07-07 06:41:50,119.61075,32.190463333333334,7.5,76.7,,
2025-07-07 06:43:51,119.615655,32.191525,7.7,75.0,,
2025-07-07 06:45:51,119.62073166666669,32.19239833333334,7.6,81.0,,
2025-07-07 06:47:51,119.625745,32.19289666666667,7.8,82.3,,
2025-07-07 06:50:53,119.63343333333331,32.19405666666667,8.1,77.2,,
2025-07-07 06:54:53,119.64359333333331,32.19667,8.1,68.8,,
2025-07-07 06:56:53,119.64830833333332,32.198391666666666,7.7,65.8,,
2025-07-07 06:59:54,119.65524166666668,32.201166666666666,7.7,61.6,,
2025-07-07 07:02:25,119.66042833333331,32.204188333333335,7.5,51.5,,
2025-07-07 07:04:25,119.66383,32.20715,7.3,39.0,,
2025-07-07 07:06:26,119.66628,32.210685,7.5,26.6,,
2025-07-07 07:08:26,119.66854166666668,32.21442833333333,7.7,32.9,,
2025-07-07 07:10:27,119.67122833333332,32.21805666666667,7.6,35.4,,
2025-07-07 07:12:27,119.67398333333334,32.221695,7.9,28.0,,
2025-07-07 07:14:28,119.67617333333334,32.22569333333333,7.8,20.1,,
2025-07-07 07:16:29,119.677705,32.22989833333333,8.1,15.5,,
2025-07-07 07:19:30,119.679925,32.236531666666664,8.4,18.3,,
2025-07-07 09:25:16,119.87274666666669,32.237611666666666,7.5,167.9,,
2025-07-07 09:28:16,119.87423666666666,32.231445,7.7,169.1,,
2025-07-07 09:30:17,119.87529666666669,32.22727,7.7,166.5,,
2025-07-07 09:32:17,119.87659833333332,32.22315833333333,7.7,167.0,,
2025-07-07 09:35:48,119.87809166666666,32.21563166666667,7.6,172.8,,
2025-07-07 09:37:49,119.87809166666666,32.21563166666667,7.6,172.8,,
2025-07-07 09:40:19,119.87988166666666,32.207253333333334,6.2,167.8,,
2025-07-07 09:42:19,119.88072,32.20403666666667,5.5,168.5,,
2025-07-07 09:45:50,119.88086666666666,32.20330666666667,5.2,170.2,,
2025-07-07 09:48:50,119.88209,32.19582666666667,3.8,173.0,,
2025-07-07 09:52:21,119.88312333333332,32.19097166666667,6.5,168.4,,
2025-07-07 09:54:21,119.884215,32.18707833333333,7.6,166.6,,
2025-07-07 09:56:51,119.88395166666666,32.188093333333335,7.5,164.9,,
2025-07-07 09:58:52,119.88609,32.17995,7.5,168.7,,
2025-07-07 10:00:52,119.88721666666666,32.17375,7.6,172.4,,
2025-07-07 10:04:22,119.88802,32.166565,7.3,176.2,,
2025-07-07 10:06:23,119.88818666666668,32.164503333333336,7.6,176.9,,
2025-07-07 10:08:23,119.88834,32.162348333333334,8.0,175.8,,
2025-07-07 10:10:23,119.89002666666669,32.15358666666667,8.0,170.3,,
2025-07-07 10:13:24,119.89002666666669,32.15358666666667,8.0,170.3,,
2025-07-07 10:15:53,119.89405166666668,32.141888333333334,8.2,160.3,,
2025-07-07 10:20:54,119.89849333333332,32.13124333333333,8.2,159.2,,
2025-07-07 10:23:24,119.90090666666669,32.12595833333334,8.1,158.4,,
2025-07-07 10:25:25,119.90090666666669,32.12595833333334,8.1,158.4,,
2025-07-07 10:27:25,119.90412666666668,32.11741,8.1,166.7,,
2025-07-07 10:29:55,119.90443666666668,32.11634333333333,8.1,164.7,,
2025-07-07 10:33:26,119.90799666666666,32.104441666666666,7.9,164.2,,
2025-07-07 10:35:26,119.909415,32.10028833333333,7.8,162.4,,
2025-07-07 10:37:27,119.909415,32.10028833333333,7.8,162.4,,
2025-07-07 10:39:27,119.911015,32.09621,7.6,162.8,,
2025-07-07 10:43:58,119.913945,32.08896166666667,7.7,158.9,,
2025-07-07 10:48:29,119.92216166666668,32.073593333333335,8.0,155.8,,
2025-07-07 10:51:29,119.925375,32.06718,8.1,159.3,,
2025-07-07 10:53:30,119.927435,32.062875,8.2,157.7,,
2025-07-07 11:02:02,119.93664666666666,32.044815,7.9,155.0,,
2025-07-07 11:04:32,119.93948166666668,32.03962333333333,8.4,154.8,,
2025-07-07 11:06:32,119.94196166666669,32.035518333333336,8.3,152.1,,
2025-07-07 11:10:33,119.947405,32.027631666666665,8.2,149.2,,
2025-07-07 11:13:05,119.94954833333334,32.024715,8.1,147.8,,
2025-07-07 11:15:35,119.95461166666666,32.01806166666667,7.9,142.3,,
2025-07-07 11:17:36,119.95797166666668,32.01471166666666,7.8,136.6,,
2025-07-07 11:19:36,119.96182833333332,32.0118,7.7,130.0,,
2025-07-07 11:21:37,119.96567833333332,32.008855,8.1,134.4,,
2025-07-07 11:23:38,119.96956666666668,32.00574833333334,8.3,133.4,,
2025-07-07 11:25:39,119.97367833333334,32.00277833333333,8.1,130.0,,
2025-07-07 11:27:39,119.97798166666666,31.999921666666665,8.1,130.0,,
2025-07-07 11:29:40,119.98206833333332,31.99673333333333,8.5,134.2,,
2025-07-07 11:31:41,119.98595166666668,31.993216666666665,9.0,138.7,,
2025-07-07 11:34:11,119.99115833333332,31.98816,10.2,137.4,,
2025-07-07 11:36:12,119.99562666666668,31.98415,9.7,137.1,,
2025-07-07 11:38:13,119.99998166666668,31.980571666666663,8.8,132.1,,
2025-07-07 11:40:13,120.00431333333331,31.97759,8.5,126.5,,
2025-07-07 11:42:13,120.00869833333331,31.974935,8.2,124.6,,
2025-07-07 11:44:14,120.01327333333332,31.972546666666663,8.4,119.3,,
2025-07-07 11:46:14,120.018005,31.97034833333333,8.3,115.6,,
2025-07-07 11:48:14,120.02294,31.968371666666663,8.1,112.5,,
2025-07-07 11:50:15,120.02803166666666,31.966601666666666,8.1,111.6,,
2025-07-07 11:52:16,120.03325333333332,31.96495833333333,8.4,107.4,,
2025-07-07 11:54:16,120.03863166666666,31.963405,8.8,108.3,,
2025-07-07 11:56:17,120.04415833333331,31.96191,8.8,107.0,,
2025-07-07 11:58:17,120.04980166666668,31.960471666666667,8.9,107.0,,
2025-07-07 12:03:18,120.063715,31.956916666666668,9.0,109.3,,
2025-07-07 12:05:19,120.06924166666668,31.95535333333333,8.8,109.2,,
2025-07-07 12:07:50,120.076055,31.953471666666665,8.7,108.8,,
2025-07-07 12:10:20,120.08268666666666,31.951436666666662,8.7,107.4,,
2025-07-07 12:12:21,120.08793833333333,31.94988333333333,8.2,108.1,,
2025-07-07 12:15:53,120.09725833333331,31.947386666666667,8.5,108.2,,
2025-07-07 12:17:53,120.10247,31.94592,8.3,108.1,,
2025-07-07 12:19:53,120.10766333333332,31.944403333333334,8.2,108.6,,
2025-07-07 12:26:56,120.12548166666669,31.939635,8.0,108.0,,
2025-07-07 12:33:58,120.14335666666666,31.935995,8.2,101.2,,
2025-07-07 12:37:00,120.15111833333332,31.93458833333333,8.3,103.9,,
2025-07-07 12:41:32,120.16287666666666,31.93253333333333,8.1,99.3,,
2025-07-07 12:48:05,120.18015,31.930155,8.3,98.4,,
2025-07-07 12:52:07,120.19100666666668,31.92893,8.0,97.2,,
2025-07-07 12:54:08,120.19654833333334,31.92867,8.8,93.5,,
2025-07-07 12:57:40,120.20642833333332,31.928416666666667,8.7,89.8,,
2025-07-07 13:00:41,120.21508333333334,31.928641666666667,8.6,87.8,,
2025-07-07 13:03:12,120.22200666666669,31.929125,8.6,84.2,,
2025-07-07 13:05:13,120.22756,31.929763333333334,8.3,80.1,,
2025-07-07 13:07:43,120.23442166666666,31.931,8.8,77.9,,
2025-07-07 13:10:14,120.24126166666667,31.93255,8.8,74.1,,
2025-07-07 13:12:45,120.24814,31.93432333333333,8.8,72.4,,
2025-07-07 13:14:46,120.25363833333331,31.936001666666662,9.0,69.1,,
2025-07-07 13:16:46,120.25894666666667,31.93801333333333,8.7,62.4,,
2025-07-07 13:18:47,120.26409166666669,31.940426666666667,9.0,59.3,,
2025-07-07 13:21:17,120.270315,31.94369,9.1,57.0,,
2025-07-07 13:23:18,120.27543333333334,31.946225,9.1,61.3,,
2025-07-07 13:25:18,120.28058833333333,31.948451666666667,8.7,65.3,,
2025-07-07 13:28:19,120.288405,31.951525,8.8,67.7,,
2025-07-07 13:31:20,120.29636666666669,31.954553333333333,9.0,64.7,,
2025-07-07 13:34:51,120.30557333333331,31.958275,8.9,63.6,,
2025-07-07 13:36:51,120.310795,31.96048833333333,8.8,64.7,,
2025-07-07 13:38:52,120.31579666666669,31.96267333333333,8.6,60.8,,
2025-07-07 13:40:53,120.32061166666666,31.965096666666668,8.4,55.8,,
2025-07-07 13:42:53,120.32515333333332,31.96779833333333,8.3,54.8,,
2025-07-07 13:45:23,120.33063166666666,31.971241666666668,8.2,53.0,,
2025-07-07 13:47:24,120.334775,31.97410333333333,8.2,50.4,,
2025-07-07 13:49:24,120.338825,31.977055,8.2,48.7,,
2025-07-07 13:51:55,120.34374833333334,31.980736666666665,8.0,48.0,,
2025-07-07 13:54:55,120.34972833333332,31.98511833333333,8.0,48.8,,
2025-07-07 13:56:56,120.35381666666666,31.988005,7.9,52.9,,
2025-07-07 13:58:57,120.35807666666666,31.99048,7.8,57.9,,
2025-07-07 14:00:58,120.36250666666666,31.992735,7.6,59.1,,
2025-07-07 14:02:58,120.366985,31.994935,7.9,60.2,,
2025-07-07 14:04:59,120.37143333333331,31.99723,7.9,57.0,,
2025-07-07 14:07:29,120.37681833333332,32.000366666666665,7.9,56.0,,
2025-07-07 14:09:30,120.381015,32.00292833333334,7.9,53.4,,
2025-07-07 14:11:30,120.38517666666668,32.00557833333333,7.9,52.9,,
2025-07-07 14:13:31,120.38912833333332,32.00837333333333,7.7,49.9,,
2025-07-07 14:15:32,120.393165,32.010915,7.5,54.8,,
2025-07-07 14:17:33,120.39735666666668,32.013333333333335,7.8,58.2,,
2025-07-07 14:20:05,120.40276166666666,32.01596833333333,7.6,63.2,,
2025-07-07 14:22:06,120.40732833333334,32.01790833333333,7.9,63.9,,
2025-07-07 14:24:08,120.41200333333332,32.019571666666664,7.4,70.9,,
2025-07-07 14:27:10,120.41920166666668,32.021615,7.5,71.4,,
2025-07-07 14:29:41,120.42504333333332,32.02346333333333,6.9,68.2,,
2025-07-07 14:31:42,120.42960166666668,32.024985,7.3,68.9,,
2025-07-07 14:33:43,120.434025,32.02663833333333,7.6,66.0,,
2025-07-07 14:36:15,120.439805,32.028486666666666,7.5,72.1,,
2025-07-07 14:38:16,120.444555,32.02970166666667,7.5,73.2,,
2025-07-07 14:40:17,120.44931166666667,32.03082333333333,7.2,75.9,,
2025-07-07 14:42:49,120.45527166666666,32.031848333333336,7.2,79.8,,
2025-07-07 14:44:49,120.459835,32.03232166666667,6.8,84.4,,
2025-07-07 14:47:21,120.46533,32.032756666666664,6.5,86.5,,
2025-07-07 14:49:52,120.47068,32.03309333333333,6.5,87.6,,
2025-07-07 14:53:55,120.47889166666668,32.032915,6.2,94.5,,
2025-07-07 14:56:56,120.484935,32.0325,6.2,96.1,,
2025-07-07 14:58:57,120.48897166666669,32.03219333333333,6.0,93.5,,
2025-07-07 15:01:28,120.49392333333331,32.031895,6.0,95.3,,
2025-07-07 15:07:01,120.50442833333334,32.030273333333334,5.9,105.2,,
2025-07-07 15:11:03,120.51175833333332,32.028508333333335,5.7,107.0,,
2025-07-07 15:17:07,120.52236,32.025055,5.6,111.2,,
2025-07-07 15:22:39,120.53109,32.020865,5.4,117.1,,
2025-07-07 15:25:41,120.53605166666668,32.018946666666665,5.5,111.7,,
2025-07-07 15:28:42,120.54116,32.017245,5.6,113.5,,
2025-07-07 15:32:43,120.547795,32.014871666666664,5.5,112.7,,
2025-07-07 15:36:44,120.55441833333332,32.01259,5.3,113.7,,
2025-07-07 15:42:46,120.564075,32.008871666666664,5.3,115.3,,
2025-07-07 15:50:17,120.57598666666668,32.00457,5.2,111.7,,
2025-07-07 16:00:19,120.59232333333334,31.999626666666668,5.6,107.5,,
2025-07-07 16:05:50,120.60152833333332,31.99722166666667,5.3,103.6,,
2025-07-07 16:08:51,120.60652666666668,31.99635,5.0,101.6,,
2025-07-07 16:14:22,120.61570166666668,31.99534166666667,5.2,94.9,,
2025-07-07 16:24:54,120.63363833333334,31.994596666666663,5.4,87.8,,
2025-07-07 16:33:27,120.648645,31.995211666666663,5.2,81.9,,
2025-07-07 16:36:28,120.65376,31.99588,5.3,77.8,,
2025-07-07 16:44:30,120.66743166666669,31.997665,5.2,82.2,,
2025-07-07 16:49:32,120.67607333333332,31.998435,5.3,82.5,,
2025-07-07 16:53:03,120.68194166666666,31.999205,5.1,80.3,,
2025-07-07 17:03:36,120.70072666666668,32.00175333333333,5.6,77.9,,
2025-07-07 17:13:08,120.71851166666669,32.00385,5.9,79.0,,
2025-07-07 17:25:41,120.74177666666668,32.00665333333333,5.6,83.9,,
2025-07-07 17:28:42,120.74732666666668,32.006775,5.6,87.8,,
2025-07-07 17:32:13,120.75386,32.007005,5.6,87.9,,
2025-07-07 17:35:15,120.75944333333334,32.007075,5.8,89.9,,
2025-07-07 17:41:47,120.77159,32.006573333333336,5.7,93.5,,
2025-07-07 17:47:19,120.78173666666666,32.00575,5.7,96.1,,
2025-07-07 17:50:50,120.78830666666668,32.005316666666666,5.8,97.3,,
2025-07-07 17:54:21,120.79482833333331,32.00449166666667,5.9,101.2,,
2025-07-07 18:00:53,120.806555,32.000728333333335,5.8,121.0,,
2025-07-07 18:06:24,120.81564833333331,31.99575833333333,6.1,127.8,,
2025-07-07 18:14:56,120.82844166666666,31.98588833333333,6.0,136.6,,
2025-07-07 18:19:26,120.83460833333334,31.98010833333333,5.4,138.6,,
2025-07-07 18:21:27,120.83720333333332,31.97751833333333,6.6,145.3,,
2025-07-07 18:23:27,120.83945833333334,31.974931666666667,5.9,143.3,,
2025-07-07 18:26:28,120.84293833333334,31.970963333333334,6.0,146.6,,
2025-07-07 18:29:28,120.84619666666669,31.966916666666663,5.9,144.4,,
2025-07-07 18:32:29,120.84906166666669,31.96263833333333,6.3,152.6,,
2025-07-07 18:34:29,120.85096,31.95972666666667,5.9,151.3,,
2025-07-07 18:36:30,120.85277333333332,31.956781666666668,6.0,152.6,,
2025-07-07 18:38:30,120.85452333333332,31.953736666666668,6.2,154.1,,
2025-07-07 18:40:30,120.85630166666668,31.950756666666667,6.0,154.2,,
2025-07-07 18:42:30,120.858025,31.947681666666668,6.0,152.0,,
2025-07-07 18:44:30,120.85973166666666,31.944551666666666,6.2,157.8,,
2025-07-07 18:46:31,120.861355,31.941323333333333,6.2,158.7,,
2025-07-07 18:48:31,120.86290833333334,31.937988333333333,6.4,158.3,,
2025-07-07 18:50:31,120.864425,31.9347,6.2,158.4,,
2025-07-07 18:52:31,120.86578666666666,31.931363333333334,6.3,159.9,,
2025-07-07 18:54:32,120.86706166666669,31.92808,6.4,162.3,,
2025-07-07 18:56:32,120.86849666666669,31.924881666666668,6.4,160.0,,
2025-07-07 18:58:32,120.869975,31.921726666666668,6.3,157.3,,
2025-07-07 19:01:03,120.87177333333334,31.917761666666667,6.1,161.0,,
2025-07-07 19:03:03,120.873025,31.91454833333333,6.4,162.8,,
2025-07-07 19:06:03,120.87487333333333,31.909638333333334,6.6,167.0,,
2025-07-07 19:08:34,120.87638833333334,31.905571666666667,6.0,163.9,,
2025-07-07 19:11:34,120.87752833333332,31.90044333333333,6.4,171.3,,
2025-07-07 19:13:34,120.87823833333331,31.897026666666665,6.5,170.8,,
2025-07-07 19:15:34,120.87898,31.893633333333334,6.0,168.8,,
2025-07-07 19:17:34,120.879825,31.89018833333333,6.4,170.2,,
2025-07-07 19:19:35,120.880585,31.886736666666668,6.3,167.3,,
2025-07-07 19:21:35,120.88139,31.883176666666667,6.6,167.7,,
2025-07-07 19:23:35,120.88234,31.879718333333333,6.3,168.4,,
2025-07-07 19:25:35,120.883165,31.876195,6.4,169.2,,
2025-07-07 19:27:35,120.883925,31.872626666666665,6.7,170.2,,
2025-07-07 19:29:35,120.88481833333331,31.86910333333333,6.6,169.7,,
2025-07-07 19:31:35,120.88578666666666,31.86558833333333,6.6,169.4,,
2025-07-07 19:33:36,120.886685,31.861955,7.0,167.8,,
2025-07-07 19:36:05,120.88844166666668,31.85762666666667,6.5,157.3,,
2025-07-07 19:38:35,120.89028833333332,31.85334333333333,6.7,160.9,,
2025-07-07 19:40:36,120.89198166666668,31.849971666666665,6.4,153.1,,
2025-07-07 19:43:36,120.894935,31.845168333333334,6.6,153.0,,
2025-07-07 19:45:36,120.896915,31.84179333333333,6.8,154.7,,
2025-07-07 19:47:37,120.898845,31.83839,6.9,154.3,,
2025-07-07 19:51:37,120.90298833333334,31.83142833333333,7.2,156.8,,
2025-07-07 19:53:37,120.90478833333331,31.827765,7.2,155.2,,
2025-07-07 19:56:08,120.90746666666666,31.823093333333333,7.5,153.0,,
2025-07-07 19:58:08,120.90968,31.819581666666668,6.9,147.8,,
2025-07-07 20:00:38,120.91240666666668,31.815483333333333,6.7,148.4,,
2025-07-07 20:03:09,120.91517,31.81145,6.8,153.4,,
2025-07-07 20:05:09,120.91730333333334,31.807965,7.1,151.9,,
2025-07-07 20:07:40,120.92001166666668,31.80362166666667,7.0,151.5,,
2025-07-07 20:10:10,120.92313833333333,31.799443333333333,7.1,143.6,,
2025-07-07 20:15:11,120.930275,31.791596666666667,6.9,140.0,,
2025-07-07 20:17:12,120.93335833333332,31.7887,6.9,134.2,,
2025-07-07 20:19:12,120.93676166666668,31.786275,6.8,125.8,,
2025-07-07 20:21:13,120.94049166666667,31.784255,6.9,121.3,,
2025-07-07 20:23:13,120.944315,31.78225833333333,6.9,119.7,,
2025-07-08 15:10:15,120.98592833333332,31.780001666666667,8.7,270.8,,
2025-07-08 15:12:45,120.97892833333331,31.780271666666668,8.6,273.6,,
2025-07-08 15:16:16,120.96918,31.780986666666667,8.3,275.8,,
2025-07-08 15:19:17,120.96101,31.781981666666667,8.3,279.7,,
2025-07-08 15:22:48,120.95223,31.78458,8.1,297.8,,
2025-07-08 15:24:48,120.94736333333331,31.786316666666668,8.3,291.8,,
2025-07-08 15:26:49,120.942615,31.788396666666667,8.0,302.7,,
2025-07-08 15:29:50,120.93668166666669,31.79264166666667,7.7,317.2,,
2025-07-08 15:33:21,120.93104333333332,31.79855166666667,7.7,324.7,,
2025-07-08 15:35:22,120.928225,31.802175,8.0,326.2,,
2025-07-08 15:39:53,120.92127666666669,31.81056,8.3,327.3,,
2025-07-08 15:42:54,120.91733333333332,31.81653333333333,8.2,332.0,,
2025-07-08 15:46:25,120.91199333333331,31.82354833333333,8.3,327.4,,
2025-07-08 15:48:25,120.908935,31.827445,8.4,329.0,,
2025-07-08 15:51:26,120.90505833333332,31.833351666666665,8.0,334.2,,
2025-07-08 15:53:56,120.90260333333332,31.838375,8.2,341.4,,
2025-07-08 15:58:28,120.89857833333332,31.84968,8.1,342.7,,
2025-07-08 16:00:57,120.89762333333331,31.852765,8.1,349.6,,
2025-07-08 16:02:57,120.89633833333332,31.85695,8.1,346.9,,
2025-07-08 16:06:27,120.8946,31.864328333333333,7.7,349.8,,
2025-07-08 16:09:58,120.89276,31.871673333333334,7.8,347.4,,
2025-07-08 16:11:58,120.89182,31.875825,7.5,349.8,,
2025-07-08 16:13:58,120.89077166666668,31.879961666666667,7.7,347.4,,
2025-07-08 16:16:28,120.88960333333333,31.885093333333334,7.4,349.6,,
2025-07-08 16:18:28,120.88866666666668,31.88914833333333,7.5,348.4,,
2025-07-08 16:20:58,120.88722333333334,31.89408166666667,7.2,341.9,,
2025-07-08 16:22:58,120.88561833333333,31.89793166666667,7.2,343.3,,
2025-07-08 16:24:58,120.88402166666668,31.901791666666668,7.4,338.3,,
2025-07-08 16:26:58,120.88248166666666,31.905616666666667,7.2,342.8,,
2025-07-08 16:29:58,120.88076666666667,31.911438333333333,7.2,345.9,,
2025-07-08 16:31:59,120.87925166666666,31.91532833333333,7.2,342.1,,
2025-07-08 16:33:59,120.87755,31.919195,7.4,340.3,,
2025-07-08 16:35:59,120.87586833333332,31.923,7.2,338.7,,
2025-07-08 16:37:59,120.87390666666668,31.92679,7.7,338.5,,
2025-07-08 16:40:29,120.87180833333332,31.93172833333333,7.5,344.2,,
2025-07-08 16:42:29,120.87005,31.93564333333333,7.6,339.3,,
2025-07-08 16:44:30,120.86817166666668,31.93968333333333,7.9,335.9,,
2025-07-08 16:46:30,120.86613166666666,31.943651666666668,7.3,340.3,,
2025-07-08 16:48:30,120.86453666666668,31.947725,7.6,340.6,,
2025-07-08 16:50:30,120.86323,31.951645,7.4,341.1,,
2025-07-08 16:52:30,120.86169833333334,31.95551,7.4,344.0,,
2025-07-08 16:54:30,120.86013666666666,31.959381666666665,7.5,335.4,,
2025-07-08 16:56:31,120.85837333333332,31.96329,7.4,334.0,,
2025-07-08 16:58:31,120.85618666666667,31.967126666666665,7.8,330.6,,
2025-07-08 17:00:31,120.85336666666667,31.97063,7.5,323.8,,
2025-07-08 17:02:32,120.85026333333332,31.97391333333333,7.6,317.4,,
2025-07-08 17:04:32,120.84703,31.97706833333333,7.5,320.1,,
2025-07-08 17:06:32,120.84366833333333,31.98016,7.9,316.1,,
2025-07-08 17:08:32,120.84029,31.98332,7.3,319.8,,
2025-07-08 17:10:32,120.83668,31.98620333333333,7.5,310.5,,
2025-07-08 17:12:33,120.83299666666667,31.989,7.5,310.9,,
2025-07-08 17:14:33,120.82927333333332,31.991776666666667,7.5,312.1,,
2025-07-08 17:16:33,120.82551,31.994501666666668,7.6,309.9,,
2025-07-08 17:18:34,120.821985,31.997443333333333,7.4,317.5,,
2025-07-08 17:20:35,120.81865166666668,32.00051,7.5,315.6,,
2025-07-08 17:22:35,120.814725,32.003168333333335,7.9,308.0,,
2025-07-08 17:24:36,120.81062166666666,32.005555,7.5,303.2,,
2025-07-08 17:26:36,120.80618,32.007598333333334,7.8,297.9,,
2025-07-08 17:28:37,120.80168833333332,32.00939666666667,7.7,294.8,,
2025-07-08 17:30:38,120.797165,32.010995,7.3,290.7,,
2025-07-08 17:32:38,120.79251666666669,32.01213666666666,7.4,287.0,,
2025-07-08 17:35:09,120.78658166666666,32.01289,7.3,274.2,,
2025-07-08 17:37:09,120.78178166666666,32.01360833333333,7.6,278.8,,
2025-07-08 17:39:10,120.777015,32.014253333333336,7.5,278.8,,
2025-07-08 17:41:11,120.77208,32.01461833333333,7.5,270.7,,
2025-07-08 17:43:12,120.76717833333332,32.01437,7.4,267.2,,
2025-07-08 17:45:12,120.76235833333334,32.01425,7.2,260.4,,
2025-07-08 17:47:42,120.75646666666668,32.01351,7.3,263.0,,
2025-07-08 17:49:43,120.75161,32.01295,7.4,263.5,,
2025-07-08 17:52:14,120.74555166666669,32.012175,7.4,258.3,,
2025-07-08 17:54:45,120.73945333333332,32.01118666666667,7.6,262.8,,
2025-07-08 17:57:45,120.73205666666668,32.010288333333335,7.6,259.1,,
2025-07-08 18:00:16,120.72595666666666,32.009508333333336,7.4,260.0,,
2025-07-08 18:02:17,120.721105,32.008755,7.5,260.4,,
2025-07-08 18:04:48,120.715015,32.00803,7.4,260.3,,
2025-07-08 18:06:48,120.71012333333331,32.007395,7.7,259.7,,
2025-07-08 18:09:19,120.70415666666666,32.00648,7.2,256.3,,
2025-07-08 18:12:19,120.6969,32.005253333333336,7.6,256.5,,
2025-07-08 18:14:51,120.69087,32.004086666666666,7.4,258.5,,
2025-07-08 18:17:22,120.68480833333334,32.00307333333333,7.4,260.3,,
2025-07-08 18:19:22,120.67987,32.002446666666664,7.5,262.6,,
2025-07-08 18:21:53,120.67375,32.001725,7.5,259.0,,
2025-07-08 18:23:54,120.66901833333333,32.000845,7.5,258.8,,
2025-07-08 18:25:54,120.66411,32.00027,7.3,264.5,,
2025-07-08 18:28:26,120.65788666666668,31.99970666666667,7.2,260.7,,
2025-07-08 18:36:59,120.63726166666666,31.99863833333333,7.5,267.1,,
2025-07-08 18:40:00,120.630115,31.999113333333334,7.1,279.1,,
2025-07-08 18:42:31,120.62444666666669,32.00033333333333,7.3,286.8,,
2025-07-08 18:45:32,120.61787166666667,32.002201666666664,7.1,293.6,,
2025-07-08 18:48:33,120.612005,32.00506333333333,6.7,305.3,,
2025-07-08 18:51:03,120.60748833333334,32.00784,6.9,305.9,,
2025-07-08 18:53:04,120.60373833333334,32.009945,6.4,298.6,,
2025-07-08 18:56:04,120.59814,32.013083333333334,6.8,305.2,,
2025-07-08 18:58:05,120.594835,32.01546666666667,6.5,313.2,,
2025-07-08 19:00:05,120.59169333333334,32.01817833333333,7.0,317.6,,
2025-07-08 19:03:06,120.58742166666669,32.022355,6.5,318.4,,
2025-07-08 19:08:07,120.57987833333334,32.02890166666667,6.6,315.5,,
2025-07-08 19:10:37,120.57625666666668,32.032223333333334,6.3,321.3,,
2025-07-08 19:12:38,120.57339166666668,32.03494,6.9,317.9,,
2025-07-08 19:14:51,120.57020333333334,32.037958333333336,6.8,315.7,,
2025-07-08 19:18:48,120.56483333333334,32.04329666666667,6.3,323.0,,
2025-07-08 19:23:18,120.55769833333332,32.04819333333333,6.4,299.2,,
2025-07-08 19:26:49,120.551325,32.05139,6.8,300.0,,
2025-07-08 19:29:19,120.54699333333332,32.053828333333335,6.1,309.0,,
2025-07-08 19:31:50,120.54309833333332,32.056505,6.0,305.6,,
2025-07-08 19:35:50,120.53665,32.06009,5.6,311.1,,
2025-07-08 19:39:51,120.53112166666666,32.064505,6.0,306.3,,
2025-07-08 19:41:52,120.52789833333334,32.06653166666667,6.0,306.1,,
2025-07-08 19:45:23,120.52200833333332,32.06969,6.0,303.7,,
2025-07-08 19:47:53,120.51755333333334,32.07164,5.9,292.6,,
2025-07-08 19:50:23,120.512655,32.072698333333335,6.0,280.4,,
2025-07-08 19:52:24,120.50864,32.07329,6.2,278.4,,
2025-07-08 19:55:25,120.502615,32.07396166666667,6.4,272.9,,
2025-07-08 19:58:55,120.49594166666668,32.074218333333334,6.0,265.9,,
2025-07-08 20:01:27,120.48937166666668,32.07364333333334,6.1,267.8,,
2025-07-08 20:04:58,120.483015,32.07268833333333,5.6,259.3,,
2025-07-08 20:07:59,120.47739166666666,32.071783333333336,5.8,259.0,,
2025-07-08 20:13:01,120.46883333333334,32.068983333333335,5.4,247.8,,
2025-07-08 20:16:30,120.46448833333334,32.06852666666666,5.2,268.6,,
2025-07-08 20:20:01,120.45868,32.066955,5.3,240.3,,
2025-07-08 20:23:03,120.45215,32.06413833333333,5.6,244.7,,
2025-07-08 20:26:32,120.44801333333334,32.06249833333333,5.5,241.5,,
2025-07-08 20:30:03,120.44244833333332,32.059823333333334,5.8,237.8,,
2025-07-08 20:34:34,120.43566833333334,32.055818333333335,5.6,229.2,,
2025-07-08 20:37:35,120.43176333333334,32.052726666666665,5.4,224.5,,
2025-07-08 20:42:36,120.42491333333334,32.047628333333336,5.3,233.8,,
2025-07-08 20:46:07,120.41992833333332,32.04441833333333,5.4,229.8,,
2025-07-08 20:49:09,120.41473666666668,32.040231666666664,5.5,224.7,,
2025-07-08 20:53:09,120.4109,32.036985,5.5,222.4,,
2025-07-08 20:56:40,120.40636,32.03315833333333,5.5,219.7,,
2025-07-08 20:59:41,120.40236833333331,32.02991333333333,5.7,228.9,,
2025-07-08 21:02:42,120.39841333333334,32.02677166666667,5.4,225.3,,
2025-07-08 21:05:43,120.39456166666666,32.023588333333336,5.7,223.9,,
2025-07-08 21:08:44,120.39051333333332,32.02063833333333,5.5,236.2,,
2025-07-08 21:12:17,120.38404666666666,32.016756666666666,5.5,232.6,,
2025-07-08 21:15:48,120.37947,32.01350166666667,5.0,227.7,,
2025-07-08 21:18:49,120.37575833333334,32.01056833333333,5.3,229.4,,
2025-07-08 21:21:50,120.37207333333332,32.00772333333333,5.0,224.6,,
2025-07-08 21:24:51,120.36867833333334,32.00454333333333,5.2,226.8,,
2025-07-08 21:28:51,120.36509,32.001585,4.9,228.9,,
2025-07-08 21:31:52,120.36160666666666,31.998618333333333,5.0,227.8,,
2025-07-08 21:37:53,120.35372833333334,31.993503333333333,5.2,233.4,,
2025-07-08 21:40:54,120.34980333333333,31.99087,5.2,230.5,,
2025-07-08 21:44:55,120.34456333333334,31.987268333333333,5.2,226.8,,
2025-07-08 21:47:56,120.34096,31.984303333333333,5.0,221.7,,
2025-07-08 21:51:57,120.33597333333331,31.98058,5.2,235.5,,
2025-07-08 21:55:28,120.33103333333334,31.977815,5.3,235.0,,
2025-07-08 21:59:29,120.32504333333333,31.975221666666663,4.9,238.6,,
2025-07-08 22:04:00,120.31885333333334,31.97225333333333,4.9,238.1,,
2025-07-08 22:07:00,120.31455666666666,31.97019166666667,5.1,239.3,,
2025-07-08 22:12:02,120.308085,31.966546666666662,4.5,236.9,,
2025-07-08 22:17:33,120.30052833333332,31.96349833333333,4.7,249.9,,
2025-07-08 22:20:36,120.29489166666669,31.961393333333334,4.6,241.1,,
2025-07-08 22:25:37,120.28832,31.95844,4.6,240.5,,
2025-07-08 22:30:37,120.28324,31.95598333333333,4.3,235.5,,
2025-07-08 22:36:09,120.276395,31.95251333333333,4.5,241.1,,
2025-07-08 22:39:10,120.27256166666666,31.95075333333333,4.4,241.9,,
2025-07-08 22:42:11,120.268585,31.94901833333333,4.6,245.2,,
2025-07-08 22:45:14,120.26310166666669,31.946773333333333,4.5,244.5,,
2025-07-08 22:49:44,120.25852,31.94491,4.2,244.5,,
2025-07-08 22:53:16,120.25392,31.943355,4.2,248.8,,
2025-07-08 22:56:48,120.24918,31.94243,4.2,264.7,,
2025-07-08 22:59:49,120.24497166666669,31.94215833333333,4.5,265.8,,
2025-07-08 23:02:50,120.24077833333334,31.941785,4.3,261.2,,
2025-07-08 23:06:21,120.23607166666666,31.94128333333333,3.9,256.2,,
2025-07-08 23:10:23,120.23069666666666,31.940625,4.1,262.7,,
2025-07-08 23:13:24,120.22660666666668,31.94037,4.1,266.8,,
2025-07-08 23:16:56,120.22194,31.940331666666665,4.1,273.5,,
2025-07-08 23:20:58,120.21604666666668,31.940906666666667,4.6,275.2,,
2025-07-08 23:24:29,120.210515,31.94102,4.7,277.1,,
2025-07-08 23:28:01,120.20530833333332,31.942041666666668,4.8,287.0,,
2025-07-08 23:31:03,120.20059166666668,31.9428,4.8,278.8,,
2025-07-08 23:34:05,120.19610166666666,31.943303333333333,4.4,278.1,,
2025-07-08 23:37:37,120.19133166666668,31.94374333333333,4.2,275.0,,
2025-07-08 23:40:39,120.18721666666669,31.944153333333333,4.2,273.8,,
2025-07-08 23:44:13,120.18097833333331,31.94465333333333,4.2,272.4,,
2025-07-08 23:47:43,120.17747666666666,31.944828333333334,4.2,276.2,,
2025-07-08 23:50:45,120.17338833333334,31.94529,4.1,278.8,,
2025-07-08 23:53:48,120.16809333333332,31.945886666666667,4.1,278.1,,
2025-07-08 23:56:48,120.16537833333334,31.94622833333333,4.2,279.2,,
2025-07-09 00:04:23,120.15534333333332,31.947566666666667,4.2,273.0,,
2025-07-09 00:09:27,120.14866833333332,31.94840333333333,4.0,278.8,,
2025-07-09 00:12:28,120.14468166666668,31.948846666666668,4.0,280.1,,
2025-07-09 00:19:33,120.13594666666668,31.950658333333333,3.9,289.1,,
2025-07-09 00:48:51,120.09883,31.9588,4.1,278.6,,
2025-07-09 00:52:53,120.093645,31.95959833333333,4.0,283.9,,
2025-07-09 00:57:56,120.08726,31.960516666666667,3.9,280.4,,
2025-07-09 01:00:58,120.08352166666668,31.96114333333333,3.9,283.6,,
2025-07-09 01:04:00,120.07981833333334,31.96187833333333,3.8,282.1,,
2025-07-09 01:07:01,120.07607333333333,31.96259833333333,4.0,281.5,,
2025-07-09 01:10:01,120.07239666666666,31.96342,3.8,286.9,,
2025-07-09 01:13:32,120.06813833333334,31.964291666666668,3.8,282.6,,
2025-07-09 01:16:33,120.064445,31.964938333333333,3.9,283.9,,
2025-07-09 01:19:35,120.06076,31.96552,3.9,277.3,,
2025-07-09 01:23:07,120.056595,31.966186666666665,3.5,283.1,,
2025-07-09 01:26:08,120.05321166666668,31.96708333333333,3.5,289.1,,
2025-07-09 01:29:10,120.04974833333333,31.96768833333333,3.4,282.8,,
2025-07-09 01:32:11,120.04623833333332,31.968415,3.6,281.7,,
2025-07-09 01:35:11,120.04282666666668,31.96935833333333,3.6,287.4,,
2025-07-09 01:38:43,120.03874166666668,31.97026,3.7,280.2,,
2025-07-09 01:41:44,120.03518833333334,31.97084,3.6,283.2,,
2025-07-09 01:44:45,120.031905,31.971921666666667,3.6,293.1,,
2025-07-09 01:47:46,120.02875666666668,31.973085,3.5,298.6,,
2025-07-09 01:51:18,120.02510833333334,31.97467333333333,3.6,291.2,,
2025-07-09 01:54:19,120.02181833333331,31.97583333333333,3.4,293.9,,
2025-07-09 01:57:19,120.01869666666668,31.97705333333333,3.5,296.0,,
2025-07-09 02:00:21,120.01528333333331,31.97822333333333,3.7,291.5,,
2025-07-09 02:03:52,120.01143833333332,31.979756666666667,3.6,299.0,,
2025-07-09 02:06:54,120.00841,31.98117166666667,3.4,301.3,,
2025-07-09 02:09:54,120.00541666666666,31.982661666666665,3.4,296.6,,
2025-07-09 02:12:56,120.00238333333331,31.98416333333333,3.6,304.4,,
2025-07-09 02:15:56,119.99961833333332,31.986065,3.8,312.8,,
2025-07-09 02:19:27,119.99654166666669,31.98834833333333,3.4,316.4,,
2025-07-09 02:22:28,119.99399833333334,31.99031,3.3,310.0,,
2025-07-09 02:25:29,119.99132166666666,31.99204,3.2,300.6,,
2025-07-09 02:28:30,119.98859,31.993748333333333,3.7,310.2,,
2025-07-09 02:31:31,119.985825,31.995891666666665,3.6,315.2,,
2025-07-09 02:34:31,119.98405666666666,31.998395,3.5,339.0,,
2025-07-09 02:37:32,119.981805,32.00064,3.3,313.8,,
2025-07-09 02:40:32,119.97924166666668,32.00273,3.5,317.0,,
2025-07-09 02:43:34,119.97651,32.00487666666667,3.9,309.5,,
2025-07-09 02:46:35,119.97363,32.00696333333333,3.8,310.3,,
2025-07-09 02:49:35,119.97067833333334,32.00906166666667,4.2,317.0,,
2025-07-09 02:52:36,119.96793666666666,32.01139333333333,4.0,316.1,,
2025-07-09 02:55:51,119.965155,32.01383833333333,3.5,313.6,,
2025-07-09 02:59:21,119.962305,32.01625166666667,3.3,313.1,,
2025-07-09 03:02:52,119.96005666666667,32.01873333333333,3.3,334.1,,
2025-07-09 03:05:53,119.95830333333332,32.02106,3.4,324.2,,
2025-07-09 03:09:23,119.95653,32.02372666666667,3.1,333.4,,
2025-07-09 03:12:54,119.95521833333332,32.02659833333333,3.2,346.8,,
2025-07-09 03:15:54,119.95376333333331,32.02887166666667,3.2,327.1,,
2025-07-09 03:18:55,119.95214166666666,32.031108333333336,3.1,325.2,,
2025-07-09 03:22:56,119.94991166666668,32.03409166666667,3.2,331.7,,
2025-07-09 03:25:56,119.948385,32.036445,3.2,328.3,,
2025-07-09 03:33:58,119.94453666666666,32.042865,3.2,349.2,,
2025-07-09 03:36:58,119.94343666666668,32.04553166666667,3.4,327.7,,
2025-07-09 03:40:59,119.94099166666666,32.04882666666666,3.6,335.3,,
2025-07-09 03:44:00,119.939215,32.051345,3.5,337.2,,
2025-07-09 03:47:00,119.938015,32.053961666666666,3.4,342.2,,
2025-07-09 03:50:01,119.93672666666669,32.056595,3.4,336.9,,
2025-07-09 03:55:32,119.93458333333334,32.061506666666666,3.7,339.8,,
2025-07-09 04:01:03,119.93262833333333,32.066715,3.5,338.8,,
2025-07-09 04:15:35,119.92747666666666,32.07989166666667,3.5,344.0,,
2025-07-09 04:25:06,119.925195,32.089196666666666,3.8,347.6,,
2025-07-09 04:28:07,119.92442166666666,32.092191666666665,3.6,353.6,,
2025-07-09 04:33:08,119.92337666666668,32.09728,3.8,352.8,,
2025-07-09 04:36:38,119.92351833333332,32.100968333333334,3.9,354.4,,
2025-07-09 04:39:38,119.92293166666668,32.10433833333333,4.2,355.1,,
2025-07-09 04:43:39,119.92192833333333,32.10910333333333,4.5,339.3,,
2025-07-09 04:47:09,119.92063333333331,32.113146666666665,4.4,346.1,,
2025-07-09 04:50:10,119.91922,32.116605,4.4,343.7,,
2025-07-09 04:53:11,119.91814166666668,32.118831666666665,4.3,340.8,,
2025-07-09 04:57:11,119.915645,32.12455666666666,4.3,333.3,,
2025-07-09 05:00:12,119.91495333333332,32.12562833333333,4.3,332.9,,
2025-07-09 05:03:13,119.913095,32.12991,4.1,341.2,,
2025-07-09 05:06:13,119.91245333333332,32.132043333333336,3.9,347.9,,
2025-07-09 05:09:13,119.91173666666668,32.137386666666664,4.0,356.5,,
2025-07-09 05:12:14,119.91148333333334,32.140755,4.2,359.2,,
2025-07-09 05:15:44,119.91076333333334,32.14480666666667,4.5,351.7,,
2025-07-09 05:19:14,119.909805,32.148738333333334,4.1,351.3,,
2025-07-09 05:22:15,119.90926333333331,32.15100666666667,4.2,348.3,,
2025-07-09 05:25:45,119.908235,32.156108333333336,4.3,347.5,,
2025-07-09 05:28:47,119.90782,32.15951333333334,4.0,358.4,,
2025-07-09 05:33:17,119.90726333333332,32.1624,4.3,348.9,,
2025-07-09 05:36:47,119.90619333333332,32.167656666666666,4.7,346.0,,
2025-07-09 05:39:48,119.90561666666666,32.171186666666664,4.2,358.4,,
2025-07-09 05:42:48,119.90520666666669,32.17474,4.4,351.6,,
2025-07-09 05:45:48,119.90438833333332,32.179541666666665,4.4,348.5,,
2025-07-09 05:48:49,119.904005,32.18194,4.4,353.1,,
2025-07-09 05:52:19,119.90281,32.187178333333335,4.2,343.5,,
2025-07-09 05:55:20,119.90214333333331,32.19065333333333,4.2,347.5,,
2025-07-09 05:58:50,119.90083666666666,32.194651666666665,4.2,343.1,,
2025-07-09 06:01:51,119.90010166666669,32.196843333333334,4.0,346.3,,
2025-07-09 06:04:51,119.89916333333332,32.19907166666667,4.0,341.7,,
2025-07-09 06:07:51,119.89805,32.20466166666667,4.0,353.6,,
2025-07-09 06:10:51,119.89734333333334,32.20796,3.9,349.7,,
2025-07-09 06:13:51,119.896585,32.21120666666667,3.9,356.0,,
2025-07-09 06:17:21,119.896,32.215125,4.2,346.1,,
2025-07-09 06:20:22,119.89508666666669,32.21857166666667,4.3,345.4,,
2025-07-09 06:24:22,119.893875,32.22324666666667,4.5,345.8,,
2025-07-09 06:27:23,119.89233166666666,32.22675,4.6,342.4,,
2025-07-09 06:30:24,119.89153166666668,32.229148333333335,4.6,343.3,,
2025-07-09 06:33:54,119.89008,32.23481,4.8,345.5,,
2025-07-09 06:36:54,119.88805333333332,32.23856,5.0,333.8,,
2025-07-09 10:09:04,119.67589833333334,32.23765,4.8,191.0,,
2025-07-09 10:12:06,119.67478333333334,32.233776666666664,4.4,190.3,,
2025-07-09 10:15:06,119.67355666666668,32.22987833333333,5.4,203.0,,
2025-07-09 10:18:07,119.67166333333331,32.22623166666666,4.6,202.9,,
2025-07-09 10:21:38,119.66914666666666,32.22213166666667,4.7,207.7,,
2025-07-09 10:24:39,119.66658333333334,32.21902333333333,4.6,220.3,,
2025-07-09 10:28:40,119.66284833333332,32.21526166666666,4.4,210.3,,
2025-07-09 10:31:41,119.66010833333333,32.21230166666667,4.7,226.9,,
2025-07-09 10:34:42,119.65671666666668,32.209671666666665,5.0,226.5,,
2025-07-09 10:37:42,119.65303833333331,32.207145,4.8,231.0,,
2025-07-09 10:40:43,119.650545,32.20560833333333,4.7,234.9,,
2025-07-09 10:43:44,119.645335,32.202515,4.8,234.9,,
2025-07-09 10:47:45,119.63981,32.19974,4.6,231.9,,
2025-07-09 10:50:46,119.63703666666666,32.19645333333333,5.0,210.0,,
2025-07-09 10:54:48,119.63275333333333,32.192775,4.5,242.8,,
2025-07-09 10:58:20,119.62929833333334,32.19138,2.3,247.6,,
2025-07-09 11:18:25,119.62754833333334,32.190705,0.0,240.1,,
2025-07-09 12:03:34,119.62752833333332,32.190685,0.0,240.1,,
2025-07-09 12:36:41,119.62752166666668,32.19067833333333,0.0,240.1,,
2025-07-09 13:45:56,119.627505,32.190686666666664,0.0,240.1,,
2025-07-09 14:19:04,119.62751833333331,32.190685,0.0,240.1,,
2025-07-09 14:58:15,119.627505,32.19068333333333,0.0,240.1,,
2025-07-09 15:37:27,119.62749666666669,32.190688333333334,0.0,240.1,,
2025-07-09 16:07:34,119.62749166666669,32.190685,0.0,240.1,,
2025-07-09 16:42:48,119.62749,32.190695,0.0,240.1,,
2025-07-09 17:13:00,119.62753833333332,32.19070166666667,0.0,240.1,,
2025-07-09 17:44:10,119.62757833333332,32.190705,0.0,240.1,,
2025-07-09 18:14:20,119.62761833333332,32.19070166666667,0.0,240.1,,
2025-07-09 18:47:31,119.627625,32.19069,0.0,240.1,,
2025-07-09 19:20:43,119.62760833333331,32.19068,0.0,240.1,,
2025-07-09 19:59:55,119.62761333333331,32.19070166666667,0.0,240.1,,
2025-07-09 20:30:06,119.62763666666666,32.190706666666664,0.0,240.1,,
2025-07-09 21:09:21,119.63077833333334,32.193331666666666,5.5,68.8,,
2025-07-09 21:11:22,119.63481833333331,32.195083333333336,7.6,54.8,,
2025-07-09 21:13:23,119.63774333333332,32.19844666666667,8.1,27.9,,
2025-07-09 21:15:24,119.63995333333334,32.201708333333336,5.1,36.7,,
2025-07-09 21:26:00,119.64256666666668,32.203885,0.0,333.5,,
2025-07-09 22:00:18,119.64236833333334,32.20403,0.0,349.1,,
2025-07-09 22:30:30,119.64237,32.204045,0.0,349.1,,
2025-07-09 23:09:51,119.64236833333334,32.20413333333333,0.0,12.8,,
2025-07-09 23:40:09,119.642475,32.20408166666667,0.0,205.5,,
2025-07-10 00:25:32,119.64205,32.204255,0.0,277.6,,
2025-07-10 00:55:47,119.64213666666669,32.20424666666667,0.0,123.1,,
2025-07-10 01:41:10,119.642205,32.204283333333336,0.0,123.1,,
2025-07-10 02:38:25,119.64228,32.20431166666667,0.0,73.8,,
2025-07-10 03:08:35,119.64228166666666,32.204348333333336,0.0,320.1,,
2025-07-10 03:50:52,119.64228166666666,32.20428166666667,0.0,140.0,,
2025-07-10 04:21:04,119.642255,32.204366666666665,0.1,336.4,,
2025-07-10 05:03:23,119.64241833333334,32.20426,0.0,170.3,,
2025-07-10 05:33:36,119.64246666666666,32.20420166666667,0.0,51.2,,
2025-07-10 06:06:50,119.64253,32.20419166666667,0.0,178.1,,
2025-07-10 06:49:09,119.64262166666668,32.204316666666664,0.0,144.1,,
2025-07-10 07:37:28,119.64255333333334,32.204213333333335,0.0,249.2,,
2025-07-10 08:13:45,119.64266833333332,32.20422833333333,0.0,48.0,,
2025-07-10 09:14:13,119.64265833333332,32.20418166666666,0.0,214.5,,
2025-07-10 09:56:37,119.6425,32.204071666666664,0.0,235.7,,
2025-07-10 10:29:55,119.64247333333331,32.20408833333333,0.0,329.8,,
2025-07-10 11:12:20,119.64254333333334,32.20407333333333,0.0,329.8,,
2025-07-10 11:51:37,119.64264,32.204188333333335,0.0,329.8,,
2025-07-10 12:24:49,119.64266166666668,32.20408666666667,0.0,138.9,,
2025-07-10 13:11:06,119.64109833333332,32.203025,3.4,197.9,,
2025-07-10 13:14:07,119.63946333333334,32.20000833333334,4.9,212.1,,
2025-07-10 13:18:38,119.634715,32.19659,4.8,253.5,,
2025-07-10 13:22:09,119.63141833333331,32.193126666666664,4.8,212.7,,
2025-07-10 13:35:14,119.62757333333332,32.190693333333336,0.0,209.2,,
2025-07-10 14:05:25,119.62748166666668,32.19070333333333,0.0,292.4,,
2025-07-10 14:35:36,119.62752333333331,32.190685,0.0,292.4,,
2025-07-10 15:05:47,119.627545,32.19067666666667,0.0,152.2,,
2025-07-10 15:42:00,119.62751333333334,32.190685,0.0,152.2,,
2025-07-10 16:12:12,119.627505,32.19068333333333,0.0,152.2,,
2025-07-10 16:42:24,119.62750666666666,32.190695,0.0,152.2,,
2025-07-10 17:15:39,119.62752666666668,32.190673333333336,0.0,327.0,,
2025-07-10 17:26:13,119.62354666666668,32.19240166666667,3.9,291.9,,
2025-07-10 17:29:45,119.6188,32.193016666666665,4.3,257.8,,
2025-07-10 17:34:16,119.61217333333332,32.19157833333333,3.8,254.9,,
2025-07-10 17:37:48,119.60834,32.19095333333333,4.0,258.5,,
2025-07-10 17:41:19,119.60313,32.19037333333333,4.6,261.1,,
2025-07-10 17:44:50,119.59810166666666,32.190165,4.1,268.9,,
2025-07-10 17:48:22,119.59356166666667,32.18998166666667,3.9,272.3,,
2025-07-10 17:51:23,119.58988,32.19009,3.7,267.6,,
2025-07-10 17:55:25,119.58528666666666,32.189643333333336,3.7,267.1,,
2025-07-10 17:59:55,119.57951666666666,32.18968,4.1,273.0,,
2025-07-10 18:03:57,119.57387666666666,32.18984666666667,4.2,275.1,,
2025-07-10 18:06:58,119.56972833333332,32.190551666666664,4.6,281.5,,
2025-07-10 18:13:00,119.56214,32.19343833333333,3.9,303.7,,
2025-07-10 18:18:31,119.556095,32.19662,3.9,304.5,,
2025-07-10 18:21:33,119.55390833333334,32.19896833333333,3.4,332.8,,
2025-07-10 18:24:33,119.55271166666668,32.20193,3.9,344.3,,
2025-07-10 18:28:05,119.55229833333334,32.20543166666667,3.4,355.2,,
2025-07-10 18:31:05,119.55201833333334,32.20805333333333,3.3,356.4,,
2025-07-10 18:34:06,119.55242166666666,32.210875,3.6,6.5,,
2025-07-10 18:38:37,119.55219333333334,32.215608333333336,4.0,356.1,,
2025-07-10 18:41:38,119.55202666666666,32.218968333333336,4.0,0.2,,
2025-07-10 18:44:39,119.55162666666666,32.222323333333335,4.1,351.8,,
2025-07-10 18:48:10,119.551435,32.22623,4.0,3.1,,
2025-07-10 18:51:11,119.551695,32.22965666666666,4.4,7.9,,
2025-07-10 18:56:43,119.54984833333332,32.235235,4.2,330.9,,
2025-07-10 18:59:44,119.54668,32.237795,4.7,301.4,,
2025-07-10 19:02:45,119.542295,32.239801666666665,5.3,294.2,,
2025-07-10 21:02:31,119.39379333333332,32.238506666666666,6.1,214.0,,
2025-07-10 21:04:33,119.3916,32.23566833333334,5.9,212.5,,
2025-07-10 21:07:34,119.38789833333334,32.23180833333333,5.8,222.9,,
2025-07-10 21:09:35,119.38551166666667,32.229121666666664,6.1,215.9,,
2025-07-10 21:12:06,119.38243666666666,32.22584833333333,6.1,220.0,,
2025-07-10 21:15:20,119.37831,32.222095,5.6,226.8,,
2025-07-10 21:18:22,119.37434166666668,32.21841,6.2,220.5,,
2025-07-10 21:20:53,119.370965,32.215203333333335,6.2,223.6,,
2025-07-10 21:22:54,119.368205,32.212795,6.1,225.6,,
2025-07-10 21:25:55,119.36385333333334,32.20945666666667,6.1,228.9,,
2025-07-10 21:28:27,119.36042166666668,32.20663166666667,6.0,225.7,,
2025-07-10 21:31:58,119.35512,32.203381666666665,5.5,244.8,,
2025-07-10 21:35:29,119.34933,32.201026666666664,5.5,241.3,,
2025-07-10 21:38:30,119.34420166666666,32.19936166666667,5.7,253.2,,
2025-07-10 21:41:30,119.33900333333334,32.19799833333333,5.4,246.6,,
2025-07-10 21:44:31,119.33413,32.19620166666667,5.4,254.2,,
2025-07-10 21:47:32,119.32899833333332,32.19533166666667,5.4,263.4,,
2025-07-10 21:51:03,119.32293833333334,32.194475,5.4,264.2,,
2025-07-10 21:54:04,119.317665,32.194271666666666,5.6,267.9,,
2025-07-10 21:58:05,119.31049166666666,32.19415,5.5,268.1,,
2025-07-10 22:02:06,119.30317833333334,32.19408833333333,5.4,271.0,,
2025-07-10 22:05:06,119.29779333333332,32.19403166666667,5.4,271.7,,
2025-07-10 22:09:07,119.29063,32.19428166666667,5.6,274.7,,
2025-07-10 22:13:38,119.28271333333332,32.195478333333334,5.5,281.8,,
2025-07-10 22:16:39,119.27766666666666,32.196805,5.4,291.9,,
2025-07-10 22:19:39,119.27302166666666,32.19878333333333,5.3,299.1,,
2025-07-10 22:22:40,119.26841,32.200916666666664,5.3,296.9,,
2025-07-10 22:25:41,119.26379166666666,32.202975,5.3,298.1,,
2025-07-10 22:28:41,119.25946,32.205195,5.1,301.8,,
2025-07-10 22:32:42,119.25382666666668,32.20823333333333,5.0,307.0,,
2025-07-10 22:36:13,119.24911333333333,32.21109666666667,5.1,302.4,,
2025-07-10 22:39:14,119.24485666666666,32.213405,5.1,301.4,,
2025-07-10 22:42:15,119.24064166666666,32.21584,5.1,309.6,,
2025-07-10 22:45:15,119.23681166666668,32.218615,5.2,307.6,,
2025-07-10 22:48:16,119.23274166666668,32.221295,5.2,306.8,,
2025-07-10 22:52:16,119.227235,32.22483666666667,5.3,306.1,,
2025-07-10 22:55:17,119.22296666666666,32.22732166666667,5.3,304.0,,
2025-07-10 22:58:18,119.21881166666668,32.229778333333336,5.1,299.3,,
2025-07-10 23:01:18,119.21412,32.231518333333334,5.1,294.2,,
2025-07-10 23:04:19,119.20941333333332,32.233315,5.2,294.1,,
2025-07-10 23:07:49,119.203855,32.23533333333334,5.1,290.9,,
2025-07-10 23:10:50,119.19907,32.236885,5.2,290.6,,
2025-07-10 23:13:51,119.19423833333332,32.238345,5.1,291.1,,
2025-07-11 00:40:48,119.07426666666667,32.23851,4.1,226.5,,
2025-07-11 00:44:20,119.07098,32.23554,4.1,219.5,,
2025-07-11 00:47:53,119.06745666666669,32.230695,5.0,209.2,,
2025-07-11 00:51:23,119.065525,32.22772666666667,4.9,209.3,,
2025-07-11 00:55:25,119.06206166666666,32.22261666666667,5.4,215.2,,
2025-07-11 00:58:26,119.059415,32.21904333333333,5.0,211.8,,
2025-07-11 01:01:58,119.05646666666668,32.21445333333333,5.2,200.6,,
2025-07-11 01:05:01,119.054555,32.20943666666667,4.4,190.4,,
2025-07-11 01:09:31,119.0539,32.20548333333333,3.4,187.9,,
2025-07-11 01:12:32,119.05318,32.20359,2.1,207.0,,
2025-07-11 01:17:04,119.05235833333332,32.20230166666666,0.0,216.2,,
2025-07-11 01:50:21,119.05242166666666,32.202283333333334,0.0,65.6,,
2025-07-11 02:23:35,119.052415,32.20227666666667,0.0,65.6,,
2025-07-11 02:56:45,119.05240666666668,32.20227,0.0,65.6,,
2025-07-11 03:28:58,119.05241166666669,32.20227,0.0,65.6,,
2025-07-11 04:00:08,119.05240666666668,32.202281666666664,0.0,65.6,,
2025-07-11 04:30:20,119.05246166666667,32.202305,0.0,67.9,,
2025-07-11 05:00:32,119.05243833333331,32.202286666666666,0.0,67.9,,
2025-07-11 05:30:47,119.05244,32.202308333333335,0.0,154.9,,
2025-07-11 06:01:01,119.05240166666668,32.20231833333333,0.0,202.9,,
2025-07-11 06:33:42,119.05242,32.202328333333334,0.0,240.2,,
2025-07-11 07:03:57,119.05241833333334,32.202326666666664,0.0,300.3,,
2025-07-11 07:14:01,119.05329833333332,32.205558333333336,5.1,25.5,,
2025-07-11 07:16:02,119.05551333333334,32.208648333333336,7.3,34.2,,
2025-07-11 07:18:03,119.05838833333334,32.212165,8.1,36.9,,
2025-07-11 07:20:03,119.06137666666666,32.216161666666665,8.6,29.6,,
2025-07-11 07:22:04,119.06397166666666,32.220483333333334,9.1,26.0,,
2025-07-11 07:24:05,119.06681666666668,32.224963333333335,9.1,27.6,,
2025-07-11 07:26:06,119.07012333333331,32.22922666666667,8.9,37.0,,
2025-07-11 07:28:07,119.07398166666668,32.23305833333333,9.0,42.2,,
2025-07-11 07:30:08,119.07808,32.236605,8.8,46.4,,
2025-07-11 08:08:21,119.17953333333334,32.23962,7.6,109.4,,
2025-07-11 08:10:22,119.18428333333334,32.238173333333336,7.3,112.0,,
2025-07-11 08:12:53,119.190095,32.236075,8.2,119.8,,
2025-07-11 08:15:54,119.1971,32.233473333333336,7.8,115.0,,
2025-07-11 08:17:56,119.20418666666669,32.23066,7.9,114.3,,
2025-07-11 08:20:25,119.20767666666669,32.22923333333333,8.0,116.8,,
2025-07-11 08:22:56,119.21348333333331,32.22671666666667,8.1,117.3,,
2025-07-11 08:24:56,119.21800833333332,32.22471,7.8,121.1,,
2025-07-11 08:27:57,119.22474666666666,32.22171,7.5,119.7,,
2025-07-11 08:31:28,119.23222666666666,32.217913333333335,7.5,122.9,,
2025-07-11 08:34:29,119.238495,32.21419,7.8,128.1,,
2025-07-11 08:37:00,119.24350833333334,32.21087166666667,7.7,128.3,,
2025-07-11 08:40:01,119.249565,32.206855,7.8,127.8,,
2025-07-11 08:42:03,119.255835,32.202955,7.8,128.2,,
2025-07-11 08:45:02,119.26006666666666,32.20037833333333,8.1,125.2,,
2025-07-11 08:47:33,119.26542666666668,32.19719166666667,8.0,122.2,,
2025-07-11 08:49:33,119.26989166666668,32.19508666666667,8.1,116.3,,
2025-07-11 08:53:34,119.27945,32.191655,8.0,109.7,,
2025-07-11 08:56:36,119.289525,32.189233333333334,7.9,100.2,,
2025-07-11 08:59:05,119.2934,32.18883666666667,8.2,93.1,,
2025-07-11 09:01:06,119.2987,32.18874,8.3,89.4,,
2025-07-11 09:03:07,119.30408666666666,32.18884,8.2,88.6,,
2025-07-11 09:05:09,119.31224833333332,32.18875333333333,8.4,91.0,,
2025-07-11 09:07:38,119.31630166666666,32.18884,8.3,86.1,,
2025-07-11 09:09:39,119.32171333333334,32.189135,8.2,86.5,,
2025-07-11 09:11:39,119.32701333333333,32.189546666666665,7.9,81.2,,
2025-07-11 09:13:40,119.33211,32.19024666666667,8.2,80.3,,
2025-07-11 09:15:42,119.33951333333331,32.192025,7.5,66.8,,
2025-07-11 09:18:13,119.34506,32.19421833333333,7.5,63.9,,
2025-07-11 09:21:12,119.34951333333332,32.196108333333335,7.6,63.6,,
2025-07-11 09:23:43,119.35511666666666,32.198465,7.6,62.5,,
2025-07-11 09:25:44,119.359405,32.20059333333333,7.4,56.6,,
2025-07-11 09:28:45,119.36574833333331,32.204676666666664,8.8,49.1,,
2025-07-11 09:30:46,119.36957,32.20806,8.1,40.5,,
2025-07-11 09:33:47,119.37463333333334,32.213235,7.9,38.8,,
2025-07-11 09:35:48,119.37792666666668,32.216675,7.9,36.6,,
2025-07-11 09:38:49,119.38251,32.22181833333333,7.7,36.5,,
2025-07-11 09:41:50,119.38719333333331,32.226805,7.4,40.1,,
2025-07-11 09:43:51,119.39036166666666,32.23007666666667,7.5,37.7,,
2025-07-11 09:46:22,119.39428166666669,32.23416,7.6,41.4,,
2025-07-11 09:48:54,119.39826333333332,32.238263333333336,7.6,40.8,,
2025-07-11 11:01:23,119.53909666666668,32.236248333333336,5.3,137.4,,
2025-07-11 11:04:54,119.54341833333334,32.23187333333333,6.2,142.6,,
2025-07-11 11:07:55,119.546815,32.22816,5.5,142.3,,
2025-07-11 11:10:56,119.548905,32.223785,5.9,168.9,,
2025-07-11 11:13:26,119.549555,32.21990666666667,6.0,177.2,,
2025-07-11 11:16:27,119.549865,32.214996666666664,6.2,177.0,,
2025-07-11 11:19:29,119.54970333333333,32.20762333333333,6.4,175.2,,
2025-07-11 11:21:58,119.54992833333333,32.20480833333333,6.5,173.6,,
2025-07-11 11:23:58,119.55056833333332,32.20111,6.8,168.6,,
2025-07-11 11:30:29,119.55817333333331,32.192315,6.0,121.8,,
2025-07-11 11:33:00,119.56283666666668,32.190661666666664,6.3,107.6,,
2025-07-11 11:35:00,119.56696833333334,32.18958,6.6,103.8,,
2025-07-11 11:37:01,119.57139166666668,32.188625,6.8,103.5,,
2025-07-11 11:40:01,119.57817,32.18770833333333,6.9,95.1,,
2025-07-11 11:42:32,119.58399666666666,32.187506666666664,7.0,91.8,,
2025-07-11 11:44:33,119.58871166666668,32.18751666666667,7.1,88.4,,
2025-07-11 11:46:33,119.59339666666666,32.18767166666667,6.9,87.2,,
2025-07-11 11:49:04,119.59917333333334,32.188185,7.0,81.7,,
2025-07-11 11:52:35,119.60704833333334,32.18939666666667,6.9,77.3,,
2025-07-11 11:55:36,119.61380166666666,32.190738333333336,7.1,75.9,,
2025-07-11 11:59:07,119.62183166666668,32.192231666666665,7.1,78.6,,
2025-07-11 12:01:37,119.62751333333334,32.193175,6.9,80.9,,
2025-07-11 12:03:38,119.63202333333334,32.19391666666667,6.9,75.3,,
2025-07-11 12:06:39,119.638685,32.19569166666667,7.2,70.2,,
2025-07-11 12:09:10,119.644185,32.19750833333333,7.1,69.6,,
2025-07-11 12:11:40,119.64948666666666,32.199508333333334,7.1,63.8,,
2025-07-11 12:14:11,119.65456666666668,32.201875,7.1,59.0,,
2025-07-11 12:16:12,119.65832666666668,32.20419166666667,7.3,49.3,,
2025-07-11 12:18:12,119.66191333333332,32.20751666666666,8.6,39.5,,
2025-07-11 12:21:13,119.66690833333334,32.21345,9.0,33.9,,
2025-07-11 12:23:43,119.67115333333334,32.21877666666666,9.3,32.1,,
2025-07-11 12:26:14,119.67490333333332,32.224125,8.4,29.1,,
2025-07-11 12:28:14,119.67707666666666,32.228091666666664,8.0,21.1,,
2025-07-11 12:30:15,119.67880333333332,32.23216,8.0,18.4,,
2025-07-11 12:32:15,119.680475,32.236196666666665,7.9,20.6,,
2025-07-11 14:42:17,119.87351166666669,32.236311666666666,7.5,165.4,,
2025-07-11 14:44:19,119.87510166666668,32.23022666666667,7.3,165.4,,
2025-07-11 14:46:19,119.876445,32.22625333333333,7.6,163.9,,
2025-07-11 14:48:48,119.877435,32.22319666666667,7.7,166.6,,
2025-07-11 14:50:48,119.87841833333331,32.219045,7.7,169.6,,
2025-07-11 14:52:49,119.87925,32.21481333333333,7.7,171.0,,
2025-07-11 14:55:19,119.880105,32.209408333333336,7.7,170.8,,
2025-07-11 14:57:19,119.880895,32.205083333333334,8.0,172.5,,
2025-07-11 14:59:19,119.88170166666669,32.20071,8.1,170.2,,
2025-07-11 15:01:20,119.88264666666667,32.196281666666664,8.1,169.3,,
2025-07-11 15:03:20,119.88353833333332,32.191896666666665,8.2,171.7,,
2025-07-11 15:05:50,119.884545,32.18629166666667,8.2,170.9,,
2025-07-11 15:08:51,119.8856,32.179518333333334,8.3,172.8,,
2025-07-11 15:11:21,119.886295,32.17383,8.3,175.4,,
2025-07-11 15:13:21,119.88676166666669,32.169243333333334,8.2,175.0,,
2025-07-11 15:15:21,119.887285,32.16466333333333,8.1,175.0,,
2025-07-11 15:17:52,119.88826,32.158985,8.1,168.8,,
2025-07-11 15:21:21,119.89035,32.150885,8.9,166.2,,
2025-07-11 15:23:21,119.89185333333332,32.14613833333333,8.8,163.7,,
2025-07-11 15:26:22,119.89458333333332,32.139015,9.1,161.7,,
2025-07-11 15:28:23,119.896495,32.134285,8.8,160.1,,
2025-07-11 15:30:53,119.89888833333332,32.12839,8.9,158.9,,
2025-07-11 15:32:53,119.901255,32.12389666666667,8.5,156.2,,
2025-07-11 15:34:53,119.90328833333334,32.119278333333334,9.1,164.1,,
2025-07-11 15:37:53,119.90577666666668,32.112195,8.4,162.8,,
2025-07-11 15:39:53,119.90738,32.10746666666667,8.8,164.6,,
2025-07-11 15:42:23,119.90937333333332,32.10161166666666,8.9,162.5,,
2025-07-11 15:44:25,119.91124166666668,32.096938333333334,8.7,161.6,,
2025-07-11 15:47:24,119.914175,32.089861666666664,9.0,158.4,,
2025-07-11 15:49:54,119.91700666666668,32.08399,9.1,155.2,,
2025-07-11 15:55:25,119.92347166666669,32.070993333333334,9.4,158.1,,
2025-07-11 15:57:26,119.92584166666668,32.066195,9.6,156.3,,
2025-07-11 15:59:27,119.92826333333332,32.06142,9.2,157.9,,
2025-07-11 16:01:57,119.93125833333332,32.05548,9.2,154.8,,
2025-07-11 16:05:56,119.93651,32.046325,9.2,151.1,,
2025-07-11 16:07:57,119.93946166666667,32.041846666666665,9.5,150.0,,
2025-07-11 16:10:59,119.94361833333332,32.03503333333333,9.2,152.5,,
2025-07-11 16:12:59,119.94645333333334,32.030565,9.0,148.9,,
2025-07-11 16:14:59,119.94940666666666,32.026226666666666,9.0,150.7,,
2025-07-11 16:18:29,119.95447,32.018818333333336,8.6,147.3,,
2025-07-11 16:20:29,119.957785,32.014941666666665,8.6,143.5,,
2025-07-11 16:23:00,119.962345,32.01042666666667,8.6,136.5,,
2025-07-11 16:25:00,119.96632166666669,32.007106666666665,8.6,131.9,,
2025-07-11 16:27:31,119.97170666666666,32.00315166666667,8.7,131.1,,
2025-07-11 16:29:31,119.97622666666666,32.000301666666665,8.7,126.1,,
2025-07-11 16:31:32,119.98077833333332,31.997095,9.1,133.6,,
2025-07-11 16:33:32,119.98515,31.993393333333334,9.6,135.1,,
2025-07-11 16:35:34,119.99157833333334,31.987666666666662,9.2,135.6,,
2025-07-11 16:38:03,119.99471833333334,31.984901666666666,8.9,137.3,,
2025-07-11 16:40:03,119.99873666666667,31.981146666666667,9.3,139.0,,
2025-07-11 16:42:04,120.00264333333334,31.977363333333333,8.8,138.3,,
2025-07-11 16:44:04,120.00682666666668,31.974156666666666,8.3,126.2,,
2025-07-11 16:46:05,120.01152,31.97179833333333,8.3,117.5,,
2025-07-11 16:48:05,120.01653666666668,31.970211666666668,8.1,107.0,,
2025-07-11 16:52:06,120.02713,31.966795,9.2,115.3,,
2025-07-11 16:54:06,120.03264,31.964705,9.4,112.9,,
2025-07-11 16:56:07,120.038285,31.963026666666668,9.3,105.3,,
2025-07-11 16:58:38,120.04557666666666,31.961528333333334,9.1,104.1,,
2025-07-11 17:00:38,120.05130166666666,31.96039,9.4,103.6,,
2025-07-11 17:02:39,120.05706,31.959051666666667,9.0,104.4,,
2025-07-11 17:05:11,120.06415833333334,31.95723333333333,9.0,109.1,,
2025-07-11 17:08:10,120.07240333333333,31.955015,8.7,106.8,,
2025-07-11 17:10:41,120.07928333333334,31.953285,8.6,107.7,,
2025-07-11 17:13:12,120.086035,31.951263333333333,8.7,110.4,,
2025-07-11 17:15:12,120.09127666666669,31.94963333333333,8.5,111.4,,
2025-07-11 17:18:43,120.10031166666668,31.946591666666663,8.4,110.8,,
2025-07-11 17:21:14,120.10677166666666,31.944681666666668,8.2,107.8,,
2025-07-11 17:43:24,120.16230833333331,31.932826666666667,7.6,109.1,,
2025-07-11 17:47:26,120.17182166666667,31.93001,7.7,108.1,,
2025-07-11 17:57:02,120.19429,31.927018333333333,7.2,95.8,,
2025-07-11 17:59:33,120.19986333333334,31.92717,6.4,77.6,,
2025-07-11 18:02:34,120.20632833333332,31.928545,6.9,79.6,,
2025-07-11 18:18:42,120.24201166666668,31.932471666666668,5.6,74.7,,
2025-07-11 18:23:11,120.248015,31.934148333333333,5.6,70.7,,
2025-07-11 18:26:43,120.25378666666668,31.93615,5.4,67.0,,
2025-07-11 18:29:43,120.25834,31.937925,4.9,63.5,,
2025-07-11 18:32:44,120.26282666666668,31.939665,4.9,65.3,,
2025-07-11 18:35:45,120.26722666666667,31.94134,4.8,65.7,,
2025-07-11 18:38:46,120.27154666666668,31.94289333333333,5.5,49.5,,
2025-07-11 18:41:47,120.27586166666669,31.94440833333333,4.8,76.3,,
2025-07-11 18:47:18,120.28451666666666,31.946981666666662,5.0,65.9,,
2025-07-11 18:50:18,120.28908333333334,31.94862333333333,5.1,67.6,,
2025-07-11 18:54:49,120.29593666666666,31.950758333333333,5.1,69.8,,
2025-07-11 18:57:49,120.300365,31.952215,4.8,70.4,,
2025-07-11 19:00:50,120.30488833333334,31.953601666666668,5.0,71.5,,
2025-07-11 19:03:50,120.30939,31.954968333333333,4.7,68.5,,
2025-07-11 19:07:51,120.31561,31.956346666666665,4.9,86.4,,
2025-07-11 19:11:52,120.32168,31.956886666666666,4.5,77.6,,
2025-07-11 19:15:22,120.32658,31.95807,4.4,68.4,,
2025-07-11 19:18:53,120.33178666666667,31.959551666666663,4.7,70.0,,
2025-07-11 19:24:56,120.34218666666666,31.96295,5.1,69.3,,
2025-07-11 19:28:25,120.34601666666669,31.96423833333333,5.1,68.1,,
2025-07-11 19:31:26,120.35089833333332,31.965533333333333,5.3,75.7,,
2025-07-11 19:34:57,120.35689166666668,31.96637,5.2,77.7,,
2025-07-11 19:37:58,120.36174833333334,31.967613333333333,5.2,73.8,,
2025-07-11 19:41:29,120.36744166666666,31.96883,5.2,80.7,,
2025-07-11 19:44:29,120.37237,31.969095,4.9,92.1,,
2025-07-11 19:48:00,120.37806833333332,31.96947,5.1,81.9,,
2025-07-11 19:51:02,120.38292833333334,31.96969333333333,4.7,88.7,,
2025-07-11 19:55:03,120.38917833333332,31.970015,4.5,81.6,,
2025-07-11 19:58:04,120.39361666666667,31.970106666666663,4.7,96.1,,
2025-07-11 20:01:36,120.39979666666666,31.969655,5.7,93.3,,
2025-07-11 20:04:38,120.40533,31.96939,6.0,92.4,,
2025-07-11 20:10:42,120.41578,31.96886,3.9,92.3,,
2025-07-11 20:13:44,120.418415,31.968671666666665,2.2,100.9,,
2025-07-11 20:49:36,120.41923666666666,31.968316666666663,0.0,135.7,,
2025-07-11 21:29:55,120.41931166666669,31.968275,0.0,135.7,,
2025-07-11 22:06:15,120.41931333333332,31.968265,0.0,135.7,,
2025-07-11 22:36:28,120.41931166666669,31.96826833333333,0.0,135.7,,
2025-07-11 23:08:45,120.41932666666666,31.968275,0.0,135.7,,
2025-07-11 23:39:00,120.41933166666666,31.968271666666663,0.0,135.7,,
2025-07-12 00:09:16,120.41932833333334,31.96827,0.0,135.7,,
2025-07-12 00:43:31,120.419305,31.968276666666668,0.0,135.7,,
2025-07-12 01:19:51,120.41928833333333,31.96827833333333,0.0,135.7,,
2025-07-12 01:56:09,120.41928166666666,31.968291666666666,0.0,135.7,,
2025-07-12 02:26:23,120.41929166666668,31.96828333333333,0.0,135.7,,
2025-07-12 02:58:01,120.419295,31.968285,0.0,135.7,,
2025-07-12 03:28:17,120.41929333333331,31.968291666666666,0.0,135.7,,
2025-07-12 04:01:34,120.42064166666668,31.96811333333333,0.0,103.2,,
2025-07-12 04:31:50,120.42065166666669,31.96805833333333,0.0,103.2,,
2025-07-12 05:02:05,120.42066333333334,31.96803333333333,0.0,103.2,,
2025-07-12 05:35:24,120.42067333333334,31.96803,0.0,103.2,,
2025-07-12 06:14:44,120.42064333333332,31.968026666666667,0.0,103.2,,
2025-07-12 06:44:58,120.42064833333332,31.96802333333333,0.0,103.2,,
2025-07-12 07:15:14,120.42064166666668,31.968025,0.0,103.2,,
2025-07-12 07:48:31,120.41839666666668,31.968921666666667,4.9,289.7,,
2025-07-12 07:51:02,120.41373,31.97047833333333,6.6,286.3,,
2025-07-12 07:53:03,120.409595,31.971296666666667,6.3,276.0,,
2025-07-12 07:56:04,120.40339833333331,31.971051666666668,6.2,267.8,,
2025-07-12 07:59:35,120.39614333333331,31.970921666666666,6.2,270.5,,
2025-07-12 08:01:36,120.39215833333331,31.9709,6.2,269.0,,
2025-07-12 08:03:37,120.388205,31.97037,6.2,260.1,,
2025-07-12 08:06:08,120.38291,31.969898333333333,6.7,270.9,,
2025-07-12 08:08:09,120.37849333333334,31.970445,7.1,278.0,,
2025-07-12 08:10:10,120.37380666666668,31.970101666666668,7.3,254.5,,
2025-07-12 08:12:11,120.36905166666666,31.96931,7.0,260.8,,
2025-07-12 08:14:12,120.364615,31.968745,6.5,261.0,,
2025-07-12 08:16:13,120.36043,31.967945,6.4,255.8,,
2025-07-12 08:18:15,120.35634666666668,31.966791666666666,6.5,254.9,,
2025-07-12 08:20:16,120.35219666666669,31.966025,6.5,258.1,,
2025-07-12 08:22:17,120.34796833333333,31.965246666666665,6.7,255.8,,
2025-07-12 08:24:48,120.342655,31.964031666666667,6.7,254.9,,
2025-07-12 08:26:49,120.33835166666668,31.96306,6.8,255.4,,
2025-07-12 08:28:49,120.33398333333334,31.96213833333333,6.7,257.7,,
2025-07-12 08:31:51,120.32739,31.960833333333333,6.7,254.5,,
2025-07-12 08:34:22,120.32190166666666,31.959771666666665,6.6,257.1,,
2025-07-12 08:38:53,120.31204333333334,31.95769,7.2,256.5,,
2025-07-12 08:40:54,120.30716666666666,31.95724333333333,6.7,281.5,,
2025-07-12 08:43:56,120.30121333333334,31.958881666666667,5.6,268.3,,
2025-07-12 08:45:57,120.29749666666666,31.95819333333333,6.1,252.5,,
2025-07-12 08:49:52,120.289965,31.956835,9.6,189.6,,
2025-07-12 08:53:00,120.28405,31.95521833333333,6.0,246.5,,
2025-07-12 08:55:31,120.27941,31.95343,6.2,243.5,,
2025-07-12 08:57:32,120.27573333333332,31.95185,6.4,244.1,,
2025-07-12 08:59:33,120.27206666666666,31.950115,6.4,240.9,,
2025-07-12 09:01:34,120.26839833333334,31.94838833333333,6.4,241.0,,
2025-07-12 09:03:34,120.26467666666667,31.94689,6.5,244.2,,
2025-07-12 09:05:35,120.26076,31.945533333333334,6.3,246.8,,
2025-07-12 09:07:36,120.25688833333334,31.944323333333333,5.9,254.3,,
2025-07-12 09:10:08,120.25203,31.943016666666665,5.9,255.1,,
2025-07-12 09:12:38,120.247085,31.942316666666667,6.1,261.0,,
2025-07-12 09:14:38,120.243175,31.941756666666667,6.2,258.4,,
2025-07-12 09:16:39,120.23908333333334,31.940965,6.6,257.8,,
2025-07-12 09:19:10,120.23375333333334,31.94037,6.4,270.1,,
2025-07-12 09:21:10,120.22956,31.940186666666666,6.7,266.6,,
2025-07-12 09:23:41,120.22431833333331,31.940325,6.1,274.0,,
2025-07-12 09:25:42,120.22026166666669,31.9407,6.1,274.4,,
2025-07-12 09:28:12,120.21520333333332,31.9412,6.3,275.9,,
2025-07-12 09:30:13,120.21111333333332,31.941641666666666,6.3,277.7,,
2025-07-12 09:32:44,120.20603666666666,31.94209833333333,6.2,274.5,,
2025-07-12 09:35:45,120.20000166666668,31.942641666666667,6.2,275.8,,
2025-07-12 09:39:16,120.19353833333334,31.943006666666665,5.2,274.0,,
2025-07-12 09:42:48,120.18715166666668,31.94343,5.7,276.8,,
2025-07-12 09:46:19,120.18072333333332,31.94405833333333,5.5,284.3,,
2025-07-12 09:50:21,120.173145,31.945418333333333,6.4,280.6,,
2025-07-12 09:52:52,120.16783666666667,31.945541666666667,6.6,267.1,,
2025-07-12 09:54:52,120.16384,31.945966666666667,6.1,281.6,,
2025-07-12 09:56:53,120.15982833333334,31.94655333333333,6.3,279.7,,
2025-07-12 09:58:54,120.15573666666668,31.947025,6.3,275.4,,
2025-07-12 10:00:55,120.15156666666668,31.947485,6.3,277.1,,
2025-07-12 10:04:26,120.14440666666668,31.94851,6.2,283.0,,
2025-07-12 10:06:27,120.14038333333332,31.949335,6.0,284.1,,
2025-07-12 10:08:28,120.13642333333334,31.950166666666668,6.1,282.3,,
2025-07-12 10:39:41,120.07442166666668,31.962285,5.8,281.1,,
2025-07-12 11:04:54,120.02809333333332,31.973176666666667,6.0,294.5,,
2025-07-12 11:07:55,120.02300666666666,31.974978333333333,5.6,286.5,,
2025-07-12 11:10:56,120.01825333333332,31.97726,5.7,303.7,,
2025-07-12 11:13:58,120.01328666666669,31.979651666666665,5.9,299.6,,
2025-07-12 11:17:30,120.00754666666668,31.98247333333333,5.7,298.7,,
2025-07-12 11:20:31,120.00292833333332,31.984851666666668,5.4,303.1,,
2025-07-12 11:23:32,119.99857666666666,31.987341666666666,5.2,308.5,,
2025-07-12 11:26:33,119.99457,31.990085,5.3,311.2,,
2025-07-12 11:29:35,119.99066666666668,31.993086666666667,5.1,312.0,,
2025-07-12 11:32:36,119.986625,31.995886666666667,5.1,305.6,,
2025-07-12 11:35:38,119.98324333333332,31.998926666666662,4.8,317.1,,
2025-07-12 11:38:39,119.98012166666666,32.00210666666667,4.9,319.1,,
2025-07-12 11:41:41,119.97668,32.00517333333333,5.1,316.9,,
2025-07-12 11:44:43,119.97289166666668,32.00798833333333,5.1,307.5,,
2025-07-12 11:48:15,119.96841,32.01121333333333,5.0,311.0,,
2025-07-12 11:51:17,119.96484,32.014145,4.9,316.0,,
2025-07-12 11:54:18,119.96156666666668,32.01725,5.1,318.9,,
2025-07-12 11:57:20,119.95848166666669,32.02050666666667,5.1,321.0,,
2025-07-12 12:00:20,119.955615,32.023756666666664,4.8,326.5,,
2025-07-12 12:03:21,119.95308333333334,32.027115,4.7,328.9,,
2025-07-12 12:06:23,119.95182166666666,32.03074,4.6,344.8,,
2025-07-12 12:09:55,119.94988333333332,32.03494166666667,4.5,338.1,,
2025-07-12 12:13:57,119.95037666666668,32.03978166666667,4.8,19.5,,
2025-07-12 12:18:29,119.95105,32.04546,3.6,3.3,,
2025-07-12 12:57:17,119.951825,32.04750833333333,0.0,199.8,,
2025-07-12 13:30:27,119.95184,32.04750166666667,0.0,199.8,,
2025-07-12 14:00:35,119.95185,32.04750166666667,0.0,196.0,,
2025-07-12 14:33:42,119.95184666666668,32.04750166666667,0.0,196.0,,
2025-07-12 15:08:29,119.95183833333331,32.047493333333335,0.0,196.0,,
2025-07-12 15:41:37,119.95183833333331,32.04749833333333,0.0,196.0,,
2025-07-12 16:20:49,119.95185166666668,32.047505,0.0,196.0,,
2025-07-12 16:53:58,119.95185,32.047495,0.0,196.0,,
2025-07-12 17:24:05,119.951845,32.047491666666666,0.0,196.0,,
2025-07-12 17:54:13,119.95186,32.0475,0.0,196.0,,
2025-07-12 18:30:22,119.95184,32.0475,0.0,196.0,,
2025-07-12 19:00:30,119.95182833333334,32.04751,0.0,196.0,,
2025-07-12 19:30:39,119.95178,32.04755333333333,0.0,196.0,,
2025-07-12 20:00:47,119.95167166666668,32.047725,0.0,196.0,,
2025-07-12 20:33:58,119.95171666666668,32.047815,0.0,196.0,,
2025-07-12 21:04:11,119.95175666666668,32.047815,0.0,196.0,,
2025-07-12 21:35:22,119.95177,32.04781333333333,0.0,196.0,,
2025-07-12 22:10:36,119.95177,32.047806666666666,0.0,196.0,,
2025-07-12 22:43:50,119.95177833333334,32.0478,0.0,196.0,,
2025-07-12 23:14:02,119.95178833333334,32.047695,0.0,196.0,,
2025-07-12 23:47:16,119.95174333333334,32.047655,0.0,196.0,,
2025-07-13 00:50:44,119.95184666666668,32.04750833333333,0.0,196.0,,
2025-07-13 01:45:04,119.95187333333334,32.04751666666667,0.0,196.0,,
2025-07-13 04:10:01,119.95186666666666,32.047475,0.0,196.0,,
2025-07-13 04:52:16,119.951855,32.04748333333333,0.0,196.0,,
2025-07-13 05:25:28,119.95187,32.04748166666667,0.0,196.0,,
2025-07-13 05:55:38,119.95187333333334,32.047486666666664,0.0,196.0,,
2025-07-13 08:50:48,119.95184833333332,32.04752666666667,0.0,196.0,,
2025-07-13 09:45:11,119.95177833333334,32.04759833333333,0.0,196.0,,
2025-07-13 10:35:00,119.944525,32.034533333333336,7.3,161.6,,
2025-07-13 10:43:04,119.95323666666668,32.019486666666666,6.6,153.2,,
2025-07-13 10:51:37,119.96384833333332,32.009146666666666,5.1,132.8,,
2025-07-13 10:55:10,119.9681,32.005716666666665,5.3,133.6,,
2025-07-13 11:01:11,119.97539333333332,31.99908333333333,5.8,141.2,,
2025-07-13 11:04:13,119.97711,31.996486666666662,1.8,185.8,,
2025-07-13 11:07:14,119.97629833333332,31.99589333333333,1.0,259.8,,
2025-07-13 11:10:16,119.97613333333334,31.99586,0.0,263.8,,
2025-07-13 11:46:32,119.97597833333332,31.995851666666667,0.0,21.5,,
2025-07-13 12:16:38,119.97597833333332,31.99585,0.0,21.5,,
2025-07-13 12:46:44,119.97598333333332,31.995845,0.0,21.5,,
2025-07-13 13:16:49,119.97598833333332,31.995833333333334,0.0,21.5,,
2025-07-13 13:46:54,119.97599666666666,31.995796666666667,0.0,21.5,,
2025-07-13 14:20:08,119.97597833333332,31.99581833333333,0.0,21.5,,
2025-07-13 14:50:22,119.97597,31.99583833333333,0.0,21.5,,
2025-07-13 15:20:37,119.97596666666666,31.995843333333333,0.0,21.5,,
2025-07-13 15:50:52,119.97597666666668,31.995845,0.0,21.5,,
2025-07-13 16:21:07,119.975985,31.995851666666667,0.0,323.8,,
2025-07-13 16:51:21,119.97601833333331,31.995843333333333,0.0,323.8,,
2025-07-13 17:21:41,119.976,31.99584,0.0,323.8,,
2025-07-13 17:52:15,119.97600333333334,31.995835,0.0,323.8,,
2025-07-13 18:22:28,119.97600666666666,31.995831666666668,0.0,323.8,,
2025-07-13 18:52:39,119.976,31.995836666666666,0.0,255.7,,
2025-07-13 18:59:13,119.97681333333334,31.996773333333334,3.9,59.4,,
2025-07-13 19:02:13,119.98133,31.998933333333333,5.3,52.5,,
2025-07-13 19:06:17,119.98052833333334,32.00210666666667,3.2,318.1,,
2025-07-13 19:09:46,119.97871,32.00374166666667,3.2,314.6,,
2025-07-13 19:13:18,119.97593166666668,32.00594,3.3,313.1,,
2025-07-13 19:16:19,119.97315333333331,32.007485,3.6,297.2,,
2025-07-13 19:19:20,119.97018666666666,32.009135,3.8,311.5,,
2025-07-13 19:22:21,119.96756333333332,32.011291666666665,3.8,316.5,,
2025-07-13 19:26:23,119.96413333333334,32.01441,4.1,322.5,,
2025-07-13 19:29:24,119.96170833333332,32.01688333333333,3.8,316.3,,
2025-07-13 19:32:56,119.95903333333334,32.01964666666667,3.6,331.9,,
2025-07-13 19:36:27,119.95698833333331,32.02281,3.6,328.2,,
2025-07-13 19:41:30,119.95323166666668,32.02704,3.9,325.0,,
2025-07-13 19:45:32,119.95045333333331,32.03060166666667,3.8,328.3,,
2025-07-13 19:50:04,119.94733,32.034821666666666,4.2,335.1,,
2025-07-13 19:54:06,119.945875,32.03919,4.1,348.5,,
2025-07-13 20:00:39,119.94259833333334,32.04618833333333,4.3,334.8,,
2025-07-13 20:05:11,119.93997,32.051505,4.7,338.3,,
2025-07-13 20:08:44,119.93790833333334,32.05584833333333,4.7,338.4,,
2025-07-13 20:12:45,119.93567333333333,32.060966666666666,4.7,343.9,,
2025-07-13 20:15:46,119.93402166666668,32.06489833333333,5.0,342.3,,
2025-07-13 20:19:48,119.93193666666669,32.07030666666667,5.1,335.9,,
2025-07-13 20:22:48,119.93044833333332,32.07433666666667,5.4,345.8,,
2025-07-13 20:26:51,119.92867666666666,32.080038333333334,5.3,346.2,,
2025-07-13 20:30:22,119.92731833333332,32.08509333333333,5.5,342.5,,
2025-07-13 20:33:23,119.92573333333333,32.08956833333333,5.6,347.9,,
2025-07-13 20:37:55,119.923765,32.096705,6.1,347.4,,
2025-07-13 20:40:56,119.92297,32.101605,5.9,355.8,,
2025-07-13 20:42:57,119.92228333333334,32.104861666666665,6.0,351.2,,
2025-07-13 20:44:58,119.92169666666666,32.10842666666667,6.6,352.8,,
2025-07-13 20:46:59,119.920795,32.11208166666667,6.6,345.9,,
2025-07-13 20:50:00,119.918935,32.117223333333335,6.1,339.9,,
2025-07-13 20:53:01,119.916455,32.122065,6.3,338.0,,
2025-07-13 20:55:33,119.91443333333332,32.12622666666667,6.4,337.0,,
2025-07-13 20:57:33,119.91291333333334,32.129603333333336,6.7,345.8,,
2025-07-13 20:59:34,119.91208333333331,32.13301333333333,6.1,353.5,,
2025-07-13 21:02:05,119.91159333333331,32.13739833333333,6.7,353.8,,
2025-07-13 21:04:36,119.91119833333332,32.14179333333333,6.3,355.4,,
2025-07-13 21:06:37,119.91079166666668,32.145318333333336,6.1,355.7,,
2025-07-13 21:09:08,119.91017833333332,32.14980833333333,6.6,353.4,,
2025-07-13 21:11:09,119.90959,32.153425,6.6,351.9,,
2025-07-13 21:13:09,119.90890833333331,32.157048333333336,6.6,349.2,,
2025-07-13 21:15:10,119.90815,32.160651666666666,6.7,349.8,,
2025-07-13 21:17:10,119.90733166666666,32.164305,6.7,349.7,,
2025-07-13 21:19:11,119.90662,32.16793,6.7,350.0,,
2025-07-13 21:21:12,119.90594166666666,32.17156666666666,6.5,351.2,,
2025-07-13 21:23:12,119.90563,32.17337,6.5,350.9,,
2025-07-13 21:25:13,119.90453333333332,32.17872833333333,6.6,348.4,,
2025-07-13 21:27:14,119.90361,32.182305,6.4,347.7,,
2025-07-13 21:29:15,119.90318666666668,32.18411,6.5,346.9,,
2025-07-13 21:31:15,119.90217166666666,32.18751833333334,6.3,345.8,,
2025-07-13 21:33:16,119.901195,32.19273166666667,6.2,353.6,,
2025-07-13 21:35:17,119.90066166666666,32.19618666666667,6.3,350.9,,
2025-07-13 21:38:18,119.89973833333332,32.20137833333333,6.2,351.1,,
2025-07-13 21:40:18,119.89886833333334,32.20480833333333,6.1,344.1,,
2025-07-13 21:42:19,119.89776333333332,32.20818,6.3,345.3,,
2025-07-13 21:44:50,119.89711833333334,32.21082166666667,6.6,350.2,,
2025-07-13 21:47:51,119.89533,32.21781333333333,6.4,347.6,,
2025-07-13 21:49:52,119.89426833333332,32.22127666666667,6.3,338.4,,
2025-07-13 21:51:53,119.89259,32.22452,6.2,336.3,,
2025-07-13 21:53:53,119.89107833333334,32.227803333333334,6.4,339.4,,
2025-07-13 21:56:25,119.88939833333332,32.232033333333334,6.2,341.7,,
2025-07-13 21:58:26,119.88805666666669,32.235373333333335,6.5,341.9,,
2025-07-13 22:00:57,119.886215,32.23953,6.5,337.0,,
2025-07-14 00:38:19,119.676295,32.23932,6.2,195.7,,
2025-07-14 00:40:20,119.67515833333331,32.236105,5.8,197.3,,
2025-07-14 00:43:21,119.67356833333334,32.23155,5.7,196.9,,
2025-07-14 00:46:23,119.67164833333334,32.22721666666666,5.8,205.4,,
2025-07-14 00:49:55,119.668915,32.22209,5.8,208.9,,
2025-07-14 00:52:57,119.66589333333332,32.217985,5.6,214.9,,
2025-07-14 00:55:58,119.662445,32.21435666666667,5.4,224.6,,
2025-07-14 00:59:00,119.65893666666666,32.210953333333336,5.1,218.5,,
2025-07-14 01:02:32,119.65482833333331,32.207096666666665,5.4,225.0,,
2025-07-14 01:05:34,119.65102666666668,32.204251666666664,4.9,231.1,,
2025-07-14 01:10:08,119.64237,32.20081666666667,6.0,250.9,,
2025-07-14 01:13:38,119.63777,32.19985,5.4,257.2,,
2025-07-14 01:21:43,119.62470333333331,32.196086666666666,5.0,251.3,,
2025-07-14 01:26:15,119.61738,32.194448333333334,5.4,259.6,,
2025-07-14 01:31:48,119.60822333333331,32.19265333333333,4.9,262.1,,
2025-07-14 01:39:53,119.59563,32.191896666666665,4.7,264.8,,
2025-07-14 01:45:25,119.58676666666666,32.191048333333335,5.0,264.5,,
2025-07-14 01:48:29,119.58031666666666,32.19055,5.0,266.5,,
2025-07-14 01:52:29,119.57564333333332,32.190933333333334,4.7,285.4,,
2025-07-14 01:56:00,119.57063166666669,32.19220833333333,4.5,283.0,,
2025-07-14 02:01:03,119.563335,32.194105,4.4,295.5,,
2025-07-14 02:04:05,119.56060166666668,32.19502,4.4,289.1,,
2025-07-14 02:10:07,119.55359333333334,32.200518333333335,4.4,344.5,,
2025-07-14 02:13:09,119.5527,32.20407333333333,4.1,353.8,,
2025-07-14 02:16:10,119.55247166666666,32.207728333333336,4.4,358.0,,
2025-07-14 02:19:10,119.55239833333331,32.21144833333334,4.7,355.0,,
2025-07-14 02:22:42,119.55224333333334,32.21729,4.8,352.9,,
2025-07-14 02:26:11,119.55176833333331,32.22056833333333,4.9,351.0,,
2025-07-14 02:30:12,119.550995,32.225941666666664,5.0,0.6,,
2025-07-14 02:33:13,119.55103666666666,32.22727833333333,4.6,0.7,,
2025-07-14 02:37:13,119.54947,32.23497166666667,4.4,327.5,,
2025-07-14 02:40:44,119.54614333333332,32.238121666666665,4.5,296.5,,
2025-07-14 04:44:56,119.39348666666666,32.23768333333334,4.4,212.3,,
2025-07-14 04:47:56,119.39082166666668,32.23475333333333,4.2,216.3,,
2025-07-14 04:50:57,119.38846666666667,32.23168666666667,4.6,212.1,,
2025-07-14 04:55:00,119.3836,32.22642833333333,5.0,222.6,,
2025-07-14 04:58:00,119.38125666666669,32.22455333333333,4.7,228.4,,
2025-07-14 05:02:01,119.376795,32.22076333333333,5.0,222.3,,
2025-07-14 05:05:01,119.37331833333332,32.217525,5.4,218.8,,
2025-07-14 05:08:02,119.36985666666666,32.214346666666664,5.1,223.1,,
2025-07-14 05:11:03,119.366575,32.211365,4.6,225.2,,
2025-07-14 05:14:04,119.36338,32.20872833333333,4.6,220.9,,
2025-07-14 05:19:05,119.35857666666666,32.20409333333333,4.0,236.8,,
2025-07-14 05:22:05,119.35498666666666,32.202618333333334,4.1,250.0,,
2025-07-14 05:25:05,119.35118333333334,32.201343333333334,4.1,244.8,,
2025-07-14 05:28:06,119.34751833333333,32.19970166666667,4.3,243.7,,
2025-07-14 05:31:06,119.34371666666668,32.198571666666666,4.1,254.0,,
2025-07-14 05:37:38,119.335035,32.19602666666667,4.1,255.9,,
2025-07-14 05:40:38,119.33090833333333,32.19533666666667,4.2,260.3,,
2025-07-14 05:43:39,119.32672166666669,32.194828333333334,4.2,260.9,,
2025-07-14 05:46:39,119.32248333333334,32.19439166666667,4.2,262.3,,
2025-07-14 05:49:40,119.31815166666668,32.19401,4.6,262.7,,
2025-07-14 05:53:40,119.31241666666666,32.19292333333333,4.6,249.4,,
2025-07-14 05:56:41,119.30842333333334,32.192326666666666,3.7,270.1,,
2025-07-14 05:59:42,119.30473166666668,32.192753333333336,4.0,281.3,,
2025-07-14 06:02:43,119.300795,32.19324,4.3,273.3,,
2025-07-14 06:07:44,119.293485,32.19354833333333,4.6,271.3,,
2025-07-14 06:10:44,119.28895333333334,32.19396,5.0,278.2,,
2025-07-14 06:14:45,119.283075,32.19486333333333,4.2,287.0,,
2025-07-14 06:17:45,119.27916166666668,32.196218333333334,4.4,295.7,,
2025-07-14 06:21:15,119.27479833333334,32.198096666666665,4.2,296.5,,
2025-07-14 06:26:16,119.26864666666668,32.200918333333334,4.4,293.8,,
2025-07-14 06:29:17,119.264725,32.20253,4.3,296.6,,
2025-07-14 06:33:17,119.25978666666668,32.204141666666665,3.7,297.4,,
2025-07-14 06:37:48,119.25496666666666,32.20674833333333,3.9,304.5,,
2025-07-14 06:42:49,119.24964666666666,32.209966666666666,4.0,307.3,,
2025-07-14 06:45:51,119.24531,32.21252166666667,3.9,309.9,,
2025-07-14 06:49:50,119.24204333333331,32.21454333333333,4.0,309.5,,
2025-07-14 06:54:50,119.237045,32.218273333333336,4.1,308.9,,
2025-07-14 06:57:51,119.23394833333332,32.2206,4.3,314.9,,
2025-07-14 07:01:21,119.23022,32.223438333333334,4.5,302.6,,
2025-07-14 07:04:22,119.22677166666666,32.225496666666665,4.2,300.3,,
2025-07-14 07:07:22,119.223065,32.22694333333333,4.0,291.1,,
2025-07-14 07:10:22,119.21939666666668,32.22838333333333,4.2,292.2,,
2025-07-14 07:13:23,119.21568333333332,32.22958833333333,4.0,291.2,,
2025-07-14 07:17:23,119.21104833333334,32.23139666666667,3.7,300.5,,
2025-07-14 07:20:54,119.20725666666668,32.23271666666667,3.6,301.8,,
2025-07-14 07:24:24,119.20387,32.23486833333333,3.8,301.6,,
2025-07-14 07:27:24,119.20052166666666,32.23645833333333,3.9,297.0,,
2025-07-14 07:30:25,119.19688666666669,32.23742166666667,3.9,283.1,,
2025-07-14 07:33:25,119.193265,32.23809,3.7,287.0,,
2025-07-14 07:36:25,119.189905,32.239,3.6,281.0,,
2025-07-14 07:39:25,119.1867,32.23981,3.4,294.7,,
2025-07-14 09:22:42,119.07574833333334,32.23988333333333,3.6,217.2,,
2025-07-14 09:26:13,119.07317333333332,32.23707,3.7,221.8,,
2025-07-14 09:29:14,119.07087666666666,32.234761666666664,3.6,217.0,,
2025-07-14 09:32:15,119.06858,32.23211833333333,3.8,214.3,,
2025-07-14 09:35:17,119.06594833333334,32.22835166666667,3.9,210.0,,
2025-07-14 09:38:47,119.064365,32.22611166666667,3.5,212.5,,
2025-07-14 09:42:47,119.06166166666668,32.222651666666664,3.6,218.3,,
2025-07-14 09:45:48,119.059845,32.22031,3.6,211.5,,
2025-07-14 09:48:49,119.05769666666669,32.217753333333334,3.9,215.7,,
2025-07-14 09:51:50,119.05524666666666,32.21485666666667,4.4,217.7,,
2025-07-14 09:54:50,119.05276666666668,32.21185333333333,4.2,214.7,,
2025-07-14 09:57:51,119.05000333333334,32.20882833333334,4.5,217.8,,
2025-07-14 10:02:23,119.04592833333334,32.20453833333333,4.3,221.7,,
2025-07-14 10:05:51,119.04255166666668,32.20157833333333,4.2,224.1,,
2025-07-14 10:08:53,119.03957,32.19911333333334,4.2,225.2,,
2025-07-14 10:11:54,119.03672166666666,32.19656333333333,4.3,221.7,,
2025-07-14 10:14:55,119.03387333333332,32.19439833333333,3.7,230.0,,
2025-07-14 10:17:56,119.03106333333334,32.192548333333335,3.4,232.6,,
2025-07-14 10:22:58,119.02675166666668,32.18963333333333,3.4,227.4,,
2025-07-14 10:26:00,119.02426,32.187775,3.3,226.8,,
2025-07-14 10:29:01,119.02189166666666,32.18597833333333,3.2,227.4,,
2025-07-14 10:32:02,119.01935166666668,32.18443833333333,3.2,231.3,,
2025-07-14 10:35:03,119.01672,32.18301833333334,3.3,244.1,,
2025-07-14 10:38:05,119.01379833333333,32.181688333333334,3.3,241.2,,
2025-07-14 10:41:34,119.01033,32.18011333333333,3.3,237.7,,
2025-07-14 10:44:35,119.007555,32.178581666666666,3.2,239.5,,
2025-07-14 10:47:36,119.00411333333334,32.177598333333336,3.6,257.8,,
2025-07-14 10:50:36,119.00043,32.177545,4.1,279.8,,
2025-07-14 10:53:37,118.99702666666668,32.17740333333333,3.3,259.1,,
2025-07-14 10:56:37,118.99340166666668,32.177058333333335,3.7,261.4,,
2025-07-14 10:59:38,118.98961333333334,32.17675833333333,3.9,263.8,,
2025-07-14 11:02:38,118.98592166666668,32.17636,3.7,262.2,,
2025-07-14 11:05:39,118.982385,32.17602333333333,3.6,263.1,,
2025-07-14 11:08:40,118.97884833333332,32.175635,3.6,262.8,,
2025-07-14 11:11:41,118.97515333333334,32.17532833333333,3.9,263.7,,
2025-07-14 11:14:42,118.97170666666666,32.175085,3.4,267.0,,
2025-07-14 11:17:43,118.96837833333332,32.17517333333333,3.2,271.0,,
2025-07-14 11:20:45,118.96499666666666,32.17554,3.8,284.2,,
2025-07-14 11:23:46,118.96144166666669,32.17573,4.0,268.1,,
2025-07-14 11:26:47,118.95787,32.17554,3.7,270.7,,
2025-07-14 11:29:48,118.954365,32.17551,3.4,268.8,,
2025-07-14 11:32:49,118.951035,32.175668333333334,3.0,280.9,,
2025-07-14 11:35:50,118.94789666666668,32.17601666666667,3.1,277.7,,
2025-07-14 11:40:52,118.94241666666667,32.176928333333336,3.3,281.7,,
2025-07-14 11:44:24,118.938685,32.177675,3.2,285.5,,
2025-07-14 11:47:25,118.935295,32.178195,3.6,283.1,,
2025-07-14 11:50:57,118.93143333333332,32.17885,3.5,286.9,,
2025-07-14 11:53:58,118.92825166666668,32.17938,3.4,279.1,,
2025-07-14 11:57:00,118.92471,32.17973833333333,3.8,272.9,,
2025-07-14 12:01:01,118.92016833333334,32.18015666666667,3.5,283.2,,
2025-07-14 12:04:02,118.91689,32.18065,3.5,277.1,,
2025-07-14 12:08:34,118.91216666666666,32.18116666666667,3.0,272.7,,
2025-07-14 12:11:35,118.90917166666668,32.1818,3.1,285.4,,
2025-07-14 12:15:07,118.90541,32.18219833333333,3.2,276.0,,
2025-07-14 12:18:38,118.90165833333332,32.18276,3.3,279.1,,
2025-07-14 12:22:08,118.897715,32.183661666666666,3.7,276.4,,
2025-07-14 12:25:40,118.89325666666667,32.183785,3.8,277.4,,
2025-07-14 12:28:41,118.88963333333334,32.184063333333334,3.7,272.4,,
2025-07-14 12:32:13,118.88466333333334,32.18371,4.6,262.6,,
2025-07-14 12:35:14,118.88001833333334,32.18311,5.0,258.2,,
2025-07-14 12:38:15,118.87546833333332,32.182183333333334,4.2,256.3,,
2025-07-14 12:41:17,118.87197,32.181203333333336,3.2,252.7,,
2025-07-14 12:44:49,118.86888666666668,32.18011333333333,2.5,245.0,,
2025-07-14 12:47:50,118.86633833333332,32.178943333333336,3.3,234.7,,
2025-07-14 12:51:23,118.86303666666667,32.177193333333335,3.7,241.7,,
2025-07-14 12:54:55,118.85918333333332,32.175423333333335,3.9,240.6,,
2025-07-14 12:58:26,118.85587,32.17362166666667,2.9,233.7,,
2025-07-14 13:01:57,118.85287333333332,32.17234833333333,2.8,260.3,,
2025-07-14 13:07:29,118.84940666666668,32.172248333333336,1.3,255.0,,
2025-07-14 13:10:31,118.84883166666668,32.172171666666664,0.1,277.4,,
2025-07-14 13:43:45,118.84833666666668,32.172048333333336,0.0,248.3,,
2025-07-14 14:13:54,118.84830166666669,32.172035,0.0,248.3,,
2025-07-14 14:26:28,118.84683333333334,32.16913666666667,4.1,212.5,,
2025-07-14 14:29:29,118.84373833333332,32.167215,4.1,238.5,,
2025-07-14 14:32:30,118.84020333333332,32.165335,4.3,240.3,,
2025-07-14 14:35:31,118.836445,32.16377833333333,4.2,244.1,,
2025-07-14 14:38:32,118.83248166666668,32.16240666666667,4.4,246.4,,
2025-07-14 14:41:32,118.82845,32.161096666666666,4.4,248.9,,
2025-07-14 14:45:04,118.82362666666668,32.159585,4.5,250.1,,
2025-07-14 14:48:05,118.819425,32.15841,4.5,249.1,,
2025-07-14 14:51:35,118.81459166666669,32.15693,4.3,244.2,,
2025-07-14 14:54:36,118.81092166666669,32.154965,4.5,233.0,,
2025-07-14 14:57:37,118.80730666666666,32.15307833333333,4.2,242.6,,
2025-07-14 15:00:38,118.803575,32.15135,4.3,243.1,,
2025-07-14 15:04:09,118.79931666666668,32.149116666666664,4.5,235.4,,
2025-07-14 15:07:40,118.795275,32.146411666666665,4.4,225.0,,
2025-07-14 15:11:11,118.79173833333331,32.14317833333333,4.4,226.1,,
2025-07-14 15:15:12,118.78689833333334,32.140256666666666,4.6,235.0,,
2025-07-14 15:19:13,118.781895,32.13791333333333,4.2,244.1,,
2025-07-14 15:22:44,118.77746833333332,32.13706333333333,3.8,265.4,,
2025-07-14 15:25:45,118.77383666666668,32.136563333333335,3.8,258.5,,
2025-07-14 15:29:16,118.76950666666669,32.13606166666667,3.8,261.4,,
2025-07-14 15:32:17,118.76550666666668,32.13612,4.2,272.4,,
2025-07-14 15:35:18,118.76147166666668,32.13586166666666,4.0,256.9,,
2025-07-14 15:38:18,118.75753833333331,32.134925,4.2,251.6,,
2025-07-14 15:41:20,118.753545,32.13355,4.7,243.4,,
2025-07-14 15:44:20,118.74962666666669,32.13137833333333,5.1,231.6,,
2025-07-14 15:47:21,118.74592833333334,32.12846,5.3,220.3,,
2025-07-14 15:50:22,118.74283666666666,32.124856666666666,5.2,213.0,,
2025-07-14 15:53:23,118.73975166666666,32.12139,5.0,221.3,,
2025-07-14 15:56:24,118.73678833333334,32.11812833333333,4.7,213.7,,
2025-07-14 15:59:55,118.73296166666668,32.114873333333335,4.8,231.5,,
2025-07-15 19:08:36,118.73195,32.10647,8.5,32.6,,
2025-07-15 19:10:37,118.734975,32.11046,8.8,32.3,,
2025-07-15 19:12:37,118.737965,32.11447166666667,8.4,31.2,,
2025-07-15 19:14:37,118.74128,32.11811333333333,7.5,49.5,,
2025-07-15 19:16:38,118.745255,32.120648333333335,7.4,58.6,,
2025-07-15 19:18:38,118.74952333333331,32.12278333333333,7.6,60.9,,
2025-07-15 19:21:08,118.75513,32.12539666666667,7.9,59.7,,
2025-07-15 19:23:09,118.75964833333332,32.127336666666665,7.7,62.5,,
2025-07-15 19:25:09,118.76433166666666,32.12902,8.2,68.5,,
2025-07-15 19:27:09,118.76916833333334,32.13059666666667,7.7,69.2,,
2025-07-15 19:29:09,118.77402166666668,32.13216166666667,8.2,69.1,,
2025-07-15 19:31:10,118.77874333333334,32.133975,7.8,63.3,,
2025-07-15 19:33:10,118.78333,32.136025,7.9,58.7,,
2025-07-15 19:35:10,118.78777833333334,32.13850333333333,7.9,55.1,,
2025-07-15 19:37:10,118.79216833333334,32.14122,8.1,55.4,,
2025-07-15 19:39:10,118.79663166666668,32.14393,8.4,54.6,,
2025-07-15 19:41:10,118.80124,32.14653666666667,8.5,55.6,,
2025-07-15 19:43:41,118.80711666666669,32.149825,8.4,56.3,,
2025-07-15 19:46:11,118.813225,32.152816666666666,8.8,61.8,,
2025-07-15 19:48:11,118.818175,32.15502,8.4,63.4,,
2025-07-15 19:50:12,118.823115,32.157041666666665,7.7,74.1,,
2025-07-15 19:52:12,118.82811666666667,32.1588,8.3,67.1,,
2025-07-15 19:54:12,118.83315,32.16061666666667,8.2,66.5,,
2025-07-15 19:56:13,118.83803666666668,32.162615,8.1,61.7,,
2025-07-15 19:58:43,118.84399833333332,32.16533166666667,8.3,59.9,,
2025-07-15 20:00:43,118.84879166666668,32.167625,8.2,61.2,,
2025-07-15 20:02:43,118.85361,32.169965,8.8,59.4,,
2025-07-15 20:04:43,118.85858,32.17231833333334,8.7,61.1,,
2025-07-15 20:06:43,118.86355333333331,32.17469666666667,8.6,60.5,,
2025-07-15 20:09:44,118.87147833333331,32.177675,8.6,70.3,,
2025-07-15 20:11:44,118.87690833333332,32.17913,8.5,73.8,,
2025-07-15 20:13:45,118.88250333333332,32.18018,8.9,79.0,,
2025-07-15 20:15:45,118.88811166666666,32.180715,8.4,86.7,,
2025-07-15 20:18:16,118.89498666666668,32.18078333333333,8.2,92.0,,
2025-07-15 20:20:16,118.900595,32.18048,8.6,94.7,,
2025-07-15 20:22:16,118.906115,32.179946666666666,8.9,100.1,,
2025-07-15 20:25:17,118.91431666666666,32.178736666666666,8.5,101.2,,
2025-07-15 20:27:47,118.92130166666666,32.17751166666667,8.5,101.5,,
2025-07-15 20:29:48,118.926755,32.17660333333333,8.4,100.1,,
2025-07-15 20:32:18,118.93369166666666,32.175646666666665,8.5,97.6,,
2025-07-15 20:34:18,118.93911833333334,32.174995,8.2,97.3,,
2025-07-15 20:36:19,118.94460833333332,32.17438166666667,8.4,98.6,,
2025-07-15 20:38:19,118.95000666666668,32.17355333333333,8.2,104.4,,
2025-07-15 20:40:20,118.955225,32.17250333333333,8.3,101.1,,
2025-07-15 20:42:20,118.96061833333331,32.172065,8.1,92.8,,
2025-07-15 20:44:20,118.96597,32.171976666666666,8.0,90.8,,
2025-07-15 20:46:21,118.97132,32.17210166666667,8.4,86.2,,
2025-07-15 20:48:21,118.97682166666668,32.172575,8.9,84.9,,
2025-07-15 20:50:22,118.982425,32.17268833333333,8.5,89.7,,
2025-07-15 20:52:23,118.98802,32.17290166666667,8.5,85.0,,
2025-07-15 20:54:24,118.99359333333334,32.173555,8.6,79.6,,
2025-07-15 20:56:24,118.99908166666668,32.174593333333334,8.8,76.6,,
2025-07-15 20:58:25,119.00453666666668,32.175975,8.2,66.6,,
2025-07-15 21:00:26,119.009645,32.177835,8.6,65.4,,
2025-07-15 21:02:26,119.01465333333331,32.18007333333333,8.3,58.7,,
2025-07-15 21:04:27,119.01939333333333,32.182851666666664,8.7,54.1,,
2025-07-15 21:06:27,119.02419166666668,32.185633333333335,8.9,57.5,,
2025-07-15 21:08:28,119.02911666666668,32.188428333333334,8.9,55.2,,
2025-07-15 21:10:28,119.03345833333331,32.19123833333333,8.8,52.2,,
2025-07-15 21:12:29,119.03832666666666,32.19457333333333,8.5,51.7,,
2025-07-15 21:14:29,119.04278,32.19773166666667,8.8,48.7,,
2025-07-15 21:16:29,119.04694333333332,32.20107,8.6,45.0,,
2025-07-15 21:18:30,119.05092666666668,32.20451166666667,8.2,43.6,,
2025-07-15 21:20:31,119.05445833333332,32.207996666666666,8.1,40.9,,
2025-07-15 21:22:31,119.05764166666668,32.211565,8.1,36.3,,
2025-07-15 21:24:32,119.06033833333332,32.21538,7.7,26.7,,
2025-07-15 21:26:32,119.06218666666666,32.219121666666666,6.6,16.4,,
2025-07-15 21:30:04,119.06327333333331,32.22338833333333,2.7,2.8,,
2025-07-15 21:34:34,119.06059166666668,32.22308,3.6,244.0,,
2025-07-15 21:37:35,119.05808333333331,32.2214,2.4,223.3,,
2025-07-15 21:46:08,119.05661166666668,32.22022833333333,0.0,243.1,,
2025-07-15 22:16:20,119.05661833333332,32.22026833333334,0.0,243.1,,
2025-07-15 22:46:34,119.056625,32.22028,0.0,243.1,,
2025-07-15 23:16:47,119.056635,32.22027333333333,0.0,243.1,,
2025-07-15 23:50:00,119.05663666666666,32.220261666666666,0.0,243.1,,
2025-07-16 00:21:44,119.05662833333334,32.22025,0.0,243.1,,
2025-07-16 00:51:55,119.05662,32.220245,0.0,243.1,,
2025-07-16 01:22:06,119.05663333333334,32.220238333333334,0.0,243.1,,
2025-07-16 01:55:21,119.05662666666667,32.220225,0.0,243.1,,
2025-07-16 02:25:35,119.05660666666668,32.220216666666666,0.0,243.1,,
2025-07-16 02:55:43,119.05661,32.220225,0.0,243.1,,
2025-07-16 03:25:50,119.05661333333332,32.22023333333333,0.0,243.1,,
2025-07-16 03:58:16,119.056625,32.220245,0.0,243.1,,
2025-07-16 04:31:25,119.056625,32.220245,0.0,243.1,,
2025-07-16 05:01:33,119.05664333333333,32.220243333333336,0.0,243.1,,
2025-07-16 05:31:43,119.05664,32.220256666666664,0.0,243.1,,
2025-07-16 06:04:54,119.05664666666668,32.22025,0.0,243.1,,
2025-07-16 06:35:04,119.05665166666668,32.22027,0.0,243.1,,
2025-07-16 07:07:15,119.056635,32.22024833333333,0.0,243.1,,
2025-07-16 07:40:23,119.05663333333334,32.220258333333334,0.0,243.1,,
2025-07-16 08:11:31,119.05665,32.22025333333333,0.0,243.1,,
2025-07-16 08:41:40,119.05664333333333,32.22024666666667,0.0,243.1,,
2025-07-16 09:11:47,119.05663333333334,32.22025333333333,0.0,243.1,,
2025-07-16 09:41:57,119.05666,32.220245,0.0,243.1,,
2025-07-16 10:12:05,119.05666,32.220258333333334,0.0,243.1,,
2025-07-16 10:42:14,119.05664166666666,32.220263333333335,0.0,243.1,,
2025-07-16 11:15:24,119.05662666666667,32.220275,0.0,243.1,,
2025-07-16 11:45:38,119.056615,32.220265,0.0,243.1,,
2025-07-16 12:17:50,119.056625,32.22027,0.0,243.1,,
2025-07-16 12:48:57,119.056635,32.22026833333334,0.0,243.1,,
2025-07-16 13:19:06,119.056625,32.220261666666666,0.0,243.1,,
2025-07-16 13:52:15,119.05665333333332,32.219765,0.0,185.2,,
2025-07-16 14:25:26,119.05666666666669,32.22005,0.0,353.3,,
2025-07-16 15:00:45,119.05667,32.22013,0.0,353.3,,
2025-07-16 15:32:00,119.056685,32.219998333333336,0.0,141.4,,
2025-07-16 16:02:16,119.056705,32.220166666666664,0.0,131.5,,
2025-07-16 16:17:54,119.056355,32.21859166666667,3.7,184.8,,
2025-07-16 16:20:55,119.05563666666669,32.215155,3.9,188.6,,
2025-07-16 16:23:57,119.05456333333332,32.21219333333333,4.8,186.8,,
2025-07-16 16:26:58,119.054305,32.20800333333333,4.4,178.0,,
2025-07-16 16:30:00,119.05526,32.20534333333333,2.2,180.4,,
2025-07-16 16:34:30,119.05514666666669,32.20453,0.0,183.0,,
2025-07-16 17:04:43,119.05515333333334,32.20437,0.0,209.0,,
2025-07-16 17:37:55,119.05516,32.204368333333335,0.0,209.0,,
2025-07-16 18:08:05,119.05515833333334,32.204385,0.0,240.2,,
2025-07-16 18:39:12,119.05515333333334,32.20433166666667,0.0,126.0,,
2025-07-16 19:09:24,119.05518833333332,32.20433166666667,0.0,110.6,,
2025-07-16 19:39:36,119.05519,32.204348333333336,0.0,110.6,,
2025-07-16 20:09:48,119.05515,32.204348333333336,0.0,110.6,,
2025-07-16 20:43:01,119.05515833333334,32.204361666666664,0.0,110.6,,
2025-07-16 21:16:14,119.05516333333334,32.2044,0.0,69.6,,
2025-07-16 21:46:28,119.055145,32.2044,0.0,165.5,,
2025-07-16 22:11:37,119.05502666666666,32.20612,2.5,23.7,,
2025-07-16 22:14:39,119.05737166666668,32.20995,7.2,30.1,,
2025-07-16 22:16:39,119.06026666666666,32.21391,9.0,31.1,,
2025-07-16 22:18:40,119.06316833333334,32.21865833333333,9.9,22.0,,
2025-07-16 22:21:11,119.06617833333334,32.22486333333333,9.1,29.5,,
2025-07-16 22:23:11,119.06960833333332,32.229076666666664,9.6,36.7,,
2025-07-16 22:25:11,119.07350333333332,32.23348333333333,10.1,38.5,,
2025-07-16 22:27:12,119.07816,32.237765,10.6,48.9,,
2025-07-16 23:00:19,119.18194,32.23941166666667,8.8,110.3,,
2025-07-16 23:02:41,119.18827833333332,32.23741,9.0,109.8,,
2025-07-16 23:05:11,119.19486,32.235115,8.5,114.3,,
2025-07-16 23:07:11,119.20001,32.23303,8.7,114.7,,
2025-07-16 23:09:42,119.20625833333334,32.23036333333334,8.6,117.8,,
2025-07-16 23:11:42,119.21132166666666,32.22822,8.7,114.7,,
2025-07-16 23:13:42,119.21633833333334,32.226121666666664,8.4,116.8,,
2025-07-16 23:15:43,119.22113,32.223888333333335,8.2,120.0,,
2025-07-16 23:17:43,119.22589666666669,32.22167666666667,8.0,120.8,,
2025-07-16 23:19:43,119.23039666666666,32.219273333333334,8.0,124.2,,
2025-07-16 23:21:44,119.23477,32.21678333333333,8.0,124.2,,
2025-07-16 23:23:44,119.239025,32.214236666666665,7.8,126.6,,
2025-07-16 23:26:15,119.24432,32.21104,7.8,125.1,,
2025-07-16 23:29:45,119.2517,32.20633333333333,8.2,130.1,,
2025-07-16 23:33:16,119.259155,32.201503333333335,8.2,125.7,,
2025-07-16 23:35:17,119.26363666666668,32.19900333333333,8.2,123.3,,
2025-07-16 23:38:17,119.27053,32.19544833333333,8.2,118.9,,
2025-07-16 23:40:18,119.27532166666668,32.19336833333333,8.2,116.9,,
2025-07-16 23:43:19,119.28281,32.19080666666667,8.2,109.5,,
2025-07-16 23:45:20,119.288095,32.1896,8.3,101.6,,
2025-07-16 23:47:50,119.29473166666666,32.189076666666665,8.1,91.4,,
2025-07-16 23:50:51,119.30283833333333,32.189348333333335,8.5,88.2,,
2025-07-16 23:52:52,119.30828833333334,32.18953833333333,8.4,86.6,,
2025-07-16 23:55:53,119.31650833333332,32.190036666666664,8.3,84.5,,
2025-07-16 23:57:54,119.32202333333332,32.190556666666666,8.5,84.3,,
2025-07-16 23:59:54,119.32747333333332,32.190871666666666,8.2,87.2,,
2025-07-17 00:02:54,119.33561,32.19177666666667,8.1,78.9,,
2025-07-17 00:05:55,119.34343166666666,32.193513333333335,7.6,70.4,,
2025-07-17 00:08:56,119.35081333333332,32.19611666666667,8.1,66.0,,
2025-07-17 00:10:57,119.355665,32.19820833333333,8.4,59.7,,
2025-07-17 00:14:28,119.36384833333334,32.203158333333334,8.8,50.7,,
2025-07-17 00:17:31,119.37167166666669,32.210835,9.6,35.7,,
2025-07-17 00:23:01,119.37997666666666,32.21948666666667,7.8,40.0,,
2025-07-17 00:25:32,119.38403833333334,32.22380166666667,8.3,39.4,,
2025-07-17 00:29:34,119.39083333333332,32.230955,8.4,39.3,,
2025-07-17 00:32:36,119.39606666666668,32.236558333333335,7.9,41.4,,
2025-07-17 01:36:09,119.535205,32.23937166666666,6.5,132.4,,
2025-07-17 01:38:11,119.53976333333334,32.23573,6.3,137.5,,
2025-07-17 01:41:40,119.543255,32.232365,6.7,140.2,,
2025-07-17 01:45:42,119.548415,32.225206666666665,5.7,160.8,,
2025-07-17 01:49:41,119.54946333333334,32.220461666666665,5.7,175.6,,
2025-07-17 02:01:14,119.55035166666669,32.202666666666666,5.5,167.8,,
2025-07-17 02:04:16,119.55294166666668,32.197071666666666,5.6,145.7,,
2025-07-17 02:07:45,119.55614666666666,32.194226666666665,5.9,129.4,,
2025-07-17 02:11:16,119.56199666666669,32.191163333333336,6.0,114.9,,
2025-07-17 02:16:47,119.57313666666668,32.18844333333333,6.6,101.6,,
2025-07-17 02:20:50,119.58368833333331,32.187745,6.5,88.5,,
2025-07-17 02:23:49,119.58807,32.18785833333333,7.0,89.1,,
2025-07-17 02:25:50,119.592595,32.18803,6.8,89.1,,
2025-07-17 02:27:50,119.59696166666669,32.18808,6.5,88.9,,
2025-07-17 02:30:21,119.60231,32.18848833333333,6.5,84.2,,
2025-07-17 02:38:54,119.61972333333334,32.1917,6.0,78.3,,
2025-07-17 02:43:55,119.62922,32.19338666666667,6.2,74.3,,
2025-07-17 02:47:26,119.63613166666669,32.195476666666664,6.4,65.8,,
2025-07-17 02:49:58,119.64089166666666,32.19697166666667,5.5,69.3,,
2025-07-17 02:55:29,119.65255333333332,32.201503333333335,8.2,53.8,,
2025-07-17 02:57:30,119.65695833333334,32.20457,8.9,50.2,,
2025-07-17 02:59:31,119.66138833333332,32.20785166666667,8.7,45.4,,
2025-07-17 03:01:32,119.66338833333332,32.209601666666664,8.4,43.5,,
2025-07-17 03:05:02,119.67076833333331,32.21738833333333,7.7,33.1,,
2025-07-17 03:07:33,119.67371666666666,32.22197166666667,7.4,24.2,,
2025-07-17 03:10:04,119.67590666666666,32.226663333333335,7.3,18.4,,
2025-07-17 03:12:36,119.67851166666668,32.23339166666667,7.3,18.3,,
2025-07-17 03:15:06,119.67890833333334,32.23439333333334,7.5,18.2,,
2025-07-17 05:17:32,119.873495,32.236376666666665,7.7,165.3,,
2025-07-17 05:19:33,119.87460333333334,32.232155,7.8,169.6,,
2025-07-17 05:21:33,119.87564166666668,32.227875,8.1,172.2,,
2025-07-17 05:23:34,119.87636333333332,32.22351166666667,8.0,171.3,,
2025-07-17 05:25:34,119.87722666666669,32.21911,8.1,171.4,,
2025-07-17 05:27:35,119.87828833333332,32.21467166666667,8.1,169.0,,
2025-07-17 05:29:35,119.879525,32.210296666666665,8.1,163.9,,
2025-07-17 05:31:35,119.88081333333334,32.205796666666664,8.4,168.0,,
2025-07-17 05:33:36,119.88181333333333,32.201275,8.2,171.2,,
2025-07-17 05:36:22,119.88294166666668,32.194875,8.6,172.3,,
2025-07-17 05:39:45,119.88424666666668,32.187063333333334,8.3,171.3,,
2025-07-17 05:42:15,119.88523666666669,32.181293333333336,8.4,171.4,,
2025-07-17 05:44:16,119.88602666666668,32.176625,8.6,171.7,,
2025-07-17 05:46:16,119.886795,32.171908333333334,8.8,172.7,,
2025-07-17 05:48:16,119.8874,32.167145,8.7,175.1,,
2025-07-17 05:50:46,119.8878,32.16120333333333,8.6,175.0,,
2025-07-17 05:53:17,119.88852166666666,32.15534666666667,8.4,174.3,,
2025-07-17 05:55:17,119.88889833333332,32.15300666666667,8.5,170.8,,
2025-07-17 05:57:48,119.89127833333332,32.145176666666664,8.5,160.8,,
2025-07-17 06:00:19,119.89268333333334,32.141931666666665,8.3,160.9,,
2025-07-17 06:02:20,119.89451833333334,32.137541666666664,8.5,160.4,,
2025-07-17 06:04:20,119.89765166666666,32.13094666666667,8.5,157.5,,
2025-07-17 06:06:21,119.89969,32.12651666666667,8.5,157.9,,
2025-07-17 06:08:22,119.90158666666666,32.12202333333333,8.6,161.5,,
2025-07-17 06:10:22,119.90323333333332,32.117535,8.9,160.9,,
2025-07-17 06:12:54,119.90524666666668,32.111758333333334,8.3,163.1,,
2025-07-17 06:14:55,119.90671833333332,32.107165,8.6,165.6,,
2025-07-17 06:16:55,119.908095,32.102665,8.1,166.8,,
2025-07-17 06:18:56,119.90949166666668,32.098173333333335,8.2,165.4,,
2025-07-17 06:21:27,119.91151666666669,32.09269333333334,8.0,158.8,,
2025-07-17 06:25:30,119.91553833333332,32.08418,8.2,155.5,,
2025-07-17 06:28:00,119.91838833333334,32.07897833333333,8.2,154.6,,
2025-07-17 06:30:01,119.92071166666666,32.074691666666666,8.6,154.0,,
2025-07-17 06:32:32,119.9239,32.069338333333334,8.5,153.0,,
2025-07-17 06:34:33,119.92661833333334,32.065126666666664,8.4,149.1,,
2025-07-17 06:39:35,119.9322,32.054285,8.5,160.2,,
2025-07-17 06:42:06,119.934825,32.048741666666665,8.6,154.3,,
2025-07-17 06:45:38,119.939555,32.04107833333333,9.2,152.9,,
2025-07-17 06:47:39,119.942285,32.036656666666666,8.8,151.5,,
2025-07-17 06:49:40,119.94495,32.03229,8.9,151.6,,
2025-07-17 06:51:41,119.947865,32.02835,7.9,146.6,,
2025-07-17 06:53:42,119.95063666666668,32.024656666666665,7.7,148.5,,
2025-07-17 06:56:44,119.95451,32.01940166666667,7.2,148.2,,
2025-07-17 06:58:45,119.95728333333334,32.01595833333333,7.5,145.7,,
2025-07-17 07:01:16,119.96124666666668,32.01192833333333,7.4,136.1,,
2025-07-17 07:03:17,119.964805,32.00901666666667,7.3,131.3,,
2025-07-17 07:05:48,119.96955333333334,32.005495,8.0,128.2,,
2025-07-17 07:08:19,119.97488666666666,32.001865,8.4,131.2,,
2025-07-17 07:10:21,119.97900666666666,31.998585,8.6,136.2,,
2025-07-17 07:12:22,119.98301666666669,31.994948333333333,8.9,137.8,,
2025-07-17 07:14:23,119.987005,31.991146666666666,9.2,139.5,,
2025-07-17 07:16:23,119.99094833333334,31.98735333333333,8.9,139.1,,
2025-07-17 07:18:24,119.99484333333334,31.98376833333333,8.7,136.0,,
2025-07-17 07:20:40,119.999375,31.980181666666667,8.5,129.5,,
2025-07-17 07:23:07,120.00447666666666,31.976765,8.1,124.3,,
2025-07-17 07:25:08,120.00897,31.974298333333333,7.9,119.9,,
2025-07-17 07:27:09,120.01369333333334,31.971968333333333,8.2,118.2,,
2025-07-17 07:29:10,120.01865666666669,31.96982,8.5,115.9,,
2025-07-17 07:31:11,120.0237,31.967735,8.5,115.9,,
2025-07-17 07:33:11,120.028715,31.965675,8.7,114.4,,
2025-07-17 07:35:11,120.03402833333334,31.96393833333333,8.5,109.7,,
2025-07-17 07:37:12,120.039445,31.962451666666663,8.8,108.6,,
2025-07-17 07:39:12,120.04496,31.96147333333333,8.4,96.6,,
2025-07-17 07:41:12,120.05073833333331,31.960265,9.1,107.6,,
2025-07-17 07:44:14,120.059285,31.957866666666668,9.1,106.4,,
2025-07-17 07:46:16,120.06501166666666,31.95633833333333,9.1,108.4,,
2025-07-17 07:49:47,120.07470166666668,31.953345,8.5,108.7,,
2025-07-17 07:52:49,120.08275166666668,31.951275,8.7,108.8,,
2025-07-17 07:55:51,120.09063833333332,31.94895,8.0,109.3,,
2025-07-17 08:02:24,120.107145,31.94396833333333,7.7,113.1,,
2025-07-17 08:05:26,120.11462,31.941581666666668,7.9,108.7,,
2025-07-17 08:07:28,120.11956,31.94031833333333,7.9,106.5,,
2025-07-17 08:10:30,120.12699666666668,31.93881,7.9,98.1,,
2025-07-17 08:13:00,120.13376833333334,31.93780333333333,8.8,101.0,,
2025-07-17 08:22:36,120.15843,31.932906666666668,8.0,99.2,,
2025-07-17 08:27:08,120.17017,31.93097833333333,8.2,96.6,,
2025-07-17 08:35:13,120.19173166666668,31.928471666666667,8.4,94.8,,
2025-07-17 08:44:48,120.21754333333334,31.928608333333333,8.1,86.7,,
2025-07-17 08:48:20,120.227165,31.92929833333333,8.2,81.9,,
2025-07-17 08:51:22,120.235005,31.930725,8.4,80.2,,
2025-07-17 08:53:23,120.24039833333332,31.931528333333333,8.3,77.9,,
2025-07-17 08:57:25,120.250215,31.934796666666667,7.8,65.1,,
2025-07-17 09:00:26,120.25719833333332,31.937933333333334,7.8,57.8,,
2025-07-17 09:02:28,120.261405,31.94054333333333,8.2,52.0,,
2025-07-17 09:04:29,120.26592666666669,31.94289333333333,7.9,61.4,,
2025-07-17 09:06:30,120.27076166666669,31.944805,8.4,67.8,,
2025-07-17 09:09:01,120.27708833333334,31.946996666666667,8.0,64.0,,
2025-07-17 09:11:03,120.28187,31.948968333333333,8.0,64.2,,
2025-07-17 09:17:05,120.297075,31.95368833333333,8.3,69.0,,
2025-07-17 09:20:06,120.30457666666666,31.95605,8.1,66.4,,
2025-07-17 09:22:37,120.310285,31.95843333333333,7.8,61.0,,
2025-07-17 09:24:38,120.314785,31.96041333333333,7.6,64.0,,
2025-07-17 09:26:39,120.31891,31.96256333333333,7.2,50.8,,
2025-07-17 09:28:40,120.32269666666669,31.965108333333333,7.3,53.7,,
2025-07-17 09:30:41,120.3265,31.967703333333333,7.5,50.9,,
2025-07-17 09:33:11,120.331245,31.970935,7.3,48.4,,
2025-07-17 09:36:12,120.33671833333334,31.975003333333333,7.5,49.6,,
2025-07-17 09:38:13,120.34049,31.97755,7.3,52.2,,
2025-07-17 09:41:13,120.345925,31.98129,7.1,49.5,,
2025-07-17 09:44:14,120.35124166666668,31.984961666666667,6.7,49.9,,
2025-07-17 09:46:15,120.35475166666669,31.98754333333333,7.0,52.0,,
2025-07-17 09:49:47,120.361575,31.99123,6.9,59.1,,
2025-07-17 09:51:47,120.36532833333334,31.993313333333333,6.8,54.1,,
2025-07-17 09:53:47,120.368905,31.995553333333334,6.8,53.4,,
2025-07-17 09:56:18,120.37323833333332,31.99848833333333,6.7,48.7,,
2025-07-17 09:58:19,120.37656,32.000931666666666,6.5,48.3,,
2025-07-17 10:00:50,120.38087666666668,32.00376833333333,6.5,53.5,,
2025-07-17 10:02:50,120.38418,32.005975,6.3,50.5,,
2025-07-17 10:04:51,120.38762333333334,32.00810666666667,6.5,55.4,,
2025-07-17 10:06:51,120.39114666666669,32.01003333333333,6.4,57.6,,
2025-07-17 10:09:22,120.39559,32.01233666666667,6.2,61.7,,
2025-07-17 10:12:23,120.40094166666668,32.01489333333333,6.3,59.4,,
2025-07-17 10:15:23,120.40622333333332,32.017273333333335,6.4,59.9,,
2025-07-17 10:18:24,120.41155333333332,32.01918333333333,5.9,74.5,,
2025-07-17 10:22:26,120.41892166666666,32.021483333333336,5.8,69.9,,
2025-07-17 10:28:27,120.42963166666668,32.02487,5.8,68.7,,
2025-07-17 10:31:58,120.43590833333332,32.026806666666666,5.7,66.0,,
2025-07-17 10:34:59,120.441295,32.028455,5.9,73.8,,
2025-07-17 10:40:30,120.45133,32.031148333333334,5.3,74.1,,
2025-07-17 10:44:00,120.45776666666669,32.03227,5.4,78.1,,
2025-07-17 10:47:01,120.463435,32.03274833333333,6.3,85.2,,
2025-07-17 10:50:32,120.47018833333334,32.03306333333333,5.6,88.8,,
2025-07-17 10:54:33,120.47791833333332,32.03338333333333,5.7,88.7,,
2025-07-17 10:58:04,120.48459,32.03328333333334,5.8,94.2,,
2025-07-17 11:01:04,120.49036166666669,32.03296,6.1,96.0,,
2025-07-17 11:05:05,120.497635,32.03181333333333,5.2,108.0,,
2025-07-17 11:08:06,120.50242333333334,32.03048166666667,5.1,110.2,,
2025-07-17 11:13:37,120.51077333333332,32.02814166666667,5.0,110.3,,
2025-07-17 11:19:08,120.519045,32.02553666666667,5.1,115.9,,
2025-07-17 11:23:09,120.52521166666666,32.022885,5.4,116.8,,
2025-07-17 11:32:40,120.53998166666666,32.01774,5.1,115.1,,
2025-07-17 11:35:41,120.54459833333334,32.016305,5.0,108.3,,
2025-07-17 11:46:44,120.561335,32.00998333333333,5.2,112.8,,
2025-07-17 12:02:53,120.58807666666668,32.000121666666665,6.2,113.5,,
2025-07-17 12:09:56,120.60162,31.996081666666665,5.9,100.1,,
2025-07-17 12:13:29,120.608385,31.99531333333333,5.9,95.1,,
2025-07-17 12:20:02,120.62083333333334,31.99431,5.9,95.6,,
2025-07-17 12:26:36,120.63349,31.994101666666666,5.7,86.9,,
2025-07-17 12:29:38,120.63956666666668,31.994111666666665,6.4,89.5,,
2025-07-17 12:33:11,120.64659833333332,31.99435,5.7,85.6,,
2025-07-17 12:36:12,120.65256666666669,31.994906666666665,5.9,83.1,,
2025-07-17 12:43:17,120.66616166666668,31.99687,6.1,82.0,,
2025-07-17 12:45:18,120.670095,31.997436666666665,6.4,77.9,,
2025-07-17 12:47:50,120.67522833333334,31.998121666666663,6.3,83.4,,
2025-07-17 12:49:51,120.679375,31.99850333333333,5.5,85.4,,
2025-07-17 12:52:22,120.68450833333333,31.999295,6.2,73.1,,
2025-07-17 12:54:23,120.68851166666668,32.00019833333333,6.2,76.7,,
2025-07-17 12:56:55,120.69393666666669,32.000685,6.6,82.3,,
2025-07-17 12:58:57,120.69818333333332,32.00132166666667,6.4,78.4,,
2025-07-17 13:02:58,120.706795,32.002696666666665,6.6,81.5,,
2025-07-17 13:05:29,120.712325,32.003326666666666,6.9,84.2,,
2025-07-17 13:08:00,120.71771166666667,32.00380666666667,6.7,83.3,,
2025-07-17 13:11:02,120.72423166666668,32.004355,6.6,79.0,,
2025-07-17 13:13:34,120.72955833333332,32.00518,6.5,83.7,,
2025-07-17 13:16:05,120.73503333333332,32.00566666666667,6.7,84.8,,
2025-07-17 13:18:36,120.74042333333334,32.0062,6.7,82.2,,
2025-07-17 13:21:39,120.747,32.00698166666667,6.8,83.4,,
2025-07-17 13:23:40,120.75147666666666,32.007315,6.9,83.8,,
2025-07-17 13:25:41,120.75596666666668,32.007785,7.0,83.5,,
2025-07-17 13:27:42,120.760465,32.00838666666667,6.7,78.3,,
2025-07-17 13:29:43,120.765,32.008988333333335,7.3,83.9,,
2025-07-17 13:32:15,120.77081833333334,32.008835,7.0,96.1,,
2025-07-17 13:34:16,120.77552,32.00852,7.1,94.9,,
2025-07-17 13:36:17,120.78029333333332,32.00817833333333,7.2,93.2,,
2025-07-17 13:38:19,120.78501666666666,32.00785,7.3,92.5,,
2025-07-17 13:40:50,120.79092166666666,32.00695666666667,7.5,108.7,,
2025-07-17 13:42:51,120.79553666666666,32.00581666666667,7.3,105.2,,
2025-07-17 13:44:52,120.80020833333332,32.00461333333333,7.4,108.7,,
2025-07-17 13:46:53,120.80481833333332,32.00333833333333,7.4,110.2,,
2025-07-17 13:49:25,120.8104,32.00112166666667,7.9,122.9,,
2025-07-17 13:51:26,120.81445333333332,31.998541666666668,7.9,127.6,,
2025-07-17 13:53:26,120.81848,31.996135,7.8,125.0,,
2025-07-17 13:55:26,120.82262666666666,31.99351,7.9,129.6,,
2025-07-17 13:57:57,120.82722333333334,31.989671666666663,7.7,135.4,,
2025-07-17 13:59:58,120.83080333333334,31.986646666666665,7.8,134.9,,
2025-07-17 14:02:28,120.835285,31.98278,7.7,134.8,,
2025-07-17 14:05:00,120.840945,31.97685,7.9,142.1,,
2025-07-17 14:07:00,120.84252666666669,31.975156666666667,7.6,141.0,,
2025-07-17 14:09:00,120.84554166666666,31.97159333333333,7.7,145.7,,
2025-07-17 14:12:00,120.84950666666668,31.96622,7.7,151.2,,
2025-07-17 14:14:01,120.8518,31.96252,7.5,153.9,,
2025-07-17 14:16:01,120.85394,31.958756666666662,7.6,153.9,,
2025-07-17 14:18:02,120.85626666666668,31.95497,7.6,152.8,,
2025-07-17 14:20:02,120.85879666666666,31.95127,7.8,150.8,,
2025-07-17 14:22:03,120.86115833333334,31.94735,8.2,159.3,,
2025-07-17 14:24:03,120.86304,31.943328333333334,7.7,159.8,,
2025-07-17 14:26:03,120.86484166666666,31.939288333333334,7.8,160.6,,
2025-07-17 14:28:03,120.86645,31.935126666666665,7.8,164.0,,
2025-07-17 14:30:03,120.867975,31.931026666666668,7.9,160.4,,
2025-07-17 14:32:04,120.86954333333334,31.926961666666667,7.7,160.7,,
2025-07-17 14:34:34,120.871665,31.921921666666663,7.9,159.1,,
2025-07-17 14:36:34,120.87346166666669,31.917905,7.8,156.8,,
2025-07-17 14:39:05,120.87592,31.912951666666668,7.7,157.8,,
2025-07-17 14:41:35,120.878015,31.90788833333333,7.6,164.0,,
2025-07-17 14:43:36,120.87910333333332,31.903655,7.7,168.0,,
2025-07-17 14:45:36,120.88024,31.89945,7.8,168.2,,
2025-07-17 14:47:36,120.88132,31.895163333333333,7.8,170.1,,
2025-07-17 14:50:37,120.882715,31.888781666666667,7.8,168.4,,
2025-07-17 14:52:38,120.883765,31.884575,7.6,167.0,,
2025-07-17 14:55:39,120.88535833333331,31.878255,7.8,168.9,,
2025-07-17 14:57:39,120.8864,31.874176666666667,7.5,167.1,,
2025-07-17 14:59:39,120.88744,31.87010666666667,7.4,168.4,,
2025-07-17 15:02:40,120.88866666666668,31.86394333333333,7.2,167.5,,
2025-07-17 15:04:41,120.88953833333332,31.859896666666668,7.3,169.6,,
2025-07-17 15:06:42,120.89055,31.855916666666666,7.3,165.7,,
2025-07-17 15:09:43,120.89253666666669,31.85,7.4,162.6,,
2025-07-17 15:11:44,120.89425666666666,31.84615,7.2,155.3,,
2025-07-17 15:13:45,120.89629166666668,31.842371666666665,7.4,158.7,,
2025-07-17 15:15:45,120.89824,31.83845833333333,7.8,158.4,,
2025-07-17 15:18:17,120.90080666666668,31.8335,7.9,154.4,,
2025-07-17 15:21:18,120.90436333333334,31.82748833333333,8.2,152.3,,
2025-07-17 15:23:19,120.90678833333334,31.82325,8.5,154.8,,
2025-07-17 15:30:52,120.91659833333334,31.809376666666665,7.9,149.6,,
2025-07-17 15:33:23,120.919795,31.80482333333333,7.3,149.2,,
2025-07-17 15:36:24,120.92370333333334,31.79954833333333,7.4,147.5,,
2025-07-17 15:38:25,120.92639166666666,31.796071666666663,7.7,142.7,,
2025-07-17 15:40:25,120.92950166666668,31.79255833333333,7.9,143.2,,
2025-07-17 15:42:57,120.934005,31.78863,8.0,132.5,,
2025-07-17 15:44:57,120.93812166666666,31.785636666666665,8.7,129.1,,
2025-07-17 15:46:59,120.94251666666666,31.783105,8.4,118.0,,
2025-07-18 10:40:45,120.97499166666668,31.780621666666665,8.7,274.6,,
2025-07-18 10:44:46,120.963975,31.781366666666667,8.9,276.1,,
2025-07-18 10:47:17,120.957455,31.78254,7.9,290.7,,
2025-07-18 10:59:55,120.93039166666668,31.800398333333334,7.5,323.2,,
2025-07-18 11:02:54,120.92742833333334,31.803921666666668,7.9,323.9,,
2025-07-18 11:05:56,120.92274833333332,31.80933333333333,7.8,326.2,,
2025-07-18 11:10:00,120.91580333333332,31.818615,8.0,325.6,,
2025-07-18 11:15:30,120.90898666666666,31.826576666666668,7.4,330.1,,
2025-07-18 11:19:31,120.90473,31.834233333333334,7.6,338.8,,
2025-07-18 11:21:34,120.90193833333332,31.840185,7.6,336.7,,
2025-07-18 11:27:04,120.89854833333334,31.84959333333333,8.5,347.0,,
2025-07-18 11:29:35,120.89677833333332,31.855036666666667,8.2,343.2,,
2025-07-18 11:48:15,120.88718333333334,31.894841666666668,7.2,345.8,,
2025-07-18 11:51:14,120.88599166666668,31.898676666666667,7.2,344.8,,
2025-07-18 11:53:15,120.88460833333332,31.902511666666665,7.2,343.7,,
2025-07-18 11:55:46,120.88277,31.907225,7.1,338.9,,
2025-07-18 11:57:47,120.88129666666669,31.910971666666665,7.1,341.8,,
2025-07-18 12:00:19,120.87943333333334,31.91564333333333,7.1,339.7,,
2025-07-18 12:02:20,120.87751333333334,31.91931333333333,7.2,335.0,,
2025-07-18 12:05:21,120.87471833333332,31.924916666666668,7.3,340.1,,
2025-07-18 12:07:21,120.87307333333334,31.928775,7.4,340.4,,
2025-07-18 12:09:22,120.871415,31.93267,7.5,339.5,,
2025-07-18 12:11:23,120.86958666666666,31.936631666666667,7.6,340.8,,
2025-07-18 12:13:24,120.86770666666666,31.940626666666667,7.7,339.4,,
2025-07-18 12:15:25,120.86585833333334,31.944638333333334,7.6,339.4,,
2025-07-18 12:17:26,120.86422,31.948543333333333,7.6,341.4,,
2025-07-18 12:19:58,120.86228666666666,31.953371666666666,7.2,344.6,,
2025-07-18 12:22:29,120.86022166666666,31.958115,7.3,339.8,,
2025-07-18 12:25:01,120.85803666666666,31.962946666666667,7.6,337.0,,
2025-07-18 12:27:03,120.85589833333331,31.966753333333333,7.5,333.5,,
2025-07-18 12:29:34,120.85261833333334,31.971198333333334,7.6,325.9,,
2025-07-18 12:31:35,120.849715,31.974436666666666,7.2,318.1,,
2025-07-18 12:33:36,120.84639,31.977455,7.4,318.9,,
2025-07-18 12:36:08,120.84242333333331,31.981185,7.1,319.7,,
2025-07-18 12:38:09,120.839375,31.984158333333333,7.0,319.4,,
2025-07-18 12:41:12,120.83419,31.988246666666665,7.3,312.4,,
2025-07-18 12:43:13,120.83059833333331,31.99079,7.2,312.1,,
2025-07-18 12:45:14,120.82707,31.99343333333333,7.1,312.8,,
2025-07-18 12:47:16,120.823765,31.996185,7.1,314.0,,
2025-07-18 12:49:17,120.82027166666668,31.99879,7.0,309.3,,
2025-07-18 12:51:49,120.81572166666666,32.00182,7.0,307.7,,
2025-07-18 12:53:50,120.81199,32.00423166666667,7.1,306.7,,
2025-07-18 12:55:51,120.80828,32.006555,7.0,306.3,,
2025-07-18 12:57:53,120.80448833333334,32.008491666666664,6.8,296.8,,
2025-07-18 12:59:54,120.80036333333334,32.00982833333333,6.7,287.1,,
2025-07-18 13:01:56,120.79607833333333,32.01079166666667,6.7,282.8,,
2025-07-18 13:03:57,120.79177666666666,32.01163,6.7,287.5,,
2025-07-18 13:05:58,120.78757333333331,32.01271,6.5,286.0,,
2025-07-18 13:09:01,120.78123,32.01345166666667,6.4,271.8,,
2025-07-18 13:11:02,120.777,32.013661666666664,6.8,274.0,,
2025-07-18 13:13:04,120.77269666666666,32.013913333333335,6.7,271.7,,
2025-07-18 13:16:06,120.76633666666666,32.01417,6.2,269.8,,
2025-07-18 13:18:07,120.76230166666669,32.014086666666664,6.2,264.5,,
2025-07-18 13:21:09,120.75587,32.01348,6.3,263.3,,
2025-07-18 13:23:41,120.75069833333332,32.01285,6.2,259.2,,
2025-07-18 13:25:43,120.74649166666669,32.01213,6.6,262.8,,
2025-07-18 13:27:44,120.74230333333334,32.01154666666667,6.4,257.8,,
2025-07-18 13:30:16,120.73703833333332,32.01063333333333,6.6,261.2,,
2025-07-18 13:32:17,120.73287333333332,32.00988,6.4,257.4,,
2025-07-18 13:34:19,120.72859666666666,32.009205,6.4,260.4,,
2025-07-18 13:37:50,120.721195,32.00830166666667,6.5,262.2,,
2025-07-18 13:39:52,120.71702333333332,32.00790166666667,6.4,265.0,,
2025-07-18 13:41:53,120.71289166666666,32.007625,6.1,266.6,,
2025-07-18 13:44:55,120.70669666666667,32.00700333333333,6.2,259.9,,
2025-07-18 13:48:57,120.6987,32.00568166666667,6.1,260.6,,
2025-07-18 13:51:28,120.69377166666666,32.00472166666667,6.1,256.6,,
2025-07-18 13:53:29,120.68983,32.00395833333334,6.1,257.2,,
2025-07-18 13:55:30,120.68585333333333,32.00333833333333,6.1,260.1,,
2025-07-18 13:58:02,120.68095,32.002605,6.0,261.2,,
2025-07-18 14:02:05,120.67317166666666,32.00161833333333,6.0,261.4,,
2025-07-18 14:05:06,120.66737666666668,32.00073,6.1,260.4,,
2025-07-18 14:07:38,120.66249333333332,32.000056666666666,6.0,262.0,,
2025-07-18 14:13:11,120.65181833333334,31.99896833333333,5.9,263.2,,
2025-07-18 14:18:14,120.64232166666666,31.998585,5.7,267.2,,
2025-07-18 14:21:45,120.63579333333334,31.99873,5.6,275.6,,
2025-07-18 14:25:47,120.628505,31.999491666666668,5.5,283.7,,
2025-07-18 14:30:50,120.61983666666669,32.001936666666666,5.8,294.0,,
2025-07-18 14:40:25,120.60474,32.009548333333335,5.5,298.7,,
2025-07-18 14:45:27,120.59739166666668,32.01371666666667,5.2,310.0,,
2025-07-18 14:53:01,120.58839666666668,32.021845,5.3,318.1,,
2025-07-18 14:59:35,120.58055,32.02889833333333,5.2,318.7,,
2025-07-18 15:05:39,120.57322666666668,32.03512833333333,4.9,318.6,,
2025-07-18 15:15:13,120.56295166666666,32.045498333333335,5.1,310.7,,
2025-07-18 15:18:45,120.55820166666666,32.048516666666664,5.0,307.5,,
2025-07-18 15:22:17,120.55348333333332,32.051505,5.1,304.8,,
2025-07-18 15:28:19,120.54511666666669,32.05576666666666,4.9,297.8,,
2025-07-18 15:31:51,120.540515,32.058373333333336,4.8,306.4,,
2025-07-18 15:35:22,120.53606333333332,32.061165,4.5,310.5,,
2025-07-18 15:38:24,120.53248666666668,32.06364166666667,4.5,305.8,,
2025-07-18 15:41:25,120.52857833333331,32.06606166666667,5.0,303.2,,
2025-07-18 15:47:28,120.51886833333332,32.06981,5.5,299.6,,
2025-07-18 15:54:00,120.50766666666668,32.073236666666666,5.6,289.0,,
2025-07-18 15:58:32,120.499975,32.07402833333333,5.1,270.8,,
2025-07-18 16:02:33,120.49303333333332,32.07367333333333,5.1,266.9,,
2025-07-18 16:06:06,120.48592333333332,32.073123333333335,4.6,260.8,,
2025-07-18 16:09:35,120.48212,32.072336666666665,4.8,255.9,,
2025-07-18 16:13:09,120.475435,32.07156833333333,4.4,251.7,,
2025-07-18 16:18:09,120.469795,32.06968,4.8,248.0,,
2025-07-18 16:21:11,120.46535,32.06868333333333,4.7,263.5,,
2025-07-18 16:24:12,120.460955,32.06800166666667,4.5,251.6,,
2025-07-18 16:27:44,120.456365,32.06588,4.7,240.6,,
2025-07-18 16:30:46,120.45229666666668,32.06415666666667,4.8,245.7,,
2025-07-18 16:33:47,120.44813166666668,32.062446666666666,4.6,243.0,,
2025-07-18 16:39:20,120.44085666666666,32.05859,5.1,230.3,,
2025-07-18 16:43:52,120.43470166666668,32.054323333333336,5.3,231.6,,
2025-07-18 16:47:24,120.43007,32.051343333333335,4.6,228.5,,
2025-07-18 16:50:55,120.42613666666666,32.04841833333333,4.7,228.7,,
2025-07-18 16:53:57,120.422685,32.04607333333333,4.4,232.5,,
2025-07-18 16:57:29,120.41879,32.04315,4.5,227.2,,
2025-07-18 17:00:30,120.415755,32.040366666666664,4.5,225.7,,
2025-07-18 17:05:02,120.41112833333334,32.03623666666667,4.4,220.9,,
2025-07-18 17:08:04,120.40796333333331,32.03342833333333,4.7,227.6,,
2025-07-18 17:11:45,120.40362166666668,32.030365,4.7,226.1,,
2025-07-18 17:15:44,120.39923666666668,32.02672666666667,4.8,222.3,,
2025-07-18 17:18:45,120.39594833333334,32.02389333333333,5.1,224.0,,
2025-07-18 17:23:17,120.39074833333332,32.020176666666664,4.5,233.0,,
2025-07-18 17:26:19,120.38710166666668,32.017975,4.6,234.2,,
2025-07-18 17:29:20,120.38359333333334,32.015815,3.9,222.7,,
2025-07-18 17:32:52,120.37985666666668,32.01288,4.4,229.9,,
2025-07-18 17:35:53,120.37667,32.01036166666667,4.4,227.8,,
2025-07-18 17:38:54,120.37338166666666,32.007911666666665,4.5,229.1,,
2025-07-18 17:41:56,120.37003833333333,32.00537333333333,4.4,228.5,,
2025-07-18 17:45:28,120.36625,32.002356666666664,4.5,227.7,,
2025-07-18 17:49:30,120.36211333333334,31.99897333333333,4.5,226.1,,
2025-07-18 17:54:02,120.35722833333334,31.995451666666668,4.4,228.6,,
2025-07-18 17:57:04,120.35394,31.993191666666668,4.1,234.1,,
2025-07-18 18:00:06,120.35046,31.991153333333333,4.4,229.7,,
2025-07-18 18:03:37,120.34686666666668,31.98817833333333,4.4,223.6,,
2025-07-18 18:07:09,120.343085,31.98539333333333,4.2,230.4,,
2025-07-18 18:10:41,120.33927166666666,31.98272,4.1,234.2,,
2025-07-18 18:14:13,120.33516,31.980266666666665,4.5,240.6,,
2025-07-18 18:17:15,120.33161333333334,31.97821833333333,4.3,239.1,,
2025-07-18 18:20:16,120.32774166666668,31.976525,4.5,248.3,,
2025-07-18 18:23:18,120.32372166666669,31.97495333333333,4.5,245.9,,
2025-07-18 18:26:49,120.31924166666668,31.973025,4.4,240.7,,
2025-07-18 18:30:23,120.313395,31.97058833333333,4.3,247.3,,
2025-07-18 18:34:53,120.30900333333334,31.96878166666667,4.4,239.4,,
2025-07-18 18:37:55,120.30519,31.96707333333333,4.3,240.3,,
2025-07-18 18:40:56,120.30163333333331,31.965188333333334,4.3,235.9,,
2025-07-18 18:44:28,120.29781,31.962621666666667,4.2,234.3,,
2025-07-18 18:47:30,120.294255,31.960898333333333,4.2,244.8,,
2025-07-18 18:50:31,120.290715,31.959345,4.2,244.4,,
2025-07-18 18:54:03,120.286715,31.957355,3.9,235.6,,
2025-07-18 18:57:04,120.28326166666666,31.955576666666666,4.1,238.6,,
2025-07-18 19:00:35,120.27925,31.95342,4.3,240.8,,
2025-07-18 19:05:38,120.273015,31.95104,4.1,247.3,,
2025-07-18 19:08:40,120.26918,31.94944333333333,4.6,242.8,,
2025-07-18 19:11:41,120.26536,31.94734,4.5,235.1,,
2025-07-18 19:14:43,120.26159833333334,31.94575,3.9,247.2,,
2025-07-18 19:17:44,120.25791333333332,31.945021666666666,3.8,258.7,,
2025-07-18 19:20:46,120.25422666666668,31.94439833333333,3.9,259.4,,
2025-07-18 19:24:18,120.24994333333332,31.94393,3.9,264.3,,
2025-07-18 19:27:19,120.24611833333331,31.94355333333333,3.7,260.6,,
2025-07-18 19:32:22,120.23950333333332,31.942318333333333,4.2,250.2,,
2025-07-18 19:35:23,120.23563833333333,31.941411666666667,3.9,263.7,,
2025-07-18 19:38:55,120.23130166666668,31.94116333333333,3.6,267.6,,
2025-07-18 19:41:57,120.22762666666668,31.941176666666667,3.8,265.7,,
2025-07-18 19:44:58,120.22381,31.941225,3.8,272.8,,
2025-07-18 19:48:29,120.21949833333332,31.941285,3.8,272.5,,
2025-07-18 19:51:31,120.215845,31.94155,3.7,277.0,,
2025-07-18 19:55:03,120.21154833333334,31.942015,3.8,283.6,,
2025-07-18 19:58:06,120.20776833333332,31.942261666666667,4.0,269.0,,
2025-07-18 20:01:07,120.20385166666668,31.94250333333333,4.0,277.5,,
2025-07-18 20:04:11,120.19862166666668,31.94316,4.1,283.1,,
2025-07-18 20:07:11,120.195995,31.94351333333333,4.0,279.6,,
2025-07-18 20:10:13,120.1918,31.943665,4.3,270.0,,
2025-07-18 20:13:45,120.18682,31.943843333333334,4.4,276.1,,
2025-07-18 20:16:47,120.182545,31.94427,4.4,275.0,,
2025-07-18 20:21:20,120.17605166666668,31.944791666666667,4.3,279.5,,
2025-07-18 20:25:22,120.170505,31.945488333333333,4.3,277.4,,
2025-07-18 20:29:55,120.164165,31.94671333333333,4.2,278.8,,
2025-07-18 20:32:57,120.15984333333331,31.947376666666667,4.5,281.8,,
2025-07-18 20:36:29,120.154655,31.94807,4.5,277.1,,
2025-07-18 20:39:31,120.15027166666668,31.94871333333333,4.4,282.7,,
2025-07-18 20:42:33,120.14606,31.949663333333334,4.4,286.2,,
2025-07-18 20:53:11,120.130015,31.952136666666668,4.1,281.3,,
2025-07-18 20:58:12,120.124585,31.95321833333333,4.3,281.5,,
2025-07-18 21:06:48,120.11197666666666,31.955861666666667,4.5,278.1,,
2025-07-18 21:16:19,120.100505,31.958626666666667,4.2,285.1,,
2025-07-18 21:20:23,120.09365166666667,31.95964833333333,4.3,275.0,,
2025-07-18 21:23:53,120.09027666666668,31.96011,4.1,277.1,,
2025-07-18 21:27:25,120.08546333333334,31.960473333333333,4.1,278.5,,
2025-07-18 21:30:26,120.08154333333331,31.961206666666666,4.0,282.4,,
2025-07-18 21:33:28,120.07764333333331,31.96183,4.0,282.5,,
2025-07-18 21:36:30,120.07375333333331,31.962701666666668,4.1,283.7,,
2025-07-18 21:40:02,120.069305,31.963641666666668,3.9,286.1,,
2025-07-18 21:43:03,120.06550666666666,31.964255,3.9,280.1,,
2025-07-18 21:46:35,120.06100333333332,31.96471833333333,3.7,274.6,,
2025-07-18 21:49:36,120.057325,31.965355,3.7,283.8,,
2025-07-18 21:53:37,120.05259833333334,31.966441666666668,3.7,291.8,,
2025-07-18 21:56:38,120.04911,31.967575,3.9,288.3,,
2025-07-18 21:59:39,120.04555333333332,31.96850833333333,3.9,288.6,,
2025-07-18 22:02:40,120.042035,31.96968,3.7,290.2,,
2025-07-18 22:05:42,120.03848666666669,31.970675,3.8,286.8,,
2025-07-18 22:09:13,120.03420666666666,31.97182,3.9,286.9,,
2025-07-18 22:14:14,120.02839,31.974045,4.0,297.1,,
2025-07-18 22:17:15,120.02464833333332,31.975221666666663,4.2,287.5,,
2025-07-18 22:20:16,120.02079166666668,31.976426666666665,4.1,293.5,,
2025-07-18 22:23:17,120.01693166666666,31.97770833333333,4.3,294.5,,
2025-07-18 22:26:48,120.0126,31.979225,4.1,289.9,,
2025-07-18 22:29:48,120.00898666666669,31.980595,4.0,294.3,,
2025-07-18 22:32:49,120.00552833333332,31.98206,3.7,300.3,,
2025-07-18 22:35:50,120.002335,31.98378333333333,3.9,299.5,,
2025-07-18 22:39:52,119.99818833333332,31.98594,3.5,307.8,,
2025-07-18 22:43:23,119.99527166666668,31.98830166666667,3.7,317.1,,
2025-07-18 22:46:54,119.991905,31.99073,3.9,311.7,,
2025-07-18 22:49:55,119.98901833333332,31.993006666666663,4.0,309.2,,
2025-07-18 22:53:27,119.98600333333331,31.995781666666662,3.7,324.2,,
2025-07-18 22:56:58,119.98366,31.998836666666666,3.7,324.2,,
2025-07-18 23:00:00,119.98091166666669,32.001043333333335,3.8,311.9,,
2025-07-18 23:03:31,119.97767166666668,32.003325,3.6,307.2,,
2025-07-18 23:06:32,119.97493666666666,32.00528833333333,3.8,312.1,,
2025-07-18 23:09:33,119.97211333333334,32.00732166666667,3.9,313.4,,
2025-07-18 23:12:35,119.96934333333331,32.009503333333335,3.7,310.0,,
2025-07-18 23:15:36,119.96659,32.01171333333333,3.9,316.7,,
2025-07-18 23:18:37,119.96387833333333,32.01407833333333,3.8,319.4,,
2025-07-18 23:22:08,119.96099833333334,32.01710166666667,3.8,327.6,,
2025-07-18 23:25:09,119.95884,32.01992833333333,4.0,328.5,,
2025-07-18 23:28:10,119.95664666666669,32.022641666666665,3.9,324.9,,
2025-07-18 23:31:11,119.95420833333333,32.025198333333336,3.7,318.6,,
2025-07-18 23:34:43,119.95155166666666,32.02820333333333,3.6,326.9,,
2025-07-18 23:38:13,119.949395,32.031508333333335,4.0,335.0,,
2025-07-18 23:48:16,119.94422333333333,32.04179,4.1,341.9,,
2025-07-18 23:53:18,119.94142333333332,32.047221666666665,4.2,337.7,,
2025-07-18 23:58:20,119.93828666666668,32.052565,4.2,332.0,,
2025-07-19 00:02:52,119.93544833333333,32.057491666666664,2.8,352.4,,
2025-07-19 00:07:24,119.93364666666666,32.06284333333333,4.5,343.0,,
2025-07-19 00:10:25,119.93364666666666,32.06284333333333,4.5,343.0,,
2025-07-19 00:24:32,119.92735666666668,32.085433333333334,4.9,349.0,,
2025-07-19 00:27:33,119.92617833333334,32.08959,5.2,342.5,,
2025-07-19 00:31:05,119.92466666666668,32.094406666666664,5.3,346.2,,
2025-07-19 00:34:06,119.92420833333334,32.095825,5.2,344.1,,
2025-07-19 00:37:07,119.92188666666668,32.102873333333335,5.2,344.8,,
2025-07-19 00:41:39,119.921125,32.105093333333336,5.4,342.3,,
2025-07-19 00:45:42,119.91788333333334,32.11526333333333,5.8,345.2,,
2025-07-19 00:48:43,119.917435,32.116745,5.4,345.9,,
2025-07-19 00:51:46,119.91477666666668,32.124008333333336,5.4,344.8,,
2025-07-19 00:54:47,119.91344833333332,32.128395,5.4,346.3,,
2025-07-19 00:58:49,119.912615,32.13131333333333,5.5,347.4,,
2025-07-19 01:02:52,119.91026,32.14007,5.2,348.0,,
2025-07-19 01:07:53,119.90955666666666,32.14299666666667,5.7,348.3,,
2025-07-19 01:10:55,119.90833833333332,32.14884,5.2,347.5,,
2025-07-19 01:13:58,119.90691333333334,32.15629166666667,5.3,353.7,,
2025-07-19 01:17:29,119.906805,32.15707666666667,5.6,352.2,,
2025-07-19 01:20:29,119.90630333333333,32.16005,5.3,350.1,,
2025-07-19 01:23:33,119.90403166666668,32.170496666666665,5.4,350.3,,
2025-07-19 01:27:35,119.90256666666669,32.176505,5.6,352.4,,
2025-07-19 01:31:37,119.90166833333332,32.182451666666665,5.3,355.0,,
2025-07-19 01:35:09,119.90060166666666,32.187668333333335,5.4,352.1,,
2025-07-19 01:39:12,119.89936333333333,32.19361166666667,5.5,347.6,,
2025-07-19 01:42:13,119.89826833333332,32.19802833333333,5.2,346.3,,
2025-07-19 01:45:15,119.89709,32.20244833333334,5.4,347.6,,
2025-07-19 01:48:17,119.89618166666666,32.206873333333334,5.3,352.0,,
2025-07-19 01:52:18,119.89591166666666,32.208376666666666,5.4,352.4,,
2025-07-19 01:55:21,119.89362833333334,32.21713,5.7,347.3,,
2025-07-19 01:58:22,119.893325,32.218646666666665,5.5,352.2,,
2025-07-19 02:01:55,119.89164666666667,32.22665833333333,5.6,349.7,,
2025-07-19 02:05:57,119.88968833333334,32.232548333333334,5.4,340.7,,
2025-07-19 02:09:29,119.88752,32.237566666666666,5.5,338.5,,
2025-07-19 05:19:22,119.677075,32.23683666666667,4.8,189.5,,
2025-07-19 05:22:54,119.67576833333334,32.232438333333334,4.5,203.6,,
2025-07-19 05:25:55,119.67403833333331,32.22900833333333,4.4,200.8,,
2025-07-19 05:28:57,119.67247833333332,32.22542,4.9,194.8,,
2025-07-19 05:33:30,119.66848666666668,32.220445,5.1,222.1,,
2025-07-19 05:36:32,119.665265,32.21698,5.3,215.7,,
2025-07-19 05:39:33,119.661785,32.213565,5.3,223.0,,
2025-07-19 05:43:05,119.65751833333331,32.21006166666667,5.1,230.9,,
2025-07-19 05:46:36,119.65326333333331,32.207015,4.4,232.3,,
2025-07-19 05:49:38,119.649775,32.20458,4.6,227.8,,
2025-07-19 05:54:39,119.643535,32.20139666666667,4.4,244.9,,
2025-07-19 05:58:10,119.63876333333332,32.199801666666666,4.5,250.7,,
2025-07-19 06:01:12,119.63464833333332,32.198368333333335,4.5,243.8,,
2025-07-19 06:15:48,119.61438,32.19263333333333,4.6,253.1,,
2025-07-19 06:20:20,119.60793166666669,32.192148333333336,4.7,266.8,,
2025-07-19 06:23:52,119.60247,32.19143,5.0,253.3,,
2025-07-19 06:27:26,119.59533666666668,32.19002833333333,4.8,262.6,,
2025-07-19 06:32:57,119.58866,32.189708333333336,4.2,267.4,,
2025-07-19 06:36:29,119.58401333333332,32.18957833333333,4.2,271.0,,
2025-07-19 06:41:01,119.57779,32.19008,4.2,273.6,,
2025-07-19 06:44:02,119.573665,32.19049666666667,4.3,280.6,,
2025-07-19 06:47:03,119.56954833333332,32.191338333333334,4.3,280.4,,
2025-07-19 06:50:05,119.56538833333332,32.192295,4.4,288.9,,
2025-07-19 06:54:07,119.56034,32.194381666666665,4.3,300.6,,
2025-07-19 06:57:39,119.55610666666666,32.196785,4.4,316.4,,
2025-07-19 07:02:41,119.55296833333334,32.201925,4.1,334.4,,
2025-07-19 07:05:42,119.55205666666669,32.20518833333333,4.0,351.5,,
2025-07-19 07:09:14,119.55170833333334,32.20901333333333,4.0,359.5,,
2025-07-19 07:12:16,119.55170166666667,32.21245833333333,4.2,355.5,,
2025-07-19 07:16:17,119.55157666666666,32.21732,4.4,356.2,,
2025-07-19 07:19:18,119.55129,32.22106,4.5,358.0,,
2025-07-19 07:22:50,119.55052333333332,32.22562333333333,4.9,346.8,,
2025-07-19 07:26:52,119.55050833333334,32.230988333333336,5.0,359.4,,
2025-07-19 07:30:23,119.54886166666668,32.234935,4.0,318.8,,
2025-07-19 07:33:54,119.54544833333334,32.23773,4.4,306.7,,
2025-07-19 09:46:22,119.39326166666666,32.239025,4.4,214.6,,
2025-07-19 09:49:22,119.39061333333332,32.23605333333333,4.6,223.6,,
2025-07-19 09:52:52,119.38687333333333,32.23274,4.8,223.3,,
2025-07-19 09:56:23,119.383715,32.228973333333336,4.7,218.6,,
2025-07-19 09:59:24,119.38089,32.226095,4.6,221.3,,
2025-07-19 10:02:24,119.378305,32.222755,5.0,213.9,,
2025-07-19 10:05:25,119.37523166666666,32.21923,5.3,215.2,,
2025-07-19 10:08:25,119.37178833333331,32.21613166666667,4.8,223.5,,
2025-07-19 10:11:26,119.368585,32.21320166666667,4.6,221.7,,
2025-07-19 10:14:27,119.36546166666666,32.210498333333334,4.4,222.3,,
2025-07-19 10:17:57,119.36213,32.20756166666666,4.2,220.4,,
2025-07-19 10:20:57,119.35938833333331,32.20492333333333,4.2,224.6,,
2025-07-19 10:24:58,119.35517833333331,32.20225833333333,3.8,232.0,,
2025-07-19 10:28:29,119.351335,32.200355,3.6,249.3,,
2025-07-19 10:32:30,119.34659833333332,32.19889166666667,3.8,245.8,,
2025-07-19 10:35:30,119.34312666666666,32.19775833333333,4.0,252.4,,
2025-07-19 10:38:30,119.339455,32.19705833333333,3.8,259.0,,
2025-07-19 10:41:30,119.33577333333334,32.19627333333333,3.6,254.4,,
2025-07-19 10:44:31,119.33205333333332,32.19549666666666,4.0,257.7,,
2025-07-19 10:48:01,119.32767166666666,32.194808333333334,3.9,261.0,,
2025-07-19 10:51:02,119.32388166666668,32.19437666666666,4.0,263.7,,
2025-07-19 10:54:03,119.32000333333332,32.19411,4.0,268.0,,
2025-07-19 10:58:34,119.31413166666668,32.1941,4.0,271.8,,
2025-07-19 11:01:36,119.31011,32.194105,3.9,270.7,,
2025-07-19 11:04:37,119.30621,32.193885,3.9,266.2,,
2025-07-19 11:07:38,119.30237166666667,32.193751666666664,3.5,273.0,,
2025-07-19 11:10:39,119.29852333333334,32.19361,3.9,265.3,,
2025-07-19 11:13:40,119.29466166666668,32.19363166666667,4.0,275.6,,
2025-07-19 11:16:41,119.29077333333332,32.19399833333333,4.0,280.3,,
2025-07-19 11:20:12,119.286315,32.19484833333333,4.1,281.2,,
2025-07-19 11:24:13,119.28137833333334,32.195928333333335,3.8,281.6,,
2025-07-19 11:27:14,119.27793166666666,32.196843333333334,3.8,294.8,,
2025-07-19 11:30:45,119.27405666666668,32.19866666666667,3.7,299.9,,
2025-07-19 11:33:47,119.270885,32.200226666666666,3.7,299.7,,
2025-07-19 11:36:47,119.26769666666668,32.2016,3.8,297.8,,
2025-07-19 11:40:48,119.2634,32.20388,3.8,302.7,,
2025-07-19 11:43:50,119.26035333333331,32.20562833333334,3.6,305.9,,
2025-07-19 11:46:50,119.25754333333332,32.207483333333336,3.5,295.5,,
2025-07-19 11:50:51,119.25344166666666,32.209653333333335,3.6,299.4,,
2025-07-19 11:54:52,119.24884333333334,32.211353333333335,3.9,291.8,,
2025-07-19 11:57:54,119.245535,32.212795,3.8,299.2,,
2025-07-19 12:00:54,119.24225166666666,32.214635,4.2,304.4,,
2025-07-19 12:03:55,119.23904,32.21659,4.0,305.3,,
2025-07-19 12:06:57,119.235755,32.218563333333336,4.0,308.2,,
2025-07-19 12:10:28,119.23214333333334,32.221045,4.1,316.4,,
2025-07-19 12:13:29,119.22931833333334,32.22345333333333,4.0,315.1,,
2025-07-19 12:16:31,119.226375,32.225651666666664,4.0,307.3,,
2025-07-19 12:20:33,119.22099,32.22837166666667,3.6,293.6,,
2025-07-19 12:24:03,119.21815833333334,32.22942166666667,3.8,293.6,,
2025-07-19 12:27:34,119.21432833333331,32.231091666666664,3.7,297.6,,
2025-07-19 12:30:35,119.21112333333332,32.232645,3.8,298.3,,
2025-07-19 12:33:36,119.20773,32.23401333333333,3.8,296.6,,
2025-07-19 12:37:07,119.20375333333334,32.235566666666664,3.9,291.5,,
2025-07-19 12:40:08,119.20030833333334,32.23663666666667,3.8,293.8,,
2025-07-19 12:43:09,119.19688666666669,32.237695,3.9,288.4,,
2025-07-19 12:47:10,119.19236333333332,32.23894666666666,3.6,287.4,,
2025-07-19 12:50:11,119.18899666666668,32.23988,3.5,289.0,,
2025-07-19 14:43:11,119.07384666666668,32.23813833333333,3.7,224.9,,
2025-07-19 14:46:12,119.07122,32.235905,3.5,237.9,,
2025-07-19 14:49:44,119.06803833333332,32.23398,3.8,219.5,,
2025-07-19 14:52:45,119.066065,32.23138,3.9,208.4,,
2025-07-19 14:55:46,119.064525,32.22882333333333,3.2,209.1,,
2025-07-19 14:58:47,119.06287166666668,32.22644833333333,3.3,216.5,,
2025-07-19 15:01:49,119.06073,32.22472,2.9,222.3,,
2025-07-19 15:06:21,119.05867,32.222903333333335,1.9,215.8,,
2025-07-19 15:09:22,119.05752333333334,32.222098333333335,1.1,235.2,,
2025-07-19 15:12:23,119.05689333333332,32.22170333333333,0.0,252.8,,
2025-07-19 15:42:36,119.05669833333332,32.221783333333335,0.0,324.1,,
2025-07-19 16:12:46,119.056585,32.22177,0.0,257.1,,
2025-07-19 16:42:56,119.05656333333332,32.22176833333333,0.0,257.1,,
2025-07-19 17:13:06,119.05657666666669,32.22176833333333,0.0,257.1,,
2025-07-19 17:46:15,119.05653833333334,32.22175333333333,0.0,257.1,,
2025-07-19 18:19:25,119.05656333333332,32.22175166666667,0.0,257.1,,
2025-07-19 18:49:32,119.05656166666668,32.22179,0.0,257.1,,
2025-07-19 19:19:39,119.05656333333332,32.221805,0.0,257.1,,
2025-07-19 19:49:46,119.05658333333334,32.22181666666667,0.0,257.1,,
2025-07-19 20:22:54,119.05659666666666,32.221855,0.0,257.1,,
2025-07-19 20:53:02,119.05659166666666,32.22186166666667,0.0,257.1,,
2025-07-19 21:23:16,119.05656833333332,32.22185666666667,0.0,257.1,,
2025-07-19 21:56:30,119.05659333333334,32.221871666666665,0.0,257.1,,
2025-07-19 22:26:39,119.05660666666668,32.221885,0.0,257.1,,
2025-07-19 22:56:47,119.05649666666666,32.22185666666667,0.0,257.1,,
2025-07-19 23:26:56,119.05640166666667,32.221845,0.0,257.1,,
2025-07-19 23:57:06,119.05637666666668,32.221871666666665,0.0,257.1,,
2025-07-20 00:15:11,119.05733333333332,32.22161666666667,1.0,144.7,,
2025-07-20 00:18:43,119.05774666666667,32.218875,4.2,192.9,,
2025-07-20 00:21:43,119.05625333333332,32.215585,4.1,218.4,,
2025-07-20 00:24:45,119.05402833333332,32.212518333333335,4.5,214.9,,
2025-07-20 00:28:15,119.05155,32.20865333333333,4.2,202.2,,
2025-07-20 00:31:16,119.05226666666668,32.20525666666666,4.3,171.1,,
2025-07-20 00:34:17,119.05227166666668,32.202976666666665,2.0,179.8,,
2025-07-20 00:40:19,119.05196166666668,32.202095,0.0,216.2,,
2025-07-20 01:10:29,119.051925,32.201928333333335,0.0,223.7,,
2025-07-20 01:43:38,119.05192666666666,32.20191833333333,0.0,60.3,,
2025-07-20 02:13:49,119.05190166666668,32.201888333333336,0.0,60.3,,
2025-07-20 02:45:16,119.05187,32.20187166666667,0.0,60.3,,
2025-07-20 03:18:26,119.05195666666668,32.201946666666664,0.0,82.3,,
2025-07-20 03:54:39,119.05197,32.20195,0.0,34.9,,
2025-07-20 04:27:49,119.05198666666666,32.201945,0.0,34.9,,
2025-07-20 04:57:58,119.05201,32.20196,0.0,61.1,,
2025-07-20 05:28:06,119.05200166666668,32.20195666666667,0.0,61.1,,
2025-07-20 05:58:16,119.05199,32.20196166666667,0.0,61.1,,
2025-07-20 06:31:27,119.052,32.20198666666667,0.0,61.1,,
2025-07-20 07:01:39,119.05199166666668,32.20196333333333,0.0,61.1,,
2025-07-20 07:36:45,119.051995,32.20196,0.0,61.1,,
2025-07-20 08:04:27,119.05107666666666,32.20350833333333,3.5,2.1,,
2025-07-20 08:07:28,119.05324666666668,32.20675166666667,5.0,39.8,,
2025-07-20 08:10:29,119.05684,32.210348333333336,6.4,34.7,,
2025-07-20 08:12:31,119.059235,32.21355666666667,6.9,29.7,,
2025-07-20 08:15:32,119.06125833333331,32.217985,4.2,12.3,,
2025-07-20 08:18:33,119.06089333333334,32.22174166666667,4.7,340.0,,
2025-07-20 08:21:34,119.05847333333334,32.22253833333333,2.8,239.1,,
2025-07-20 08:26:05,119.057005,32.221621666666664,0.0,303.1,,
2025-07-20 08:29:07,119.05699333333334,32.22181166666667,1.0,7.6,,
2025-07-20 09:01:35,119.05701,32.221865,0.0,7.1,,
2025-07-20 09:31:51,119.05703333333334,32.22187,0.0,7.1,,
2025-07-20 10:02:07,119.05706,32.22186166666667,0.0,7.1,,
2025-07-20 10:32:24,119.05713333333334,32.221846666666664,0.0,107.7,,
2025-07-20 11:02:35,119.05713666666666,32.221851666666666,0.0,107.7,,
2025-07-20 11:32:40,119.05715166666668,32.22185833333333,0.0,107.7,,
2025-07-20 12:02:44,119.057165,32.22186333333333,0.0,107.7,,
2025-07-20 12:32:51,119.05716,32.22186666666666,0.0,107.7,,
2025-07-20 13:03:04,119.05717,32.221846666666664,0.0,107.7,,
2025-07-20 13:33:15,119.05717166666666,32.221851666666666,0.0,107.7,,
2025-07-20 14:06:29,119.05712833333334,32.22186,0.0,107.7,,
2025-07-20 14:36:41,119.05714,32.22186166666667,0.0,107.7,,
2025-07-20 15:06:54,119.05712833333334,32.221873333333335,0.0,107.7,,
2025-07-20 15:37:07,119.057115,32.221873333333335,0.0,107.7,,
2025-07-20 16:10:18,119.05712,32.22187666666667,0.0,107.7,,
2025-07-20 16:35:26,119.057915,32.21998,4.0,173.1,,
2025-07-20 16:38:27,119.05680666666666,32.216768333333334,4.5,205.0,,
2025-07-20 16:41:28,119.054225,32.21371166666667,4.6,222.3,,
2025-07-20 16:45:00,119.049495,32.20946166666667,4.6,218.6,,
2025-07-20 16:48:31,119.04714166666666,32.206801666666664,4.8,217.8,,
2025-07-20 16:51:31,119.044405,32.20357333333333,4.7,216.4,,
2025-07-20 16:54:33,119.04122666666666,32.20061166666667,4.6,225.1,,
2025-07-20 16:57:34,119.03800166666667,32.197671666666665,4.8,227.4,,
2025-07-20 17:00:35,119.03464833333334,32.195213333333335,4.3,233.5,,
2025-07-20 17:03:36,119.03121333333333,32.192728333333335,4.5,229.8,,
2025-07-20 17:06:37,119.02784833333334,32.190353333333334,4.5,230.6,,
2025-07-20 17:09:38,119.02441,32.188158333333334,4.3,235.0,,
2025-07-20 17:12:39,119.02105833333331,32.185961666666664,4.3,235.0,,
2025-07-20 17:15:40,119.017555,32.183856666666664,4.4,229.6,,
2025-07-20 17:18:41,119.01382833333334,32.181983333333335,4.4,241.6,,
2025-07-20 17:21:42,119.00995333333331,32.18025166666666,4.6,243.1,,
2025-07-20 17:24:42,119.006015,32.17861666666667,4.5,247.7,,
2025-07-20 17:27:43,119.00190166666668,32.177735,4.4,261.8,,
2025-07-20 17:30:44,118.99747333333332,32.177385,4.7,262.1,,
2025-07-20 17:34:15,118.99200333333332,32.17696,4.9,267.0,,
2025-07-20 17:37:16,118.98731333333332,32.176645,4.7,260.7,,
2025-07-20 17:40:17,118.98265333333332,32.17649,4.6,263.0,,
2025-07-20 17:43:18,118.97792166666666,32.176035,4.7,265.1,,
2025-07-20 17:46:19,118.97319333333331,32.17601166666667,5.2,273.6,,
2025-07-20 17:49:19,118.96842666666667,32.175995,4.7,269.6,,
2025-07-20 17:52:20,118.963665,32.17614666666667,5.0,269.0,,
2025-07-20 17:55:21,118.95885833333334,32.175866666666664,4.8,261.0,,
2025-07-20 17:58:22,118.95409,32.17545666666667,4.6,262.8,,
2025-07-20 18:01:22,118.94915,32.175351666666664,5.1,271.9,,
2025-07-20 18:04:23,118.94421666666666,32.17592666666667,5.0,278.3,,
2025-07-20 18:07:54,118.93853333333334,32.176785,5.1,285.4,,
2025-07-20 18:10:55,118.93414666666666,32.178155,4.7,287.4,,
2025-07-20 18:13:56,118.929695,32.179026666666665,4.7,282.5,,
2025-07-20 18:17:27,118.92449666666668,32.179743333333334,4.5,272.3,,
2025-07-20 18:20:28,118.91991166666666,32.18024166666667,4.5,275.7,,
2025-07-20 18:23:29,118.91531166666668,32.18045,4.7,275.9,,
2025-07-20 18:26:31,118.91045333333334,32.180775,4.8,276.9,,
2025-07-20 18:29:31,118.90560166666668,32.181261666666664,4.9,275.3,,
2025-07-20 18:32:32,118.90079833333331,32.18209,4.9,281.7,,
2025-07-20 18:35:33,118.89589333333332,32.18232833333333,5.2,264.5,,
2025-07-20 18:39:34,118.889695,32.182323333333336,4.3,271.3,,
2025-07-20 18:42:34,118.88530833333331,32.18225,4.5,261.8,,
2025-07-20 18:47:36,118.87830833333334,32.181275,4.3,258.9,,
2025-07-20 18:51:38,118.87282,32.180013333333335,4.5,252.8,,
2025-07-20 18:54:38,118.86901833333332,32.17917833333333,3.7,255.1,,
2025-07-20 18:58:39,118.86400333333332,32.17688666666667,5.0,232.9,,
2025-07-20 19:01:40,118.85963666666666,32.174641666666666,5.2,241.8,,
2025-07-20 19:04:40,118.85538166666667,32.17263666666667,4.5,243.2,,
2025-07-20 19:08:12,118.85095,32.170626666666664,4.2,242.5,,
2025-07-20 19:11:13,118.847415,32.168888333333335,4.0,240.2,,
2025-07-20 19:14:44,118.84331666666668,32.166885,4.2,241.3,,
2025-07-20 19:17:45,118.83955833333331,32.165303333333334,4.3,242.8,,
2025-07-20 19:20:46,118.83569333333334,32.163615,4.6,246.9,,
2025-07-20 19:23:46,118.83147833333334,32.16207,4.7,247.7,,
2025-07-20 19:26:47,118.82700333333334,32.16088166666667,4.5,254.2,,
2025-07-20 19:29:47,118.8228,32.16003,4.2,261.6,,
2025-07-20 19:32:48,118.818905,32.15909166666667,4.2,249.9,,
2025-07-20 19:36:19,118.81463166666668,32.157491666666665,4.0,246.9,,
2025-07-20 19:39:20,118.81099833333332,32.155755,4.3,242.8,,
2025-07-20 19:42:51,118.80654333333334,32.15425666666667,4.0,250.1,,
2025-07-20 19:45:51,118.80292833333333,32.15246666666667,4.4,237.3,,
2025-07-20 19:49:22,118.799385,32.149613333333335,4.3,225.0,,
2025-07-20 19:52:53,118.79584333333334,32.14682666666667,4.1,222.0,,
2025-07-20 19:56:24,118.79235666666666,32.14413166666667,4.1,233.8,,
2025-07-20 19:59:24,118.78926666666666,32.142091666666666,3.9,232.2,,
2025-07-20 20:02:26,118.78619,32.14029166666667,3.5,235.1,,
2025-07-20 20:05:26,118.78282666666668,32.13876333333333,4.0,245.0,,
2025-07-20 20:08:27,118.77885166666668,32.137771666666666,4.1,258.8,,
2025-07-20 20:11:58,118.77428166666668,32.136828333333334,4.1,264.5,,
2025-07-20 20:14:58,118.77019666666666,32.13654,4.2,268.8,,
2025-07-20 20:19:00,118.76396166666666,32.136055,4.9,269.2,,
2025-07-20 20:22:01,118.75952833333334,32.135355,4.4,253.6,,
2025-07-20 20:25:02,118.75569666666668,32.133921666666666,4.3,249.4,,
2025-07-20 20:28:02,118.75222166666668,32.131845,4.8,235.9,,
2025-07-20 20:31:02,118.74871833333331,32.129556666666666,4.5,230.0,,
2025-07-20 20:34:03,118.74529,32.126826666666666,5.0,224.2,,
2025-07-20 20:37:03,118.74199666666668,32.123623333333335,4.7,218.4,,
2025-07-20 20:40:04,118.7391,32.12068333333333,4.4,215.9,,
2025-07-20 20:43:35,118.73617333333333,32.11743166666667,4.0,212.0,,
2025-07-20 20:47:06,118.73347666666666,32.11425166666667,4.0,222.2,,
2025-07-20 20:50:36,118.73031166666668,32.11158833333333,4.0,225.6,,
2025-07-21 11:32:27,118.73014666666668,32.10492166666667,9.4,36.5,,
2025-07-21 11:34:57,118.73464333333334,32.11033166666667,9.5,35.0,,
2025-07-21 11:36:58,118.73813333333334,32.11473,9.3,34.3,,
2025-07-21 11:38:58,118.74201,32.11839166666667,8.1,52.9,,
2025-07-21 11:41:29,118.747445,32.12098666666667,7.5,61.6,,
2025-07-21 11:43:29,118.75170833333334,32.12311833333333,7.7,56.8,,
2025-07-21 11:46:00,118.75706333333332,32.125906666666666,7.5,60.4,,
2025-07-21 11:48:31,118.76250333333331,32.128326666666666,7.6,66.4,,
2025-07-21 11:50:31,118.76692666666666,32.1299,7.5,65.3,,
2025-07-21 11:52:32,118.77145666666668,32.13154333333333,7.4,69.4,,
2025-07-21 11:54:32,118.77616333333332,32.13307833333333,7.8,66.2,,
2025-07-21 11:56:32,118.78066166666666,32.135045,7.8,57.6,,
2025-07-21 11:58:33,118.7853,32.13696,8.1,65.1,,
2025-07-21 12:00:33,118.78974333333332,32.13926333333333,8.2,52.0,,
2025-07-21 12:02:34,118.79390666666669,32.14219166666667,8.3,52.2,,
2025-07-21 12:05:35,118.80035333333332,32.14639666666667,8.3,52.6,,
2025-07-21 12:08:06,118.80563666666669,32.150108333333336,8.0,54.0,,
2025-07-21 12:10:06,118.81002333333332,32.15270833333334,8.2,59.2,,
2025-07-21 12:12:37,118.81568833333333,32.15538,7.7,64.8,,
2025-07-21 12:15:08,118.82201833333332,32.15739166666667,8.5,69.3,,
2025-07-21 12:17:08,118.82736166666666,32.15914,8.8,70.5,,
2025-07-21 12:19:09,118.83281833333334,32.160803333333334,8.8,66.4,,
2025-07-21 12:21:10,118.83803333333331,32.162825,8.8,65.4,,
2025-07-21 12:23:10,118.843025,32.164851666666664,8.1,61.8,,
2025-07-21 12:25:11,118.847625,32.16707666666667,7.7,62.0,,
2025-07-21 12:27:12,118.85217,32.16914166666667,7.7,61.6,,
2025-07-21 12:29:43,118.85774666666669,32.172015,8.1,58.4,,
2025-07-21 12:32:14,118.863365,32.174913333333336,8.1,60.6,,
2025-07-21 12:34:15,118.86809,32.176885,8.0,66.0,,
2025-07-21 12:36:46,118.87417333333332,32.17886166666667,8.2,73.2,,
2025-07-21 12:38:46,118.879035,32.179946666666666,7.6,77.8,,
2025-07-21 12:41:17,118.88527,32.180616666666666,7.6,81.8,,
2025-07-21 12:43:20,118.892895,32.181215,7.7,84.9,,
2025-07-21 12:46:20,118.897755,32.18111,7.1,95.1,,
2025-07-21 12:48:21,118.90256666666669,32.180618333333335,7.5,97.9,,
2025-07-21 12:50:52,118.90873166666668,32.17971333333333,7.6,102.0,,
2025-07-21 12:52:53,118.91373666666668,32.178718333333336,8.1,102.0,,
2025-07-21 12:54:53,118.918705,32.17798666666667,7.8,98.2,,
2025-07-21 12:57:27,118.92752,32.176605,7.7,101.5,,
2025-07-21 12:59:56,118.93127333333334,32.17594166666667,7.9,102.7,,
2025-07-21 13:01:58,118.93619,32.175021666666666,7.5,103.0,,
2025-07-21 13:03:58,118.94103166666666,32.174263333333336,7.4,100.0,,
2025-07-21 13:06:29,118.947035,32.17342,7.3,99.6,,
2025-07-21 13:09:00,118.95302166666669,32.172665,7.6,95.3,,
2025-07-21 13:11:01,118.95789166666668,32.17232166666667,7.4,93.5,,
2025-07-21 13:13:02,118.962795,32.17221,7.5,90.4,,
2025-07-21 13:15:02,118.96774,32.172165,7.4,91.9,,
2025-07-21 13:17:03,118.97275833333332,32.17217,7.6,86.8,,
2025-07-21 13:19:04,118.977765,32.17268166666667,8.0,82.7,,
2025-07-21 13:21:05,118.98298333333334,32.173116666666665,8.6,84.2,,
2025-07-21 13:23:06,118.98865333333332,32.17347,8.7,85.9,,
2025-07-21 13:25:07,118.99445166666666,32.17418166666667,7.1,80.4,,
2025-07-21 13:27:08,119.00021666666666,32.17513,9.1,76.5,,
2025-07-21 13:29:08,119.00585333333332,32.17663833333334,8.7,69.0,,
2025-07-21 13:31:09,119.011215,32.178558333333335,8.5,66.6,,
2025-07-21 13:33:10,119.01606833333334,32.180888333333336,8.3,58.3,,
2025-07-21 13:35:10,119.02053333333332,32.18353666666667,8.4,51.1,,
2025-07-21 13:37:11,119.02495166666668,32.18631166666667,8.2,56.3,,
2025-07-21 13:39:11,119.02935,32.189096666666664,8.5,52.1,,
2025-07-21 13:41:12,119.03382,32.192105,8.6,54.8,,
2025-07-21 13:43:13,119.03858166666669,32.19496,9.1,50.9,,
2025-07-21 13:45:13,119.04295166666668,32.19823,9.1,45.2,,
2025-07-21 13:48:14,119.049095,32.203465,8.8,43.7,,
2025-07-21 13:50:15,119.05277,32.2071,8.5,37.5,,
2025-07-21 13:52:16,119.05595833333334,32.211035,8.5,34.4,,
2025-07-21 13:54:46,119.05969166666668,32.21585666666667,8.1,32.3,,
2025-07-21 13:56:47,119.06261333333332,32.219836666666666,8.5,34.2,,
2025-07-21 13:58:47,119.06557,32.223821666666666,8.7,28.7,,
2025-07-21 14:00:48,119.068735,32.22773333333333,8.2,38.2,,
2025-07-21 14:02:49,119.07238333333332,32.23122333333333,8.4,40.7,,
2025-07-21 14:04:49,119.07613,32.234595,8.1,45.1,,
2025-07-21 14:06:50,119.08017333333332,32.237505,8.0,54.1,,
2025-07-21 14:08:50,119.08447833333334,32.23990333333333,7.6,60.6,,
2025-07-21 14:45:56,119.18227166666668,32.23952,7.9,108.4,,
2025-07-21 14:47:56,119.187105,32.237943333333334,7.8,116.2,,
2025-07-21 14:49:57,119.19189666666666,32.23607666666667,8.2,114.9,,
2025-07-21 14:51:57,119.196635,32.23417833333333,8.0,117.2,,
2025-07-21 14:53:57,119.20135833333332,32.23217833333333,7.9,113.2,,
2025-07-21 14:56:28,119.20738,32.229886666666665,8.1,115.9,,
2025-07-21 14:58:58,119.21315666666666,32.22754166666667,7.7,118.8,,
2025-07-21 15:01:29,119.21871833333331,32.22492333333334,7.9,120.5,,
2025-07-21 15:04:29,119.22524166666666,32.22176666666667,7.5,120.8,,
2025-07-21 15:06:30,119.22927666666666,32.219478333333335,7.4,126.2,,
2025-07-21 15:08:30,119.23292333333332,32.216995,7.0,127.1,,
2025-07-21 15:10:31,119.23674333333334,32.21458333333333,7.3,128.1,,
2025-07-21 15:12:31,119.240465,32.212085,7.3,128.4,,
2025-07-21 15:14:31,119.244195,32.209615,7.1,127.4,,
2025-07-21 15:16:32,119.24802,32.20722,6.9,126.8,,
2025-07-21 15:18:32,119.25181,32.204785,7.2,128.3,,
2025-07-21 15:20:33,119.255675,32.20235,7.3,123.6,,
2025-07-21 15:22:33,119.25972166666666,32.200111666666665,7.3,121.9,,
2025-07-21 15:24:34,119.26388833333333,32.19795833333333,7.5,120.6,,
2025-07-21 15:26:34,119.26817,32.19585166666667,7.7,118.8,,
2025-07-21 15:28:34,119.27244666666668,32.19379166666667,7.4,119.0,,
2025-07-21 15:31:35,119.27923666666666,32.191293333333334,7.5,110.5,,
2025-07-21 15:33:36,119.28405,32.18996833333333,7.8,104.1,,
2025-07-21 15:35:36,119.28922333333334,32.189323333333334,8.0,96.8,,
2025-07-21 15:38:07,119.29608833333332,32.18909166666667,8.6,90.4,,
2025-07-21 15:43:08,119.310585,32.18976833333333,9.0,88.1,,
2025-07-21 15:46:09,119.319385,32.190196666666665,8.9,84.1,,
2025-07-21 15:48:09,119.325285,32.190733333333334,9.3,82.3,,
2025-07-21 15:50:10,119.33105166666668,32.19146833333333,8.7,82.2,,
2025-07-21 15:52:11,119.33646166666666,32.19236,8.3,73.7,,
2025-07-21 15:54:41,119.34282333333331,32.19418833333334,8.1,69.3,,
2025-07-21 15:56:42,119.34770833333332,32.196065,8.3,65.9,,
2025-07-21 15:59:43,119.35499166666666,32.19878333333333,7.8,69.6,,
2025-07-21 16:01:43,119.35984333333332,32.20032166666667,7.9,65.2,,
2025-07-21 16:05:15,119.36647166666668,32.204906666666666,7.6,40.4,,
2025-07-21 16:07:45,119.37004166666668,32.20916666666667,7.5,33.6,,
2025-07-21 16:09:46,119.37303166666666,32.21225666666667,7.2,39.4,,
2025-07-21 16:12:16,119.3767,32.21608833333333,6.9,37.6,,
2025-07-21 16:14:16,119.37939166666666,32.21920333333333,6.6,35.3,,
2025-07-21 16:16:16,119.38209666666668,32.22223833333334,6.9,40.5,,
2025-07-21 16:18:17,119.38526833333331,32.225525,7.8,36.7,,
2025-07-21 16:20:18,119.38862,32.229215,8.5,38.0,,
2025-07-21 16:22:18,119.39201,32.233,8.6,37.5,,
2025-07-21 16:24:18,119.39548666666668,32.23679,8.6,37.7,,
2025-07-21 17:34:10,119.53459666666669,32.239171666666664,5.3,132.9,,
2025-07-21 17:37:11,119.53805,32.236108333333334,4.6,134.8,,
2025-07-21 17:40:11,119.54152833333332,32.232971666666664,5.5,138.1,,
2025-07-21 17:43:11,119.54520666666669,32.22952166666666,6.1,140.8,,
2025-07-21 17:45:12,119.54737833333331,32.22677,6.2,152.6,,
2025-07-21 17:48:12,119.54891666666668,32.222195,5.7,178.7,,
2025-07-21 17:51:13,119.54928,32.21811,4.5,174.1,,
2025-07-21 17:54:14,119.549905,32.21418333333333,5.1,174.3,,
2025-07-21 17:57:45,119.55001,32.20806833333334,6.7,174.0,,
2025-07-21 18:03:16,119.55320833333332,32.197541666666666,7.6,155.2,,
2025-07-21 18:05:47,119.55681166666666,32.19387833333333,7.4,115.2,,
2025-07-21 18:08:18,119.56145166666668,32.191768333333336,6.8,110.9,,
2025-07-21 18:10:18,119.56564666666668,32.190668333333335,6.6,102.7,,
2025-07-21 18:12:49,119.571315,32.18947333333333,7.3,101.7,,
2025-07-21 18:18:21,119.58537833333334,32.18783666666667,8.4,88.9,,
2025-07-21 18:20:52,119.59212,32.188208333333336,8.2,87.9,,
2025-07-21 18:22:52,119.59742833333334,32.188245,7.7,92.3,,
2025-07-21 18:25:23,119.60331333333332,32.188565,6.6,83.9,,
2025-07-21 18:27:24,119.60758333333334,32.189225,6.5,75.7,,
2025-07-21 18:29:25,119.61164333333332,32.190235,6.3,74.4,,
2025-07-21 18:31:25,119.61563833333334,32.19110333333333,6.3,76.3,,
2025-07-21 18:33:26,119.61971333333334,32.191865,6.1,75.4,,
2025-07-21 18:35:27,119.62386333333332,32.192706666666666,6.8,73.2,,
2025-07-21 18:38:28,119.63011166666666,32.19417,6.8,71.6,,
2025-07-21 18:43:30,119.64031333333334,32.197358333333334,6.8,65.2,,
2025-07-21 18:45:31,119.64421,32.19831833333333,6.1,79.0,,
2025-07-21 18:47:32,119.64822833333334,32.19907666666667,6.4,73.2,,
2025-07-21 18:49:33,119.65207166666669,32.20055833333333,6.6,56.7,,
2025-07-21 18:52:04,119.65638833333334,32.20323333333333,6.6,46.7,,
2025-07-21 18:54:06,119.65961666666666,32.20571666666667,6.6,47.1,,
2025-07-21 18:56:06,119.66271666666668,32.20817666666667,6.1,43.7,,
2025-07-21 18:58:07,119.66546333333334,32.21096166666667,6.5,39.7,,
2025-07-21 19:00:09,119.66799833333332,32.2139,6.5,34.8,,
2025-07-21 19:02:39,119.67125,32.21765333333333,6.6,35.3,,
2025-07-21 19:04:41,119.67354,32.22091,6.8,26.8,,
2025-07-21 19:06:41,119.675545,32.224356666666665,6.9,25.1,,
2025-07-21 19:08:42,119.67715666666666,32.22786833333333,6.6,19.6,,
2025-07-21 19:10:43,119.678935,32.231276666666666,6.7,22.8,,
2025-07-21 19:13:15,119.68115166666666,32.235623333333336,6.9,20.8,,
2025-07-21 21:32:11,119.87458833333334,32.234588333333335,6.9,166.5,,
2025-07-21 21:34:11,119.87567166666666,32.230825,7.1,166.7,,
2025-07-21 21:36:44,119.877075,32.22397333333333,7.1,171.0,,
2025-07-21 21:39:13,119.877655,32.22105333333333,7.1,168.1,,
2025-07-21 21:41:14,119.87852833333334,32.217196666666666,7.2,170.7,,
2025-07-21 21:43:15,119.87940666666668,32.21332,7.0,169.1,,
2025-07-21 21:45:15,119.88051833333331,32.20947,7.2,166.2,,
2025-07-21 21:47:17,119.88104,32.20746,7.4,168.0,,
2025-07-21 21:49:17,119.88282166666669,32.201413333333335,7.5,163.4,,
2025-07-21 21:51:18,119.88282166666669,32.201413333333335,7.5,163.4,,
2025-07-21 21:53:51,119.88503,32.190055,7.4,175.7,,
2025-07-21 21:56:21,119.885125,32.18897833333333,7.7,176.6,,
2025-07-21 21:59:21,119.885835,32.18067,7.6,175.8,,
2025-07-21 22:01:52,119.88603333333332,32.177506666666666,7.5,176.6,,
2025-07-21 22:03:52,119.886565,32.17120333333333,7.3,176.3,,
2025-07-21 22:05:53,119.88685,32.1691,7.6,172.1,,
2025-07-21 22:07:55,119.88808833333331,32.162875,7.5,172.4,,
2025-07-21 22:09:55,119.88842666666666,32.160795,7.4,171.6,,
2025-07-21 22:11:55,119.88923,32.15666,7.5,171.2,,
2025-07-21 22:13:56,119.8902,32.15251333333333,7.5,166.4,,
2025-07-21 22:16:56,119.891565,32.14852,7.3,160.4,,
2025-07-21 22:18:56,119.89452833333333,32.140375,7.7,162.8,,
2025-07-21 22:21:26,119.89664666666668,32.135468333333336,7.7,158.0,,
2025-07-21 22:23:27,119.89664666666668,32.135468333333336,7.7,158.0,,
2025-07-21 22:26:56,119.90141833333334,32.12454833333334,7.6,162.9,,
2025-07-21 22:29:57,119.90210166666668,32.12251333333333,7.5,164.2,,
2025-07-21 22:33:57,119.90616,32.11040333333333,7.5,161.8,,
2025-07-21 22:35:57,119.907405,32.10628166666667,7.5,167.3,,
2025-07-21 22:37:57,119.90876,32.10219333333333,7.6,163.1,,
2025-07-21 22:40:27,119.91065666666668,32.097215,7.4,162.1,,
2025-07-21 22:42:28,119.91212333333333,32.093158333333335,7.5,161.9,,
2025-07-21 22:44:28,119.91364833333331,32.08916333333333,7.7,162.9,,
2025-07-21 22:46:59,119.91591666666666,32.08432833333333,7.4,155.5,,
2025-07-21 22:51:00,119.91785333333333,32.08044833333334,7.4,156.7,,
2025-07-21 22:53:30,119.920355,32.075625,7.8,157.5,,
2025-07-21 22:55:30,119.922245,32.071805,7.6,158.2,,
2025-07-21 22:57:31,119.925295,32.06615,7.4,153.4,,
2025-07-21 23:00:00,119.92881666666666,32.059643333333334,7.5,157.1,,
2025-07-21 23:02:01,119.93080833333332,32.05585166666667,7.3,154.1,,
2025-07-21 23:05:32,119.93231166666666,32.053135,7.2,153.0,,
2025-07-21 23:13:03,119.94275166666668,32.03642166666667,7.1,150.7,,
2025-07-21 23:15:03,119.94506833333334,32.032893333333334,7.3,150.4,,
2025-07-21 23:17:34,119.94813333333332,32.028455,7.3,150.0,,
2025-07-21 23:20:04,119.95097833333334,32.023921666666666,7.2,152.7,,
2025-07-21 23:22:04,119.95305,32.020255,7.2,152.5,,
2025-07-21 23:24:05,119.95545333333334,32.016895,6.9,143.4,,
2025-07-21 23:27:05,119.95981666666668,32.01253833333333,6.8,136.8,,
2025-07-21 23:29:05,119.963145,32.00987166666667,7.0,132.8,,
2025-07-21 23:31:36,119.96749833333334,32.006585,7.5,133.4,,
2025-07-21 23:33:36,119.970985,32.003855,7.6,133.2,,
2025-07-21 23:35:37,119.97465666666666,32.001113333333336,7.4,128.5,,
2025-07-21 23:37:37,119.97853666666668,31.99853833333333,7.7,127.4,,
2025-07-21 23:39:38,119.98232,31.995756666666665,7.5,132.8,,
2025-07-21 23:41:38,119.985955,31.992698333333333,7.9,134.1,,
2025-07-21 23:43:39,119.98940666666668,31.989466666666665,7.8,140.5,,
2025-07-21 23:45:39,119.99260666666666,31.986273333333333,7.4,139.1,,
2025-07-21 23:47:40,119.996,31.983291666666663,7.4,133.8,,
2025-07-21 23:49:40,119.99950833333334,31.980511666666665,7.3,132.9,,
2025-07-21 23:51:40,120.00324166666668,31.978085,7.1,123.3,,
2025-07-21 23:53:41,120.00737166666669,31.976061666666663,7.3,118.4,,
2025-07-21 23:55:41,120.01132333333334,31.973938333333333,7.1,124.6,,
2025-07-21 23:57:41,120.01523666666668,31.97169166666667,7.2,123.3,,
2025-07-21 23:59:42,120.01936833333332,31.96957833333333,7.4,119.1,,
2025-07-22 00:01:42,120.02374,31.96795833333333,7.5,112.9,,
2025-07-22 00:03:42,120.02826,31.96649333333333,7.3,110.7,,
2025-07-22 00:05:43,120.03292333333331,31.96503,7.5,110.0,,
2025-07-22 00:07:43,120.03753833333332,31.963575,7.5,110.3,,
2025-07-22 00:09:43,120.04220833333332,31.962253333333333,7.5,107.7,,
2025-07-22 00:11:44,120.04696666666666,31.960936666666665,7.7,105.7,,
2025-07-22 00:13:44,120.05175,31.959776666666667,7.5,104.8,,
2025-07-22 00:15:45,120.05653333333332,31.958671666666667,7.6,105.2,,
2025-07-22 00:17:47,120.06136,31.95741333333333,7.5,107.5,,
2025-07-22 00:19:48,120.066085,31.95607,7.5,109.7,,
2025-07-22 00:22:19,120.07188,31.954385,7.2,110.6,,
2025-07-22 00:24:50,120.07746666666668,31.95255,7.3,111.0,,
2025-07-22 00:27:21,120.08303,31.950801666666667,7.1,108.2,,
2025-07-22 00:29:22,120.08756,31.94961333333333,7.2,106.6,,
2025-07-22 00:34:25,120.09849333333334,31.94669833333333,6.7,105.7,,
2025-07-22 00:37:57,120.10598333333331,31.944415,7.1,108.8,,
2025-07-22 00:42:01,120.11459333333332,31.94181333333333,6.8,106.3,,
2025-07-22 00:44:03,120.11889666666669,31.940746666666666,6.8,105.2,,
2025-07-22 00:50:37,120.13285,31.937743333333334,6.7,101.4,,
2025-07-22 00:56:41,120.14596833333331,31.935658333333333,6.7,96.4,,
2025-07-22 00:59:14,120.15136666666666,31.93477833333333,7.0,106.6,,
2025-07-22 01:07:19,120.17065666666667,31.932431666666663,7.3,103.8,,
2025-07-22 01:15:55,120.19167666666668,31.929531666666666,7.8,91.7,,
2025-07-22 01:19:28,120.20026,31.92907333333333,7.2,87.9,,
2025-07-22 01:28:35,120.22008666666666,31.929458333333333,6.4,90.9,,
2025-07-22 01:30:36,120.22459,31.929501666666667,7.1,88.3,,
2025-07-22 01:36:10,120.23724833333333,31.93153333333333,7.2,66.9,,
2025-07-22 01:41:44,120.249235,31.93482,7.1,70.2,,
2025-07-22 01:46:15,120.25881333333334,31.937905,6.6,68.7,,
2025-07-22 01:48:16,120.26283,31.939511666666668,6.8,64.3,,
2025-07-22 01:50:17,120.266585,31.941301666666668,6.6,58.1,,
2025-07-22 01:54:18,120.27368333333334,31.945311666666665,6.7,57.9,,
2025-07-22 01:56:18,120.27747,31.947315,7.0,60.6,,
2025-07-22 01:58:49,120.282555,31.94924,6.6,73.1,,
2025-07-22 02:00:50,120.286895,31.950631666666663,7.1,70.1,,
2025-07-22 02:03:21,120.29271666666666,31.95216333333333,7.5,72.7,,
2025-07-22 02:05:21,120.297475,31.95297,7.3,84.4,,
2025-07-22 02:07:22,120.30238666666666,31.953366666666668,7.5,83.4,,
2025-07-22 02:09:53,120.30857833333332,31.954596666666667,7.5,74.7,,
2025-07-22 02:11:54,120.31342333333332,31.95555333333333,7.3,77.8,,
2025-07-22 02:14:24,120.31942333333332,31.95641833333333,7.7,82.5,,
2025-07-22 02:17:25,120.32626166666668,31.957626666666663,6.7,75.0,,
2025-07-22 02:19:26,120.33038,31.95869666666667,5.7,69.3,,
2025-07-22 02:22:27,120.33549333333332,31.96039333333333,5.1,67.0,,
2025-07-22 02:25:58,120.34064166666668,31.961883333333333,5.0,67.7,,
2025-07-22 02:29:30,120.34601666666669,31.96416,4.3,56.8,,
2025-07-22 02:35:03,120.347215,31.967106666666663,1.9,331.3,,
2025-07-22 02:41:05,120.34524,31.968263333333333,0.1,4.1,,
2025-07-22 03:11:19,120.34522666666666,31.968286666666668,0.0,4.1,,
2025-07-22 03:41:34,120.34513666666666,31.96828333333333,0.0,4.1,,
2025-07-22 04:11:53,120.34491833333334,31.968196666666667,0.0,4.1,,
2025-07-22 04:42:13,120.344865,31.968198333333333,0.0,256.7,,
2025-07-22 05:12:33,120.344885,31.96821333333333,0.0,256.7,,
2025-07-22 05:25:39,120.35545666666668,31.965465,5.9,78.6,,
2025-07-22 05:28:40,120.361455,31.966573333333333,6.4,78.2,,
2025-07-22 05:30:42,120.365605,31.96742,6.7,75.9,,
2025-07-22 05:33:13,120.37087833333334,31.968376666666668,6.3,86.7,,
2025-07-22 05:35:13,120.37501,31.968631666666667,6.5,83.0,,
2025-07-22 05:37:15,120.37929666666666,31.969068333333333,6.6,85.7,,
2025-07-22 05:39:15,120.38366166666668,31.969321666666666,6.8,86.4,,
2025-07-22 05:41:46,120.389285,31.96944166666667,6.6,90.0,,
2025-07-22 05:43:47,120.39371,31.96963333333333,6.5,88.8,,
2025-07-22 05:45:48,120.39828166666666,31.96967,6.9,90.0,,
2025-07-22 05:47:48,120.40303333333334,31.96956833333333,7.3,93.3,,
2025-07-22 05:50:19,120.40879333333334,31.96923,6.7,93.0,,
2025-07-22 05:53:21,120.41434333333332,31.968778333333333,4.4,93.7,,
2025-07-22 05:56:52,120.41854833333332,31.96859,2.9,95.1,,
2025-07-22 06:01:23,120.41977666666666,31.968241666666668,0.0,141.2,,
2025-07-22 06:31:35,120.419885,31.968101666666666,0.0,138.2,,
2025-07-22 07:01:42,120.41990166666666,31.968086666666668,0.0,138.2,,
2025-07-22 07:31:49,120.419915,31.968073333333333,0.0,138.2,,
2025-07-22 08:01:57,120.41990333333334,31.96807833333333,0.0,138.2,,
2025-07-22 08:32:02,120.41989,31.96807833333333,0.0,138.2,,
2025-07-22 09:02:08,120.41986333333334,31.968085,0.0,220.4,,
2025-07-22 09:40:18,120.419875,31.968091666666663,0.0,220.4,,
2025-07-22 10:11:24,120.41987833333332,31.968098333333334,0.0,220.4,,
2025-07-22 10:47:33,120.41988833333332,31.96809,0.0,220.4,,
2025-07-22 11:19:42,120.41988833333332,31.968083333333333,0.0,220.4,,
2025-07-22 11:50:45,120.41989666666667,31.968086666666668,0.0,63.0,,
2025-07-22 12:25:52,120.41990333333334,31.96809333333333,0.0,179.2,,
2025-07-22 12:56:56,120.41990166666666,31.96809,0.0,179.2,,
2025-07-22 13:30:04,120.41991833333331,31.96808833333333,0.0,179.2,,
2025-07-22 14:00:12,120.419915,31.968095,0.0,179.2,,
2025-07-22 14:22:19,120.41988,31.96819333333333,2.9,352.2,,
2025-07-22 14:34:23,120.42152666666668,31.96906333333333,4.0,82.0,,
2025-07-22 14:37:24,120.42689833333333,31.96961,6.2,82.0,,
2025-07-22 14:39:25,120.43101833333333,31.97026,6.4,76.4,,
2025-07-22 14:41:25,120.435025,31.971376666666668,6.4,68.0,,
2025-07-22 14:43:26,120.43885333333333,31.97295,6.9,64.5,,
2025-07-22 14:46:57,120.44471,31.976766666666663,6.6,46.5,,
2025-07-22 14:50:28,120.44965666666668,31.981616666666667,6.5,33.5,,
2025-07-22 14:53:29,120.45269166666668,31.98648833333333,6.6,22.1,,
2025-07-22 14:55:31,120.45430833333332,31.991801666666667,6.8,5.7,,
2025-07-22 14:59:31,120.454255,31.99722,6.2,352.3,,
2025-07-22 15:03:02,120.45223166666666,32.00313,6.3,335.8,,
2025-07-22 15:05:02,120.45044,32.006301666666666,6.4,335.4,,
2025-07-22 15:07:33,120.448045,32.010308333333334,6.6,336.0,,
2025-07-22 15:10:04,120.44619,32.014826666666664,7.0,346.6,,
2025-07-22 15:13:04,120.44539166666668,32.02048,6.9,3.2,,
2025-07-22 15:15:05,120.44606833333332,32.02435333333333,6.9,10.2,,
2025-07-22 15:18:06,120.44928,32.028571666666664,6.0,45.3,,
2025-07-22 15:21:07,120.45396166666669,32.03163,5.7,63.3,,
2025-07-22 15:24:08,120.45912166666666,32.03294666666667,5.3,84.0,,
2025-07-22 15:27:09,120.46445666666666,32.033276666666666,5.4,86.9,,
2025-07-22 15:30:10,120.46938,32.033366666666666,4.8,90.0,,
2025-07-22 15:33:11,120.47408333333334,32.03333833333333,4.6,90.2,,
2025-07-22 15:37:13,120.479965,32.03306833333333,4.4,91.5,,
2025-07-22 15:40:15,120.484265,32.033105,4.2,90.7,,
2025-07-22 15:45:17,120.49121333333332,32.0326,4.1,95.7,,
2025-07-22 15:49:18,120.49659166666666,32.03178166666667,4.0,104.5,,
2025-07-22 15:53:20,120.50181666666668,32.03085333333333,4.0,104.2,,
2025-07-22 15:57:22,120.50681166666666,32.02941833333333,4.0,110.7,,
2025-07-22 16:01:54,120.51229666666669,32.027675,3.8,111.3,,
2025-07-22 16:07:56,120.51949,32.02519,3.9,113.5,,
2025-07-22 16:10:56,120.52316333333331,32.02397,4.0,111.9,,
2025-07-22 16:17:27,120.53113333333332,32.02112833333333,4.0,115.9,,
2025-07-22 16:21:27,120.53564666666666,32.019235,3.8,115.2,,
2025-07-22 16:24:58,120.53976666666668,32.01786833333333,3.9,110.4,,
2025-07-22 16:28:00,120.544495,32.01614166666667,4.1,115.4,,
2025-07-22 16:37:00,120.554585,32.01255333333334,4.2,111.9,,
2025-07-22 16:41:33,120.561485,32.01011333333334,4.2,111.2,,
2025-07-22 16:58:34,120.58236,32.00228833333333,4.4,117.3,,
2025-07-22 17:04:05,120.58995,32.00030833333334,4.3,103.8,,
2025-07-22 17:07:05,120.59400333333332,31.99922,4.4,107.2,,
2025-07-22 17:11:06,120.59943,31.997821666666667,4.3,104.6,,
2025-07-22 17:14:06,120.60351,31.996746666666667,4.4,112.8,,
2025-07-22 17:19:37,120.61084166666669,31.99511833333333,4.3,103.7,,
2025-07-22 17:36:10,120.63343333333331,31.994251666666667,4.3,82.7,,
2025-07-22 17:39:11,120.63769333333332,31.99454833333333,4.3,86.1,,
2025-07-22 17:43:42,120.64405333333332,31.995013333333333,4.4,85.4,,
2025-07-22 17:52:15,120.65610166666669,31.996305,4.2,85.2,,
2025-07-22 18:00:17,120.66759666666668,31.99761833333333,4.5,85.8,,
2025-07-22 18:08:51,120.68207,31.999431666666663,4.8,88.2,,
2025-07-22 18:18:52,120.69682166666666,32.00094333333333,5.2,82.6,,
2025-07-22 18:33:25,120.72141833333332,32.003905,5.1,83.3,,
2025-07-22 18:36:26,120.72644666666666,32.00469833333333,5.1,77.9,,
2025-07-22 18:53:30,120.75610166666668,32.00810166666667,5.5,81.6,,
2025-07-22 18:59:01,120.76577,32.009116666666664,5.2,88.4,,
2025-07-22 19:02:32,120.77199333333331,32.00895,5.6,91.5,,
2025-07-22 19:06:04,120.778415,32.00859333333333,5.5,93.9,,
2025-07-22 19:09:35,120.78484833333331,32.00813333333333,5.7,97.7,,
2025-07-22 19:13:06,120.791225,32.00695666666667,6.0,106.0,,
2025-07-22 19:16:07,120.79674833333333,32.00559166666667,5.7,106.3,,
2025-07-22 19:19:08,120.80235333333331,32.00424,5.9,104.8,,
2025-07-22 19:22:09,120.80775833333334,32.002471666666665,5.7,121.1,,
2025-07-22 19:25:10,120.81269166666668,31.999901666666663,5.9,122.2,,
2025-07-22 19:27:11,120.8159,31.99790833333333,6.1,126.8,,
2025-07-22 19:29:12,120.81915,31.995865,6.0,126.0,,
2025-07-22 19:31:12,120.82229,31.99368,6.3,131.7,,
2025-07-22 19:33:43,120.82599,31.990641666666665,6.4,134.3,,
2025-07-22 19:35:43,120.82888833333334,31.988153333333333,6.5,134.4,,
2025-07-22 19:38:14,120.83252666666668,31.985085,6.2,136.8,,
2025-07-22 19:40:14,120.83535166666668,31.982535,6.5,138.9,,
2025-07-22 19:42:45,120.83860833333334,31.979088333333333,6.6,142.6,,
2025-07-22 19:45:15,120.841775,31.97543,6.7,143.3,,
2025-07-22 19:47:15,120.84425833333331,31.97246833333333,6.7,143.4,,
2025-07-22 19:49:46,120.84737833333334,31.96873833333333,6.6,147.7,,
2025-07-22 19:52:16,120.850345,31.96495,6.3,147.4,,
2025-07-22 19:54:17,120.85220833333334,31.961681666666667,6.2,159.2,,
2025-07-22 19:56:17,120.85386166666666,31.958386666666662,6.3,154.0,,
2025-07-22 19:58:32,120.85611,31.954666666666668,6.6,151.1,,
2025-07-22 20:00:32,120.85829,31.951385,6.9,151.6,,
2025-07-22 20:02:32,120.86036166666666,31.948038333333333,6.6,156.0,,
2025-07-22 20:04:32,120.86218,31.944496666666662,7.0,159.8,,
2025-07-22 20:06:32,120.86357,31.94088,6.7,160.6,,
2025-07-22 20:08:34,120.86589666666669,31.935486666666662,7.0,158.4,,
2025-07-22 20:11:03,120.86725166666666,31.932871666666667,6.7,155.4,,
2025-07-22 20:13:03,120.868825,31.92929833333333,6.8,163.8,,
2025-07-22 20:15:03,120.87006333333332,31.925595,6.8,164.3,,
2025-07-22 20:17:03,120.87151,31.922026666666667,7.0,162.1,,
2025-07-22 20:19:03,120.87293333333334,31.91848166666667,6.9,160.0,,
2025-07-22 20:21:33,120.87501833333332,31.914251666666665,6.4,157.0,,
2025-07-22 20:23:34,120.87680166666668,31.910915,6.7,159.5,,
2025-07-22 20:25:34,120.87796,31.90735833333333,6.8,167.1,,
2025-07-22 20:27:34,120.87876833333333,31.90367,6.7,171.3,,
2025-07-22 20:29:34,120.87973,31.900033333333333,6.5,165.8,,
2025-07-22 20:31:34,120.88082833333333,31.89643166666667,6.8,164.9,,
2025-07-22 20:33:34,120.88194,31.892825,6.7,167.2,,
2025-07-22 20:35:36,120.88346166666666,31.887456666666665,6.9,166.8,,
2025-07-22 20:38:05,120.88414666666668,31.884736666666665,6.6,167.9,,
2025-07-22 20:40:05,120.88520333333334,31.88114333333333,6.9,168.6,,
2025-07-22 20:42:05,120.88584833333331,31.87745333333333,6.7,171.4,,
2025-07-22 20:45:05,120.887195,31.871981666666667,6.4,161.1,,
2025-07-22 20:47:05,120.88864833333334,31.868546666666667,6.7,162.4,,
2025-07-22 20:49:05,120.88993666666669,31.864923333333333,7.0,162.2,,
2025-07-22 20:51:05,120.89139666666668,31.86124,7.1,163.0,,
2025-07-22 20:53:05,120.89281666666666,31.857423333333333,7.1,162.1,,
2025-07-22 20:55:05,120.89388666666666,31.853565,7.0,168.4,,
2025-07-22 20:57:35,120.895105,31.848621666666663,7.1,167.7,,
2025-07-22 20:59:35,120.89618666666668,31.84468333333333,7.3,164.7,,
2025-07-22 21:01:36,120.8977,31.840823333333333,7.2,161.6,,
2025-07-22 21:04:06,120.89987833333332,31.836068333333333,7.6,155.9,,
2025-07-22 21:06:06,120.90196666666668,31.83234333333333,7.3,153.4,,
2025-07-22 21:08:06,120.90434166666668,31.82859333333333,7.7,149.8,,
2025-07-22 21:10:38,120.908935,31.82188,7.8,152.0,,
2025-07-22 21:14:07,120.91185666666668,31.817381666666662,7.1,151.4,,
2025-07-22 21:16:37,120.91467,31.81292333333333,7.3,150.4,,
2025-07-22 21:18:37,120.91711,31.80942,7.3,150.9,,
2025-07-22 21:21:37,120.92068166666668,31.804086666666667,7.4,148.2,,
2025-07-22 21:24:38,120.92462333333332,31.79885,7.6,145.6,,
2025-07-22 21:28:09,120.92974333333332,31.79304,7.4,137.7,,
2025-07-22 21:33:11,120.93855,31.786036666666668,7.5,126.4,,
2025-07-22 21:35:11,120.94256833333333,31.783776666666668,7.7,119.5,,
2025-07-22 23:05:57,121.02707833333334,31.787925,4.1,293.6,,
2025-07-22 23:11:28,121.02478166666668,31.78906333333333,0.0,70.8,,
2025-07-22 23:41:40,121.02434,31.78921666666667,0.0,113.4,,
2025-07-23 00:14:47,121.02433666666668,31.78922333333333,0.0,113.4,,
2025-07-23 00:44:58,121.02433,31.789248333333333,0.1,99.7,,
2025-07-23 00:57:04,121.026365,31.787211666666668,3.7,107.6,,
2025-07-23 09:37:02,120.99594,31.780046666666667,4.5,275.9,,
2025-07-23 09:40:03,120.99151166666668,31.780465,4.4,273.6,,
2025-07-23 09:43:04,120.98685333333331,31.780516666666667,5.0,268.4,,
2025-07-23 09:46:05,120.98176333333332,31.78037833333333,5.3,268.8,,
2025-07-23 21:16:34,120.94278,31.78309,6.0,342.2,,
2025-07-23 21:19:35,120.94178166666669,31.78696833333333,3.9,345.7,,
2025-07-23 21:23:37,120.93978833333334,31.789866666666665,2.9,340.9,,
2025-07-23 21:27:38,120.937945,31.793511666666667,4.0,317.9,,
2025-07-23 21:31:10,120.93481666666666,31.796455,3.9,323.2,,
2025-07-23 21:37:43,120.92964833333332,31.802175,3.9,314.2,,
2025-07-23 21:43:14,120.92554,31.807036666666665,4.1,326.2,,
2025-07-23 21:51:46,120.919315,31.814635,3.8,329.5,,
2025-07-23 22:07:49,120.90763333333334,31.829731666666667,3.8,329.6,,
2025-07-23 22:11:19,120.90599666666668,31.832843333333333,3.8,341.8,,
2025-07-23 22:21:20,120.90186,31.842776666666666,3.8,337.5,,
2025-07-23 22:25:21,120.90009333333332,31.84697333333333,3.8,341.8,,
2025-07-23 22:28:22,120.89930666666666,31.850206666666665,4.2,351.7,,
2025-07-23 22:31:22,120.89880833333332,31.853563333333334,4.2,352.4,,
2025-07-23 22:35:54,120.89718166666668,31.858555,3.5,343.2,,
2025-07-23 22:38:54,120.89596166666666,31.861826666666666,4.3,346.7,,
2025-07-23 22:44:25,120.89491166666669,31.86787,3.8,356.0,,
2025-07-23 22:47:56,120.89426666666668,31.87162,3.8,352.9,,
2025-07-23 22:51:27,120.8937,31.875433333333334,3.9,352.6,,
2025-07-23 22:54:28,120.89296333333331,31.878745,3.9,344.7,,
2025-07-23 22:57:29,120.89197,31.88202,4.1,346.2,,
2025-07-23 23:01:29,120.890835,31.886445,4.1,346.1,,
2025-07-23 23:04:30,120.88973833333333,31.88969,4.0,344.8,,
2025-07-23 23:08:01,120.88832833333332,31.893335,4.0,341.6,,
2025-07-23 23:12:02,120.88661,31.897575,3.9,336.1,,
2025-07-23 23:15:02,120.88540333333331,31.90069833333333,3.9,345.4,,
2025-07-23 23:18:34,120.88408166666666,31.904378333333334,3.9,344.1,,
2025-07-23 23:22:04,120.88284333333333,31.908111666666667,4.2,340.4,,
2025-07-23 23:25:34,120.88094,31.911755,4.1,340.0,,
2025-07-23 23:28:35,120.87973333333332,31.914986666666668,3.9,345.0,,
2025-07-23 23:31:35,120.878415,31.918125,4.1,335.6,,
2025-07-23 23:34:35,120.877,31.92131833333333,4.2,340.5,,
2025-07-23 23:38:36,120.875205,31.925706666666667,4.2,341.3,,
2025-07-23 23:41:37,120.873715,31.92888,4.1,339.8,,
2025-07-23 23:44:38,120.87235666666666,31.931875,3.5,343.1,,
2025-07-23 23:47:38,120.87126166666668,31.93473,3.7,342.8,,
2025-07-23 23:50:39,120.87027,31.937385,3.1,347.8,,
2025-07-23 23:53:39,120.86943333333332,31.93972833333333,3.2,339.7,,
2025-07-23 23:56:40,120.86833833333333,31.94229,3.3,339.4,,
2025-07-23 23:59:41,120.86749333333331,31.94485166666667,3.1,338.1,,
2025-07-24 00:02:41,120.86582666666666,31.94692833333333,3.3,315.5,,
2025-07-24 00:05:41,120.86428,31.949371666666668,3.5,346.7,,
2025-07-24 00:08:42,120.863785,31.95219833333333,3.2,353.0,,
2025-07-24 00:11:43,120.86304666666666,31.95460333333333,2.9,338.5,,
2025-07-24 00:14:44,120.861875,31.956748333333334,2.7,334.7,,
2025-07-24 00:17:45,120.86063333333334,31.95893166666667,3.0,342.9,,
2025-07-24 00:20:46,120.85977666666666,31.961471666666668,3.5,340.8,,
2025-07-24 00:23:47,120.85838166666667,31.963916666666663,3.3,348.4,,
2025-07-24 00:26:48,120.857435,31.966476666666665,3.2,336.6,,
2025-07-24 00:29:49,120.855835,31.968948333333334,3.4,330.8,,
2025-07-24 00:32:50,120.853935,31.97151,3.4,327.9,,
2025-07-24 00:36:21,120.85132333333334,31.974136666666663,3.5,319.2,,
2025-07-24 00:39:22,120.848955,31.976205,3.4,312.4,,
2025-07-24 00:42:24,120.846415,31.978136666666668,3.5,312.0,,
2025-07-24 00:45:24,120.84397333333334,31.979965,3.3,316.1,,
2025-07-24 00:48:26,120.84198833333332,31.981811666666665,2.9,320.6,,
2025-07-24 00:51:27,120.84030166666666,31.98382,2.8,318.4,,
2025-07-24 00:54:28,120.83824166666666,31.985488333333333,3.0,316.2,,
2025-07-24 00:57:30,120.836195,31.98754333333333,3.2,322.2,,
2025-07-24 01:00:31,120.83392,31.989386666666668,3.4,311.1,,
2025-07-24 01:03:32,120.83120166666669,31.991231666666668,3.3,305.8,,
2025-07-24 01:06:33,120.82878166666669,31.992865,2.9,306.5,,
2025-07-24 01:09:35,120.82655,31.99451333333333,2.9,308.8,,
2025-07-24 01:12:36,120.82444166666669,31.996236666666668,3.2,317.8,,
2025-07-24 01:15:37,120.82234833333334,31.99824,3.4,314.3,,
2025-07-24 01:18:38,120.81980333333334,32.00021,3.6,309.3,,
2025-07-24 01:21:40,120.81694833333331,32.002215,3.7,313.9,,
2025-07-24 01:24:41,120.81403166666666,32.00418333333333,3.7,300.9,,
2025-07-24 01:27:42,120.810765,32.00575,3.8,295.4,,
2025-07-24 01:30:43,120.80738666666667,32.00713666666667,3.8,294.2,,
2025-07-24 01:33:44,120.80410333333332,32.008251666666666,3.5,291.3,,
2025-07-24 01:36:45,120.80087166666668,32.009535,3.8,301.9,,
2025-07-24 01:40:17,120.797075,32.010945,3.5,292.4,,
2025-07-24 01:43:19,120.7937,32.01202833333333,3.8,287.7,,
2025-07-24 01:46:20,120.79026666666668,32.012766666666664,3.4,282.2,,
2025-07-24 01:49:22,120.78679,32.01316,3.6,278.4,,
2025-07-24 01:52:24,120.78315,32.01372333333333,3.8,279.2,,
2025-07-24 01:55:38,120.77934666666668,32.014105,3.7,273.7,,
2025-07-24 01:58:40,120.77561,32.01439666666667,3.8,276.2,,
2025-07-24 02:01:42,120.77190666666668,32.014648333333334,3.7,274.6,,
2025-07-24 02:05:44,120.76712,32.014673333333334,3.7,268.7,,
2025-07-24 02:09:17,120.76283666666669,32.01439333333333,3.8,263.7,,
2025-07-24 02:12:49,120.75846833333334,32.01401333333333,3.9,263.6,,
2025-07-24 02:15:51,120.75449666666668,32.01372833333333,4.3,262.7,,
2025-07-24 02:18:53,120.75017666666666,32.01337,4.5,262.0,,
2025-07-24 02:21:55,120.74593,32.012795,4.4,258.8,,
2025-07-24 02:24:57,120.742015,32.01182333333333,3.8,252.5,,
2025-07-24 02:29:30,120.736765,32.011295,3.5,260.2,,
2025-07-24 02:32:32,120.73314666666668,32.010885,3.8,264.7,,
2025-07-24 02:36:35,120.72836,32.010151666666665,3.6,259.7,,
2025-07-24 02:39:37,120.72482,32.00962,3.6,259.6,,
2025-07-24 02:43:10,120.72056333333332,32.00904166666667,3.8,264.7,,
2025-07-24 02:46:42,120.71639666666668,32.008615,3.6,260.9,,
2025-07-24 02:49:43,120.71299166666668,32.008045,3.6,264.7,,
2025-07-24 02:52:45,120.709535,32.007601666666666,3.6,266.5,,
2025-07-24 02:55:47,120.70612,32.007165,3.4,255.1,,
2025-07-24 02:59:50,120.70175833333332,32.006413333333334,3.6,256.2,,
2025-07-24 03:03:21,120.69787666666667,32.00574,3.4,260.3,,
2025-07-24 03:06:23,120.69432166666668,32.005053333333336,3.8,254.2,,
2025-07-24 03:09:25,120.69063166666666,32.004373333333334,3.7,259.2,,
2025-07-24 03:12:27,120.68695666666666,32.00384,4.0,264.4,,
2025-07-24 03:16:30,120.68226166666666,32.003236666666666,3.7,259.4,,
2025-07-24 03:19:32,120.67875666666669,32.00283,3.5,261.6,,
2025-07-24 03:23:04,120.67480666666668,32.00230166666667,3.4,258.4,,
2025-07-24 03:27:37,120.66963833333334,32.001515,3.4,255.9,,
2025-07-24 03:31:09,120.66566833333331,32.001018333333334,3.6,261.5,,
2025-07-24 03:34:40,120.66142166666668,32.00041,3.6,260.2,,
2025-07-24 03:39:12,120.65601833333334,32.000006666666664,3.7,263.0,,
2025-07-24 03:43:15,120.65115666666668,31.999145,3.5,259.5,,
2025-07-24 03:46:17,120.64762,31.999066666666668,3.6,267.1,,
2025-07-24 03:57:23,120.63421833333334,31.99902833333333,3.9,275.8,,
2025-07-24 04:01:24,120.62899333333333,32.000615,4.2,286.3,,
2025-07-24 04:05:27,120.62406833333333,32.00213,3.9,289.1,,
2025-07-24 04:13:01,120.61411166666667,32.0047,4.5,296.8,,
2025-07-24 04:17:02,120.60975333333332,32.00760833333333,3.9,311.9,,
2025-07-24 04:21:04,120.605965,32.01038666666667,3.7,307.4,,
2025-07-24 04:24:36,120.60202,32.012445,4.1,301.5,,
2025-07-24 04:28:08,120.59783166666666,32.01466166666667,4.4,305.6,,
2025-07-24 04:33:41,120.59187166666666,32.018818333333336,4.2,319.1,,
2025-07-24 04:37:12,120.58894833333332,32.02214333333333,4.2,323.1,,
2025-07-24 04:40:44,120.58559166666667,32.02538166666667,4.6,318.5,,
2025-07-24 04:43:46,120.582425,32.028236666666665,4.8,313.1,,
2025-07-24 04:54:53,120.570685,32.038851666666666,4.7,321.3,,
2025-07-24 04:59:25,120.56617,32.04335833333333,4.6,319.1,,
2025-07-24 05:02:57,120.56227,32.046425,4.6,309.8,,
2025-07-24 05:08:29,120.554945,32.05083666666667,5.2,308.3,,
2025-07-24 05:11:31,120.550795,32.05336666666667,5.3,300.2,,
2025-07-24 05:15:33,120.54443333333332,32.056106666666665,5.4,295.6,,
2025-07-24 05:20:35,120.53692333333332,32.05998,5.2,298.4,,
2025-07-24 05:23:37,120.53242166666666,32.06246333333333,5.4,309.1,,
2025-07-24 05:28:10,120.526645,32.066963333333334,1.1,303.0,,
2025-07-24 05:34:44,120.51648,32.07150333333333,5.6,289.2,,
2025-07-24 05:37:45,120.51138833333331,32.072556666666664,5.4,277.3,,
2025-07-24 05:41:17,120.505485,32.07336333333333,5.3,281.0,,
2025-07-24 05:46:50,120.49632666666666,32.07465333333333,5.0,271.4,,
2025-07-24 05:49:52,120.49146833333332,32.074325,4.8,265.6,,
2025-07-24 05:53:23,120.486245,32.07326666666667,4.5,261.0,,
2025-07-24 06:09:34,120.46141666666666,32.068225,4.8,250.1,,
2025-07-24 06:18:09,120.44964833333331,32.063898333333334,4.7,244.3,,
2025-07-24 06:21:11,120.44518833333332,32.061785,5.4,240.5,,
2025-07-24 06:24:13,120.44059833333333,32.059266666666666,6.0,232.3,,
2025-07-24 06:28:15,120.434745,32.05551166666667,5.2,235.1,,
2025-07-24 06:31:16,120.43081666666669,32.053061666666665,4.8,229.6,,
2025-07-24 06:34:48,120.42708166666668,32.049598333333336,4.7,219.8,,
2025-07-24 06:37:50,120.423315,32.04698666666667,5.0,239.9,,
2025-07-24 06:41:21,120.418845,32.04386,4.8,221.2,,
2025-07-24 06:44:53,120.41455,32.04043,5.1,227.8,,
2025-07-24 06:47:54,120.41067166666669,32.03746833333334,5.3,227.2,,
2025-07-24 06:51:26,120.40629666666666,32.033746666666666,5.4,223.0,,
2025-07-24 06:54:27,120.40268333333331,32.030503333333336,5.2,228.8,,
2025-07-24 06:57:29,120.39859833333334,32.02736,5.7,226.6,,
2025-07-24 07:00:30,120.394425,32.02399833333333,5.9,225.4,,
2025-07-24 07:04:02,120.38966833333332,32.02012666666667,5.6,234.7,,
2025-07-24 07:07:04,120.384925,32.017365,5.9,234.3,,
2025-07-24 07:10:06,120.38048,32.014401666666664,5.7,229.5,,
2025-07-24 07:13:07,120.37612166666666,32.011325,5.8,233.1,,
2025-07-24 07:16:09,120.37185333333332,32.00819833333333,5.7,227.1,,
2025-07-24 07:19:10,120.36783166666666,32.00491,5.6,227.9,,
2025-07-24 07:22:12,120.36376833333334,32.001623333333335,5.8,229.5,,
2025-07-24 07:25:13,120.35920666666668,31.99873333333333,5.8,232.8,,
2025-07-24 07:28:14,120.35476833333334,31.995781666666662,5.8,228.5,,
2025-07-24 07:32:16,120.34919166666668,31.991381666666665,5.8,225.1,,
2025-07-24 07:37:19,120.34199,31.98598,5.8,231.6,,
2025-07-24 07:40:50,120.33684333333332,31.98234833333333,6.1,227.6,,
2025-07-24 07:48:23,120.325795,31.975386666666665,6.0,241.8,,
2025-07-24 07:54:26,120.31513833333334,31.970726666666668,6.1,245.2,,
2025-07-24 07:59:29,120.30669666666668,31.966318333333334,6.2,236.0,,
2025-07-24 08:06:00,120.29544833333334,31.96063,6.5,242.0,,
2025-07-24 08:09:33,120.28717833333332,31.95642,6.5,238.8,,
2025-07-24 08:14:02,120.28093666666666,31.953051666666667,6.5,236.1,,
2025-07-24 08:19:05,120.269705,31.94844,6.3,250.2,,
2025-07-24 08:21:05,120.26587166666668,31.94720166666667,6.5,247.6,,
2025-07-24 08:23:34,120.26297333333332,31.946246666666667,6.4,251.3,,
2025-07-24 08:26:35,120.25702,31.94411833333333,6.8,244.3,,
2025-07-24 08:29:36,120.25117166666666,31.941836666666667,6.6,242.8,,
2025-07-24 08:31:37,120.24742166666668,31.940155,6.1,244.4,,
2025-07-24 08:34:08,120.242685,31.938521666666663,6.3,249.4,,
2025-07-24 08:39:13,120.23134166666668,31.934393333333333,6.3,250.9,,
2025-07-24 08:44:14,120.22325666666669,31.93316833333333,6.4,265.7,,
2025-07-24 08:46:15,120.21909,31.93298,6.3,264.8,,
2025-07-24 08:49:47,120.21192,31.932465,6.2,263.7,,
2025-07-24 08:51:50,120.20574,31.93197,6.2,262.7,,
2025-07-24 08:54:20,120.20263333333334,31.931946666666665,6.3,272.4,,
2025-07-24 08:57:24,120.19444166666666,31.932258333333333,6.3,269.0,,
2025-07-24 09:00:24,120.19034166666668,31.9325,6.1,275.9,,
2025-07-24 09:02:56,120.18528333333332,31.93228166666667,6.4,261.9,,
2025-07-24 09:04:57,120.18141166666666,31.93154,5.4,253.3,,
2025-07-24 09:11:30,120.173005,31.92890333333333,2.5,216.4,,
2025-07-24 09:18:34,120.17081666666668,31.9232,1.9,196.0,,
2025-07-24 09:53:59,120.17097666666666,31.921246666666665,0.0,125.1,,
2025-07-24 11:06:52,120.17101333333332,31.921225,0.0,125.1,,
2025-07-24 12:42:47,120.17420666666666,31.925261666666668,2.5,90.6,,
2025-07-24 13:30:12,120.17544,31.924455,0.0,174.0,,
2025-07-24 14:03:30,120.17533166666666,31.92442833333333,0.0,201.0,,
2025-07-24 14:33:50,120.175315,31.92429,0.0,167.9,,
2025-07-24 15:04:07,120.175335,31.92430833333333,0.0,167.9,,
2025-07-24 15:37:27,120.17542666666668,31.9243,0.0,167.9,,
2025-07-24 17:05:20,120.17546,31.924275,0.0,167.9,,
2025-07-24 18:09:58,120.17547666666668,31.92429333333333,0.0,103.7,,
2025-07-24 18:25:36,120.17402166666666,31.92597,4.6,297.9,,
2025-07-24 18:35:11,120.15793166666668,31.936441666666667,7.4,278.8,,
2025-07-24 18:42:13,120.14132666666669,31.93923,7.6,282.9,,
2025-07-24 19:10:50,120.07733,31.95636333333333,7.7,287.3,,
2025-07-24 19:44:25,119.999065,31.987648333333333,7.8,304.7,,
2025-07-24 19:47:25,119.99301833333334,31.99145333333333,7.2,307.5,,
2025-07-24 19:52:26,119.984145,31.99848,7.5,314.4,,
2025-07-24 19:55:26,119.978855,32.00279833333333,7.5,313.4,,
2025-07-24 20:01:59,119.965335,32.013481666666664,7.3,316.2,,
2025-07-24 20:11:01,119.953595,32.02578833333333,7.5,330.2,,
2025-07-24 20:13:02,119.951265,32.029248333333335,7.2,328.2,,
2025-07-24 20:15:02,119.94887,32.032761666666666,7.5,329.2,,
2025-07-24 20:17:03,119.94662833333334,32.03634666666667,7.0,328.8,,
2025-07-24 20:21:04,119.94196333333332,32.04342,7.4,328.2,,
2025-07-24 20:23:07,119.93873,32.04896166666666,7.2,337.1,,
2025-07-24 20:25:38,119.936555,32.05363166666667,6.9,341.4,,
2025-07-24 20:28:08,119.93537,32.056495,7.3,342.8,,
2025-07-24 20:30:40,119.93249166666666,32.06321833333333,7.5,338.7,,
2025-07-24 20:33:09,119.93114833333334,32.066048333333335,7.2,339.1,,
2025-07-24 20:35:41,119.92948666666666,32.070925,7.3,346.4,,
2025-07-24 20:38:42,119.927655,32.07686666666667,7.5,344.2,,
2025-07-24 20:41:43,119.925555,32.082703333333335,7.6,344.5,,
2025-07-24 20:43:43,119.92410833333334,32.086545,7.1,343.0,,
2025-07-24 20:45:46,119.92262166666669,32.092455,7.2,348.4,,
2025-07-24 20:48:15,119.92204333333332,32.09542,7.1,351.1,,
2025-07-24 20:51:18,119.920675,32.101418333333335,7.1,351.7,,
2025-07-24 20:53:18,119.91997833333332,32.105395,7.1,351.0,,
2025-07-24 20:55:19,119.91906833333331,32.109415,7.5,346.6,,
2025-07-24 20:57:21,119.91804333333332,32.11340166666667,7.2,343.9,,
2025-07-24 20:59:23,119.91659666666666,32.117385,7.5,343.6,,
2025-07-24 21:01:53,119.91493166666666,32.12225333333333,7.6,342.8,,
2025-07-24 21:03:53,119.91334833333332,32.126131666666666,8.1,331.3,,
2025-07-24 21:05:53,119.91235333333331,32.13027,7.6,349.4,,
2025-07-24 21:07:54,119.91140833333333,32.13442,7.8,350.9,,
2025-07-24 21:09:56,119.91040333333332,32.138596666666665,7.6,351.5,,
2025-07-24 21:11:57,119.909825,32.14274,7.5,351.5,,
2025-07-24 21:14:57,119.90872666666668,32.148743333333336,7.3,348.9,,
2025-07-24 21:16:58,119.90835833333334,32.15067666666667,7.0,349.9,,
2025-07-24 21:18:58,119.90693333333331,32.15649,7.4,349.4,,
2025-07-24 21:21:30,119.90628166666669,32.15938166666667,7.1,350.4,,
2025-07-24 21:23:30,119.90596666666669,32.16130666666667,6.9,351.0,,
2025-07-24 21:25:31,119.9046,32.167091666666664,6.9,349.9,,
2025-07-24 21:27:32,119.90378833333334,32.17097833333333,7.0,353.5,,
2025-07-24 21:29:33,119.90353,32.17291,6.7,355.4,,
2025-07-24 21:31:34,119.90284,32.17876,7.0,353.1,,
2025-07-24 21:33:34,119.90143166666668,32.184505,7.0,343.1,,
2025-07-24 21:36:05,119.90061833333333,32.18733833333334,7.0,348.4,,
2025-07-24 21:38:35,119.898775,32.193963333333336,6.9,348.2,,
2025-07-24 21:40:36,119.89823333333334,32.195858333333334,7.0,345.7,,
2025-07-24 21:42:36,119.89686,32.201571666666666,6.9,346.9,,
2025-07-24 21:44:37,119.896335,32.203466666666664,7.0,346.0,,
2025-07-24 21:46:37,119.89444333333331,32.209021666666665,6.8,338.3,,
2025-07-24 21:48:38,119.89444333333331,32.209021666666665,6.8,338.3,,
2025-07-24 21:51:38,119.89138166666666,32.21706666666667,5.5,342.8,,
2025-07-24 21:53:38,119.89037333333332,32.22026833333334,6.4,346.4,,
2025-07-24 21:56:09,119.88939333333332,32.22497666666667,6.9,350.8,,
2025-07-24 21:58:10,119.88895833333332,32.22696166666667,7.2,348.7,,
2025-07-24 22:00:40,119.88701333333331,32.23388833333333,7.3,343.2,,
2025-07-24 22:02:41,119.88641833333334,32.23581166666666,7.2,349.2,,
2025-07-25 01:07:14,119.675145,32.23594833333333,5.1,195.2,,
2025-07-25 01:10:44,119.67494333333332,32.235256666666665,5.1,195.0,,
2025-07-25 01:13:44,119.67243333333332,32.228478333333335,5.0,198.2,,
2025-07-25 01:17:16,119.67038166666669,32.22399166666667,4.9,203.0,,
2025-07-25 01:22:48,119.66652333333332,32.21804,4.1,210.8,,
2025-07-25 01:27:06,119.66409666666668,32.214713333333336,4.3,213.7,,
2025-07-25 01:31:00,119.65819333333332,32.20925666666667,4.7,229.2,,
2025-07-25 01:35:30,119.65641,32.20791,4.9,228.1,,
2025-07-25 01:38:31,119.65017666666668,32.20386333333333,4.6,249.2,,
2025-07-25 01:41:33,119.64582333333334,32.20216333333333,6.0,252.5,,
2025-07-25 01:46:34,119.63786666666668,32.19961333333333,5.5,251.1,,
2025-07-25 01:49:05,119.63348,32.198256666666666,6.0,244.5,,
2025-07-25 01:52:48,119.62529833333332,32.195526666666666,5.3,246.5,,
2025-07-25 01:56:48,119.61966333333334,32.19390166666667,6.6,255.6,,
2025-07-25 01:58:49,119.61565166666666,32.19323333333333,6.2,255.4,,
2025-07-25 02:08:55,119.598065,32.19216333333333,5.1,266.8,,
2025-07-25 02:13:25,119.59185666666669,32.19184,5.4,259.8,,
2025-07-25 02:16:56,119.58591833333334,32.191001666666665,5.0,260.0,,
2025-07-25 02:20:27,119.58052833333332,32.190778333333334,4.6,269.0,,
2025-07-25 02:33:34,119.56235,32.19439333333333,4.2,287.0,,
2025-07-25 02:36:36,119.55853166666668,32.195661666666666,4.1,292.0,,
2025-07-25 02:40:08,119.55472333333331,32.197945,3.9,313.8,,
2025-07-25 02:44:10,119.55307166666668,32.20186833333333,3.8,351.5,,
2025-07-25 02:48:12,119.55258333333332,32.206305,4.1,357.1,,
2025-07-25 02:53:14,119.55204666666668,32.211953333333334,4.2,357.9,,
2025-07-25 02:57:16,119.55218666666669,32.216746666666666,4.4,0.3,,
2025-07-25 03:00:17,119.55189333333334,32.220435,4.4,352.0,,
2025-07-25 03:03:19,119.55104166666666,32.224131666666665,4.5,348.8,,
2025-07-25 03:06:21,119.55041333333334,32.227865,4.3,358.0,,
2025-07-25 03:09:52,119.55044166666669,32.23228666666667,4.6,354.5,,
2025-07-25 03:12:53,119.549085,32.235971666666664,4.6,332.7,,
2025-07-25 03:16:54,119.54462833333334,32.23938,4.9,298.0,,
2025-07-25 05:21:39,119.39459,32.239686666666664,5.1,222.6,,
2025-07-25 05:24:41,119.39131333333331,32.236648333333335,4.9,220.8,,
2025-07-25 05:27:42,119.38845666666668,32.233425,4.9,214.1,,
2025-07-25 05:30:44,119.38601,32.23000666666667,4.8,212.2,,
2025-07-25 05:33:45,119.38331166666669,32.226776666666666,4.8,219.1,,
2025-07-25 05:36:46,119.38033333333334,32.22367833333333,4.6,224.1,,
2025-07-25 05:39:47,119.37717833333332,32.22076666666667,4.8,222.5,,
2025-07-25 05:43:18,119.37368333333332,32.21702833333333,4.9,217.7,,
2025-07-25 05:46:19,119.37073333333332,32.21401,4.4,222.3,,
2025-07-25 05:49:52,119.36664333333331,32.209711666666664,4.3,222.7,,
2025-07-25 05:53:22,119.36401333333332,32.207951666666666,4.2,242.7,,
2025-07-25 05:56:23,119.36054666666666,32.205978333333334,4.3,229.2,,
2025-07-25 06:02:25,119.35374666666668,32.202171666666665,4.2,249.1,,
2025-07-25 06:05:56,119.34944166666666,32.20059166666667,4.0,253.7,,
2025-07-25 06:08:57,119.345785,32.199195,4.2,244.6,,
2025-07-25 06:11:58,119.34207666666669,32.198045,3.9,256.0,,
2025-07-25 06:16:00,119.337075,32.19666,4.1,253.3,,
2025-07-25 06:19:24,119.33272666666667,32.195816666666666,3.9,257.6,,
2025-07-25 06:23:25,119.32749333333334,32.194916666666664,4.2,262.1,,
2025-07-25 06:26:26,119.323485,32.194523333333336,4.2,263.8,,
2025-07-25 06:29:27,119.31949833333331,32.19415333333333,4.1,272.2,,
2025-07-25 06:33:00,119.31349833333331,32.19396666666667,4.1,268.1,,
2025-07-25 06:36:29,119.310215,32.19409666666667,3.9,273.4,,
2025-07-25 06:39:30,119.30619333333334,32.19407,4.1,268.3,,
2025-07-25 06:43:31,119.30078,32.19368166666667,4.2,266.5,,
2025-07-25 06:46:32,119.29669,32.19367666666667,4.1,270.2,,
2025-07-25 06:50:33,119.29116166666668,32.194203333333334,4.6,280.4,,
2025-07-25 06:53:34,119.286565,32.19494,4.8,282.2,,
2025-07-25 06:56:35,119.28205666666666,32.19577833333334,4.6,284.3,,
2025-07-25 06:59:36,119.27818333333332,32.19732666666667,4.2,300.9,,
2025-07-25 07:02:37,119.27421833333334,32.19900666666667,4.1,294.9,,
2025-07-25 07:05:38,119.27022833333334,32.20035166666667,4.1,288.4,,
2025-07-25 07:08:38,119.26667,32.20153833333333,3.6,291.8,,
2025-07-25 07:13:10,119.26175,32.20338,3.2,290.4,,
2025-07-25 07:16:11,119.258655,32.204678333333334,3.5,298.9,,
2025-07-25 07:19:42,119.25517166666668,32.206475,3.8,306.4,,
2025-07-25 07:22:43,119.251895,32.208488333333335,4.3,306.4,,
2025-07-25 07:25:44,119.24852833333334,32.21046833333333,3.9,305.7,,
2025-07-25 07:29:15,119.244795,32.21256666666667,3.9,306.6,,
2025-07-25 07:32:46,119.241315,32.21495,4.1,309.8,,
2025-07-25 07:36:47,119.23709666666667,32.21764833333334,3.9,306.4,,
2025-07-25 07:39:47,119.23398333333331,32.21966833333333,4.0,303.2,,
2025-07-25 07:42:48,119.230575,32.221545,4.2,304.5,,
2025-07-25 07:45:49,119.22745833333332,32.22360666666667,4.0,313.5,,
2025-07-25 07:48:49,119.22479,32.225941666666664,4.0,313.8,,
2025-07-25 07:51:51,119.22178333333332,32.22806166666667,3.8,311.7,,
2025-07-25 07:54:51,119.21855,32.229795,3.9,296.9,,
2025-07-25 07:57:52,119.21512833333334,32.231095,3.7,298.8,,
2025-07-25 08:01:24,119.21124166666668,32.232805,3.9,292.0,,
2025-07-25 08:04:55,119.20723666666666,32.23431333333333,3.8,297.0,,
2025-07-25 08:07:56,119.20380333333334,32.23571333333334,4.1,296.6,,
2025-07-25 08:10:57,119.20026,32.236983333333335,4.0,289.8,,
2025-07-25 08:13:58,119.196675,32.238123333333334,3.9,296.6,,
2025-07-25 08:17:29,119.19256666666666,32.239263333333334,3.8,287.7,,
2025-07-25 09:56:55,119.07596666666667,32.23965,4.2,228.7,,
2025-07-25 09:59:55,119.073335,32.236943333333336,4.2,215.4,,
2025-07-25 10:03:26,119.070495,32.233338333333336,4.6,210.6,,
2025-07-25 10:06:57,119.06739833333332,32.22949,5.1,217.8,,
2025-07-25 10:09:57,119.06485166666668,32.22620833333333,5.0,214.6,,
2025-07-25 10:13:58,119.061005,32.221975,4.6,214.9,,
2025-07-25 10:17:29,119.05797333333334,32.21815,5.0,214.1,,
2025-07-25 10:20:29,119.055235,32.21490333333333,5.0,219.3,,
2025-07-25 10:23:30,119.05221166666666,32.211515,5.2,214.7,,
2025-07-25 10:26:31,119.04901833333334,32.20813166666667,5.2,222.8,,
2025-07-25 10:29:31,119.04572,32.204835,5.2,221.6,,
2025-07-25 10:32:32,119.04246666666668,32.20153833333333,5.2,218.6,,
2025-07-25 10:35:33,119.03903666666666,32.19848833333333,4.8,226.4,,
2025-07-25 10:38:34,119.03543666666668,32.19555166666667,5.0,227.2,,
2025-07-25 10:41:35,119.03163333333332,32.19287833333333,4.9,230.1,,
2025-07-25 10:44:36,119.02805666666669,32.19034166666667,5.0,229.6,,
2025-07-25 10:47:36,119.02436666666668,32.18789666666667,4.4,232.0,,
2025-07-25 10:50:37,119.02054,32.185651666666665,4.7,239.5,,
2025-07-25 10:53:37,119.01657666666668,32.183596666666666,4.9,236.7,,
2025-07-25 10:57:38,119.01134333333331,32.180773333333335,4.8,241.1,,
2025-07-25 11:00:39,119.00712,32.179183333333334,4.6,249.9,,
2025-07-25 11:03:40,119.00264166666666,32.17806,4.9,260.7,,
2025-07-25 11:06:40,118.99799166666666,32.17764,4.7,261.7,,
2025-07-25 11:09:41,118.99307,32.17702166666667,5.1,265.9,,
2025-07-25 11:12:42,118.98808666666666,32.17655666666667,5.1,264.9,,
2025-07-25 11:15:43,118.98316,32.17583333333334,4.9,260.8,,
2025-07-25 11:18:44,118.97823833333334,32.17537,5.0,265.1,,
2025-07-25 11:22:16,118.97262,32.174913333333336,5.1,266.0,,
2025-07-25 11:25:17,118.96781333333334,32.17489,4.9,270.1,,
2025-07-25 11:28:18,118.96288166666666,32.174886666666666,5.0,271.6,,
2025-07-25 11:31:19,118.95808,32.174958333333336,4.7,277.6,,
2025-07-25 11:34:20,118.95337,32.175075,4.5,276.5,,
2025-07-25 11:38:21,118.94739666666666,32.175686666666664,4.4,278.1,,
2025-07-25 11:41:22,118.943015,32.176298333333335,4.3,279.7,,
2025-07-25 11:44:22,118.93862833333333,32.176685,4.5,274.1,,
2025-07-25 11:47:23,118.93452666666668,32.177565,4.2,281.8,,
2025-07-25 11:50:23,118.93004833333332,32.17818166666667,4.6,280.9,,
2025-07-25 11:53:24,118.925525,32.179066666666664,4.7,280.0,,
2025-07-25 11:56:25,118.92097666666666,32.17966166666667,4.6,278.4,,
2025-07-25 11:59:26,118.91636166666666,32.18015,4.6,278.8,,
2025-07-25 12:02:57,118.911195,32.181075,4.7,284.8,,
2025-07-25 12:05:57,118.90672666666669,32.18170333333333,4.6,275.6,,
2025-07-25 12:08:58,118.90224,32.18226333333333,4.3,282.2,,
2025-07-25 12:13:00,118.89685166666666,32.18287,4.3,268.2,,
2025-07-25 12:17:02,118.89105166666668,32.182835,4.5,265.7,,
2025-07-25 12:20:03,118.88672333333334,32.18243666666667,4.2,262.5,,
2025-07-25 12:23:03,118.88258666666668,32.181866666666664,4.2,261.2,,
2025-07-25 12:26:04,118.878525,32.18132666666666,4.2,261.9,,
2025-07-25 12:29:05,118.87447833333331,32.18062166666667,4.2,258.0,,
2025-07-25 12:32:06,118.87033333333332,32.17975666666667,4.7,251.8,,
2025-07-25 12:35:07,118.86572333333334,32.17813666666667,5.2,240.6,,
2025-07-25 12:38:08,118.861225,32.175715,5.5,237.1,,
2025-07-25 12:41:09,118.85664333333334,32.17333,5.5,239.9,,
2025-07-25 12:44:10,118.852065,32.17104166666667,5.3,240.6,,
2025-07-25 12:47:12,118.84772666666667,32.16907666666667,4.7,241.1,,
2025-07-25 12:50:42,118.842865,32.166941666666666,4.8,244.3,,
2025-07-25 12:53:43,118.83867,32.165126666666666,4.7,243.3,,
2025-07-25 12:56:44,118.834495,32.16334166666667,5.3,243.4,,
2025-07-25 12:59:44,118.83003,32.16193,4.8,254.7,,
2025-07-25 13:02:45,118.82547,32.160803333333334,4.8,249.3,,
2025-07-25 13:06:46,118.819525,32.158965,4.8,247.0,,
2025-07-25 13:09:47,118.81517666666667,32.15721833333333,4.8,242.2,,
2025-07-25 13:12:48,118.81088333333334,32.15543,4.8,247.0,,
2025-07-25 13:16:18,118.80600166666666,32.153418333333335,4.8,244.7,,
2025-07-25 13:20:49,118.799625,32.15041,5.1,233.2,,
2025-07-25 13:23:50,118.79565833333334,32.147753333333334,5.1,230.3,,
2025-07-25 13:26:51,118.79223,32.14467333333333,4.8,218.3,,
2025-07-25 13:29:51,118.78871166666669,32.14216,4.5,238.4,,
2025-07-25 13:32:51,118.78484,32.140205,4.4,239.1,,
2025-07-25 13:35:52,118.78092166666669,32.138325,4.5,244.0,,
2025-07-25 13:38:52,118.77660166666666,32.13681,5.0,251.1,,
2025-07-25 13:41:53,118.77174333333332,32.135755,5.2,256.3,,
2025-07-25 13:44:54,118.76670833333333,32.134973333333335,5.0,264.8,,
2025-07-25 13:46:54,118.763565,32.13509166666667,6.0,306.8,,
2025-07-25 13:49:54,118.75929166666668,32.13519333333333,4.2,264.5,,
2025-07-25 13:52:54,118.75496,32.13434,4.9,248.4,,
2025-07-25 13:57:55,118.74815166666669,32.130206666666666,5.2,228.1,,
2025-07-25 14:00:55,118.74479333333332,32.126925,5.1,218.9,,
2025-07-25 14:03:55,118.74176333333334,32.1237,4.8,218.0,,
2025-07-25 14:06:56,118.73869,32.12051,5.0,219.2,,
2025-07-25 14:09:56,118.73568833333331,32.11705833333333,4.7,216.4,,
2025-07-25 14:12:56,118.73259666666668,32.113798333333335,4.8,224.0,,
2025-07-25 23:23:57,118.73233166666668,32.10732333333333,7.6,33.9,,
2025-07-25 23:25:57,118.73506666666668,32.110735,7.3,32.6,,
2025-07-25 23:27:57,118.73772166666669,32.1143,7.6,32.6,,
2025-07-25 23:29:58,118.74075666666668,32.11745333333333,7.1,51.2,,
2025-07-25 23:31:58,118.74427666666666,32.11931166666667,6.0,60.4,,
2025-07-25 23:34:28,118.74859833333332,32.12126333333333,6.1,63.7,,
2025-07-25 23:37:28,118.753795,32.12340833333333,5.9,61.7,,
2025-07-25 23:40:29,118.75873333333334,32.12573833333333,5.8,60.3,,
2025-07-25 23:43:29,118.76371333333331,32.12801833333333,5.9,65.5,,
2025-07-25 23:46:30,118.76874666666669,32.12998,5.6,71.8,,
2025-07-25 23:49:30,118.77405666666668,32.13146166666667,5.8,70.4,,
2025-07-25 23:53:31,118.78082666666668,32.13422666666666,5.8,61.4,,
2025-07-25 23:57:32,118.78711333333334,32.137748333333334,5.7,51.8,,
2025-07-26 00:00:33,118.79323666666669,32.14176166666667,6.0,51.3,,
2025-07-26 00:03:02,118.79554666666668,32.143301666666666,6.0,51.0,,
2025-07-26 00:05:34,118.80101333333332,32.146876666666664,6.1,50.3,,
2025-07-26 00:08:34,118.80563333333332,32.14992,5.9,54.1,,
2025-07-26 00:12:03,118.80957666666669,32.15223,5.8,59.9,,
2025-07-26 00:15:03,118.81461833333331,32.15416333333334,5.6,69.2,,
2025-07-26 00:18:34,118.82055166666666,32.156333333333336,5.8,67.4,,
2025-07-26 00:21:34,118.82569333333332,32.15793166666667,5.3,67.9,,
2025-07-26 00:24:06,118.83189333333333,32.16039,6.5,65.9,,
2025-07-26 00:27:05,118.83593166666668,32.161995,7.0,61.9,,
2025-07-26 00:29:06,118.84006833333332,32.16386166666667,7.2,65.4,,
2025-07-26 00:31:06,118.84418333333332,32.16519,6.2,72.4,,
2025-07-26 00:34:07,118.84946166666668,32.16733833333333,5.6,61.0,,
2025-07-26 00:37:07,118.8542,32.169781666666665,5.6,58.0,,
2025-07-26 00:40:08,118.8587,32.17239166666667,5.8,52.7,,
2025-07-26 00:44:39,118.865195,32.17624,5.1,68.4,,
2025-07-26 00:47:40,118.870285,32.177191666666666,5.3,78.4,,
2025-07-26 00:50:41,118.87562,32.17795666666667,5.5,79.6,,
2025-07-26 00:53:42,118.88107,32.17876833333333,5.7,81.8,,
2025-07-26 00:56:43,118.88663666666666,32.17954666666667,5.7,85.3,,
2025-07-26 00:59:44,118.89225166666668,32.17977,5.6,88.5,,
2025-07-26 01:03:46,118.901425,32.17937666666667,5.6,97.1,,
2025-07-26 01:07:15,118.90594333333334,32.178918333333336,5.4,94.9,,
2025-07-26 01:10:16,118.91141666666668,32.178533333333334,5.6,99.5,,
2025-07-26 01:13:17,118.91686833333333,32.177951666666665,5.6,96.2,,
2025-07-26 01:16:18,118.92230166666668,32.177101666666665,5.5,102.9,,
2025-07-26 01:20:19,118.929435,32.17619333333333,5.8,99.5,,
2025-07-26 01:23:50,118.93602333333334,32.17501333333333,5.9,107.6,,
2025-07-26 01:27:51,118.94319166666666,32.173035,5.4,104.1,,
2025-07-26 01:31:22,118.94958166666666,32.17252833333333,5.6,90.7,,
2025-07-26 01:33:22,118.95349166666666,32.172241666666665,6.1,96.3,,
2025-07-26 01:35:24,118.95968833333332,32.17234666666667,6.6,85.9,,
2025-07-26 01:37:53,118.962865,32.17235,6.5,93.8,,
2025-07-26 01:39:54,118.96715333333331,32.17204666666667,6.6,94.8,,
2025-07-26 01:41:54,118.97141666666668,32.17217,6.5,82.4,,
2025-07-26 01:44:25,118.97694166666666,32.172603333333335,6.9,85.2,,
2025-07-26 01:46:25,118.981485,32.172691666666665,7.1,90.5,,
2025-07-26 01:48:27,118.98829,32.172956666666664,6.2,84.1,,
2025-07-26 01:50:56,118.99142,32.173365,6.4,78.7,,
2025-07-26 01:52:56,118.995465,32.174135,6.5,73.0,,
2025-07-26 01:55:27,119.00048333333334,32.175285,6.2,74.6,,
2025-07-26 01:57:27,119.00442,32.17630666666667,6.3,71.5,,
2025-07-26 01:59:27,119.0083,32.17758833333333,6.2,67.1,,
2025-07-26 02:01:57,119.013025,32.17943666666667,6.2,64.2,,
2025-07-26 02:03:57,119.01673166666669,32.18111,6.5,62.3,,
2025-07-26 02:06:28,119.02114666666668,32.18358833333333,6.4,55.3,,
2025-07-26 02:08:28,119.024515,32.185675,6.4,54.9,,
2025-07-26 02:10:28,119.02799666666668,32.18767833333333,6.6,54.7,,
2025-07-26 02:12:28,119.031395,32.18994333333333,6.7,51.2,,
2025-07-26 02:15:29,119.03611,32.19349833333333,6.3,48.4,,
2025-07-26 02:18:29,119.041,32.197255,6.8,49.6,,
2025-07-26 02:21:00,119.04545666666668,32.20090666666667,8.4,43.5,,
2025-07-26 02:23:30,119.05000166666666,32.20524,8.8,37.3,,
2025-07-26 02:25:32,119.05455333333332,32.21160166666667,8.7,26.4,,
2025-07-26 02:28:02,119.05584666666668,32.2148,7.6,14.4,,
2025-07-26 02:31:02,119.05719666666668,32.219881666666666,4.9,19.7,,
2025-07-26 02:34:03,119.05874666666666,32.222535,2.3,27.7,,
2025-07-26 02:37:33,119.058895,32.22302,0.0,322.1,,
2025-07-26 03:07:50,119.05886333333332,32.22316333333333,0.0,343.1,,
2025-07-26 03:38:08,119.05889833333332,32.22323166666666,0.0,32.2,,
2025-07-26 04:08:25,119.05894,32.22326,0.0,40.2,,
2025-07-26 04:40:03,119.05902333333331,32.223265,0.0,40.2,,
2025-07-26 05:10:11,119.05904666666666,32.22327,0.0,64.0,,
2025-07-26 05:43:21,119.05918833333334,32.2233,0.0,64.0,,
2025-07-26 06:07:59,119.058515,32.221815,3.1,189.9,,
2025-07-26 06:11:00,119.05760166666668,32.218356666666665,4.8,202.0,,
2025-07-26 06:14:02,119.05515166666666,32.214945,4.8,213.1,,
2025-07-26 06:17:03,119.05279,32.211438333333334,4.8,206.8,,
2025-07-26 06:20:04,119.05073833333331,32.208288333333336,3.9,208.1,,
2025-07-26 06:23:05,119.04944333333331,32.205373333333334,3.4,194.6,,
2025-07-26 06:26:06,119.04996333333334,32.20236,3.4,179.4,,
2025-07-26 06:29:08,119.049295,32.20046166666667,2.1,208.2,,
2025-07-26 06:32:39,119.04882166666668,32.19963,0.0,208.8,,
2025-07-26 08:05:11,119.04883166666669,32.19959,0.0,222.9,,
2025-07-26 10:21:48,119.05527833333332,32.21012833333333,7.6,36.5,,
2025-07-26 11:39:30,119.213095,32.22617833333333,6.4,124.7,,
2025-07-26 11:41:30,119.21646166666666,32.22417166666666,6.1,124.5,,
2025-07-26 11:43:30,119.21979666666668,32.222296666666665,6.0,121.2,,
2025-07-26 11:46:31,119.22488333333334,32.21966,6.0,123.2,,
2025-07-26 11:48:31,119.228195,32.21782666666667,6.3,119.2,,
2025-07-26 11:50:31,119.231575,32.21624833333333,6.2,116.5,,
2025-07-26 11:53:02,119.23558833333334,32.21407833333333,5.9,125.8,,
2025-07-26 11:56:02,119.24040333333332,32.21149833333333,5.7,123.5,,
2025-07-26 11:59:02,119.245065,32.208708333333334,5.8,123.6,,
2025-07-26 12:01:32,119.24920833333331,32.206601666666664,6.1,118.5,,
2025-07-26 12:04:02,119.25344166666666,32.204521666666665,5.9,125.2,,
2025-07-26 12:06:02,119.25678333333332,32.20256166666667,6.3,124.2,,
2025-07-26 12:08:03,119.260175,32.20057166666667,6.3,124.6,,
2025-07-26 12:10:32,119.264435,32.198085,6.5,125.6,,
2025-07-26 12:12:34,119.26975,32.19530833333334,6.5,116.5,,
2025-07-26 12:17:35,119.279085,32.191903333333336,6.3,108.5,,
2025-07-26 12:20:05,119.28406166666667,32.19076833333333,6.3,102.1,,
2025-07-26 12:25:04,119.29218666666668,32.18959666666667,6.3,95.8,,
2025-07-26 12:28:34,119.29949,32.189405,6.4,89.3,,
2025-07-26 12:30:34,119.30369833333332,32.18948833333334,6.4,88.8,,
2025-07-26 12:34:06,119.31313333333334,32.189751666666666,6.5,88.5,,
2025-07-26 12:37:05,119.31734333333333,32.189775,6.3,89.9,,
2025-07-26 12:39:35,119.32260166666669,32.189955,6.3,84.8,,
2025-07-26 12:41:35,119.32675833333332,32.19040666666667,6.5,79.9,,
2025-07-26 12:46:36,119.33713666666668,32.19235,6.7,73.6,,
2025-07-26 12:49:08,119.34437833333334,32.19464,6.7,64.3,,
2025-07-26 12:52:07,119.34836666666666,32.19627,6.9,64.2,,
2025-07-26 12:54:09,119.35444333333334,32.198683333333335,6.9,65.6,,
2025-07-26 12:57:08,119.358335,32.200518333333335,6.6,59.3,,
2025-07-26 12:59:38,119.36264833333334,32.20311,6.6,51.8,,
2025-07-26 13:01:40,119.36747333333334,32.20722833333333,7.3,39.6,,
2025-07-26 13:05:39,119.37185666666667,32.21197333333333,7.0,36.7,,
2025-07-26 13:08:09,119.37531166666666,32.215615,6.5,39.7,,
2025-07-26 13:11:10,119.37951666666666,32.219865,6.6,40.6,,
2025-07-26 13:13:10,119.38230833333331,32.22270833333334,6.7,39.9,,
2025-07-26 13:15:12,119.38641833333334,32.227165,6.8,38.8,,
2025-07-26 13:17:12,119.38934333333331,32.23016,7.1,38.8,,
2025-07-26 13:19:41,119.39161833333333,32.23244833333333,7.1,38.0,,
2025-07-26 13:21:43,119.39615666666668,32.237138333333334,7.4,36.7,,
2025-07-26 14:33:26,119.53729833333334,32.23678,5.9,133.5,,
2025-07-26 14:38:25,119.54253333333334,32.23208,5.6,141.6,,
2025-07-26 14:40:25,119.54489333333332,32.229555,6.0,141.2,,
2025-07-26 14:43:57,119.54914,32.22273166666667,5.9,165.9,,
2025-07-26 14:47:56,119.54991666666666,32.21822,5.2,175.1,,
2025-07-26 14:50:58,119.55,32.212361666666666,5.3,182.2,,
2025-07-26 14:56:27,119.549905,32.204875,6.9,180.1,,
2025-07-26 14:59:27,119.55119333333332,32.199981666666666,5.9,160.5,,
2025-07-26 15:01:29,119.55451666666669,32.19577666666667,6.9,133.1,,
2025-07-26 15:07:00,119.56683833333334,32.190533333333335,8.3,104.3,,
2025-07-26 15:11:30,119.57549666666668,32.188266666666664,7.3,108.3,,
2025-07-26 15:15:01,119.58312666666669,32.187173333333334,6.4,91.8,,
2025-07-26 15:17:03,119.58966333333332,32.18716166666667,6.6,88.1,,
2025-07-26 15:19:34,119.595145,32.18749,6.9,82.0,,
2025-07-26 15:22:03,119.59838,32.187803333333335,6.5,83.7,,
2025-07-26 15:27:35,119.607955,32.18925333333333,5.0,73.8,,
2025-07-26 15:30:36,119.61344166666667,32.190551666666664,6.4,74.6,,
2025-07-26 15:33:37,119.61959,32.191845,6.2,75.0,,
2025-07-26 15:37:39,119.62846333333331,32.19329,7.3,76.6,,
2025-07-26 15:40:40,119.635605,32.19503,7.8,72.6,,
2025-07-26 15:43:41,119.64286666666666,32.197046666666665,7.7,70.5,,
2025-07-26 15:45:42,119.64744,32.198595,7.4,65.8,,
2025-07-26 15:48:44,119.653895,32.20160666666666,7.5,54.2,,
2025-07-26 15:51:45,119.66133833333332,32.20687,7.5,39.9,,
2025-07-26 15:54:14,119.66356,32.209305,7.6,35.1,,
2025-07-26 15:56:15,119.66632,32.21284333333333,8.0,31.0,,
2025-07-26 15:58:16,119.669325,32.21651,8.1,37.6,,
2025-07-26 16:00:16,119.67267,32.21993666666667,8.0,38.1,,
2025-07-26 16:02:17,119.67542666666668,32.223715,7.8,27.5,,
2025-07-26 16:06:49,119.68001666666666,32.233018333333334,8.3,19.9,,
2025-07-26 16:09:20,119.68232333333331,32.23827166666667,7.7,21.8,,
2025-07-26 18:14:44,119.872265,32.23665833333333,7.3,166.9,,
2025-07-26 18:16:45,119.87333666666666,32.232598333333335,7.2,166.5,,
2025-07-26 18:18:45,119.87436166666669,32.22848333333334,7.8,168.9,,
2025-07-26 18:20:46,119.87540166666666,32.224313333333335,7.5,167.0,,
2025-07-26 18:22:48,119.87648,32.220095,7.8,170.9,,
2025-07-26 18:25:18,119.8779,32.214805,7.7,169.9,,
2025-07-26 18:27:19,119.87907166666666,32.210555,7.6,162.3,,
2025-07-26 18:29:50,119.88076333333332,32.205275,8.0,165.8,,
2025-07-26 18:31:51,119.88192333333332,32.200905,8.2,166.4,,
2025-07-26 18:33:52,119.88289166666668,32.19638833333333,7.9,171.1,,
2025-07-26 18:35:52,119.88355833333334,32.19188833333333,8.2,173.8,,
2025-07-26 18:37:53,119.88418666666666,32.187395,7.6,171.2,,
2025-07-26 18:40:54,119.88524333333334,32.18062166666667,8.2,174.4,,
2025-07-26 18:42:55,119.88582666666667,32.17610666666667,8.5,173.9,,
2025-07-26 18:44:55,119.88631666666669,32.171465,7.9,172.9,,
2025-07-26 18:46:56,119.88650333333334,32.16683166666667,8.2,178.7,,
2025-07-26 18:48:57,119.886885,32.16227,8.0,175.0,,
2025-07-26 18:50:58,119.88779166666669,32.15792833333333,7.9,166.7,,
2025-07-26 18:52:58,119.88895166666669,32.15359,8.2,167.0,,
2025-07-26 18:54:58,119.89027,32.14928333333334,7.9,164.5,,
2025-07-26 18:57:29,119.8922,32.14407,7.6,162.7,,
2025-07-26 18:59:30,119.893835,32.13993333333333,7.9,161.0,,
2025-07-26 19:01:30,119.89541833333334,32.13587833333333,7.6,159.8,,
2025-07-26 19:03:32,119.89712,32.13192,7.8,156.5,,
2025-07-26 19:06:03,119.89954166666666,32.12698833333334,7.8,156.1,,
2025-07-26 19:08:03,119.90137,32.12305,7.6,159.0,,
2025-07-26 19:10:03,119.90319333333332,32.119075,7.6,160.2,,
2025-07-26 19:12:04,119.90468666666666,32.11496666666667,7.7,162.4,,
2025-07-26 19:14:36,119.90642666666666,32.10984333333333,7.6,165.9,,
2025-07-26 19:16:36,119.90798166666669,32.105958333333334,7.3,161.5,,
2025-07-26 19:18:36,119.90933166666667,32.102095,7.2,165.9,,
2025-07-26 19:20:37,119.91075166666668,32.098353333333336,6.9,159.3,,
2025-07-26 19:23:08,119.91276166666668,32.093756666666664,7.0,163.0,,
2025-07-26 19:25:09,119.91410666666668,32.08994,7.0,162.1,,
2025-07-26 19:27:10,119.915575,32.08632,6.8,164.6,,
2025-07-26 19:30:10,119.91784833333334,32.08101833333333,6.7,158.8,,
2025-07-26 19:32:12,119.91947833333332,32.07759166666666,6.4,155.5,,
2025-07-26 19:34:13,119.92127333333332,32.074351666666665,6.4,155.3,,
2025-07-26 19:36:13,119.92311333333332,32.071195,6.2,152.5,,
2025-07-26 19:38:14,119.924795,32.068018333333335,6.4,155.4,,
2025-07-26 19:40:14,119.92652166666667,32.06489,5.9,162.2,,
2025-07-26 19:42:15,119.928125,32.06176833333333,6.0,156.2,,
2025-07-26 19:45:16,119.92985166666666,32.05760333333333,5.1,161.7,,
2025-07-26 19:48:17,119.931465,32.053905,5.0,152.2,,
2025-07-26 19:51:18,119.93485166666666,32.05121333333334,4.6,125.8,,
2025-07-26 19:55:19,119.94124,32.049505,5.0,99.6,,
2025-07-26 19:58:20,119.94571333333332,32.048745,3.8,100.7,,
2025-07-26 20:01:21,119.94873333333334,32.04813333333333,2.8,110.3,,
2025-07-26 20:04:23,119.95085666666668,32.047311666666666,2.0,106.0,,
2025-07-26 20:10:25,119.95331166666666,32.046325,1.0,126.8,,
2025-07-26 20:51:48,119.95312333333334,32.046565,0.0,320.9,,
2025-07-26 22:02:08,119.95308666666666,32.046545,0.0,320.9,,
2025-07-26 22:32:17,119.953075,32.04648,0.0,320.9,,
2025-07-26 23:05:29,119.95312,32.04634166666666,0.0,320.9,,
2025-07-26 23:35:40,119.95314166666668,32.04624,0.0,320.9,,
2025-07-27 01:48:24,119.95320833333334,32.04612,0.0,320.9,,
2025-07-27 02:21:32,119.95322166666666,32.046123333333334,0.0,320.9,,
2025-07-27 03:00:26,119.95325166666667,32.04614,0.0,320.9,,
2025-07-27 03:33:39,119.95325666666666,32.046146666666665,0.0,306.6,,
2025-07-27 04:03:50,119.95324333333332,32.046148333333335,0.0,306.6,,
2025-07-27 04:36:07,119.95324333333332,32.04615166666667,0.0,306.6,,
2025-07-27 05:31:25,119.95323666666668,32.04615,0.0,306.6,,
2025-07-27 06:43:45,119.953215,32.046123333333334,0.0,306.6,,
2025-07-27 07:19:53,119.95320333333332,32.04611666666667,0.0,306.6,,
2025-07-27 07:50:02,119.95322333333333,32.046123333333334,0.0,306.6,,
2025-07-27 08:20:14,119.95307166666667,32.04616333333333,0.0,306.6,,
2025-07-27 08:53:29,119.953005,32.04622333333333,0.0,306.6,,
2025-07-27 09:26:46,119.95297,32.04640333333333,0.0,306.6,,
2025-07-27 10:00:03,119.95295333333334,32.046413333333334,0.0,306.6,,
2025-07-27 10:30:19,119.95293166666669,32.04638666666666,0.0,306.6,,
2025-07-27 11:06:32,119.95292666666668,32.04633166666667,0.0,306.6,,
2025-07-27 11:39:41,119.95291666666668,32.04631333333333,0.0,306.6,,
2025-07-27 12:09:46,119.95297,32.046216666666666,0.0,306.6,,
2025-07-27 12:39:53,119.95304333333333,32.046165,0.0,306.6,,
2025-07-27 13:09:58,119.95312166666666,32.04615166666667,0.0,306.6,,
2025-07-27 13:43:04,119.95315333333332,32.046153333333336,0.0,306.6,,
2025-07-27 14:16:12,119.95313666666668,32.046165,0.2,330.0,,
2025-07-27 14:23:43,119.94830833333332,32.042095,5.8,236.5,,
2025-07-27 14:25:44,119.94564,32.03975833333333,6.5,199.3,,
2025-07-27 14:28:15,119.94473333333332,32.03497,8.0,179.2,,
2025-07-27 14:30:15,119.94620833333332,32.03100833333333,8.0,154.7,,
2025-07-27 14:32:16,119.94877333333334,32.027015,8.4,147.2,,
2025-07-27 14:34:16,119.95186166666667,32.02319166666667,8.4,144.4,,
2025-07-27 14:36:16,119.954925,32.01925166666667,8.2,146.3,,
2025-07-27 14:38:17,119.95783166666666,32.01558166666667,8.2,144.5,,
2025-07-27 14:40:18,119.9609,32.01251666666667,6.6,136.9,,
2025-07-27 14:42:49,119.96455166666668,32.009458333333335,6.1,134.5,,
2025-07-27 14:44:49,119.96740833333334,32.006883333333334,6.6,139.9,,
2025-07-27 14:46:50,119.97039666666667,32.00404833333333,6.8,136.8,,
2025-07-27 14:48:51,119.973425,32.001635,5.9,132.3,,
2025-07-27 14:51:51,119.97663833333333,31.998576666666665,3.9,144.3,,
2025-07-27 14:54:52,119.97807666666668,31.996303333333334,1.4,145.6,,
2025-07-27 14:57:53,119.97726833333331,31.996056666666668,1.5,284.7,,
2025-07-27 15:00:54,119.97683,31.996071666666666,0.4,221.4,,
2025-07-27 15:31:03,119.97610333333331,31.995796666666667,0.0,245.0,,
2025-07-27 16:01:13,119.97606833333332,31.995798333333333,0.0,245.0,,
2025-07-27 16:31:22,119.97604666666666,31.995798333333333,0.0,245.0,,
2025-07-27 17:01:50,119.976045,31.99577833333333,0.0,245.0,,
2025-07-27 17:31:58,119.97608666666666,31.99573833333333,0.0,165.9,,
2025-07-27 18:02:06,119.97608666666666,31.995753333333333,0.0,165.9,,
2025-07-27 18:32:14,119.97608833333334,31.995755,0.0,165.9,,
2025-07-27 19:02:22,119.97608833333334,31.995746666666665,0.0,165.9,,
2025-07-27 19:32:32,119.97607,31.995751666666667,0.0,165.9,,
2025-07-27 20:02:42,119.97606333333331,31.995756666666665,0.0,165.9,,
2025-07-27 20:35:55,119.97605833333331,31.995765,0.0,165.9,,
2025-07-27 21:06:08,119.97606833333332,31.99576666666667,0.0,165.9,,
2025-07-27 21:39:22,119.976075,31.995771666666663,0.0,165.9,,
2025-07-27 22:09:31,119.97607666666669,31.995763333333333,0.0,165.9,,
2025-07-27 22:39:44,119.97607166666668,31.995765,0.0,165.9,,
2025-07-27 23:09:57,119.976075,31.995771666666663,0.0,165.9,,
2025-07-27 23:25:02,119.977645,31.996051666666663,1.9,128.9,,
2025-07-27 23:28:03,119.98030333333334,31.994351666666667,4.9,130.6,,
2025-07-27 23:31:04,119.98469,31.99172,5.9,129.9,,
2025-07-27 23:34:06,119.98863,31.98863,5.1,136.0,,
2025-07-27 23:37:07,119.99214333333332,31.985885,4.7,134.9,,
2025-07-27 23:40:08,119.99554166666668,31.98296,4.9,130.0,,
2025-07-27 23:43:09,119.99919333333334,31.980491666666666,4.9,123.9,,
2025-07-27 23:46:40,120.00393833333334,31.97765833333333,5.1,125.5,,
2025-07-27 23:49:41,120.0081,31.97526,5.2,125.9,,
2025-07-27 23:53:12,120.01305166666668,31.97254333333333,5.2,118.6,,
2025-07-27 23:56:13,120.01763833333334,31.970295,5.3,118.8,,
2025-07-27 23:59:14,120.02242166666667,31.968408333333333,5.4,112.2,,
2025-07-28 00:02:14,120.02753666666666,31.96672333333333,5.6,110.4,,
2025-07-28 00:05:45,120.033735,31.96489,5.8,110.2,,
2025-07-28 00:08:46,120.03906833333332,31.96330833333333,5.9,108.7,,
2025-07-28 00:11:46,120.04452333333332,31.96166833333333,5.8,107.4,,
2025-07-28 00:13:47,120.04823833333332,31.960625,6.1,109.6,,
2025-07-28 00:15:48,120.05197166666666,31.959668333333333,6.2,107.9,,
2025-07-28 00:17:48,120.05579666666668,31.958596666666665,6.1,108.6,,
2025-07-28 00:19:49,120.05962333333332,31.957525,6.2,107.7,,
2025-07-28 00:21:49,120.06348166666666,31.956411666666668,6.2,108.1,,
2025-07-28 00:24:49,120.069205,31.954841666666667,6.3,109.2,,
2025-07-28 00:26:50,120.07303666666668,31.95377166666667,5.8,106.5,,
2025-07-28 00:28:50,120.07687,31.952725,6.1,106.5,,
2025-07-28 00:30:51,120.080735,31.95163833333333,6.3,110.8,,
2025-07-28 00:33:21,120.08556666666668,31.9501,6.4,111.3,,
2025-07-28 00:37:22,120.093385,31.947751666666665,6.2,107.5,,
2025-07-28 00:39:23,120.09740166666668,31.94664833333333,6.4,108.0,,
2025-07-28 00:41:23,120.101455,31.945695,6.5,105.1,,
2025-07-28 00:44:24,120.107505,31.944051666666667,6.1,108.8,,
2025-07-28 00:48:55,120.11662833333334,31.94157,6.4,104.2,,
2025-07-28 00:51:26,120.12184166666668,31.940231666666666,6.7,106.5,,
2025-07-28 00:55:27,120.13009833333334,31.93819833333333,6.4,105.5,,
2025-07-28 00:57:28,120.13419166666668,31.937203333333333,6.3,108.6,,
2025-07-28 00:59:28,120.13846333333332,31.935755,7.3,113.1,,
2025-07-28 01:01:29,120.14321,31.934231666666665,7.9,107.7,,
2025-07-28 01:04:00,120.14948333333334,31.932928333333333,7.9,100.7,,
2025-07-28 01:09:02,120.16266833333331,31.930796666666662,8.3,95.0,,
2025-07-28 01:15:36,120.18121833333332,31.929685,8.7,96.7,,
2025-07-28 01:17:37,120.18718,31.929206666666666,9.2,94.0,,
2025-07-28 01:22:09,120.19910666666668,31.928395,6.8,78.4,,
2025-07-28 01:28:41,120.215545,31.928428333333333,8.0,87.5,,
2025-07-28 01:30:43,120.22068,31.928778333333334,7.9,84.2,,
2025-07-28 01:32:44,120.225775,31.92937,7.7,78.5,,
2025-07-28 01:35:15,120.23211833333332,31.930406666666663,7.9,79.3,,
2025-07-28 01:37:16,120.23725833333332,31.931136666666667,7.9,77.4,,
2025-07-28 01:39:17,120.24217,31.932241666666663,7.6,72.4,,
2025-07-28 01:41:18,120.24695166666666,31.933545,7.5,69.1,,
2025-07-28 01:44:49,120.25487166666667,31.936286666666668,7.7,65.9,,
2025-07-28 01:46:50,120.25920833333332,31.93814666666667,6.8,63.5,,
2025-07-28 01:48:51,120.26352666666666,31.940093333333333,7.5,61.3,,
2025-07-28 01:50:52,120.26766166666668,31.942265,7.8,57.5,,
2025-07-28 01:52:53,120.271875,31.94443,7.8,58.6,,
2025-07-28 01:54:53,120.27620666666668,31.94658833333333,7.7,64.1,,
2025-07-28 01:56:54,120.28070166666669,31.94833333333333,7.5,68.5,,
2025-07-28 01:59:24,120.28667166666666,31.95017333333333,7.8,70.5,,
2025-07-28 02:01:25,120.291495,31.951515,7.7,71.8,,
2025-07-28 02:03:26,120.29614833333332,31.95311,7.6,65.7,,
2025-07-28 02:05:27,120.30072,31.954823333333334,7.7,65.4,,
2025-07-28 02:10:28,120.31189,31.959785,7.3,61.9,,
2025-07-28 02:13:29,120.31807166666668,31.96316333333333,7.6,55.5,,
2025-07-28 02:16:00,120.322885,31.96624,6.7,51.4,,
2025-07-28 02:18:01,120.32637666666666,31.968746666666668,6.8,53.9,,
2025-07-28 02:20:01,120.33027666666666,31.970826666666667,7.0,60.4,,
2025-07-28 02:22:02,120.33432333333332,31.973033333333333,7.4,53.9,,
2025-07-28 02:24:33,120.33911666666668,31.976231666666667,7.4,51.7,,
2025-07-28 02:26:33,120.34284833333334,31.978795,7.3,50.3,,
2025-07-28 02:28:34,120.34637,31.98159,7.3,46.5,,
2025-07-28 02:30:35,120.34998833333331,31.984246666666667,7.2,50.8,,
2025-07-28 02:32:36,120.35388166666668,31.986705,7.6,53.4,,
2025-07-28 02:34:36,120.35789833333334,31.989111666666663,7.4,57.1,,
2025-07-28 02:37:37,120.36391166666668,31.99281333333333,7.6,54.6,,
2025-07-28 02:39:38,120.368065,31.995161666666668,7.9,55.7,,
2025-07-28 02:41:38,120.37229666666668,31.997431666666667,7.8,56.9,,
2025-07-28 02:43:39,120.37636666666668,31.999936666666667,7.7,52.0,,
2025-07-28 02:45:39,120.380445,32.002471666666665,7.7,51.2,,
2025-07-28 02:47:40,120.38443,32.005003333333335,7.6,56.6,,
2025-07-28 02:49:40,120.38850666666669,32.007468333333335,7.5,55.2,,
2025-07-28 02:51:40,120.3926,32.00996166666667,7.7,53.4,,
2025-07-28 02:53:40,120.39669666666668,32.01237666666667,7.5,55.1,,
2025-07-28 02:55:40,120.40088833333331,32.014695,7.7,59.5,,
2025-07-28 02:57:41,120.40506833333332,32.016685,7.8,60.6,,
2025-07-28 03:01:42,120.41430666666666,32.020205,7.8,68.9,,
2025-07-28 03:04:12,120.42042333333332,32.022043333333336,7.9,70.8,,
2025-07-28 03:06:43,120.42654833333332,32.023955,8.2,71.7,,
2025-07-28 03:09:43,120.43406,32.02632,8.3,68.9,,
2025-07-28 03:12:14,120.44040333333334,32.0282,8.4,72.4,,
2025-07-28 03:15:44,120.44948,32.030785,8.3,71.8,,
2025-07-28 03:19:45,120.45992833333334,32.032651666666666,8.4,83.0,,
2025-07-28 03:21:45,120.46535166666666,32.03329166666666,8.3,79.7,,
2025-07-28 03:25:45,120.476115,32.03339666666667,7.9,93.5,,
2025-07-28 03:27:45,120.48141166666667,32.033073333333334,8.4,92.8,,
2025-07-28 03:29:46,120.48673333333332,32.032695,8.6,90.8,,
2025-07-28 03:31:46,120.49202833333334,32.03262,7.9,93.3,,
2025-07-28 03:33:46,120.497135,32.03203166666667,7.8,101.3,,
2025-07-28 03:38:17,120.507855,32.02948,7.4,108.4,,
2025-07-28 03:43:18,120.51898666666666,32.02608,6.9,107.8,,
2025-07-28 03:45:19,120.52301833333334,32.024633333333334,6.5,118.3,,
2025-07-28 03:51:50,120.537425,32.01937,7.8,110.8,,
2025-07-28 03:54:51,120.54453166666669,32.016906666666664,8.0,111.7,,
2025-07-28 03:58:52,120.55397833333332,32.01347166666667,7.9,112.1,,
2025-07-28 04:02:53,120.563335,32.010135,7.7,111.0,,
2025-07-28 04:04:53,120.56793666666668,32.0084,7.6,115.4,,
2025-07-28 04:07:24,120.57342333333334,32.00626666666667,7.1,114.5,,
2025-07-28 04:12:56,120.58503333333331,32.001666666666665,7.0,117.9,,
2025-07-28 04:18:58,120.59771166666668,31.996961666666667,6.9,106.8,,
2025-07-28 04:22:30,120.60565333333334,31.99549833333333,7.1,98.1,,
2025-07-28 04:30:32,120.62555,31.99391333333333,7.8,91.0,,
2025-07-28 04:33:03,120.63200833333332,31.99413833333333,8.0,86.6,,
2025-07-28 04:36:03,120.64011,31.99429,8.2,89.2,,
2025-07-28 04:39:04,120.64840166666669,31.994571666666666,8.2,85.0,,
2025-07-28 04:49:37,120.67827166666666,31.99833333333333,9.2,81.3,,
2025-07-28 04:58:39,120.70346333333332,32.00227,8.6,82.5,,
2025-07-28 05:01:40,120.71170333333332,32.00337833333333,8.4,79.9,,
2025-07-28 05:04:11,120.71848833333334,32.004155,8.3,82.8,,
2025-07-28 05:06:11,120.72399,32.00465,8.4,83.9,,
2025-07-28 05:08:43,120.73061666666666,32.005291666666665,8.0,83.7,,
2025-07-28 05:10:43,120.735765,32.0058,8.0,84.9,,
2025-07-28 05:12:44,120.74086,32.006418333333336,7.8,81.3,,
2025-07-28 05:15:15,120.74712833333334,32.007185,7.8,81.3,,
2025-07-28 05:17:16,120.75223,32.007775,7.4,84.7,,
2025-07-28 05:19:46,120.75860666666668,32.00851333333333,8.0,82.3,,
2025-07-28 05:21:47,120.76391166666669,32.00909,8.4,85.8,,
2025-07-28 05:24:18,120.77048333333332,32.008905,8.1,92.7,,
2025-07-28 05:26:19,120.77563333333332,32.00855,8.1,91.8,,
2025-07-28 05:28:20,120.780825,32.008336666666665,7.8,91.2,,
2025-07-28 05:30:20,120.78588833333332,32.007978333333334,7.8,98.9,,
2025-07-28 05:32:21,120.79087,32.007311666666666,7.6,101.1,,
2025-07-28 05:34:52,120.797005,32.00595333333333,7.6,107.3,,
2025-07-28 05:36:53,120.80186,32.004545,7.8,110.4,,
2025-07-28 05:38:54,120.806745,32.00289,8.1,114.0,,
2025-07-28 05:40:55,120.811515,32.00069166666667,8.2,119.7,,
2025-07-28 05:42:55,120.815455,31.997865,7.6,142.8,,
2025-07-28 05:44:55,120.818625,31.994691666666668,7.6,134.3,,
2025-07-28 05:46:56,120.82230666666666,31.99196833333333,7.4,134.1,,
2025-07-28 05:48:57,120.82562333333334,31.988938333333333,7.4,135.1,,
2025-07-28 05:50:58,120.82893833333334,31.98599,7.1,137.7,,
2025-07-28 05:52:59,120.83227666666669,31.98314,6.9,133.9,,
2025-07-28 05:55:29,120.83622166666666,31.979713333333333,6.8,134.0,,
2025-07-28 05:57:30,120.839235,31.977046666666663,6.6,137.6,,
2025-07-28 05:59:31,120.84201166666666,31.97426,6.4,140.2,,
2025-07-28 06:01:32,120.844615,31.971598333333333,6.2,142.4,,
2025-07-28 06:03:33,120.847095,31.968886666666663,6.2,142.6,,
2025-07-28 06:05:33,120.84932333333332,31.966026666666668,6.2,145.7,,
2025-07-28 06:07:33,120.85165,31.96308,6.5,151.3,,
2025-07-28 06:09:34,120.85342333333334,31.959813333333333,6.4,158.8,,
2025-07-28 06:12:34,120.85577,31.955255,5.6,152.8,,
2025-07-28 06:15:36,120.85821666666666,31.951266666666665,5.1,152.8,,
2025-07-28 06:18:36,120.86028333333331,31.947466666666667,5.0,161.9,,
2025-07-28 06:21:37,120.86117333333333,31.94342,4.7,166.8,,
2025-07-28 06:24:38,120.86249166666668,31.939936666666668,4.1,156.5,,
2025-07-28 06:27:38,120.86406333333332,31.93705,3.7,153.5,,
2025-07-28 06:30:39,120.86549833333332,31.93416,3.3,159.8,,
2025-07-28 06:33:40,120.867365,31.931428333333333,4.2,137.7,,
2025-07-28 06:36:41,120.86987166666668,31.92824833333333,4.6,160.9,,
2025-07-28 06:39:42,120.870855,31.92468333333333,4.0,160.7,,
2025-07-28 06:42:42,120.872225,31.92158166666667,4.0,154.1,,
2025-07-28 06:45:43,120.87350666666669,31.918423333333333,4.2,169.8,,
2025-07-28 06:49:14,120.87487166666666,31.914808333333333,3.8,159.9,,
2025-07-28 06:53:15,120.8769,31.910815,3.9,147.3,,
2025-07-28 06:56:16,120.877665,31.907531666666667,4.1,176.7,,
2025-07-28 06:59:17,120.87822166666666,31.904208333333333,3.9,168.5,,
2025-07-28 07:02:18,120.878635,31.900895,3.8,170.1,,
2025-07-28 07:05:19,120.87949666666668,31.897673333333334,4.0,165.0,,
2025-07-28 07:08:19,120.88089166666668,31.89459833333333,4.1,159.4,,
2025-07-28 07:11:21,120.88149666666666,31.89109333333333,4.5,178.9,,
2025-07-28 07:14:22,120.881455,31.88733833333333,4.6,180.6,,
2025-07-28 07:17:54,120.88130166666669,31.883065,4.1,180.1,,
2025-07-28 07:20:55,120.88190166666666,31.87982833333333,3.9,169.5,,
2025-07-28 07:25:27,120.8833,31.87519333333333,3.7,158.4,,
2025-07-28 07:28:28,120.884435,31.872056666666666,3.9,154.3,,
2025-07-28 07:31:30,120.88599333333332,31.869053333333333,3.8,153.8,,
2025-07-28 07:35:02,120.88801333333332,31.865755,4.0,148.4,,
2025-07-28 07:38:03,120.88909666666666,31.862448333333333,4.1,171.0,,
2025-07-28 07:41:35,120.889455,31.858541666666667,3.9,176.7,,
2025-07-28 07:44:35,120.889665,31.855136666666667,4.0,172.6,,
2025-07-28 07:48:37,120.89151,31.851041666666667,3.9,152.4,,
2025-07-28 07:51:38,120.89334666666667,31.848001666666665,4.2,154.6,,
2025-07-28 07:54:39,120.89519,31.844915,4.0,153.3,,
2025-07-28 07:58:11,120.89672333333333,31.840926666666668,4.3,162.9,,
2025-07-28 08:01:42,120.89846666666666,31.837006666666667,4.0,158.4,,
2025-07-28 08:05:44,120.900995,31.832771666666662,4.4,156.5,,
2025-07-28 08:08:45,120.90291,31.829655,4.2,151.0,,
2025-07-28 08:13:47,120.90584166666666,31.824763333333333,3.8,150.0,,
2025-07-28 08:16:48,120.90747666666668,31.82166,4.2,152.4,,
2025-07-28 08:28:25,120.91549333333332,31.810078333333333,4.1,152.3,,
2025-07-28 08:31:25,120.91736666666668,31.80696333333333,4.1,156.4,,
2025-07-28 08:34:27,120.919305,31.803881666666665,4.2,152.2,,
2025-07-28 08:38:29,120.92218666666666,31.800003333333333,4.3,147.7,,
2025-07-28 08:42:31,120.92561333333332,31.79636,4.3,141.2,,
2025-07-28 08:45:33,120.92831833333334,31.793476666666667,4.5,150.2,,
2025-07-28 08:49:04,120.93137833333331,31.790236666666665,4.3,134.6,,
2025-07-28 08:52:06,120.93438833333332,31.787675,4.3,131.7,,
2025-07-28 08:55:37,120.93828166666668,31.78532166666667,4.1,128.3,,
2025-07-28 08:59:38,120.94306,31.782381666666662,3.8,113.5,,
