postTime,lon,lat,sog,cog,heading,rot
2025-07-01 00:00:55,120.48456666666668,32.032466666666664,4.6,97.8,,
2025-07-01 00:04:49,120.49049333333332,32.03173666666667,4.7,99.1,,
2025-07-01 00:07:49,120.49510666666669,32.03107333333333,4.7,102.7,,
2025-07-01 00:10:49,120.49969333333334,32.03026666666667,4.8,101.1,,
2025-07-01 00:14:19,120.50518666666666,32.02932333333333,5.0,100.9,,
2025-07-01 00:17:46,120.51073333333332,32.02808666666667,5.1,111.1,,
2025-07-01 00:20:46,120.5155,32.026666666666664,5.0,106.5,,
2025-07-01 00:23:49,120.52041333333334,32.025126666666665,5.2,114.0,,
2025-07-01 00:26:49,120.52512,32.02328333333333,5.3,113.7,,
2025-07-01 00:29:49,120.52998666666667,32.02144,5.5,113.9,,
2025-07-01 00:33:17,120.5358,32.01926,5.7,111.7,,
2025-07-01 00:36:51,120.54215,32.017316666666666,5.6,113.2,,
2025-07-01 00:40:05,120.54757333333332,32.01524,5.7,116.1,,
2025-07-01 00:43:07,120.55251666666666,32.01292333333333,5.5,119.2,,
2025-07-01 00:46:35,120.55868,32.01128666666666,5.7,98.8,,
2025-07-01 00:50:07,120.56505,32.0098,5.8,109.5,,
2025-07-01 00:53:46,120.57152,32.00763666666667,5.8,117.2,,
2025-07-01 00:57:29,120.577665,32.004756666666665,5.6,116.7,,
2025-07-01 01:00:46,120.58337333333333,32.00237333333333,5.9,115.8,,
2025-07-01 01:03:02,120.58745333333331,32.00084666666667,6.1,113.8,,
2025-07-01 01:05:02,120.59109333333332,31.99944,6.2,113.6,,
2025-07-01 01:07:02,120.59490666666666,31.998226666666667,6.2,108.5,,
2025-07-01 01:09:32,120.59976,31.996873333333333,6.3,107.3,,
2025-07-01 01:11:32,120.60378666666666,31.99592,6.4,104.0,,
2025-07-01 01:13:32,120.60791666666668,31.995116666666668,6.4,102.1,,
2025-07-01 01:15:46,120.61266666666668,31.99455,6.7,95.0,,
2025-07-01 01:17:46,120.61697333333332,31.994236666666666,6.7,95.6,,
2025-07-01 01:19:46,120.62138666666668,31.99403,6.6,90.3,,
2025-07-01 01:22:03,120.62637333333332,31.993996666666668,6.8,91.0,,
2025-07-01 01:24:32,120.63208,31.993983333333333,7.0,89.3,,
2025-07-01 01:26:32,120.63676,31.994116666666667,7.2,85.8,,
2025-07-01 01:28:32,120.64149333333332,31.99441,7.2,87.4,,
2025-07-01 01:30:32,120.64622666666666,31.99460333333333,7.2,85.9,,
2025-07-01 01:33:16,120.6528,31.9952,7.4,82.6,,
2025-07-01 01:35:16,120.65766666666669,31.99583,7.6,80.3,,
2025-07-01 01:37:49,120.66386666666666,31.99685,7.6,79.0,,
2025-07-01 01:39:59,120.66923333333334,31.997566666666668,7.6,82.2,,
2025-07-01 01:42:02,120.67434666666666,31.998146666666667,7.6,82.4,,
2025-07-01 01:44:24,120.68021666666668,31.99885,7.5,80.6,,
2025-07-01 01:46:34,120.68554666666668,31.99965333333333,7.6,80.1,,
2025-07-01 01:48:49,120.69113333333334,32.000416666666666,7.7,80.4,,
2025-07-01 01:50:59,120.69648333333332,32.0012,7.7,80.4,,
2025-07-01 01:53:32,120.70277333333334,32.00209666666667,7.6,81.6,,
2025-07-01 01:56:09,120.70921666666666,32.0027,7.4,86.6,,
2025-07-01 01:58:19,120.71448333333332,32.00286666666667,7.4,89.0,,
2025-07-01 02:00:32,120.7198,32.00294,7.4,86.9,,
2025-07-01 02:02:32,120.72470666666666,32.003193333333336,7.4,86.5,,
2025-07-01 02:04:32,120.72952,32.00372,7.4,79.9,,
2025-07-01 02:06:32,120.73430666666668,32.00413,7.3,85.8,,
2025-07-01 02:08:33,120.73916,32.0045,7.2,82.6,,
2025-07-01 02:10:33,120.74382666666666,32.004963333333336,7.1,84.5,,
2025-07-01 02:12:33,120.74849333333331,32.00539,7.1,83.9,,
2025-07-01 02:14:45,120.75364333333332,32.00597166666667,7.1,81.6,,
2025-07-01 02:17:02,120.75906666666668,32.006456666666665,7.2,87.0,,
2025-07-01 02:19:02,120.76382666666667,32.006523333333334,7.3,90.6,,
2025-07-01 02:21:05,120.76876666666666,32.00651666666667,7.3,90.6,,
2025-07-01 02:23:15,120.77395,32.006315,7.4,93.1,,
2025-07-01 02:25:30,120.7794,32.005966666666666,7.4,95.2,,
2025-07-01 02:27:32,120.78424,32.00539333333333,7.4,98.3,,
2025-07-01 02:29:32,120.78902666666669,32.00472,7.4,99.2,,
2025-07-01 02:31:32,120.79381333333332,32.00402666666667,7.4,99.7,,
2025-07-01 02:33:32,120.79857333333334,32.003186666666664,7.4,104.5,,
2025-07-01 02:35:32,120.80318666666666,32.00195333333333,7.3,108.9,,
2025-07-01 02:37:32,120.80768,32.00052,7.3,112.9,,
2025-07-01 02:39:32,120.81201333333334,31.99876,7.3,118.9,,
2025-07-01 02:41:32,120.81617333333334,31.996596666666665,7.4,124.5,,
2025-07-01 02:43:32,120.82006666666666,31.994086666666668,7.5,127.8,,
2025-07-01 02:45:32,120.82397333333331,31.99148333333333,7.6,129.2,,
2025-07-01 02:47:32,120.82774666666668,31.9887,7.6,130.8,,
2025-07-01 02:49:32,120.83149333333331,31.985876666666663,7.6,131.8,,
2025-07-01 02:51:32,120.83502666666666,31.98289,7.5,139.0,,
2025-07-01 02:53:33,120.83825333333333,31.979556666666667,7.6,140.8,,
2025-07-01 02:55:33,120.84132,31.97627333333333,7.4,142.2,,
2025-07-01 02:57:33,120.84437333333334,31.97299333333333,7.4,139.5,,
2025-07-01 02:59:33,120.84749333333332,31.969856666666665,7.3,143.8,,
2025-07-01 03:01:33,120.85005333333334,31.9664,7.3,148.9,,
2025-07-01 03:03:33,120.85245333333332,31.962856666666667,7.3,150.7,,
2025-07-01 03:05:33,120.8548,31.959276666666668,7.4,152.1,,
2025-07-01 03:07:33,120.85705333333334,31.95559666666667,7.3,153.8,,
2025-07-01 03:09:33,120.85922666666669,31.95192,7.4,152.8,,
2025-07-01 03:11:34,120.86122666666668,31.948183333333333,7.3,156.7,,
2025-07-01 03:13:35,120.86313666666666,31.944371666666665,7.3,156.9,,
2025-07-01 03:16:02,120.86521333333332,31.939686666666667,7.2,161.3,,
2025-07-01 03:18:02,120.86664,31.93587,7.2,163.6,,
2025-07-01 03:20:02,120.86798666666668,31.932043333333333,7.0,164.7,,
2025-07-01 03:22:03,120.86922666666666,31.92831,6.9,164.0,,
2025-07-01 03:24:03,120.87053333333331,31.92456,6.8,163.6,,
2025-07-01 03:26:03,120.87169333333334,31.9209,6.7,165.3,,
2025-07-01 03:28:03,120.87276,31.91729,6.6,164.2,,
2025-07-01 03:30:03,120.87393333333333,31.913766666666668,6.7,164.5,,
2025-07-01 03:32:03,120.87504,31.91007,6.8,167.6,,
2025-07-01 03:34:03,120.87601333333332,31.906403333333333,6.8,167.2,,
2025-07-01 03:36:03,120.87698666666668,31.902746666666665,6.6,168.2,,
2025-07-01 03:38:32,120.8782,31.89822333333333,6.8,167.1,,
2025-07-01 03:40:32,120.87925333333334,31.89454333333333,6.8,165.2,,
2025-07-01 03:42:32,120.88050666666666,31.89086,6.8,162.4,,
2025-07-01 03:44:32,120.8818,31.88721333333333,6.8,164.3,,
2025-07-01 03:46:33,120.88293333333333,31.88349,6.8,166.4,,
2025-07-01 03:49:03,120.88425333333332,31.87892,6.8,164.4,,
2025-07-01 03:51:03,120.88534666666666,31.875396666666667,6.6,166.3,,
2025-07-01 03:53:03,120.8864,31.87172,6.6,166.3,,
2025-07-01 03:55:03,120.8874,31.868186666666663,6.8,163.9,,
2025-07-01 03:57:03,120.88854666666668,31.86445,6.8,166.4,,
2025-07-01 03:59:03,120.88933333333334,31.860716666666665,6.8,172.1,,
2025-07-01 04:01:03,120.89024,31.85707,6.8,163.7,,
2025-07-01 04:03:04,120.89154666666668,31.853436666666667,6.9,163.7,,
2025-07-01 04:05:05,120.89284666666668,31.849565,7.0,162.9,,
2025-07-01 04:07:29,120.89455,31.845033333333333,6.9,160.1,,
2025-07-01 04:09:34,120.89638666666669,31.841096666666665,7.3,156.7,,
2025-07-01 04:11:34,120.89830666666668,31.83727333333333,7.6,156.0,,
2025-07-01 04:14:04,120.901,31.83242333333333,7.8,153.1,,
2025-07-01 04:16:04,120.90345333333332,31.828566666666667,7.9,149.1,,
2025-07-01 04:18:04,120.90613333333332,31.824636666666667,8.2,148.8,,
2025-07-01 04:20:04,120.90877333333331,31.820813333333334,7.6,151.6,,
2025-07-01 04:22:32,120.9116,31.81637,7.1,153.0,,
2025-07-01 04:25:05,120.91448333333334,31.81201666666667,6.9,148.8,,
2025-07-01 04:27:32,120.91758666666666,31.80792333333333,7.1,145.4,,
2025-07-01 04:30:15,120.92106666666666,31.80335,7.2,146.9,,
2025-07-01 04:32:26,120.92391666666668,31.79968333333333,7.2,146.4,,
2025-07-01 04:34:50,120.92722166666668,31.79576833333333,7.1,141.3,,
2025-07-01 04:36:50,120.93018333333332,31.792566666666666,7.1,142.6,,
2025-07-01 04:39:32,120.93453333333332,31.78865,7.2,133.9,,
2025-07-01 04:41:32,120.93804,31.78592,7.2,132.4,,
2025-07-01 04:43:32,120.9418,31.78344333333333,7.2,121.7,,
2025-07-01 04:45:34,120.94590666666669,31.781446666666668,7.3,117.2,,
2025-07-02 14:07:57,121.00748,31.78001666666667,3.5,273.8,,
2025-07-02 14:10:57,121.00405333333332,31.780516666666667,3.3,276.4,,
2025-07-02 14:13:57,121.00081333333334,31.780926666666662,3.3,273.0,,
2025-07-02 14:16:57,120.99749333333334,31.781176666666667,3.5,267.3,,
2025-07-02 14:19:57,120.994,31.781416666666665,3.5,284.8,,
2025-07-02 14:22:57,120.99053333333332,31.78167,3.5,268.7,,
2025-07-02 14:26:27,120.98641333333332,31.781656666666667,3.5,271.4,,
2025-07-02 14:29:32,120.98285333333334,31.78173,3.5,276.6,,
2025-07-02 14:32:32,120.97938666666668,31.78200333333333,3.6,274.1,,
2025-07-02 14:35:32,120.9758,31.78220333333333,3.7,273.8,,
2025-07-02 14:38:32,120.97212,31.78239333333333,3.7,274.1,,
2025-07-02 14:41:37,120.96836166666668,31.78278,3.5,277.2,,
2025-07-02 14:45:03,120.96436,31.783646666666662,3.6,288.3,,
2025-07-02 14:48:32,120.96030666666668,31.78457333333333,3.6,287.0,,
2025-07-02 14:51:32,120.95693333333334,31.78567,3.7,290.9,,
2025-07-02 14:54:32,120.95356,31.786853333333333,3.7,293.3,,
2025-07-02 14:57:33,120.95034666666666,31.788343333333334,3.6,305.6,,
2025-07-02 15:00:33,120.9476,31.790256666666668,3.6,304.7,,
2025-07-02 15:03:33,120.9448,31.792076666666667,3.5,314.3,,
2025-07-02 15:06:33,120.94226666666668,31.79411,3.4,308.5,,
2025-07-02 15:09:33,120.93992,31.7962,3.3,318.9,,
2025-07-02 15:12:33,120.93736,31.798146666666668,3.5,306.1,,
2025-07-02 15:16:04,120.93477333333334,31.80087333333333,3.7,330.1,,
2025-07-02 15:19:32,120.93244,31.803986666666667,3.8,323.1,,
2025-07-02 15:22:32,120.93002666666666,31.806496666666668,3.8,320.6,,
2025-07-02 15:25:32,120.92765333333334,31.80903,3.8,322.4,,
2025-07-02 15:28:33,120.92533333333331,31.811676666666667,3.9,314.9,,
2025-07-02 15:31:33,120.92265333333332,31.814026666666667,3.8,320.9,,
2025-07-02 15:34:33,120.92041333333331,31.81658,3.9,321.7,,
2025-07-02 15:37:33,120.91782666666668,31.819146666666665,4.0,323.2,,
2025-07-02 15:40:33,120.91524,31.8217,3.9,319.1,,
2025-07-02 15:43:59,120.91255,31.82446333333333,3.5,316.6,,
2025-07-02 15:47:03,120.91037333333334,31.82687333333333,3.4,328.8,,
2025-07-02 15:50:03,120.90864,31.82924333333333,3.3,330.9,,
2025-07-02 15:53:03,120.90788,31.83159333333333,2.9,349.0,,
2025-07-02 15:56:04,120.90725333333332,31.834186666666668,3.1,345.9,,
2025-07-02 15:59:10,120.90638333333334,31.8369,3.4,343.4,,
2025-07-02 16:02:19,120.90505333333331,31.83966333333333,3.2,337.3,,
2025-07-02 16:05:32,120.90377333333332,31.842526666666668,3.4,338.7,,
2025-07-02 16:08:32,120.90258666666666,31.845326666666665,3.5,342.8,,
2025-07-02 16:11:32,120.90150666666666,31.84819333333333,3.5,341.9,,
2025-07-02 16:14:33,120.90090666666669,31.85105666666667,3.4,349.9,,
2025-07-02 16:18:03,120.89989333333334,31.854323333333333,3.5,344.9,,
2025-07-02 16:21:08,120.89894666666666,31.857296666666667,3.6,343.7,,
2025-07-02 16:24:20,120.89802666666668,31.860415,3.5,349.2,,
2025-07-02 16:27:32,120.89724,31.86353666666667,3.5,349.4,,
2025-07-02 16:30:32,120.89670666666666,31.86646,3.5,354.7,,
2025-07-02 16:33:32,120.89630666666666,31.86934,3.4,348.7,,
2025-07-02 16:36:32,120.89566666666668,31.872196666666667,3.5,346.4,,
2025-07-02 16:39:34,120.89495,31.87515,3.5,345.9,,
2025-07-02 16:42:38,120.89416,31.87810333333333,3.5,345.3,,
2025-07-02 16:46:03,120.89334666666667,31.88137,3.5,346.6,,
2025-07-02 16:49:08,120.8926,31.884353333333333,3.4,349.8,,
2025-07-02 16:52:32,120.89173333333332,31.88757333333333,3.4,348.5,,
2025-07-02 16:55:37,120.89084,31.89042,3.3,341.0,,
2025-07-02 16:58:37,120.88988,31.893216666666667,3.5,346.2,,
2025-07-02 17:01:38,120.88885333333332,31.896056666666667,3.5,344.7,,
2025-07-02 17:04:41,120.88780833333334,31.898976666666663,3.5,340.7,,
2025-07-02 17:08:03,120.88665333333331,31.902276666666666,3.7,340.8,,
2025-07-02 17:11:31,120.88510666666669,31.90564,3.7,340.1,,
2025-07-02 17:14:31,120.88384,31.908546666666663,3.7,338.3,,
2025-07-02 17:17:31,120.88241333333332,31.911493333333333,3.8,340.8,,
2025-07-02 17:20:31,120.88128,31.91451333333333,3.7,337.3,,
2025-07-02 17:23:31,120.88001333333334,31.91748,3.7,343.7,,
2025-07-02 17:26:31,120.87889333333334,31.920456666666663,3.6,342.7,,
2025-07-02 17:29:31,120.87781333333334,31.923313333333333,3.5,342.3,,
2025-07-02 17:32:31,120.87674666666666,31.926026666666665,3.3,337.3,,
2025-07-02 17:35:31,120.8756,31.928656666666665,3.2,338.2,,
2025-07-02 17:38:31,120.87465333333331,31.931266666666662,3.2,349.6,,
2025-07-02 17:41:31,120.87388,31.93382,3.0,337.3,,
2025-07-02 17:44:31,120.87281333333334,31.936163333333333,2.8,338.6,,
2025-07-02 17:47:31,120.87192,31.938376666666667,2.5,341.2,,
2025-07-02 17:50:31,120.87117333333332,31.9404,2.5,345.7,,
2025-07-02 17:53:31,120.87054666666668,31.942553333333333,2.4,346.7,,
2025-07-02 17:56:37,120.86963333333334,31.94415,2.0,336.4,,
2025-07-02 17:59:43,120.86866666666668,31.94599,2.4,340.3,,
2025-07-02 18:02:45,120.86762666666668,31.947876666666662,2.1,315.8,,
2025-07-02 18:05:45,120.86626666666666,31.94941,2.5,325.6,,
2025-07-02 18:08:45,120.86485333333331,31.95102333333333,2.2,328.3,,
2025-07-02 18:11:45,120.86392,31.95288,2.4,324.9,,
2025-07-02 18:14:45,120.86305333333334,31.95462333333333,2.1,344.8,,
2025-07-02 18:17:45,120.86246666666666,31.956236666666666,2.0,359.4,,
2025-07-02 18:20:45,120.86249333333332,31.958313333333333,2.7,6.1,,
2025-07-02 18:23:45,120.86208,31.96062333333333,2.9,348.7,,
2025-07-02 18:27:04,120.86122666666668,31.963366666666666,3.1,341.5,,
2025-07-02 18:30:04,120.86006666666668,31.965913333333333,3.4,333.7,,
2025-07-02 18:33:04,120.858025,31.968341666666667,3.5,317.7,,
2025-07-02 18:36:04,120.85578666666666,31.97070666666667,3.6,321.9,,
2025-07-02 18:39:04,120.85346666666666,31.97302333333333,3.6,319.8,,
2025-07-02 18:42:04,120.85113333333334,31.97544333333333,3.7,315.1,,
2025-07-02 18:45:04,120.84862666666666,31.977816666666666,3.8,319.3,,
2025-07-02 18:48:04,120.84638666666666,31.9803,3.7,322.6,,
2025-07-02 18:51:04,120.84388,31.982623333333333,3.7,315.6,,
2025-07-02 18:54:04,120.84130666666668,31.98480333333333,3.7,313.9,,
2025-07-02 18:57:04,120.83868,31.986956666666668,3.6,311.7,,
2025-07-02 19:00:04,120.83586666666666,31.988913333333333,3.6,311.4,,
2025-07-02 19:03:26,120.83273333333334,31.99116666666667,3.7,315.4,,
2025-07-02 19:06:34,120.83002666666668,31.99343333333333,3.7,312.6,,
2025-07-02 19:09:34,120.8272,31.99556,3.8,313.8,,
2025-07-02 19:12:34,120.82428,31.99768,3.9,304.5,,
2025-07-02 19:15:34,120.82136,31.99983,3.9,316.8,,
2025-07-02 19:18:34,120.81872,32.00234,4.0,316.5,,
2025-07-02 19:21:34,120.81566666666669,32.004623333333335,4.1,307.9,,
2025-07-02 19:24:34,120.81230666666669,32.006683333333335,4.2,305.3,,
2025-07-02 19:27:34,120.80910666666666,32.00866666666667,3.9,304.0,,
2025-07-02 19:30:34,120.80592,32.0103,3.6,296.3,,
2025-07-02 19:33:34,120.80237333333334,32.01146,4.1,291.2,,
2025-07-02 19:36:34,120.79856,32.01278666666666,4.2,286.6,,
2025-07-02 19:39:38,120.79468333333334,32.01405,4.0,287.2,,
2025-07-02 19:42:48,120.79054666666669,32.01488,4.2,287.6,,
2025-07-02 19:45:48,120.78641333333331,32.01553,4.3,272.6,,
2025-07-02 19:49:04,120.78173333333334,32.015633333333334,4.3,269.3,,
2025-07-02 19:52:04,120.77749333333334,32.015746666666665,4.2,271.9,,
2025-07-02 19:55:04,120.77348,32.01578,4.0,269.9,,
2025-07-02 19:58:34,120.769,32.01582,3.9,270.6,,
2025-07-02 20:01:47,120.76482666666666,32.01560333333333,3.9,262.2,,
2025-07-02 20:04:47,120.76113333333332,32.015033333333335,3.8,253.6,,
2025-07-02 20:08:03,120.75702666666666,32.01450333333333,3.9,264.8,,
2025-07-02 20:11:14,120.75298666666669,32.01412666666667,3.8,262.2,,
2025-07-02 20:14:14,120.74926666666668,32.01365333333333,3.7,262.4,,
2025-07-02 20:17:14,120.7456,32.013403333333336,3.7,268.7,,
2025-07-02 20:20:14,120.74197333333332,32.01332,3.6,269.2,,
2025-07-02 20:23:14,120.7384,32.013423333333336,3.7,273.2,,
2025-07-02 20:26:14,120.73469333333334,32.01345,3.8,273.7,,
2025-07-02 20:29:14,120.73096,32.01351,3.8,269.0,,
2025-07-02 20:32:14,120.727,32.013373333333334,4.2,267.1,,
2025-07-02 20:35:14,120.72273333333334,32.01309333333333,4.5,258.0,,
2025-07-02 20:38:14,120.71821333333334,32.012483333333336,4.8,263.5,,
2025-07-02 20:41:14,120.71334666666668,32.01177666666667,5.1,262.0,,
2025-07-02 20:44:15,120.7084,32.01054,5.3,240.8,,
2025-07-02 20:47:44,120.70338666666666,32.00899666666667,4.1,269.4,,
2025-07-02 20:50:44,120.69936,32.00897666666667,4.1,265.6,,
2025-07-02 20:53:44,120.69532,32.00823666666667,4.4,250.3,,
2025-07-02 20:56:44,120.69108,32.00715666666667,4.4,256.6,,
2025-07-02 20:59:44,120.68690666666669,32.00617666666667,4.3,257.4,,
2025-07-02 21:02:44,120.68273333333332,32.00553,4.2,249.6,,
2025-07-02 21:05:44,120.67876,32.00462666666667,4.1,256.5,,
2025-07-02 21:08:47,120.67470666666668,32.004263333333334,4.2,258.4,,
2025-07-02 21:11:47,120.67054666666668,32.00340333333333,4.5,257.5,,
2025-07-02 21:15:14,120.66529333333334,32.00275,5.1,263.0,,
2025-07-02 21:18:14,120.66010666666666,32.00207,5.3,259.6,,
2025-07-02 21:22:35,120.65296666666669,32.00165,4.8,268.4,,
2025-07-02 21:25:46,120.64808,32.00185,4.6,274.2,,
2025-07-02 21:28:49,120.64346166666668,32.00194833333333,4.5,268.6,,
2025-07-02 21:32:50,120.637495,32.002246666666665,4.4,277.2,,
2025-07-02 21:36:10,120.63265166666666,32.003033333333335,4.3,281.7,,
2025-07-02 21:40:16,120.62668,32.0033,4.2,273.6,,
2025-07-02 21:46:16,120.61885333333332,32.003766666666664,3.9,280.4,,
2025-07-02 21:52:16,120.61204,32.00720666666667,4.5,321.6,,
2025-07-02 21:55:38,120.60823333333332,32.009883333333335,4.5,301.8,,
2025-07-02 21:59:46,120.60317333333332,32.012393333333335,4.2,298.8,,
2025-07-02 22:02:46,120.59953333333333,32.01408,4.1,298.9,,
2025-07-02 22:05:51,120.59585,32.015926666666665,4.1,302.3,,
2025-07-02 22:09:11,120.59270833333332,32.01871333333333,4.0,327.1,,
2025-07-02 22:12:46,120.59006666666669,32.02234333333333,4.3,327.4,,
2025-07-02 22:15:46,120.58744,32.02529666666667,4.5,317.3,,
2025-07-02 22:19:34,120.58318666666666,32.02876666666667,4.9,311.9,,
2025-07-02 22:22:34,120.57957333333331,32.03151666666667,4.9,316.9,,
2025-07-02 22:25:34,120.576,32.034416666666665,5.0,311.9,,
2025-07-02 22:28:40,120.5725,32.037483333333334,4.9,320.9,,
2025-07-02 22:31:46,120.5694,32.040636666666664,4.7,320.0,,
2025-07-02 22:35:04,120.56616,32.04394,4.6,316.8,,
2025-07-02 22:38:32,120.56211666666668,32.04671833333333,4.5,301.1,,
2025-07-02 22:44:04,120.55497333333334,32.05011666666667,4.5,307.7,,
2025-07-02 22:47:34,120.55062666666667,32.05251,4.6,297.3,,
2025-07-02 22:50:42,120.54648333333331,32.054516666666665,4.6,307.3,,
2025-07-02 22:54:04,120.54246666666668,32.05726333333333,4.8,308.7,,
2025-07-02 22:57:04,120.53864,32.05974666666667,4.9,305.6,,
2025-07-02 23:00:16,120.53448,32.06254333333333,5.0,310.3,,
2025-07-02 23:03:46,120.53026666666666,32.06587,4.9,308.0,,
2025-07-02 23:06:46,120.52606666666668,32.068126666666664,5.1,297.8,,
2025-07-02 23:09:46,120.52153333333334,32.070013333333335,5.1,295.5,,
2025-07-02 23:13:04,120.51644,32.071866666666665,5.2,287.0,,
2025-07-02 23:16:16,120.51118666666666,32.07308666666667,5.2,281.0,,
2025-07-02 23:19:19,120.50608333333334,32.07373333333334,5.1,278.8,,
2025-07-02 23:22:34,120.50088,32.07414,4.6,284.5,,
2025-07-02 23:26:16,120.49557333333334,32.074873333333336,4.4,270.6,,
2025-07-02 23:30:03,120.49004,32.074236666666664,4.5,261.9,,
2025-07-02 23:33:59,120.4844,32.0733,4.3,257.7,,
2025-07-02 23:37:03,120.48001333333332,32.07289,4.4,258.3,,
2025-07-02 23:40:46,120.47472,32.07170333333333,4.6,248.8,,
2025-07-02 23:43:46,120.47038666666668,32.070476666666664,4.6,255.0,,
2025-07-02 23:47:04,120.46550666666668,32.06965,4.6,256.0,,
2025-07-02 23:50:10,120.46096666666666,32.06825,4.9,247.7,,
2025-07-02 23:53:16,120.45637333333332,32.06657333333333,4.7,250.9,,
2025-07-02 23:56:16,120.45188,32.06532333333333,5.1,242.9,,
2025-07-02 23:59:16,120.44752,32.06312,5.1,239.8,,
2025-07-03 00:02:16,120.44308,32.06083,5.3,237.3,,
2025-07-03 00:05:36,120.43833333333332,32.05825,4.7,232.2,,
2025-07-03 00:08:46,120.43436,32.05539,5.2,227.7,,
2025-07-03 00:12:04,120.43045333333332,32.05209333333333,5.0,223.5,,
2025-07-03 00:15:04,120.42697333333334,32.049373333333335,4.7,232.6,,
2025-07-03 00:18:46,120.42245,32.04643333333333,4.5,230.5,,
2025-07-03 00:21:55,120.41884,32.04376,4.7,229.5,,
2025-07-03 00:24:55,120.4154,32.041113333333335,4.7,220.4,,
2025-07-03 00:27:55,120.41217333333331,32.038266666666665,4.8,222.8,,
2025-07-03 00:30:55,120.40910666666667,32.03519333333333,4.9,224.9,,
2025-07-03 00:33:55,120.40544,32.03246333333333,5.0,227.5,,
2025-07-03 00:37:01,120.40157333333332,32.02950666666667,5.0,230.8,,
2025-07-03 00:40:02,120.39791666666666,32.02653333333333,5.0,225.1,,
2025-07-03 00:43:03,120.39414666666669,32.023626666666665,5.1,222.9,,
2025-07-03 00:46:03,120.39028,32.020846666666664,5.1,233.9,,
2025-07-03 00:49:31,120.38558666666668,32.01782333333333,5.1,231.5,,
2025-07-03 00:52:31,120.38164,32.01511,5.1,229.1,,
2025-07-03 00:55:31,120.37788,32.01226,5.1,226.4,,
2025-07-03 00:58:31,120.37422666666669,32.00940333333333,5.1,227.9,,
2025-07-03 01:01:31,120.37053333333331,32.00654333333333,5.2,226.0,,
2025-07-03 01:04:31,120.36678666666668,32.00368,5.1,230.7,,
2025-07-03 01:07:31,120.36286666666666,32.00101,5.1,232.2,,
2025-07-03 01:10:31,120.35884,31.99850333333333,5.0,232.0,,
2025-07-03 01:13:31,120.35501333333332,31.995763333333333,5.2,227.9,,
2025-07-03 01:16:31,120.3514,31.99287,4.9,226.7,,
2025-07-03 01:19:31,120.34788,31.99004,5.0,226.9,,
2025-07-03 01:22:31,120.34408,31.98725,5.0,227.7,,
2025-07-03 01:25:31,120.34037333333332,31.9845,5.0,231.9,,
2025-07-03 01:29:13,120.33563333333332,31.981416666666668,5.0,238.2,,
2025-07-03 01:32:24,120.33072,31.980246666666662,4.9,256.1,,
2025-07-03 01:35:31,120.32608,31.97872,4.8,245.3,,
2025-07-03 01:38:43,120.3216,31.976766666666663,4.6,242.6,,
2025-07-03 01:41:54,120.31713333333332,31.974816666666666,4.8,242.0,,
2025-07-03 01:45:24,120.31244,31.972506666666668,4.7,239.2,,
2025-07-03 01:48:24,120.30857333333331,31.97033,4.7,237.5,,
2025-07-03 01:51:31,120.30445333333331,31.96809333333333,4.8,233.6,,
2025-07-03 01:54:31,120.30065333333332,31.96578333333333,4.6,237.6,,
2025-07-03 01:57:54,120.29628,31.963463333333333,4.6,238.5,,
2025-07-03 02:00:54,120.29241333333331,31.96151,4.5,240.6,,
2025-07-03 02:04:01,120.28836,31.959546666666668,4.6,239.0,,
2025-07-03 02:07:03,120.28457333333331,31.957506666666667,4.6,237.1,,
2025-07-03 02:10:20,120.28041666666668,31.95515,4.6,235.6,,
2025-07-03 02:13:24,120.27629333333331,31.953076666666668,4.8,239.9,,
2025-07-03 02:16:24,120.27221333333334,31.95095333333333,4.9,240.7,,
2025-07-03 02:19:24,120.26792,31.94892,5.0,242.0,,
2025-07-03 02:22:24,120.26353333333331,31.94706,4.9,246.5,,
2025-07-03 02:25:24,120.25909333333334,31.945876666666667,4.6,256.8,,
2025-07-03 02:28:24,120.25474666666666,31.944893333333333,4.4,257.3,,
2025-07-03 02:31:24,120.25052,31.94419,4.3,258.0,,
2025-07-03 02:34:32,120.2461,31.94335,4.4,257.6,,
2025-07-03 02:37:54,120.24130666666667,31.94255666666667,4.4,262.3,,
2025-07-03 02:40:54,120.23702666666668,31.9419,4.4,262.6,,
2025-07-03 02:43:54,120.23274666666669,31.941893333333333,4.4,269.0,,
2025-07-03 02:46:54,120.22845333333332,31.94181333333333,4.3,267.8,,
2025-07-03 02:49:57,120.2241,31.94175,4.3,269.2,,
2025-07-03 02:53:15,120.21953333333332,31.941756666666667,4.3,271.9,,
2025-07-03 02:56:32,120.21505,31.942,4.0,275.1,,
2025-07-03 02:59:54,120.21058666666669,31.942156666666666,4.0,272.6,,
2025-07-03 03:02:54,120.2068,31.94267,3.9,275.6,,
2025-07-03 03:05:54,120.20292,31.94317,4.0,278.5,,
2025-07-03 03:09:15,120.19844,31.94364333333333,4.2,277.5,,
2025-07-03 03:12:15,120.19437333333332,31.94418,4.2,280.7,,
2025-07-03 03:16:15,120.18882666666669,31.944546666666668,4.2,272.5,,
2025-07-03 03:20:45,120.18249333333333,31.944893333333333,4.3,275.4,,
2025-07-03 03:23:54,120.17801333333334,31.94524333333333,4.4,272.2,,
2025-07-03 03:28:15,120.17189333333332,31.94577333333333,4.1,273.1,,
2025-07-03 03:31:15,120.1678,31.9462,4.2,277.4,,
2025-07-03 03:34:15,120.16365333333331,31.94685,4.3,279.5,,
2025-07-03 03:37:24,120.15922666666668,31.94756,4.4,279.5,,
2025-07-03 03:40:45,120.15445333333334,31.94828,4.3,279.5,,
2025-07-03 03:43:45,120.15030666666668,31.94886,4.1,278.5,,
2025-07-03 03:46:45,120.14621333333334,31.949556666666663,4.2,281.5,,
2025-07-03 03:49:45,120.14222666666667,31.950176666666668,4.1,280.7,,
2025-07-03 03:52:45,120.13825333333334,31.950803333333333,4.1,285.0,,
2025-07-03 03:55:45,120.13432,31.95168333333333,4.1,282.9,,
2025-07-03 03:59:04,120.12998666666668,31.95255,4.1,284.2,,
2025-07-03 04:02:33,120.12542666666668,31.95361,4.1,283.2,,
2025-07-03 04:05:44,120.12117333333332,31.95442,4.0,283.5,,
2025-07-03 04:08:44,120.11736,31.955386666666666,4.1,284.7,,
2025-07-03 04:12:33,120.11244,31.95658,4.1,283.8,,
2025-07-03 04:16:03,120.10784,31.957463333333333,4.1,281.5,,
2025-07-03 04:19:03,120.10392,31.958206666666666,4.0,282.5,,
2025-07-03 04:22:03,120.10009333333332,31.958926666666667,3.9,283.5,,
2025-07-03 04:25:03,120.0964,31.95960333333333,3.8,280.9,,
2025-07-03 04:28:03,120.09268,31.960293333333333,3.9,284.6,,
2025-07-03 04:31:09,120.088735,31.96096,3.7,280.5,,
2025-07-03 04:34:14,120.08485333333331,31.96148,3.8,276.7,,
2025-07-03 04:37:33,120.08081333333334,31.961936666666663,3.7,282.3,,
2025-07-03 04:40:44,120.07690666666667,31.962576666666667,3.8,281.1,,
2025-07-03 04:44:03,120.07289333333334,31.963293333333333,3.8,283.6,,
2025-07-03 04:47:03,120.06933333333332,31.964,3.6,285.3,,
2025-07-03 04:50:13,120.06568,31.964953333333334,3.5,290.2,,
2025-07-03 04:53:14,120.06226666666667,31.96578333333333,3.7,282.3,,
2025-07-03 04:56:23,120.05849333333332,31.96629666666667,3.6,276.9,,
2025-07-03 04:59:23,120.05506666666666,31.966746666666666,3.5,278.6,,
2025-07-03 05:02:23,120.05168,31.967326666666665,3.4,283.1,,
2025-07-03 05:05:23,120.04850666666668,31.968063333333333,3.2,284.6,,
2025-07-03 05:08:23,120.04545333333331,31.96881,3.3,286.8,,
2025-07-03 05:11:23,120.04233333333332,31.969553333333334,3.3,283.0,,
2025-07-03 05:14:23,120.03929333333332,31.970346666666668,3.2,289.4,,
2025-07-03 05:17:23,120.03633333333332,31.97117,3.2,291.9,,
2025-07-03 05:20:23,120.03361333333334,31.97249,3.1,302.2,,
2025-07-03 05:23:23,120.03089333333334,31.97391,3.3,300.3,,
2025-07-03 05:26:23,120.02809333333332,31.97533333333333,3.3,299.3,,
2025-07-03 05:29:23,120.02510666666667,31.976666666666667,3.4,294.1,,
2025-07-03 05:32:32,120.02189333333334,31.977966666666667,3.3,300.1,,
2025-07-03 05:35:32,120.01910666666669,31.97963333333333,3.5,308.5,,
2025-07-03 05:38:32,120.01629333333334,31.981383333333333,3.5,304.5,,
2025-07-03 05:41:32,120.01330666666668,31.982983333333333,3.6,301.0,,
2025-07-03 05:44:32,120.01029333333334,31.98452333333333,3.5,301.8,,
2025-07-03 05:47:32,120.0072,31.98594,3.5,299.7,,
2025-07-03 05:50:32,120.00413333333331,31.98735,3.5,305.1,,
2025-07-03 05:53:32,120.00166666666668,31.98925333333333,3.3,308.7,,
2025-07-03 05:56:53,119.99852,31.99109,3.5,301.3,,
2025-07-03 05:59:53,119.99577333333332,31.992653333333333,3.2,308.4,,
2025-07-03 06:02:53,119.99312,31.99401333333333,3.0,299.6,,
2025-07-03 06:05:53,119.99074666666668,31.9955,3.0,306.1,,
2025-07-03 06:08:53,119.98869333333332,31.99711,2.6,317.1,,
2025-07-03 06:11:53,119.98681333333332,31.998763333333333,2.7,324.2,,
2025-07-03 06:14:53,119.98494666666669,32.00035333333334,2.7,311.9,,
2025-07-03 06:17:53,119.98284,32.00187,2.8,310.4,,
2025-07-03 06:20:55,119.98078833333334,32.003371666666666,2.5,310.5,,
2025-07-03 06:24:00,119.97870666666668,32.004783333333336,2.6,309.7,,
2025-07-03 06:27:00,119.97678666666668,32.00628666666667,2.5,307.1,,
2025-07-03 06:30:00,119.97486666666668,32.00776,2.5,312.3,,
2025-07-03 06:33:00,119.97310666666668,32.00933,2.6,316.4,,
2025-07-03 06:36:00,119.9713,32.010933333333334,2.5,315.8,,
2025-07-03 06:39:02,119.96949333333332,32.012573333333336,2.6,318.1,,
2025-07-03 06:42:02,119.96777333333333,32.01426333333333,2.6,316.8,,
2025-07-03 06:45:02,119.96601333333334,32.01595,2.6,320.8,,
2025-07-03 06:48:02,119.96422666666666,32.01763,2.7,314.5,,
2025-07-03 06:51:03,119.96253333333334,32.01938666666667,2.7,319.8,,
2025-07-03 06:54:12,119.96230666666666,32.01955,2.7,317.9,,
2025-07-03 06:57:23,119.95849333333334,32.02303666666667,3.0,317.6,,
2025-07-03 07:00:23,119.9564,32.02480333333333,2.7,309.3,,
2025-07-03 07:03:32,119.95494666666669,32.02649666666667,2.3,321.7,,
2025-07-03 07:06:32,119.95377333333332,32.02833666666667,2.6,335.9,,
2025-07-03 07:09:32,119.95237333333333,32.03020333333333,2.7,324.6,,
2025-07-03 07:12:38,119.951005,32.032288333333334,2.7,338.0,,
2025-07-03 07:15:53,119.94993333333332,32.034683333333334,2.8,343.2,,
2025-07-03 07:19:02,119.94873333333334,32.03696,3.0,330.3,,
2025-07-03 07:22:02,119.94709333333331,32.039303333333336,3.2,329.8,,
2025-07-03 07:25:02,119.94593333333331,32.04171,2.9,344.6,,
2025-07-03 07:28:11,119.94549333333332,32.04286333333334,2.8,338.8,,
2025-07-03 07:31:17,119.94469333333332,32.04475,2.9,336.4,,
2025-07-03 07:34:19,119.94271666666668,32.04875166666667,2.9,339.7,,
2025-07-03 07:37:27,119.94212,32.04989666666667,2.9,333.5,,
2025-07-03 07:40:32,119.93997333333331,32.053376666666665,2.9,334.7,,
2025-07-03 07:43:32,119.93889333333334,32.05563333333333,2.9,332.8,,
2025-07-03 07:46:32,119.93782666666668,32.05786666666667,2.8,338.8,,
2025-07-03 07:50:02,119.93657333333331,32.06051333333333,2.9,342.1,,
2025-07-03 07:53:02,119.93636,32.06113,3.0,342.6,,
2025-07-03 07:56:18,119.93482666666668,32.06554,3.0,350.4,,
2025-07-03 08:00:22,119.93397,32.06885,2.9,347.3,,
2025-07-03 08:04:08,119.93293333333334,32.071983333333336,3.1,343.1,,
2025-07-03 08:07:19,119.93198666666666,32.07465,3.1,347.3,,
2025-07-03 08:10:29,119.93143333333332,32.076315,3.1,342.4,,
2025-07-03 08:13:29,119.93078333333334,32.0782,3.2,345.2,,
2025-07-03 08:16:35,119.92934666666666,32.082663333333336,3.3,333.3,,
2025-07-03 08:19:50,119.92858666666666,32.08392,3.3,332.9,,
2025-07-03 08:22:51,119.92754666666669,32.08711666666667,3.4,348.8,,
2025-07-03 08:26:04,119.92633333333332,32.09129333333333,3.4,341.3,,
2025-07-03 08:29:04,119.92549333333334,32.094116666666665,3.4,351.4,,
2025-07-03 08:32:04,119.92488,32.09704333333333,3.5,347.2,,
2025-07-03 08:35:26,119.92466666666668,32.09773,3.5,345.7,,
2025-07-03 08:39:00,119.92409833333332,32.10158666666667,3.5,357.2,,
2025-07-03 08:42:05,119.92332,32.10543333333333,3.6,346.0,,
2025-07-03 08:45:18,119.92194666666668,32.11002333333333,3.5,344.9,,
2025-07-03 08:48:37,119.92156,32.11125333333333,3.5,344.9,,
2025-07-03 08:51:38,119.92042666666669,32.1148,3.5,340.2,,
2025-07-03 08:54:40,119.91968,32.1169,3.4,347.8,,
2025-07-03 08:57:48,119.9182,32.12177,3.5,347.5,,
2025-07-03 09:00:57,119.91806666666666,32.12251666666667,3.4,349.5,,
2025-07-03 09:04:16,119.91696,32.12576333333333,3.4,340.6,,
2025-07-03 09:07:18,119.916,32.12845,3.5,346.1,,
2025-07-03 09:10:27,119.91486666666668,32.132396666666665,3.4,341.6,,
2025-07-03 09:13:38,119.91436,32.133763333333334,3.3,344.5,,
2025-07-03 09:16:55,119.91229333333334,32.13928666666666,3.2,342.9,,
2025-07-03 09:20:04,119.91156,32.14196333333334,3.0,350.2,,
2025-07-03 09:23:24,119.91128,32.14351333333333,3.1,353.3,,
2025-07-03 09:26:25,119.91090666666666,32.14749,3.1,358.0,,
2025-07-03 09:29:28,119.91078666666668,32.148826666666665,3.2,352.7,,
2025-07-03 09:32:55,119.91022666666667,32.15334333333333,3.3,355.9,,
2025-07-03 09:36:04,119.90996,32.156306666666666,3.4,353.5,,
2025-07-03 09:39:04,119.90946666666666,32.15918333333333,3.5,351.0,,
2025-07-03 09:42:08,119.90943166666666,32.159236666666665,3.4,350.8,,
2025-07-03 09:45:14,119.90885333333334,32.162616666666665,3.6,348.8,,
2025-07-03 09:48:25,119.90726666666669,32.16825333333333,3.5,349.5,,
2025-07-03 09:51:32,119.90713333333332,32.16896666666667,3.5,350.2,,
2025-07-03 09:54:44,119.90645333333332,32.17165333333333,3.5,347.9,,
2025-07-03 09:58:01,119.90586666666668,32.175333333333334,3.3,353.3,,
2025-07-03 10:01:04,119.90549333333334,32.18030666666667,3.3,350.5,,
2025-07-03 10:04:04,119.90494666666666,32.18304333333333,3.2,351.5,,
2025-07-03 10:07:04,119.90450666666666,32.18575,3.2,351.5,,
2025-07-03 10:10:37,119.90436,32.186506666666666,3.2,352.9,,
2025-07-03 10:13:40,119.90406666666668,32.18966666666667,3.3,355.5,,
2025-07-03 10:16:48,119.90296,32.19477333333333,3.4,349.8,,
2025-07-03 10:19:50,119.90219666666668,32.19761166666667,3.4,346.2,,
2025-07-03 10:22:55,119.90108,32.200363333333335,3.3,321.7,,
2025-07-03 10:26:04,119.90090333333332,32.20055833333333,3.2,323.2,,
2025-07-03 10:29:08,119.89936,32.20429,3.0,343.7,,
2025-07-03 10:32:25,119.89845333333334,32.20816333333333,3.0,345.8,,
2025-07-03 10:35:25,119.89766666666668,32.210726666666666,3.1,347.4,,
2025-07-03 10:39:12,119.89730666666668,32.21238,3.2,351.2,,
2025-07-03 10:42:25,119.89652,32.21698,3.2,354.6,,
2025-07-03 10:45:37,119.89593333333332,32.219833333333334,3.2,342.8,,
2025-07-03 10:48:47,119.89486666666669,32.22272,3.4,340.5,,
2025-07-03 10:51:47,119.89364,32.225143333333335,3.1,336.8,,
2025-07-03 10:54:47,119.89253333333332,32.22767,3.2,336.5,,
2025-07-03 10:57:47,119.89149333333332,32.230203333333336,3.1,342.4,,
2025-07-03 11:00:54,119.89098666666666,32.23158333333333,3.1,341.4,,
2025-07-03 11:03:55,119.88949333333332,32.23542333333334,3.3,338.7,,
2025-07-03 11:06:56,119.88842666666666,32.23804333333333,3.2,342.8,,
2025-07-03 15:46:23,119.67630666666666,32.239063333333334,4.3,194.9,,
2025-07-03 15:49:23,119.67502666666668,32.23576666666666,3.9,199.9,,
2025-07-03 15:52:23,119.67362666666666,32.232593333333334,4.0,202.0,,
2025-07-03 15:55:23,119.67221333333332,32.22937666666667,4.2,197.9,,
2025-07-03 15:58:23,119.6708,32.22608666666667,4.2,202.6,,
2025-07-03 16:01:24,119.66892,32.222923333333334,4.1,209.5,,
2025-07-03 16:05:00,119.66629333333331,32.21947333333333,3.9,218.4,,
2025-07-03 16:08:01,119.66401333333332,32.216953333333336,3.7,219.1,,
2025-07-03 16:11:55,119.66073166666666,32.21411,3.5,225.1,,
2025-07-03 16:15:24,119.65778666666668,32.21174333333333,3.5,224.1,,
2025-07-03 16:18:24,119.65518666666668,32.209736666666664,3.5,229.7,,
2025-07-03 16:21:24,119.65253333333334,32.20782,3.5,230.8,,
2025-07-03 16:24:31,119.64970666666666,32.20602,3.4,236.2,,
2025-07-03 16:27:31,119.64685333333334,32.20446666666667,3.5,236.0,,
2025-07-03 16:30:36,119.64377333333331,32.20296833333333,3.4,241.5,,
2025-07-03 16:34:00,119.63992,32.20176333333333,3.9,250.0,,
2025-07-03 16:37:00,119.63610666666666,32.20052666666667,4.4,247.6,,
2025-07-03 16:40:30,119.63122666666666,32.19894,4.4,249.3,,
2025-07-03 16:43:54,119.62708,32.19729666666667,3.8,243.2,,
2025-07-03 16:46:54,119.62398666666668,32.19595666666667,3.3,246.2,,
2025-07-03 16:49:54,119.62073333333332,32.19502,3.7,256.3,,
2025-07-03 16:52:54,119.61694666666666,32.19428666666666,3.9,252.7,,
2025-07-03 16:55:54,119.61338666666668,32.19341,3.7,252.5,,
2025-07-03 16:59:00,119.60996,32.19265,3.2,261.4,,
2025-07-03 17:02:22,119.60638333333333,32.19258333333333,3.2,269.3,,
2025-07-03 17:06:24,119.60221333333334,32.19244666666667,3.2,267.7,,
2025-07-03 17:09:30,119.59884,32.192326666666666,3.4,266.4,,
2025-07-03 17:12:53,119.59496,32.19201,3.5,261.1,,
2025-07-03 17:15:53,119.5914,32.19162333333333,3.6,266.0,,
2025-07-03 17:19:00,119.58777333333332,32.191136666666665,3.6,260.2,,
2025-07-03 17:22:00,119.58419166666668,32.191001666666665,3.5,267.7,,
2025-07-03 17:25:00,119.58061333333332,32.190956666666665,3.6,270.4,,
2025-07-03 17:28:00,119.57702666666668,32.191156666666664,3.6,279.3,,
2025-07-03 17:31:44,119.5727,32.19181666666667,3.6,277.6,,
2025-07-03 17:34:54,119.56921333333334,32.192546666666665,3.3,278.7,,
2025-07-03 17:38:00,119.56617333333334,32.19347666666667,3.1,291.8,,
2025-07-03 17:41:24,119.56293333333332,32.19484666666666,3.2,296.4,,
2025-07-03 17:44:30,119.56016,32.196313333333336,3.2,305.6,,
2025-07-03 17:47:30,119.55749333333333,32.19795333333333,3.4,301.6,,
2025-07-03 17:50:30,119.55536,32.19988,3.1,316.6,,
2025-07-03 17:53:30,119.55366666666669,32.20193,2.9,343.1,,
2025-07-03 17:56:30,119.55292,32.204496666666664,3.2,340.8,,
2025-07-03 17:59:35,119.55253333333332,32.2071,2.9,359.0,,
2025-07-03 18:02:53,119.55216,32.20995666666666,3.2,351.7,,
2025-07-03 18:06:03,119.55184666666666,32.212873333333334,3.4,356.1,,
2025-07-03 18:09:23,119.55158,32.216215,3.7,359.7,,
2025-07-03 18:12:30,119.55142666666669,32.21962333333333,3.9,355.6,,
2025-07-03 18:15:30,119.55113333333334,32.222966666666665,4.0,353.3,,
2025-07-03 18:18:30,119.55094666666666,32.226236666666665,3.8,0.6,,
2025-07-03 18:21:30,119.55149333333334,32.2295,4.2,16.4,,
2025-07-03 18:24:31,119.55186666666668,32.232733333333336,3.4,354.1,,
2025-07-03 18:27:53,119.55,32.234923333333334,3.1,322.3,,
2025-07-03 18:30:53,119.54850666666668,32.237273333333334,3.3,317.1,,
2025-07-03 18:33:53,119.54566666666666,32.23904666666667,3.8,302.3,,
2025-07-03 21:12:52,119.39253333333332,32.2379,3.4,212.4,,
2025-07-03 21:16:17,119.39024,32.23502,3.6,210.6,,
2025-07-03 21:19:17,119.38822666666668,32.23267333333333,3.3,225.0,,
2025-07-03 21:22:17,119.38602666666668,32.23043,3.5,218.3,,
2025-07-03 21:25:17,119.38370666666668,32.22817666666667,3.4,231.4,,
2025-07-03 21:28:22,119.38113333333334,32.22612,3.5,207.2,,
2025-07-03 21:31:37,119.37877666666668,32.223288333333336,3.9,220.8,,
2025-07-03 21:34:47,119.37574666666669,32.22082,4.1,224.5,,
2025-07-03 21:37:47,119.37302666666666,32.21802666666667,4.4,222.3,,
2025-07-03 21:40:47,119.36997333333332,32.215266666666665,4.6,222.9,,
2025-07-03 21:43:47,119.36702666666666,32.21247,4.3,222.3,,
2025-07-03 21:46:52,119.36418666666668,32.20988,3.9,229.0,,
2025-07-03 21:49:57,119.36112,32.20784666666667,3.7,237.0,,
2025-07-03 21:53:17,119.35758666666666,32.20583333333333,4.0,244.0,,
2025-07-03 21:56:17,119.35436,32.204616666666666,3.1,233.6,,
2025-07-03 21:59:17,119.35186666666668,32.203473333333335,2.8,251.3,,
2025-07-03 22:02:17,119.34918666666668,32.20261333333333,2.9,245.0,,
2025-07-03 22:05:17,119.34665333333334,32.201503333333335,2.7,237.6,,
2025-07-03 22:08:17,119.3444,32.200206666666666,2.9,234.2,,
2025-07-03 22:11:17,119.34192,32.19897,2.9,245.0,,
2025-07-03 22:14:17,119.33912,32.19800333333333,3.2,253.0,,
2025-07-03 22:17:17,119.33598666666668,32.19757333333333,3.1,264.5,,
2025-07-03 22:20:47,119.33248,32.197136666666665,2.8,275.2,,
2025-07-03 22:23:47,119.32932,32.19685,3.3,265.1,,
2025-07-03 22:26:47,119.32596,32.19637,3.5,254.7,,
2025-07-03 22:30:03,119.32236833333332,32.195548333333335,3.4,258.2,,
2025-07-03 22:33:04,119.31906666666669,32.195083333333336,3.3,260.5,,
2025-07-03 22:36:04,119.31589333333334,32.19463666666667,3.2,264.7,,
2025-07-03 22:39:04,119.31268,32.19439333333333,3.2,263.2,,
2025-07-03 22:42:04,119.30948,32.19413,3.2,268.7,,
2025-07-03 22:45:27,119.30592,32.19388333333333,3.1,264.4,,
2025-07-03 22:48:33,119.30278666666666,32.19367,3.0,268.6,,
2025-07-03 22:51:33,119.29985333333332,32.19355,3.0,269.9,,
2025-07-03 22:54:33,119.29693333333331,32.19343666666666,2.9,269.8,,
2025-07-03 22:57:57,119.29361333333334,32.19392333333333,3.0,282.6,,
2025-07-03 23:00:57,119.2906,32.19421,3.1,271.7,,
2025-07-03 23:03:57,119.28764,32.194786666666666,3.0,296.6,,
2025-07-03 23:07:04,119.28468,32.19569,3.1,286.4,,
2025-07-03 23:10:04,119.28166666666668,32.196506666666664,3.1,283.0,,
2025-07-03 23:13:04,119.27878666666666,32.197183333333335,2.8,291.5,,
2025-07-03 23:16:27,119.27588,32.198413333333335,2.7,292.3,,
2025-07-03 23:19:27,119.27345333333334,32.19953666666667,2.8,290.7,,
2025-07-03 23:23:03,119.27041333333334,32.20076666666667,2.8,295.3,,
2025-07-03 23:26:04,119.26797333333332,32.20186,2.7,297.2,,
2025-07-03 23:29:04,119.26556,32.2029,2.6,301.6,,
2025-07-03 23:32:27,119.26297166666669,32.204208333333334,2.5,304.2,,
2025-07-03 23:35:27,119.26074666666666,32.20548,2.7,305.5,,
2025-07-03 23:38:27,119.25848,32.20677666666667,2.6,302.7,,
2025-07-03 23:41:27,119.25633333333332,32.20805,2.7,307.9,,
2025-07-03 23:44:27,119.2542,32.20934,2.6,302.7,,
2025-07-03 23:47:28,119.25207,32.210566666666665,2.5,304.1,,
2025-07-03 23:50:33,119.24992,32.211866666666666,2.6,306.1,,
2025-07-03 23:53:33,119.2478,32.21322333333333,2.7,305.5,,
2025-07-03 23:56:33,119.24562666666668,32.21461,2.7,315.0,,
2025-07-03 23:59:33,119.24377333333334,32.21638333333333,2.8,309.3,,
2025-07-04 00:02:34,119.24148,32.21792666666666,2.8,306.3,,
2025-07-04 00:05:34,119.23924,32.219273333333334,2.7,313.5,,
2025-07-04 00:08:34,119.23725333333331,32.22096333333333,2.9,310.5,,
2025-07-04 00:11:34,119.23498666666669,32.22248,2.8,309.9,,
2025-07-04 00:14:34,119.23293333333334,32.224223333333335,3.0,314.8,,
2025-07-04 00:17:34,119.2306,32.22572666666667,3.0,309.6,,
2025-07-04 00:20:34,119.22834666666668,32.22744,3.0,313.5,,
2025-07-04 00:23:34,119.22598666666669,32.228923333333334,3.0,306.2,,
2025-07-04 00:26:34,119.22349333333334,32.23046333333333,3.1,300.9,,
2025-07-04 00:29:34,119.22081333333334,32.23181666666667,3.0,295.6,,
2025-07-04 00:32:34,119.21802666666666,32.232883333333334,3.1,295.4,,
2025-07-04 00:35:38,119.21510666666668,32.23404,3.3,291.4,,
2025-07-04 00:38:49,119.2117,32.23515,3.6,291.3,,
2025-07-04 00:41:58,119.20792,32.23622666666667,3.7,290.4,,
2025-07-04 00:44:58,119.20453333333332,32.23720333333333,3.7,283.6,,
2025-07-04 00:47:58,119.20105333333332,32.238083333333336,3.6,291.2,,
2025-07-04 00:50:58,119.19762666666666,32.23933,3.7,295.2,,
2025-07-04 03:10:07,119.07381333333332,32.23990333333333,3.0,228.2,,
2025-07-04 03:13:07,119.07162666666666,32.23801666666667,3.3,222.8,,
2025-07-04 03:16:07,119.0696,32.23584666666667,3.1,217.8,,
2025-07-04 03:19:07,119.06769333333334,32.233673333333336,3.3,214.4,,
2025-07-04 03:22:07,119.06621333333334,32.231183333333334,3.2,211.9,,
2025-07-04 03:25:07,119.06465333333334,32.22899,3.0,207.8,,
2025-07-04 03:28:07,119.06318666666668,32.22683333333333,2.9,212.8,,
2025-07-04 03:31:07,119.06165333333334,32.22463666666667,3.1,210.8,,
2025-07-04 03:34:07,119.06008,32.22232,3.0,210.3,,
2025-07-04 03:37:07,119.05836,32.220456666666664,2.7,222.1,,
2025-07-04 03:40:07,119.05672,32.21869,2.7,216.0,,
2025-07-04 03:43:07,119.05504,32.216636666666666,3.1,215.5,,
2025-07-04 03:46:07,119.05306666666668,32.21445333333333,3.3,219.6,,
2025-07-04 03:49:07,119.05086666666666,32.2122,3.5,220.7,,
2025-07-04 03:52:07,119.04856,32.209826666666665,3.7,220.2,,
2025-07-04 03:55:07,119.04629333333334,32.20739,3.6,218.0,,
2025-07-04 03:58:07,119.0442,32.20509333333333,3.3,215.5,,
2025-07-04 04:01:19,119.04212,32.202873333333336,3.1,220.2,,
2025-07-04 04:04:19,119.04021333333333,32.20086333333333,3.2,223.2,,
2025-07-04 04:07:19,119.03789333333332,32.19894,3.3,227.0,,
2025-07-04 04:10:19,119.03548,32.19700666666667,3.3,222.2,,
2025-07-04 04:13:19,119.03313333333334,32.194943333333335,3.3,232.4,,
2025-07-04 04:16:19,119.0306,32.193173333333334,3.3,231.6,,
2025-07-04 04:19:36,119.02782666666668,32.191183333333335,3.2,226.9,,
2025-07-04 04:22:36,119.0254,32.189296666666664,3.2,227.7,,
2025-07-04 04:25:36,119.02306666666668,32.18768,2.7,229.9,,
2025-07-04 04:28:48,119.02089333333332,32.18619666666667,2.5,232.6,,
2025-07-04 04:31:49,119.01884,32.18497333333333,2.6,238.0,,
2025-07-04 04:35:06,119.0164,32.18383,2.7,240.6,,
2025-07-04 04:38:18,119.01396,32.18241666666667,2.6,240.4,,
2025-07-04 04:41:18,119.01177333333334,32.181376666666665,2.4,240.3,,
2025-07-04 04:44:18,119.00956,32.18045333333333,2.5,245.0,,
2025-07-04 04:47:18,119.00721333333334,32.17950333333334,2.5,241.0,,
2025-07-04 04:50:18,119.00493333333333,32.17851666666667,2.4,252.0,,
2025-07-04 04:53:18,119.00261333333331,32.178243333333334,2.4,267.0,,
2025-07-04 04:56:18,119.0,32.17818,2.7,263.9,,
2025-07-04 04:59:18,118.99738666666669,32.17792,2.6,262.6,,
2025-07-04 05:02:18,118.99464,32.17745333333333,2.9,258.9,,
2025-07-04 05:05:18,118.99177333333331,32.17707,2.9,263.1,,
2025-07-04 05:08:18,118.98890666666668,32.176786666666665,2.8,259.5,,
2025-07-04 05:11:18,118.98612,32.176626666666664,2.7,274.3,,
2025-07-04 05:14:18,118.9834,32.176766666666666,2.8,273.5,,
2025-07-04 05:17:18,118.98058666666668,32.17666,2.9,262.9,,
2025-07-04 05:20:18,118.97772,32.17635333333333,2.8,263.3,,
2025-07-04 05:23:18,118.97492,32.17625,2.7,270.0,,
2025-07-04 05:26:18,118.97213333333332,32.17628333333333,2.8,267.6,,
2025-07-04 05:29:27,118.9691,32.17613333333333,2.9,268.6,,
2025-07-04 05:32:36,118.96613333333332,32.17589666666667,2.7,263.8,,
2025-07-04 05:35:49,118.96314666666666,32.175686666666664,2.9,264.9,,
2025-07-04 05:39:05,118.96029333333334,32.175333333333334,2.2,265.7,,
2025-07-04 05:42:05,118.95772,32.175153333333334,2.6,268.9,,
2025-07-04 05:45:05,118.95517333333332,32.175396666666664,2.6,270.3,,
2025-07-04 05:48:05,118.95264,32.175686666666664,2.5,283.9,,
2025-07-04 05:51:05,118.95021333333334,32.176066666666664,2.6,284.3,,
2025-07-04 05:54:06,118.94770666666666,32.17639666666667,2.4,282.0,,
2025-07-04 05:57:21,118.94498666666668,32.17683,2.6,276.8,,
2025-07-04 06:00:21,118.94242666666666,32.177216666666666,2.6,282.1,,
2025-07-04 06:03:22,118.9398,32.17777666666667,2.6,278.2,,
2025-07-04 06:06:51,118.93714666666666,32.178243333333334,2.3,281.1,,
2025-07-04 06:09:51,118.93470666666668,32.17873,2.7,285.7,,
2025-07-04 06:12:51,118.9322,32.179143333333336,2.4,276.0,,
2025-07-04 06:15:51,118.92972,32.17954,2.6,281.4,,
2025-07-04 06:19:05,118.92705333333332,32.179723333333335,2.6,273.4,,
2025-07-04 06:22:06,118.92458666666668,32.18021666666667,2.5,281.0,,
2025-07-04 06:25:15,118.92186666666667,32.18071666666667,2.8,284.9,,
2025-07-04 06:28:21,118.91901333333334,32.18148,3.1,284.6,,
2025-07-04 06:31:21,118.91597333333333,32.18208,3.1,286.4,,
2025-07-04 06:34:21,118.91312,32.18284666666667,2.9,281.9,,
2025-07-04 06:37:35,118.90998666666668,32.183506666666666,3.1,286.2,,
2025-07-04 06:40:35,118.90668,32.18404,3.7,276.4,,
2025-07-04 06:43:35,118.90314666666669,32.18427333333333,3.5,271.6,,
2025-07-04 06:46:35,118.90008,32.18452333333333,2.5,257.2,,
2025-07-04 06:49:35,118.89737333333332,32.18409333333334,3.0,262.0,,
2025-07-04 06:52:35,118.89445333333332,32.184403333333336,3.2,285.3,,
2025-07-04 06:55:51,118.89082666666668,32.18506,3.5,273.3,,
2025-07-04 06:58:51,118.88718666666666,32.18516,3.8,265.4,,
2025-07-04 07:01:51,118.88334666666668,32.18485,4.1,262.8,,
2025-07-04 07:04:51,118.87924,32.18461,4.3,263.4,,
2025-07-04 07:07:51,118.87490666666666,32.184036666666664,4.5,253.9,,
2025-07-04 07:10:51,118.87092,32.18208,4.7,232.8,,
2025-07-04 07:13:51,118.86748,32.18026,3.5,234.6,,
2025-07-04 07:16:51,118.86486666666669,32.17898666666667,2.7,240.3,,
2025-07-04 07:19:51,118.86268,32.17775,2.6,236.0,,
2025-07-04 07:22:51,118.86058666666666,32.17665,2.2,234.2,,
2025-07-04 07:25:51,118.85878666666666,32.175486666666664,2.2,233.4,,
2025-07-04 07:29:05,118.85673333333334,32.17429,2.4,238.2,,
2025-07-04 07:32:05,118.85501333333332,32.17321333333334,2.0,232.5,,
2025-07-04 07:35:05,118.85296,32.17253,2.4,249.9,,
2025-07-04 07:38:05,118.85070666666668,32.171933333333335,2.3,240.3,,
2025-07-04 07:41:05,118.84873333333331,32.17077333333334,2.4,235.2,,
2025-07-04 07:44:05,118.84670666666666,32.16961333333333,2.5,234.9,,
2025-07-04 07:47:05,118.84469333333334,32.168353333333336,2.5,228.8,,
2025-07-04 07:50:05,118.84282666666668,32.16711,2.3,231.2,,
2025-07-04 07:53:05,118.84088,32.166176666666665,2.2,240.6,,
2025-07-04 07:56:05,118.83890666666667,32.165306666666666,2.2,238.6,,
2025-07-04 07:59:05,118.83698666666666,32.164336666666664,2.3,246.1,,
2025-07-04 08:02:05,118.83486666666668,32.1637,2.4,258.3,,
2025-07-04 08:05:05,118.83241333333334,32.16325666666667,2.5,254.5,,
2025-07-04 08:08:05,118.8304,32.16249333333333,2.1,242.6,,
2025-07-04 08:11:05,118.82825,32.16218333333333,2.3,267.3,,
2025-07-04 08:14:05,118.82605333333332,32.16186,2.2,252.6,,
2025-07-04 08:17:20,118.82376,32.16135,2.3,259.8,,
2025-07-04 08:20:20,118.8214,32.16101,2.4,260.4,,
2025-07-04 08:23:20,118.819,32.160583333333335,2.4,250.3,,
2025-07-04 08:26:20,118.81670666666666,32.15964666666667,2.6,236.1,,
2025-07-04 08:29:20,118.81444,32.15844666666667,2.7,244.8,,
2025-07-04 08:32:20,118.81217333333332,32.15727666666667,2.7,229.8,,
2025-07-04 08:35:20,118.81012,32.155883333333335,2.6,239.7,,
2025-07-04 08:38:35,118.80749333333333,32.15501,2.7,258.5,,
2025-07-04 08:41:56,118.80455,32.15428333333333,2.8,243.5,,
2025-07-04 08:45:05,118.80190666666668,32.15309666666667,3.0,237.9,,
2025-07-04 08:48:05,118.79929333333334,32.15176,3.2,236.3,,
2025-07-04 08:51:21,118.79656,32.14991666666667,3.4,226.7,,
2025-07-04 08:54:22,118.79425,32.147666666666666,3.5,222.3,,
2025-07-04 08:57:34,118.79196,32.14536666666667,3.1,220.1,,
2025-07-04 09:00:35,118.78997333333334,32.143766666666664,2.5,223.9,,
2025-07-04 09:03:50,118.78806666666668,32.142383333333335,2.2,228.4,,
2025-07-04 09:06:53,118.78648333333334,32.141165,2.0,225.3,,
2025-07-04 09:10:14,118.78438666666666,32.14051,2.1,248.7,,
2025-07-04 09:13:14,118.78253333333332,32.13967666666667,2.0,228.7,,
2025-07-04 09:16:24,118.78106666666666,32.138416666666664,1.8,223.8,,
2025-07-04 09:19:48,118.77913333333332,32.137676666666664,2.1,259.4,,
2025-07-04 09:23:07,118.77690666666666,32.13718333333333,2.1,244.1,,
2025-07-04 09:26:07,118.77478666666669,32.13708,2.2,280.9,,
2025-07-04 09:29:07,118.7726,32.137123333333335,2.2,259.8,,
2025-07-04 09:32:07,118.7704,32.13711,2.4,269.8,,
2025-07-04 09:35:07,118.76801333333331,32.13714,2.5,281.3,,
2025-07-04 09:38:07,118.76538666666669,32.137863333333335,3.0,289.2,,
2025-07-04 09:41:07,118.76254666666668,32.138216666666665,2.9,262.3,,
2025-07-04 09:44:07,118.75973333333332,32.13724666666667,3.3,243.7,,
2025-07-04 09:47:07,118.75678666666668,32.13577,3.6,235.4,,
2025-07-04 09:50:07,118.75362666666666,32.134103333333336,3.9,238.6,,
2025-07-04 09:53:07,118.75036,32.13218,4.2,229.5,,
2025-07-04 09:56:07,118.74726666666666,32.12962666666667,4.5,222.4,,
2025-07-04 09:59:07,118.74449333333334,32.12671666666667,4.4,217.5,,
2025-07-04 10:02:07,118.74188,32.12392333333333,4.1,220.6,,
2025-07-04 10:05:07,118.73932,32.121203333333334,4.0,217.3,,
2025-07-04 10:08:07,118.73702666666668,32.118543333333335,3.9,215.4,,
2025-07-04 10:11:07,118.73481333333334,32.11600333333333,3.6,217.8,,
2025-07-04 10:14:07,118.73213333333334,32.11416666666667,3.4,242.5,,
2025-07-05 21:36:39,118.73325333333334,32.10768,8.2,36.5,,
2025-07-05 21:38:39,118.73629333333334,32.11141333333333,8.1,32.5,,
2025-07-05 21:40:39,118.73884,32.11535666666666,7.9,28.5,,
2025-07-05 21:42:39,118.74202666666666,32.11868333333334,7.6,47.4,,
2025-07-05 21:44:39,118.74593333333333,32.12119666666667,7.3,56.8,,
2025-07-05 21:46:49,118.75038666666669,32.12358,7.3,59.7,,
2025-07-05 21:48:49,118.75462666666668,32.12544,7.2,65.9,,
2025-07-05 21:50:49,118.75901333333331,32.12690666666666,7.1,69.5,,
2025-07-05 21:52:50,118.76338666666666,32.12836,7.2,67.8,,
2025-07-05 21:55:09,118.76849333333334,32.13014666666667,7.3,68.1,,
2025-07-05 21:57:09,118.77294666666668,32.13165,7.3,67.6,,
2025-07-05 21:59:09,118.77734666666667,32.13326,7.3,65.7,,
2025-07-05 22:01:09,118.78170666666666,32.135056666666664,7.4,62.0,,
2025-07-05 22:03:09,118.78594666666666,32.137143333333334,7.5,56.7,,
2025-07-05 22:05:09,118.7899,32.139633333333336,7.5,51.8,,
2025-07-05 22:07:09,118.79381333333332,32.14228,7.7,51.8,,
2025-07-05 22:09:19,118.79818666666668,32.145203333333335,7.9,53.1,,
2025-07-05 22:11:23,118.80250666666667,32.14791,8.0,53.9,,
2025-07-05 22:13:23,118.80682666666668,32.150506666666665,8.1,55.5,,
2025-07-05 22:15:23,118.81129333333334,32.152966666666664,8.0,60.0,,
2025-07-05 22:17:23,118.81592,32.15505666666667,7.9,63.9,,
2025-07-05 22:19:23,118.82065333333334,32.15688333333333,7.8,68.1,,
2025-07-05 22:21:23,118.82550666666668,32.15844333333333,7.9,71.2,,
2025-07-05 22:23:23,118.83034666666668,32.15995,7.9,69.1,,
2025-07-05 22:25:23,118.83513333333332,32.16167,7.8,64.7,,
2025-07-05 22:27:23,118.83970666666669,32.16367666666667,7.8,61.8,,
2025-07-05 22:29:23,118.84426666666668,32.165776666666666,7.9,61.6,,
2025-07-05 22:31:23,118.84893333333332,32.16785333333333,8.0,61.5,,
2025-07-05 22:33:23,118.85350666666666,32.17009,8.0,59.3,,
2025-07-05 22:35:23,118.85808,32.17237333333333,8.0,60.1,,
2025-07-05 22:37:23,118.86261333333331,32.174533333333336,7.7,61.2,,
2025-07-05 22:39:23,118.86710666666669,32.176516666666664,7.6,64.6,,
2025-07-05 22:41:23,118.87169333333334,32.17805333333333,7.5,71.4,,
2025-07-05 22:43:23,118.87641333333332,32.179186666666666,7.4,77.1,,
2025-07-05 22:45:23,118.88116,32.17993666666667,7.3,82.3,,
2025-07-05 22:47:23,118.88592,32.18036,7.1,85.7,,
2025-07-05 22:49:23,118.89052,32.18044,7.0,91.3,,
2025-07-05 22:51:23,118.89505333333334,32.18024333333334,6.8,95.0,,
2025-07-05 22:53:23,118.89952,32.17986,6.8,96.9,,
2025-07-05 22:55:23,118.90401333333334,32.17939333333333,7.0,97.2,,
2025-07-05 22:57:23,118.90856,32.17882,7.0,98.4,,
2025-07-05 22:59:23,118.91312,32.17822666666667,7.0,99.3,,
2025-07-05 23:01:23,118.91770666666666,32.17758333333333,7.0,98.7,,
2025-07-05 23:03:23,118.92222666666666,32.17703,6.9,97.6,,
2025-07-05 23:05:49,118.92770666666668,32.176453333333335,6.9,98.0,,
2025-07-05 23:07:53,118.93229333333332,32.175866666666664,6.8,99.4,,
2025-07-05 23:09:53,118.93669333333334,32.17516333333333,6.8,101.0,,
2025-07-05 23:11:53,118.94116,32.17445,6.9,100.7,,
2025-07-05 23:13:53,118.94564,32.17378,6.9,101.6,,
2025-07-05 23:15:53,118.95006666666669,32.17296666666667,6.8,101.4,,
2025-07-05 23:18:19,118.95524,32.17187333333333,6.6,103.5,,
2025-07-05 23:20:23,118.95965333333334,32.17123,6.5,97.3,,
2025-07-05 23:22:23,118.96390666666667,32.17092,6.4,92.2,,
2025-07-05 23:24:23,118.96817333333334,32.171,6.6,87.4,,
2025-07-05 23:26:23,118.97250666666666,32.17126,6.7,84.8,,
2025-07-05 23:28:23,118.97698666666666,32.171686666666666,7.0,82.6,,
2025-07-05 23:30:23,118.98158666666669,32.17205,7.0,87.0,,
2025-07-05 23:32:23,118.9862,32.172246666666666,7.0,86.9,,
2025-07-05 23:34:23,118.9908,32.17252333333333,7.1,86.1,,
2025-07-05 23:36:23,118.99528,32.173046666666664,6.7,78.9,,
2025-07-05 23:38:23,118.99950666666666,32.17401666666667,6.6,68.5,,
2025-07-05 23:40:23,119.00365333333332,32.17526,6.8,71.7,,
2025-07-05 23:42:23,119.00789333333331,32.17651333333333,6.8,68.4,,
2025-07-05 23:44:23,119.01184,32.17821,6.6,62.9,,
2025-07-05 23:46:23,119.01577333333331,32.179916666666664,6.8,59.0,,
2025-07-05 23:48:23,119.01964,32.181916666666666,7.0,61.8,,
2025-07-05 23:50:23,119.02357333333332,32.18396666666667,7.1,57.9,,
2025-07-05 23:52:23,119.02754666666668,32.186186666666664,7.4,55.5,,
2025-07-05 23:54:23,119.03134666666666,32.18882,7.5,48.8,,
2025-07-05 23:56:23,119.0352,32.19146666666666,7.5,51.7,,
2025-07-05 23:58:23,119.03904,32.194066666666664,7.5,51.3,,
2025-07-06 00:00:51,119.04361333333334,32.19739666666667,7.3,47.2,,
2025-07-06 00:02:51,119.04716,32.200206666666666,7.3,45.7,,
2025-07-06 00:04:51,119.05066666666669,32.203113333333334,7.4,43.4,,
2025-07-06 00:06:51,119.05384,32.20619666666666,7.2,39.7,,
2025-07-06 00:08:51,119.05664833333331,32.20939,7.0,35.3,,
2025-07-06 00:10:51,119.05937333333334,32.21271,7.1,31.1,,
2025-07-06 00:13:18,119.06176,32.21702333333333,7.1,24.0,,
2025-07-06 00:15:21,119.06384,32.220893333333336,7.6,26.7,,
2025-07-06 00:17:21,119.06629333333332,32.224666666666664,7.6,31.4,,
2025-07-06 00:19:21,119.06906666666669,32.228296666666665,7.7,33.9,,
2025-07-06 00:21:21,119.07210666666668,32.231703333333336,7.6,40.3,,
2025-07-06 00:23:21,119.0754,32.234883333333336,7.5,43.5,,
2025-07-06 00:25:21,119.07908,32.23774,7.5,53.6,,
2025-07-06 01:05:35,119.17885333333334,32.239963333333336,7.7,109.2,,
2025-07-06 01:07:35,119.18356,32.23849333333333,7.7,111.4,,
2025-07-06 01:09:35,119.18825333333334,32.23688666666666,7.7,111.3,,
2025-07-06 01:11:35,119.19292,32.235216666666666,7.7,113.4,,
2025-07-06 01:13:35,119.19754666666668,32.233466666666665,7.7,114.7,,
2025-07-06 01:15:35,119.20212,32.23167333333333,7.6,114.5,,
2025-07-06 01:17:35,119.20665333333334,32.22992333333333,7.5,114.8,,
2025-07-06 01:19:35,119.21102666666668,32.228096666666666,7.3,117.0,,
2025-07-06 01:21:35,119.21532,32.226243333333336,7.3,117.6,,
2025-07-06 01:23:35,119.21953333333332,32.22429,7.3,120.5,,
2025-07-06 01:25:35,119.2236,32.22217666666667,7.2,122.4,,
2025-07-06 01:27:35,119.22746666666669,32.21993333333333,7.0,126.4,,
2025-07-06 01:29:35,119.23116,32.21759333333333,6.9,126.9,,
2025-07-06 01:31:35,119.23477333333334,32.21523333333333,6.9,128.5,,
2025-07-06 01:33:35,119.23822666666666,32.21279,6.8,129.7,,
2025-07-06 01:35:35,119.24162666666666,32.210386666666665,6.7,128.7,,
2025-07-06 01:37:35,119.24508,32.20809333333333,6.7,129.6,,
2025-07-06 01:39:35,119.24846666666669,32.20568333333333,6.7,128.5,,
2025-07-06 01:41:35,119.25197333333334,32.20341333333333,6.7,126.2,,
2025-07-06 01:43:35,119.25557333333332,32.20128,6.7,124.5,,
2025-07-06 01:45:47,119.25962666666666,32.19888,6.9,123.5,,
2025-07-06 01:47:47,119.26345333333332,32.196796666666664,7.0,121.4,,
2025-07-06 01:49:48,119.26748,32.19479,7.2,120.2,,
2025-07-06 01:51:59,119.27201666666669,32.192766666666664,7.0,114.8,,
2025-07-06 01:54:05,119.2766,32.19127666666667,7.1,109.0,,
2025-07-06 01:56:05,119.28102666666666,32.1901,7.1,107.0,,
2025-07-06 01:58:18,119.28593333333332,32.18889,7.0,104.8,,
2025-07-06 02:00:35,119.29105333333334,32.188183333333335,6.8,94.9,,
2025-07-06 02:02:45,119.295875,32.18818,6.6,86.8,,
2025-07-06 02:05:05,119.30110666666668,32.188583333333334,6.8,87.9,,
2025-07-06 02:07:18,119.30622666666666,32.18869333333333,7.1,89.4,,
2025-07-06 02:09:46,119.31204333333334,32.18872666666667,7.1,89.0,,
2025-07-06 02:12:04,119.31749333333332,32.18889,7.1,87.8,,
2025-07-06 02:14:04,119.32215,32.18915,7.2,85.8,,
2025-07-06 02:16:04,119.32690666666667,32.18959,7.1,81.4,,
2025-07-06 02:18:04,119.33146666666669,32.19031666666667,7.1,76.8,,
2025-07-06 02:20:34,119.33705333333332,32.19165,7.0,75.2,,
2025-07-06 02:22:34,119.34150666666666,32.192816666666666,7.0,71.7,,
2025-07-06 02:24:35,119.34577333333333,32.19426333333333,7.1,67.0,,
2025-07-06 02:26:48,119.35061333333331,32.19598,7.2,67.3,,
2025-07-06 02:29:04,119.35549333333331,32.19793333333333,7.1,61.4,,
2025-07-06 02:31:04,119.35949333333332,32.199933333333334,7.1,57.3,,
2025-07-06 02:33:04,119.36321333333332,32.202243333333335,7.0,50.6,,
2025-07-06 02:35:04,119.36670666666669,32.20497,7.3,44.4,,
2025-07-06 02:37:04,119.36994666666666,32.20817666666667,7.8,36.7,,
2025-07-06 02:39:04,119.37313333333331,32.21176666666667,8.2,38.7,,
2025-07-06 02:41:04,119.37642666666666,32.215293333333335,7.8,35.4,,
2025-07-06 02:43:04,119.37953333333331,32.21877,7.9,36.9,,
2025-07-06 02:45:04,119.38274666666666,32.222343333333335,8.1,38.4,,
2025-07-06 02:47:04,119.38617333333332,32.22600666666666,8.4,38.7,,
2025-07-06 02:49:17,119.39006666666668,32.23016666666667,8.6,39.0,,
2025-07-06 02:51:17,119.39374666666669,32.233826666666666,8.5,41.8,,
2025-07-06 02:53:17,119.39733333333334,32.23739333333333,8.3,40.6,,
2025-07-06 03:59:04,119.53796,32.237433333333335,7.5,135.7,,
2025-07-06 04:01:22,119.54178333333331,32.23395,7.1,137.5,,
2025-07-06 04:03:32,119.54503333333334,32.23075,6.8,142.4,,
2025-07-06 04:05:34,119.54742666666668,32.22764333333333,6.2,153.9,,
2025-07-06 04:07:47,119.54893333333334,32.22402666666667,6.1,165.7,,
2025-07-06 04:10:59,119.54975166666668,32.21884,5.5,178.4,,
2025-07-06 04:14:04,119.54981333333332,32.214016666666666,5.8,182.0,,
2025-07-06 04:16:04,119.5496,32.21071333333333,6.1,182.5,,
2025-07-06 04:18:12,119.54945,32.20688166666667,6.5,179.0,,
2025-07-06 04:21:04,119.55025333333332,32.20155666666667,6.8,167.6,,
2025-07-06 04:23:17,119.55184,32.197556666666664,6.8,152.2,,
2025-07-06 04:25:17,119.55441333333331,32.19463666666667,6.5,134.5,,
2025-07-06 04:27:17,119.55776,32.19242,6.5,121.9,,
2025-07-06 04:29:21,119.56188,32.190733333333334,6.8,112.5,,
2025-07-06 04:31:34,119.56676,32.189233333333334,7.4,107.2,,
2025-07-06 04:33:34,119.57153333333332,32.18816,7.6,102.5,,
2025-07-06 04:35:47,119.57694666666669,32.1873,7.6,97.5,,
2025-07-06 04:37:47,119.58184,32.18695666666667,7.3,92.2,,
2025-07-06 04:39:47,119.58665333333332,32.18693666666667,7.2,89.6,,
2025-07-06 04:42:04,119.59209333333334,32.187086666666666,7.2,87.0,,
2025-07-06 04:44:04,119.59682666666669,32.18749,7.2,82.7,,
2025-07-06 04:46:04,119.60150666666668,32.18813,7.2,79.2,,
2025-07-06 04:48:04,119.60612,32.18908,7.2,74.9,,
2025-07-06 04:50:30,119.61168333333332,32.1903,7.3,75.5,,
2025-07-06 04:52:34,119.61654666666666,32.19134666666667,7.3,76.3,,
2025-07-06 04:54:34,119.6212,32.19222333333333,7.2,78.2,,
2025-07-06 04:56:35,119.62590666666668,32.193043333333335,7.4,79.5,,
2025-07-06 04:58:45,119.63124666666668,32.19389666666667,7.6,79.0,,
2025-07-06 05:00:47,119.63633333333334,32.19483666666667,7.8,76.3,,
2025-07-06 05:02:47,119.64130666666668,32.196063333333335,7.9,70.1,,
2025-07-06 05:04:48,119.64617333333334,32.197586666666666,7.8,68.5,,
2025-07-06 05:07:04,119.65154666666666,32.199416666666664,7.6,64.7,,
2025-07-06 05:09:04,119.65584,32.20142,7.1,59.4,,
2025-07-06 05:11:04,119.65974666666666,32.20375,7.1,50.0,,
2025-07-06 05:13:04,119.66293333333331,32.206493333333334,6.7,41.1,,
2025-07-06 05:15:04,119.66570666666668,32.20943,6.7,36.2,,
2025-07-06 05:17:04,119.66808,32.21269,7.2,29.0,,
2025-07-06 05:19:17,119.67070666666666,32.21659,7.2,30.2,,
2025-07-06 05:21:17,119.6732,32.2201,7.2,31.1,,
2025-07-06 05:23:17,119.67552,32.22365333333333,7.2,25.0,,
2025-07-06 05:25:17,119.67733333333334,32.227273333333336,7.0,18.8,,
2025-07-06 05:27:20,119.67877333333334,32.231003333333334,7.1,18.3,,
2025-07-06 05:29:25,119.68028333333334,32.23506666666667,7.3,17.7,,
2025-07-06 05:31:34,119.68194666666666,32.23924,7.3,20.5,,
2025-07-06 07:52:34,119.8713,32.23916666666667,5.9,169.1,,
2025-07-06 07:54:43,119.87218333333334,32.23563333333333,6.0,167.1,,
2025-07-06 07:56:52,119.87321333333334,32.23211,6.1,165.1,,
2025-07-06 07:59:08,119.87441666666666,32.22838333333333,6.0,163.7,,
2025-07-06 08:01:18,119.87563333333334,32.224783333333335,6.2,164.5,,
2025-07-06 08:03:22,119.87668,32.22125666666667,6.3,164.4,,
2025-07-06 08:05:28,119.87681333333332,32.22097,6.3,164.7,,
2025-07-06 08:07:46,119.87788,32.21755666666667,6.4,166.0,,
2025-07-06 08:09:51,119.87974666666666,32.20999666666667,6.4,170.0,,
2025-07-06 08:11:51,119.88050666666666,32.20643666666667,6.5,170.5,,
2025-07-06 08:13:55,119.881,32.20433,6.6,169.9,,
2025-07-06 08:15:59,119.88208333333333,32.1989,6.7,170.9,,
2025-07-06 08:18:03,119.88274666666666,32.195083333333336,6.7,171.7,,
2025-07-06 08:20:09,119.88284,32.19448333333333,6.6,172.0,,
2025-07-06 08:22:22,119.88392,32.18705,6.7,171.5,,
2025-07-06 08:24:49,119.88475,32.1825,6.6,172.0,,
2025-07-06 08:26:51,119.88522666666668,32.17864333333333,6.8,174.1,,
2025-07-06 08:28:52,119.88568,32.17485,6.8,174.4,,
2025-07-06 08:31:02,119.88576,32.17390666666667,6.8,174.5,,
2025-07-06 08:33:18,119.88612,32.17012,6.7,175.7,,
2025-07-06 08:35:49,119.88703333333332,32.16186666666667,6.5,173.0,,
2025-07-06 08:37:51,119.88772,32.15815,6.5,170.7,,
2025-07-06 08:39:51,119.88737333333331,32.159976666666665,6.5,171.4,,
2025-07-06 08:41:52,119.88884,32.15336333333333,6.6,166.7,,
2025-07-06 08:44:10,119.88992,32.1498,6.5,164.4,,
2025-07-06 08:46:21,119.89258666666667,32.14309,6.6,157.8,,
2025-07-06 08:48:22,119.89176666666668,32.14491666666667,6.6,160.5,,
2025-07-06 08:50:29,119.89466666666668,32.13877333333333,6.7,156.7,,
2025-07-06 08:53:45,119.89686666666668,32.13446666666667,6.8,157.5,,
2025-07-06 08:55:52,119.90068,32.12668,6.7,158.2,,
2025-07-06 08:57:52,119.90222666666666,32.12315666666667,6.7,160.4,,
2025-07-06 09:00:34,119.90297333333334,32.12139666666667,6.6,161.1,,
2025-07-06 09:02:45,119.90457333333332,32.11687,6.7,164.3,,
2025-07-06 09:04:54,119.90648333333333,32.110353333333336,6.8,167.0,,
2025-07-06 09:07:05,119.90646666666666,32.11042333333334,6.8,167.1,,
2025-07-06 09:09:51,119.90908,32.10125,6.7,164.8,,
2025-07-06 09:12:15,119.91042833333331,32.09693333333333,6.5,164.5,,
2025-07-06 09:14:21,119.91162666666666,32.093176666666665,6.6,163.1,,
2025-07-06 09:16:34,119.91133333333332,32.09404,6.6,164.9,,
2025-07-06 09:18:52,119.91485333333334,32.08529333333333,6.6,155.8,,
2025-07-06 09:20:52,119.91672,32.08200333333333,6.5,153.7,,
2025-07-06 09:22:52,119.91864,32.07868666666667,6.7,154.0,,
2025-07-06 09:25:21,119.92114666666669,32.074486666666665,6.9,152.6,,
2025-07-06 09:27:22,119.92322666666666,32.070996666666666,7.0,152.9,,
2025-07-06 09:29:22,119.92524,32.067476666666664,7.0,156.2,,
2025-07-06 09:31:37,119.92721666666668,32.0634,7.0,158.0,,
2025-07-06 09:33:51,119.92921333333334,32.05933,7.0,156.8,,
2025-07-06 09:35:52,119.931,32.055753333333335,7.0,157.0,,
2025-07-06 09:37:52,119.93284,32.05216333333333,6.9,154.6,,
2025-07-06 09:39:52,119.93484,32.048703333333336,6.9,153.4,,
2025-07-06 09:41:52,119.93689333333332,32.04531,6.8,152.5,,
2025-07-06 09:44:22,119.93938666666666,32.04099333333333,6.9,154.9,,
2025-07-06 09:46:22,119.94134666666666,32.03751333333334,6.9,154.4,,
2025-07-06 09:48:22,119.94337333333333,32.03404,6.9,152.4,,
2025-07-06 09:50:22,119.94554666666669,32.03065333333333,6.8,150.4,,
2025-07-06 09:52:34,119.94666666666669,32.02901,6.8,149.1,,
2025-07-06 09:54:51,119.95072,32.02346333333333,6.5,145.8,,
2025-07-06 09:56:51,119.95322666666668,32.020536666666665,6.4,143.1,,
2025-07-06 09:58:51,119.95577333333334,32.01774666666667,6.3,140.3,,
2025-07-06 10:00:51,119.95858666666666,32.015116666666664,6.3,136.2,,
2025-07-06 10:02:52,119.96153333333334,32.012573333333336,6.4,133.5,,
2025-07-06 10:04:52,119.96466666666667,32.01015,6.5,132.1,,
2025-07-06 10:06:52,119.96794666666666,32.00772333333333,6.6,131.3,,
2025-07-06 10:08:52,119.97104,32.005183333333335,6.5,136.8,,
2025-07-06 10:10:52,119.97398666666666,32.0025,6.6,136.5,,
2025-07-06 10:12:52,119.97704,31.999886666666665,6.6,134.5,,
2025-07-06 10:14:52,119.98021333333334,31.997243333333333,6.9,134.8,,
2025-07-06 10:16:52,119.98333333333332,31.99438,7.0,139.2,,
2025-07-06 10:19:05,119.98361666666666,31.99408333333333,7.0,139.2,,
2025-07-06 10:21:21,119.98988,31.987656666666663,6.6,136.3,,
2025-07-06 10:23:21,119.993,31.98516,6.5,132.6,,
2025-07-06 10:25:21,119.99622666666669,31.982766666666667,6.6,130.1,,
2025-07-06 10:27:21,119.99956,31.980476666666668,6.6,127.9,,
2025-07-06 10:29:21,120.00305333333333,31.978316666666668,6.4,124.5,,
2025-07-06 10:31:22,120.00664,31.97627333333333,6.6,123.4,,
2025-07-06 10:33:24,120.01039833333331,31.974221666666665,6.6,122.0,,
2025-07-06 10:35:25,120.01413333333332,31.972283333333333,6.9,120.1,,
2025-07-06 10:37:35,120.01402666666668,31.97233,6.9,120.1,,
2025-07-06 10:39:50,120.02298333333331,31.968633333333333,6.8,114.2,,
2025-07-06 10:41:51,120.0272,31.966943333333333,7.1,116.5,,
2025-07-06 10:43:51,120.03132,31.96514,7.2,117.7,,
2025-07-06 10:45:51,120.03549333333332,31.96333,7.1,115.6,,
2025-07-06 10:47:51,120.03974666666667,31.961736666666667,7.2,113.7,,
2025-07-06 10:49:56,120.04429333333331,31.96013333333333,7.1,111.5,,
2025-07-06 10:52:14,120.04934666666666,31.95856,7.1,109.1,,
2025-07-06 10:55:16,120.05608333333332,31.95678333333333,7.1,106.9,,
2025-07-06 10:57:21,120.06073333333332,31.95565,7.0,105.9,,
2025-07-06 10:59:44,120.06608,31.95449333333333,7.0,104.7,,
2025-07-06 11:01:44,120.07044,31.95338333333333,6.9,108.0,,
2025-07-06 11:03:44,120.07473333333331,31.952176666666663,6.9,109.6,,
2025-07-06 11:06:08,120.07980166666668,31.950585,6.8,110.8,,
2025-07-06 11:08:14,120.08422666666668,31.94922333333333,6.7,108.9,,
2025-07-06 11:10:43,120.08933333333331,31.947766666666663,6.8,108.7,,
2025-07-06 11:12:44,120.09352,31.946676666666665,6.5,108.1,,
2025-07-06 11:14:51,120.0978,31.94538333333333,6.6,110.2,,
2025-07-06 11:17:14,120.10257333333334,31.94392333333333,6.4,109.1,,
2025-07-06 11:19:44,120.10748,31.942446666666665,6.3,109.9,,
2025-07-06 11:22:21,120.11253333333332,31.940846666666665,6.3,111.1,,
2025-07-06 11:24:31,120.116675,31.939521666666668,6.3,110.3,,
2025-07-06 11:28:46,120.12496,31.937393333333333,6.3,106.8,,
2025-07-06 11:30:46,120.12890666666668,31.93641,6.2,106.3,,
2025-07-06 11:34:44,120.13676,31.934586666666668,6.2,103.8,,
2025-07-06 11:36:44,120.14076,31.93379,6.3,102.7,,
2025-07-06 11:38:44,120.1448,31.93309333333333,6.3,101.5,,
2025-07-06 11:40:44,120.14886666666666,31.932416666666665,6.3,100.8,,
2025-07-06 11:42:44,120.15292,31.93169333333333,6.3,101.8,,
2025-07-06 11:45:10,120.15785333333334,31.930913333333333,6.3,100.1,,
2025-07-06 11:48:10,120.16394666666666,31.930216666666663,6.2,98.2,,
2025-07-06 11:50:14,120.16812333333333,31.92961333333333,6.1,99.3,,
2025-07-06 11:52:44,120.17326666666666,31.92897333333333,6.4,98.4,,
2025-07-06 11:54:44,120.17728,31.92835333333333,6.1,101.8,,
2025-07-06 11:56:44,120.1812,31.927516666666666,6.1,101.5,,
2025-07-06 11:58:44,120.18522666666668,31.927086666666668,6.2,93.4,,
2025-07-06 12:01:10,120.19006666666668,31.927063333333333,5.9,88.7,,
2025-07-06 12:03:14,120.19417333333334,31.927116666666667,6.0,92.1,,
2025-07-06 12:05:14,120.19816,31.927046666666666,6.1,91.0,,
2025-07-06 12:07:40,120.20304,31.92735,6.2,80.4,,
2025-07-06 12:09:40,120.20704,31.92787333333333,6.3,79.1,,
2025-07-06 12:11:44,120.21130666666669,31.92842,6.5,83.9,,
2025-07-06 12:13:44,120.21554666666668,31.92877333333333,6.5,85.1,,
2025-07-06 12:15:57,120.22027333333334,31.929115,6.5,84.6,,
2025-07-06 12:18:14,120.22514666666666,31.92960666666667,6.6,81.9,,
2025-07-06 12:20:14,120.22944,31.930153333333333,6.7,80.2,,
2025-07-06 12:22:14,120.23376,31.93097,6.6,76.8,,
2025-07-06 12:24:14,120.23802666666668,31.93187,6.7,75.2,,
2025-07-06 12:26:14,120.24225333333334,31.932883333333333,6.7,74.1,,
2025-07-06 12:28:14,120.24649333333332,31.93398333333333,6.8,72.9,,
2025-07-06 12:30:14,120.25078666666668,31.935156666666668,6.9,70.4,,
2025-07-06 12:32:14,120.255,31.936586666666667,6.9,66.8,,
2025-07-06 12:34:14,120.25910666666668,31.938206666666662,6.8,64.2,,
2025-07-06 12:36:14,120.26317333333331,31.939833333333333,6.8,65.3,,
2025-07-06 12:38:14,120.26724,31.941466666666667,6.8,65.6,,
2025-07-06 12:40:14,120.27134666666667,31.94305,6.9,65.7,,
2025-07-06 12:42:14,120.27545333333332,31.944626666666668,6.9,64.8,,
2025-07-06 12:44:14,120.27950666666666,31.94626333333333,6.8,65.9,,
2025-07-06 12:46:40,120.28437333333332,31.94816,6.7,64.4,,
2025-07-06 12:48:40,120.28832,31.949763333333333,6.6,64.3,,
2025-07-06 12:51:10,120.2932,31.95181333333333,6.5,63.7,,
2025-07-06 12:53:10,120.29701333333334,31.95348333333333,6.5,63.0,,
2025-07-06 12:55:10,120.30090666666666,31.955023333333333,6.5,66.6,,
2025-07-06 12:57:11,120.3048,31.956516666666666,6.3,63.3,,
2025-07-06 12:59:14,120.3086,31.958303333333333,6.4,61.7,,
2025-07-06 13:01:14,120.31228,31.96,6.3,60.7,,
2025-07-06 13:03:14,120.31585333333334,31.96180333333333,6.3,57.7,,
2025-07-06 13:05:14,120.31925333333334,31.963806666666667,6.2,54.7,,
2025-07-06 13:07:14,120.32256,31.96585333333333,6.2,53.9,,
2025-07-06 13:09:14,120.32588,31.967846666666667,6.1,54.3,,
2025-07-06 13:11:14,120.32916,31.969866666666668,6.1,53.9,,
2025-07-06 13:13:14,120.33233333333334,31.971976666666663,6.1,51.4,,
2025-07-06 13:15:14,120.33542666666666,31.97413,6.1,51.5,,
2025-07-06 13:17:14,120.33849333333332,31.97628333333333,6.0,49.9,,
2025-07-06 13:20:14,120.34296,31.97952,5.9,49.2,,
2025-07-06 13:23:38,120.3479,31.983183333333333,5.7,50.1,,
2025-07-06 13:26:44,120.35229333333334,31.986336666666663,5.5,53.0,,
2025-07-06 13:29:44,120.35665333333333,31.989073333333334,5.4,54.2,,
2025-07-06 13:32:44,120.36089333333334,31.99172666666667,5.2,53.4,,
2025-07-06 13:35:44,120.36512,31.99421,5.1,55.9,,
2025-07-06 13:38:44,120.36921333333332,31.99666333333333,5.1,54.0,,
2025-07-06 13:41:44,120.37337333333332,31.99901333333333,5.1,57.3,,
2025-07-06 13:44:45,120.37757333333332,32.001396666666665,5.1,55.8,,
2025-07-06 13:47:48,120.38187833333332,32.00386,5.0,58.1,,
2025-07-06 13:50:54,120.38621333333332,32.00631,5.1,55.0,,
2025-07-06 13:53:55,120.39033333333332,32.00873333333333,5.1,56.5,,
2025-07-06 13:57:24,120.39516,32.01142,5.0,57.1,,
2025-07-06 14:00:24,120.39933333333332,32.013663333333334,4.9,59.5,,
2025-07-06 14:03:24,120.40356,32.015726666666666,5.0,60.6,,
2025-07-06 14:06:24,120.40814666666668,32.01756,5.1,67.6,,
2025-07-06 14:09:24,120.41284,32.01933666666667,5.2,64.7,,
2025-07-06 14:12:24,120.41761333333334,32.02104666666666,5.1,68.4,,
2025-07-06 14:15:24,120.42221333333332,32.022506666666665,4.9,70.7,,
2025-07-06 14:18:26,120.42670666666666,32.02374666666667,4.7,72.0,,
2025-07-06 14:21:26,120.43102666666668,32.02505,4.6,69.9,,
2025-07-06 14:24:26,120.43526666666666,32.02645,4.6,68.9,,
2025-07-06 14:27:26,120.43950666666667,32.02789666666666,4.7,69.1,,
2025-07-06 14:30:26,120.44382666666668,32.02923666666667,4.7,71.2,,
2025-07-06 14:33:26,120.44817333333332,32.030516666666664,4.6,69.7,,
2025-07-06 14:36:26,120.45242666666668,32.03183666666666,4.5,73.5,,
2025-07-06 14:39:26,120.45665333333334,32.03275,4.4,79.3,,
2025-07-06 14:42:26,120.46084,32.03328666666667,4.2,82.1,,
2025-07-06 14:45:54,120.4656,32.03381,4.3,87.0,,
2025-07-06 14:48:54,120.47001333333333,32.033986666666664,4.6,89.7,,
2025-07-06 14:51:56,120.47454666666668,32.033813333333335,4.5,95.8,,
2025-07-06 14:54:56,120.47882666666666,32.0333,4.2,99.0,,
2025-07-06 14:57:56,120.48273333333331,32.03268333333333,3.9,100.3,,
2025-07-06 15:00:56,120.48642666666667,32.032223333333334,3.7,98.2,,
2025-07-06 15:03:56,120.48998666666668,32.03161,3.6,103.6,,
2025-07-06 15:07:24,120.49396,32.030696666666664,3.6,107.1,,
2025-07-06 15:10:24,120.49730666666666,32.02981666666667,3.5,107.3,,
2025-07-06 15:13:24,120.5006,32.02893,3.4,107.5,,
2025-07-06 15:16:26,120.50389333333334,32.028,3.4,108.5,,
2025-07-06 15:19:40,120.50738666666666,32.02703666666667,3.4,110.1,,
2025-07-06 15:22:54,120.51078666666666,32.02597333333333,3.3,108.7,,
2025-07-06 15:25:54,120.51396,32.024993333333335,3.3,113.1,,
2025-07-06 15:29:25,120.5176,32.02379666666667,3.4,108.9,,
2025-07-06 15:33:28,120.52185,32.0225,3.3,111.8,,
2025-07-06 15:36:54,120.52542666666666,32.02134,3.4,112.1,,
2025-07-06 15:39:54,120.5286,32.02032333333333,3.5,112.2,,
2025-07-06 15:42:54,120.53177333333332,32.01912333333333,3.6,113.9,,
2025-07-06 15:45:54,120.53502666666668,32.01783666666667,3.6,115.0,,
2025-07-06 15:49:24,120.53885,32.01646,3.5,109.5,,
2025-07-06 15:52:25,120.54214666666668,32.01539,3.5,113.2,,
2025-07-06 15:55:25,120.54525333333332,32.01409666666667,3.4,117.9,,
2025-07-06 15:58:25,120.54825333333334,32.01285333333333,3.4,114.9,,
2025-07-06 16:01:25,120.55136,32.01175666666666,3.4,111.5,,
2025-07-06 16:04:26,120.5544,32.010733333333334,3.3,112.3,,
2025-07-06 16:07:46,120.55777333333332,32.009568333333334,3.2,110.7,,
2025-07-06 16:11:26,120.56150666666667,32.00834,3.3,110.9,,
2025-07-06 16:14:55,120.56505333333334,32.00714,3.4,113.9,,
2025-07-06 16:18:14,120.5684,32.0058,3.4,119.8,,
2025-07-06 16:21:25,120.57157333333332,32.004466666666666,3.4,114.5,,
2025-07-06 16:24:25,120.57461333333332,32.003233333333334,3.4,116.1,,
2025-07-06 16:27:25,120.57762666666666,32.00198,3.4,114.8,,
2025-07-06 16:30:55,120.58137333333332,32.00071,3.5,110.9,,
2025-07-06 16:34:55,120.58584,31.999216666666666,3.7,110.3,,
2025-07-06 16:37:55,120.58937333333331,31.99825,3.8,105.8,,
2025-07-06 16:40:55,120.59296,31.99734,3.8,105.5,,
2025-07-06 16:43:55,120.59658333333331,31.99645,3.8,105.8,,
2025-07-06 16:48:11,120.60190333333334,31.99526,3.9,101.7,,
2025-07-06 16:51:52,120.606675,31.994236666666666,4.0,108.2,,
2025-07-06 16:55:40,120.6117,31.993316666666665,4.0,95.3,,
2025-07-06 16:58:52,120.616085,31.9933,4.0,88.5,,
2025-07-06 17:02:53,120.621585,31.993481666666668,4.0,87.2,,
2025-07-06 17:06:39,120.62670666666666,31.99375,4.1,87.6,,
2025-07-06 17:09:54,120.63118333333334,31.99385,4.0,89.2,,
2025-07-06 17:13:18,120.63586666666669,31.99380333333333,4.3,90.2,,
2025-07-06 17:16:37,120.64050666666668,31.994026666666667,4.3,85.6,,
2025-07-06 17:19:37,120.64478666666666,31.99436,4.4,84.5,,
2025-07-06 17:22:37,120.64904,31.99477,4.3,83.1,,
2025-07-06 17:25:59,120.65381666666669,31.995166666666663,4.2,83.8,,
2025-07-06 17:29:07,120.65832,31.99544,4.4,86.3,,
2025-07-06 17:32:07,120.66268,31.99557,4.3,84.8,,
2025-07-06 17:35:07,120.66686666666666,31.996106666666662,4.4,79.2,,
2025-07-06 17:38:07,120.67117333333331,31.996916666666667,4.5,78.1,,
2025-07-06 17:41:48,120.67662666666666,31.997576666666667,4.6,83.3,,
2025-07-06 17:44:48,120.68112,31.99814,4.6,84.6,,
2025-07-06 17:47:48,120.68570666666666,31.99849,4.7,86.7,,
2025-07-06 17:51:07,120.69090666666666,31.998896666666667,4.8,82.2,,
2025-07-06 17:54:07,120.69554666666669,31.99942666666667,4.7,80.9,,
2025-07-06 17:57:09,120.70011666666667,32.000115,4.6,80.4,,
2025-07-06 18:00:17,120.70482666666666,32.00073,4.4,83.9,,
2025-07-06 18:03:17,120.70934666666666,32.001236666666664,4.6,81.4,,
2025-07-06 18:06:18,120.71394666666669,32.001686666666664,4.8,83.8,,
2025-07-06 18:09:37,120.71912,32.00229,4.8,84.1,,
2025-07-06 18:12:37,120.72394666666666,32.00277333333333,4.9,84.0,,
2025-07-06 18:15:37,120.72872,32.00307333333333,4.9,83.0,,
2025-07-06 18:18:37,120.73354666666668,32.0034,4.9,86.0,,
2025-07-06 18:21:37,120.73845333333334,32.003886666666666,5.1,81.4,,
2025-07-06 18:24:37,120.74337333333334,32.004486666666665,5.0,81.9,,
2025-07-06 18:27:37,120.74824,32.00502,5.0,82.5,,
2025-07-06 18:30:37,120.75314666666668,32.005493333333334,5.1,85.3,,
2025-07-06 18:33:37,120.75814666666666,32.00597666666667,5.1,82.0,,
2025-07-06 18:36:37,120.7632,32.00638333333333,5.1,89.0,,
2025-07-06 18:39:37,120.76825333333332,32.00620333333333,5.1,92.7,,
2025-07-06 18:42:37,120.77333333333333,32.00609333333333,5.1,90.6,,
2025-07-06 18:45:37,120.77841333333332,32.00577,5.2,98.6,,
2025-07-06 18:48:37,120.78346666666668,32.00506333333333,5.2,99.0,,
2025-07-06 18:52:07,120.78928,32.004176666666666,5.1,103.1,,
2025-07-06 18:55:07,120.79416,32.00322666666667,5.1,102.1,,
2025-07-06 18:58:07,120.79901333333332,32.00217,5.0,105.7,,
2025-07-06 19:01:07,120.80373333333333,32.00095666666667,5.0,110.8,,
2025-07-06 19:04:07,120.80826666666668,31.999276666666667,5.0,117.2,,
2025-07-06 19:07:11,120.81277333333334,31.99719,5.1,120.1,,
2025-07-06 19:10:11,120.81704,31.99485,5.2,123.1,,
2025-07-06 19:13:11,120.8212,31.992116666666668,5.4,132.3,,
2025-07-06 19:16:18,120.82529333333332,31.98895333333333,5.3,132.6,,
2025-07-06 19:19:30,120.82929333333334,31.98566,5.3,135.3,,
2025-07-06 19:22:30,120.83290666666667,31.982416666666666,5.3,136.5,,
2025-07-06 19:25:30,120.83629333333332,31.979006666666667,5.2,142.9,,
2025-07-06 19:28:30,120.83934666666669,31.97555333333333,5.1,144.6,,
2025-07-06 19:31:30,120.84209333333334,31.972046666666667,5.0,148.0,,
2025-07-06 19:34:30,120.84466666666668,31.96849333333333,5.0,147.5,,
2025-07-06 19:37:30,120.84756,31.96504,5.1,143.0,,
2025-07-06 19:40:30,120.85064,31.96151,5.3,143.7,,
2025-07-06 19:43:30,120.85385333333332,31.95785,5.5,142.5,,
2025-07-06 19:46:30,120.85697333333331,31.954083333333333,5.5,147.5,,
2025-07-06 19:49:30,120.85962666666668,31.950043333333333,5.5,153.6,,
2025-07-06 19:52:30,120.86152,31.945813333333334,5.3,164.8,,
2025-07-06 19:55:36,120.86302166666668,31.941333333333333,5.1,164.0,,
2025-07-06 19:58:47,120.86436,31.93687333333333,5.1,165.6,,
2025-07-06 20:01:48,120.86564,31.932726666666667,5.0,164.2,,
2025-07-06 20:04:59,120.86706666666667,31.92861,4.6,161.9,,
2025-07-06 20:07:59,120.8686,31.92483333333333,4.7,160.0,,
2025-07-06 20:10:59,120.8702,31.92109,4.8,159.0,,
2025-07-06 20:13:59,120.87161,31.91721666666667,4.8,165.5,,
2025-07-06 20:17:00,120.87282666666668,31.913186666666668,4.9,163.8,,
2025-07-06 20:20:00,120.87417333333332,31.909123333333334,5.1,164.7,,
2025-07-06 20:23:00,120.87552,31.90502333333333,5.1,164.1,,
2025-07-06 20:26:00,120.87668,31.90076333333333,5.3,169.9,,
2025-07-06 20:29:00,120.87749333333332,31.89631,5.4,171.6,,
2025-07-06 20:32:00,120.87834666666669,31.891763333333333,5.5,169.4,,
2025-07-06 20:35:00,120.87938666666666,31.88719333333333,5.6,169.3,,
2025-07-06 20:38:00,120.88037333333334,31.882506666666668,5.6,169.4,,
2025-07-06 20:41:00,120.88146666666668,31.877803333333333,5.7,168.1,,
2025-07-06 20:44:00,120.88273333333332,31.873193333333333,5.6,165.9,,
2025-07-06 20:47:00,120.88417333333334,31.86875,5.4,162.5,,
2025-07-06 20:50:00,120.88565333333334,31.86437,5.4,166.0,,
2025-07-06 20:53:00,120.88689333333332,31.860053333333333,5.2,165.4,,
2025-07-06 20:56:00,120.88824,31.855836666666665,5.2,163.7,,
2025-07-06 20:59:00,120.88965333333331,31.851636666666668,5.2,163.9,,
2025-07-06 21:02:00,120.89118666666668,31.84747,5.2,159.4,,
2025-07-06 21:05:00,120.89312,31.84345,5.1,156.2,,
2025-07-06 21:08:00,120.89517333333332,31.83946,5.2,155.6,,
2025-07-06 21:11:00,120.89732,31.83537,5.4,155.5,,
2025-07-06 21:14:00,120.89958666666666,31.83125,5.4,151.5,,
2025-07-06 21:17:00,120.90230666666666,31.827203333333333,5.8,145.1,,
2025-07-06 21:20:37,120.90608333333331,31.8223,5.6,142.7,,
2025-07-06 21:24:30,120.91026666666669,31.81797333333333,5.1,146.5,,
2025-07-06 21:27:30,120.91286666666667,31.8144,5.0,146.8,,
2025-07-06 21:30:30,120.91562666666668,31.810863333333334,5.2,148.4,,
2025-07-06 21:33:30,120.91834666666666,31.807146666666668,5.3,147.4,,
2025-07-06 21:36:30,120.92126666666668,31.80339333333333,5.4,144.4,,
2025-07-06 21:39:30,120.92430666666668,31.79965333333333,5.5,145.1,,
2025-07-06 21:43:54,120.92918666666668,31.79431333333333,5.5,140.7,,
2025-07-06 21:46:54,120.93282666666668,31.79086333333333,5.5,135.2,,
2025-07-06 21:49:54,120.93674666666666,31.78757333333333,5.6,132.5,,
2025-07-06 21:52:54,120.94088333333332,31.784566666666667,5.5,126.8,,
2025-07-06 21:56:00,120.94568,31.78203333333333,5.6,118.8,,
2025-07-07 04:55:24,121.02781333333331,31.787796666666665,3.1,278.6,,
2025-07-07 04:58:24,121.02532,31.788226666666667,2.2,290.9,,
2025-07-07 05:01:40,121.02313333333332,31.7889,2.0,293.2,,
2025-07-07 05:05:10,121.02165333333332,31.789456666666663,0.6,300.7,,
2025-07-07 05:35:37,121.02153333333334,31.789516666666668,0.0,300.7,,
2025-07-07 06:06:30,121.02151666666668,31.789516666666668,0.0,300.7,,
2025-07-07 06:40:29,121.02152,31.789516666666668,0.0,300.7,,
2025-07-07 07:12:49,121.02153333333334,31.789516666666668,0.0,300.7,,
2025-07-07 07:30:10,121.02159333333331,31.789255,0.6,300.7,,
2025-07-07 08:00:42,121.02143333333332,31.7897,0.0,312.5,,
2025-07-07 08:32:19,121.021415,31.789681666666667,0.0,312.5,,
2025-07-07 09:04:00,121.02141333333331,31.789686666666668,0.0,312.5,,
2025-07-07 09:34:12,121.02142666666668,31.789706666666667,0.0,305.5,,
2025-07-07 10:04:12,121.021925,31.789385,2.0,127.0,,
2025-07-07 10:07:15,121.02229333333334,31.788186666666668,2.9,202.2,,
2025-07-07 10:10:15,121.02377333333334,31.785036666666667,5.4,109.8,,
2025-07-07 10:12:15,121.02766666666666,31.78490333333333,6.4,86.9,,
2025-07-08 17:38:13,120.98908,31.780516666666667,7.4,282.8,,
2025-07-08 17:40:22,120.98394666666668,31.781336666666668,7.5,279.8,,
2025-07-08 17:42:37,120.97844,31.782196666666668,7.4,279.0,,
2025-07-08 17:44:37,120.97362666666666,31.78272,7.4,276.9,,
2025-07-08 17:46:37,120.96884,31.78321,7.3,276.3,,
2025-07-08 17:48:52,120.96364,31.78395666666667,7.2,285.3,,
2025-07-08 17:51:07,120.95857333333332,31.78547333333333,7.2,290.9,,
2025-07-08 17:53:07,120.95433333333334,31.78705666666667,6.9,296.5,,
2025-07-08 17:55:07,120.95034666666666,31.78894,6.9,300.5,,
2025-07-08 17:57:37,120.94546666666666,31.79140333333333,6.8,302.2,,
2025-07-08 17:59:37,120.94178666666669,31.79353,6.7,305.7,,
2025-07-08 18:01:37,120.93842666666669,31.79594,6.7,313.8,,
2025-07-08 18:03:37,120.93545333333331,31.798666666666666,6.7,319.1,,
2025-07-08 18:06:03,120.93218666666668,31.80217333333333,6.6,324.8,,
2025-07-08 18:08:03,120.92985333333333,31.805266666666668,6.6,327.1,,
2025-07-08 18:10:03,120.92746666666666,31.80837,6.6,325.7,,
2025-07-08 18:12:33,120.92444,31.812226666666668,6.6,325.6,,
2025-07-08 18:14:33,120.92198666666668,31.81525333333333,6.5,323.2,,
2025-07-08 18:16:37,120.91929333333331,31.81828,6.4,323.9,,
2025-07-08 18:18:37,120.91672,31.821213333333333,6.6,322.4,,
2025-07-08 18:21:03,120.91365333333331,31.82475,6.4,324.6,,
2025-07-08 18:23:03,120.91148,31.827783333333333,6.3,332.4,,
2025-07-08 18:25:03,120.90958666666668,31.830956666666665,6.4,333.9,,
2025-07-08 18:27:03,120.90768,31.83416,6.4,334.4,,
2025-07-08 18:29:03,120.90596,31.837406666666663,6.3,336.1,,
2025-07-08 18:31:03,120.90430666666668,31.840666666666667,6.2,338.7,,
2025-07-08 18:33:03,120.90301333333332,31.84397,6.2,342.6,,
2025-07-08 18:35:03,120.90182666666666,31.84732,6.2,344.2,,
2025-07-08 18:37:03,120.90074666666666,31.850686666666668,6.2,345.7,,
2025-07-08 18:39:03,120.89984,31.85406,6.2,348.7,,
2025-07-08 18:41:04,120.89933333333332,31.857466666666667,6.0,359.0,,
2025-07-08 18:43:23,120.89927666666668,31.86142333333333,6.0,356.0,,
2025-07-08 18:45:34,120.89850666666666,31.86518333333333,6.3,344.7,,
2025-07-08 18:47:34,120.89752,31.86854333333333,6.2,344.3,,
2025-07-08 18:49:37,120.89653333333334,31.871983333333333,6.1,352.8,,
2025-07-08 18:51:37,120.89634666666667,31.875386666666667,6.1,357.5,,
2025-07-08 18:53:37,120.89582666666666,31.87884333333333,6.4,346.1,,
2025-07-08 18:55:37,120.89473333333332,31.882246666666667,6.3,341.0,,
2025-07-08 18:57:37,120.89362666666666,31.88563,6.2,345.8,,
2025-07-08 18:59:37,120.89265333333331,31.888956666666665,6.2,346.3,,
2025-07-08 19:01:45,120.89153333333331,31.892541666666663,6.0,344.9,,
2025-07-08 19:03:47,120.89017333333334,31.895866666666667,6.2,338.7,,
2025-07-08 19:05:47,120.88864,31.89903333333333,5.9,339.4,,
2025-07-08 19:08:47,120.88682666666666,31.903703333333333,5.8,340.3,,
2025-07-08 19:11:47,120.88470666666667,31.908283333333333,5.8,341.1,,
2025-07-08 19:14:47,120.88257333333334,31.912883333333333,5.8,339.5,,
2025-07-08 19:17:47,120.88044,31.9174,5.6,339.1,,
2025-07-08 19:20:47,120.8788,31.92193333333333,5.7,342.6,,
2025-07-08 19:23:47,120.87668,31.926446666666667,5.7,336.7,,
2025-07-08 19:26:47,120.87461333333331,31.93092,5.6,338.6,,
2025-07-08 19:29:47,120.87234666666669,31.93523666666667,5.5,336.6,,
2025-07-08 19:32:47,120.87025333333334,31.939566666666668,5.7,337.4,,
2025-07-08 19:35:47,120.86822666666669,31.94406,5.8,340.8,,
2025-07-08 19:38:47,120.86625333333332,31.94858333333333,5.7,336.5,,
2025-07-08 19:41:47,120.86396,31.952976666666668,5.6,336.7,,
2025-07-08 19:44:47,120.86185333333331,31.95713,5.4,335.9,,
2025-07-08 19:47:47,120.85996,31.96146,5.5,340.0,,
2025-07-08 19:50:47,120.85768,31.96559,5.3,331.5,,
2025-07-08 19:53:47,120.85478666666668,31.969376666666665,5.3,324.9,,
2025-07-08 19:56:47,120.85181333333334,31.97297,5.2,322.8,,
2025-07-08 19:59:47,120.8486,31.97637333333333,5.2,321.7,,
2025-07-08 20:02:48,120.84535,31.979783333333334,5.2,323.7,,
2025-07-08 20:06:02,120.84206666666668,31.98356666666667,5.1,320.9,,
2025-07-08 20:09:02,120.8386,31.986666666666668,5.1,310.9,,
2025-07-08 20:12:02,120.83485333333331,31.98963,5.2,313.6,,
2025-07-08 20:15:02,120.83101333333332,31.99253,5.2,310.3,,
2025-07-08 20:18:02,120.82718666666666,31.99541,5.1,311.2,,
2025-07-08 20:21:02,120.82337333333334,31.998193333333333,5.0,309.7,,
2025-07-08 20:24:02,120.81970666666666,32.00105333333333,5.0,314.0,,
2025-07-08 20:27:02,120.8159,32.003816666666665,5.0,310.0,,
2025-07-08 20:30:02,120.812,32.006503333333335,5.0,307.3,,
2025-07-08 20:33:02,120.80802666666666,32.00895333333333,4.9,302.0,,
2025-07-08 20:36:02,120.80352,32.01046,5.1,281.0,,
2025-07-08 20:39:02,120.79828,32.01104,5.4,279.0,,
2025-07-08 20:42:02,120.79324,32.01195,5.0,282.4,,
2025-07-08 20:45:16,120.78813333333332,32.01279666666667,4.8,280.7,,
2025-07-08 20:48:16,120.78353333333334,32.01365666666667,4.8,281.2,,
2025-07-08 20:51:16,120.77888,32.014343333333336,4.7,279.7,,
2025-07-08 20:54:16,120.77413333333334,32.01497666666667,4.7,281.3,,
2025-07-08 20:57:16,120.76945333333332,32.01573333333333,4.8,278.4,,
2025-07-08 21:00:32,120.76436,32.01600666666667,4.8,268.2,,
2025-07-08 21:03:32,120.75961333333332,32.01573333333333,4.8,265.2,,
2025-07-08 21:06:32,120.75481333333332,32.01549,4.9,268.0,,
2025-07-08 21:09:32,120.74994666666667,32.015393333333336,4.9,267.6,,
2025-07-08 21:12:32,120.74502666666666,32.015146666666666,5.0,265.2,,
2025-07-08 21:15:32,120.74014666666666,32.01472,4.9,262.0,,
2025-07-08 21:18:32,120.73548,32.01416,4.7,264.5,,
2025-07-08 21:21:32,120.73088,32.01395,4.5,266.5,,
2025-07-08 21:24:32,120.72637333333331,32.0138,4.5,267.0,,
2025-07-08 21:27:46,120.72154666666668,32.01358333333334,4.4,265.4,,
2025-07-08 21:31:02,120.71670666666668,32.01307,4.7,260.4,,
2025-07-08 21:34:02,120.71193333333332,32.01235666666667,5.2,257.2,,
2025-07-08 21:37:16,120.70672,32.01139,4.9,259.7,,
2025-07-08 21:40:16,120.70201333333333,32.01064,4.7,257.5,,
2025-07-08 21:43:29,120.69706,32.009773333333335,4.9,257.0,,
2025-07-08 21:46:32,120.69218666666669,32.00837,5.0,253.8,,
2025-07-08 21:49:32,120.68745333333334,32.00716,5.0,255.0,,
2025-07-08 21:52:33,120.68281333333331,32.00611,4.6,255.0,,
2025-07-08 21:55:33,120.67858666666666,32.00498666666667,4.4,253.6,,
2025-07-08 21:58:33,120.67452,32.00398,4.2,256.6,,
2025-07-08 22:01:33,120.67048,32.00316,4.1,256.5,,
2025-07-08 22:04:33,120.6664,32.00256666666667,4.2,263.8,,
2025-07-08 22:07:33,120.66224,32.00217333333333,4.3,262.4,,
2025-07-08 22:10:44,120.65785,32.001733333333334,4.0,264.2,,
2025-07-08 22:14:03,120.65353333333331,32.00167,3.7,271.0,,
2025-07-08 22:18:03,120.64865333333331,32.001236666666664,3.7,263.6,,
2025-07-08 22:21:27,120.64453333333331,32.00084666666667,3.7,263.8,,
2025-07-08 22:24:27,120.64094666666666,32.000793333333334,3.5,274.2,,
2025-07-08 22:27:27,120.63749333333334,32.00094,3.5,270.5,,
2025-07-08 22:30:27,120.63405333333333,32.00102,3.4,271.0,,
2025-07-08 22:33:32,120.63056,32.001113333333336,3.4,272.4,,
2025-07-08 22:37:02,120.62650666666669,32.001603333333335,3.5,283.8,,
2025-07-08 22:40:27,120.62264,32.002266666666664,3.5,280.4,,
2025-07-08 22:43:27,120.61912,32.002916666666664,3.6,282.7,,
2025-07-08 22:46:41,120.61536666666667,32.00378333333333,3.5,292.4,,
2025-07-08 22:49:57,120.61209333333332,32.005543333333335,3.6,308.6,,
2025-07-08 22:52:59,120.60922666666669,32.00756333333333,3.7,308.1,,
2025-07-08 22:56:00,120.60626666666668,32.00946,3.7,305.2,,
2025-07-08 22:59:13,120.60301666666666,32.01145,3.6,306.2,,
2025-07-08 23:02:27,120.59985333333331,32.013423333333336,3.6,306.8,,
2025-07-08 23:05:59,120.59633333333332,32.01560333333333,3.8,305.2,,
2025-07-08 23:09:27,120.59317333333334,32.01791,3.6,310.8,,
2025-07-08 23:12:29,120.59073333333332,32.020253333333336,3.7,324.9,,
2025-07-08 23:15:29,120.58846666666666,32.02272,3.8,320.0,,
2025-07-08 23:18:30,120.58608,32.0252,3.8,320.0,,
2025-07-08 23:21:55,120.58316,32.02787333333333,3.8,315.6,,
2025-07-08 23:26:44,120.57865,32.0316,3.9,318.8,,
2025-07-08 23:30:25,120.57524,32.03438333333333,3.9,309.7,,
2025-07-08 23:33:25,120.57250666666668,32.03641,3.4,313.5,,
2025-07-08 23:36:28,120.56995,32.03843166666667,3.4,312.3,,
2025-07-08 23:39:29,120.56792,32.04067,3.3,323.4,,
2025-07-08 23:42:30,120.5658,32.042903333333335,3.4,321.6,,
2025-07-08 23:45:59,120.56325333333334,32.04544333333333,3.3,314.0,,
2025-07-08 23:48:59,120.56084,32.04734666666667,3.4,310.0,,
2025-07-08 23:51:59,120.5582,32.04900666666666,3.3,305.9,,
2025-07-08 23:55:23,120.55516,32.05063333333333,3.2,301.0,,
2025-07-08 23:58:43,120.55213333333332,32.0523,3.3,304.0,,
2025-07-09 00:01:54,120.5492,32.05384333333333,3.1,301.9,,
2025-07-09 00:05:20,120.5462,32.055483333333335,3.1,303.9,,
2025-07-09 00:08:24,120.54346666666666,32.05698,3.2,306.2,,
2025-07-09 00:11:24,120.5408,32.05851666666667,3.2,297.2,,
2025-07-09 00:15:00,120.53758666666668,32.06026333333333,3.0,305.5,,
2025-07-09 00:18:31,120.5349,32.0621,2.8,307.5,,
2025-07-09 00:21:55,120.53216,32.063766666666666,3.0,308.9,,
2025-07-09 00:25:00,120.52956,32.06554333333333,3.5,305.2,,
2025-07-09 00:28:24,120.52646666666666,32.067526666666666,3.5,307.2,,
2025-07-09 00:31:24,120.52344,32.06913,3.7,299.1,,
2025-07-09 00:34:24,120.52008,32.07040333333333,3.8,296.0,,
2025-07-09 00:37:30,120.51641333333332,32.071623333333335,3.9,281.3,,
2025-07-09 00:41:00,120.51210666666668,32.072383333333335,3.7,281.6,,
2025-07-09 00:44:23,120.50789333333331,32.07317333333334,3.8,279.1,,
2025-07-09 00:47:23,120.50429333333334,32.07355333333334,3.6,274.9,,
2025-07-09 00:50:53,120.50032,32.07369333333333,3.4,270.9,,
2025-07-09 00:54:23,120.49644,32.07380666666667,3.3,264.0,,
2025-07-09 00:58:20,120.49236,32.073206666666664,3.0,262.3,,
2025-07-09 01:01:20,120.48962666666668,32.07286,3.2,260.4,,
2025-07-09 01:05:21,120.48497333333331,32.07229666666667,3.7,263.8,,
2025-07-09 01:08:53,120.48054666666668,32.071776666666665,3.9,265.4,,
2025-07-09 01:12:23,120.47634666666669,32.07159,3.0,259.0,,
2025-07-09 01:15:50,120.47298666666669,32.0708,3.3,257.1,,
2025-07-09 01:18:50,120.46992,32.070123333333335,3.2,252.3,,
2025-07-09 01:22:20,120.46621333333331,32.069516666666665,3.1,261.4,,
2025-07-09 01:25:20,120.46357333333331,32.06880666666667,3.1,252.7,,
2025-07-09 01:28:24,120.46052,32.06791,3.2,247.1,,
2025-07-09 01:31:27,120.457555,32.06688833333333,3.0,249.7,,
2025-07-09 01:34:45,120.45441666666666,32.06565,3.2,246.3,,
2025-07-09 01:37:50,120.45153333333332,32.06445333333333,3.1,243.7,,
2025-07-09 01:40:53,120.44869333333334,32.06327666666667,3.1,241.0,,
2025-07-09 01:44:18,120.44555,32.06166666666667,3.3,236.9,,
2025-07-09 01:47:20,120.44297333333331,32.06002333333333,3.1,231.7,,
2025-07-09 01:50:20,120.44054666666666,32.05842666666667,3.1,232.0,,
2025-07-09 01:53:50,120.4378,32.05651,3.0,230.8,,
2025-07-09 01:56:53,120.43526666666666,32.05489333333333,3.2,231.9,,
2025-07-09 01:59:53,120.43277333333332,32.05322666666667,3.2,231.0,,
2025-07-09 02:03:20,120.42997333333334,32.051296666666666,3.2,230.8,,
2025-07-09 02:06:20,120.42749333333332,32.049573333333335,3.4,229.7,,
2025-07-09 02:09:20,120.42504,32.047763333333336,3.4,228.3,,
2025-07-09 02:12:20,120.42258666666666,32.04594,3.3,223.2,,
2025-07-09 02:15:23,120.4202,32.04399,3.4,226.1,,
2025-07-09 02:18:23,120.41776,32.04179666666667,3.6,224.4,,
2025-07-09 02:21:23,120.41516,32.03955333333333,3.7,222.7,,
2025-07-09 02:24:23,120.41257333333331,32.03735,3.7,225.6,,
2025-07-09 02:27:23,120.40988,32.03523,3.7,227.3,,
2025-07-09 02:30:36,120.40677833333334,32.033033333333336,3.7,229.0,,
2025-07-09 02:33:53,120.40377333333332,32.03051,4.0,223.5,,
2025-07-09 02:36:53,120.40094666666668,32.02815666666667,4.0,226.7,,
2025-07-09 02:39:53,120.39797333333334,32.02592333333333,3.9,228.8,,
2025-07-09 02:42:53,120.39506666666666,32.02374666666667,3.9,230.4,,
2025-07-09 02:45:53,120.39210666666666,32.021676666666664,3.9,230.5,,
2025-07-09 02:48:53,120.38908,32.01962666666667,3.9,230.5,,
2025-07-09 02:51:53,120.38602666666668,32.01768333333333,3.8,231.7,,
2025-07-09 02:54:54,120.38313333333332,32.015683333333335,3.7,226.1,,
2025-07-09 02:58:23,120.38009333333332,32.013223333333336,3.6,227.9,,
2025-07-09 03:01:23,120.37734666666668,32.011203333333334,3.7,228.7,,
2025-07-09 03:04:23,120.37468,32.009116666666664,3.7,228.9,,
2025-07-09 03:07:23,120.37188,32.00709,3.7,230.0,,
2025-07-09 03:10:23,120.36912,32.00504,3.8,227.8,,
2025-07-09 03:13:29,120.36636666666666,32.002766666666666,3.7,224.6,,
2025-07-09 03:16:43,120.3634,32.00048,3.8,235.0,,
2025-07-09 03:19:43,120.36034666666669,31.998606666666667,3.8,232.7,,
2025-07-09 03:23:00,120.35703333333332,31.99643333333333,3.8,231.7,,
2025-07-09 03:26:13,120.35381333333332,31.994276666666668,3.8,229.7,,
2025-07-09 03:29:13,120.35096,31.99207333333333,3.8,231.8,,
2025-07-09 03:32:13,120.34797333333331,31.98997333333333,4.0,229.8,,
2025-07-09 03:35:13,120.34496,31.98787,3.8,229.8,,
2025-07-09 03:38:13,120.34196,31.98565,4.0,228.2,,
2025-07-09 03:41:13,120.33897333333331,31.983336666666663,4.0,225.5,,
2025-07-09 03:44:13,120.33609333333334,31.981036666666668,4.0,227.6,,
2025-07-09 03:47:23,120.33288,31.978876666666668,4.1,235.6,,
2025-07-09 03:50:43,120.32952,31.976616666666665,3.7,232.3,,
2025-07-09 03:53:43,120.32606666666666,31.97543,4.0,259.9,,
2025-07-09 03:56:43,120.32206666666669,31.974996666666662,4.1,264.6,,
2025-07-09 03:59:43,120.31801333333334,31.974636666666665,3.9,267.4,,
2025-07-09 04:02:52,120.31406666666666,31.973973333333333,3.8,258.3,,
2025-07-09 04:06:12,120.31017333333334,31.972716666666667,3.7,243.4,,
2025-07-09 04:09:12,120.30681333333334,31.971376666666668,3.8,245.1,,
2025-07-09 04:12:12,120.30337333333334,31.96972,4.2,237.3,,
2025-07-09 04:15:12,120.29976,31.96752333333333,4.7,232.9,,
2025-07-09 04:18:12,120.29604,31.964973333333333,4.8,230.4,,
2025-07-09 04:21:12,120.2926,31.96269333333333,4.4,234.4,,
2025-07-09 04:24:12,120.28909333333333,31.960663333333333,4.3,237.4,,
2025-07-09 04:27:12,120.28542666666668,31.958516666666668,4.6,235.3,,
2025-07-09 04:30:12,120.28172,31.956276666666668,4.8,237.3,,
2025-07-09 04:33:22,120.27738666666669,31.954183333333333,5.0,238.7,,
2025-07-09 04:36:23,120.27308,31.951966666666667,5.2,242.3,,
2025-07-09 04:39:16,120.26839,31.94986833333333,6.0,241.0,,
2025-07-09 04:42:20,120.26293333333334,31.94768333333333,5.9,248.3,,
2025-07-09 04:45:23,120.25748,31.94608,5.6,254.8,,
2025-07-09 04:48:56,120.25166666666668,31.9448,4.6,259.0,,
2025-07-09 04:52:23,120.24652,31.944043333333333,4.9,257.7,,
2025-07-09 04:55:23,120.24173333333331,31.94311666666667,4.8,260.0,,
2025-07-09 04:58:23,120.23696,31.942443333333333,5.1,258.8,,
2025-07-09 05:01:30,120.23206666666668,31.942026666666667,4.7,262.4,,
2025-07-09 05:04:30,120.22745333333332,31.941916666666668,4.8,272.3,,
2025-07-09 05:07:30,120.22265333333333,31.942,4.9,268.4,,
2025-07-09 05:10:30,120.2178,31.942196666666668,4.9,273.0,,
2025-07-09 05:13:30,120.213,31.94245,4.8,275.2,,
2025-07-09 05:16:50,120.20771666666668,31.943016666666665,4.9,277.4,,
2025-07-09 05:19:59,120.20248,31.943416666666668,5.1,275.5,,
2025-07-09 05:22:59,120.19737333333332,31.943753333333333,5.2,274.1,,
2025-07-09 05:26:53,120.1906,31.944306666666662,5.2,276.7,,
2025-07-09 05:29:53,120.18521333333334,31.94475333333333,5.5,274.9,,
2025-07-09 05:32:53,120.1798,31.94517,5.5,277.5,,
2025-07-09 05:35:58,120.1742,31.9457,5.4,276.2,,
2025-07-09 05:38:59,120.16894666666668,31.94631333333333,5.4,277.0,,
2025-07-09 05:41:59,120.16350666666666,31.94703,5.7,278.8,,
2025-07-09 05:44:29,120.15878666666669,31.94757,6.0,275.0,,
2025-07-09 05:47:29,120.15296,31.94801,5.8,275.7,,
2025-07-09 05:50:41,120.14691666666668,31.948733333333333,5.8,280.0,,
2025-07-09 05:53:53,120.14118666666668,31.94956,5.3,277.7,,
2025-07-09 05:56:59,120.136,31.950316666666662,5.3,278.7,,
2025-07-09 05:59:59,120.13097333333332,31.951553333333333,5.4,289.1,,
2025-07-09 06:02:59,120.12572,31.95288333333333,5.5,287.9,,
2025-07-09 06:05:59,120.12036,31.95436,5.8,286.5,,
2025-07-09 06:08:59,120.11497333333334,31.956076666666668,6.0,289.3,,
2025-07-09 06:11:23,120.11037333333331,31.957346666666663,6.3,285.6,,
2025-07-09 06:13:23,120.10637333333334,31.95828,6.4,284.3,,
2025-07-09 06:15:23,120.10225333333334,31.95906,6.5,282.6,,
2025-07-09 06:17:23,120.09801333333333,31.959826666666668,6.5,281.8,,
2025-07-09 06:19:53,120.09286666666668,31.960416666666667,6.2,281.4,,
2025-07-09 06:21:54,120.08884166666668,31.961123333333333,6.1,280.9,,
2025-07-09 06:24:11,120.08425333333334,31.961983333333333,6.3,283.6,,
2025-07-09 06:26:11,120.08016,31.962796666666662,6.5,282.5,,
2025-07-09 06:28:11,120.07598666666668,31.96363333333333,6.5,283.5,,
2025-07-09 06:30:11,120.07181333333334,31.9644,6.6,279.3,,
2025-07-09 06:32:11,120.06750666666667,31.96502333333333,6.6,278.7,,
2025-07-09 06:34:11,120.06314666666668,31.96546333333333,6.7,278.9,,
2025-07-09 06:36:14,120.05873333333334,31.96623333333333,6.7,282.3,,
2025-07-09 06:38:23,120.05421333333334,31.96717,6.5,285.1,,
2025-07-09 06:40:23,120.05014666666666,31.968163333333333,6.5,286.0,,
2025-07-09 06:42:23,120.04610666666666,31.96922333333333,6.4,288.1,,
2025-07-09 06:44:23,120.04212,31.97044333333333,6.5,291.5,,
2025-07-09 06:46:23,120.03821333333332,31.97179,6.4,292.0,,
2025-07-09 06:48:23,120.03430666666668,31.97317,6.4,292.7,,
2025-07-09 06:50:23,120.03049333333334,31.97456333333333,6.3,294.2,,
2025-07-09 06:52:23,120.02677333333334,31.976116666666663,6.3,298.3,,
2025-07-09 06:54:23,120.02321333333332,31.97786,6.3,302.2,,
2025-07-09 06:56:23,120.01984,31.97986333333333,6.2,307.9,,
2025-07-09 06:58:23,120.01656,31.981946666666666,6.3,307.6,,
2025-07-09 07:00:23,120.01318666666668,31.984046666666668,6.4,302.6,,
2025-07-09 07:02:23,120.00969333333332,31.986056666666663,6.4,302.8,,
2025-07-09 07:04:23,120.00610666666668,31.987963333333333,6.5,301.1,,
2025-07-09 07:06:23,120.00252,31.98976333333333,6.2,299.6,,
2025-07-09 07:08:30,119.99883333333334,31.991533333333333,6.0,299.8,,
2025-07-09 07:10:40,119.99513333333331,31.99345,6.0,301.3,,
2025-07-09 07:13:41,119.99036,31.99610333333333,5.6,305.7,,
2025-07-09 07:16:41,119.98628,31.99921,5.5,314.9,,
2025-07-09 07:19:41,119.98248,32.002343333333336,5.1,315.3,,
2025-07-09 07:22:41,119.97866666666668,32.0053,5.1,304.9,,
2025-07-09 07:25:41,119.97492,32.007796666666664,4.9,307.1,,
2025-07-09 07:28:41,119.97108,32.01086333333333,5.8,315.8,,
2025-07-09 07:30:41,119.96849333333331,32.013403333333336,6.1,322.1,,
2025-07-09 07:32:41,119.96589333333333,32.01611666666667,6.3,318.3,,
2025-07-09 07:34:41,119.96324,32.01868,5.7,321.7,,
2025-07-09 07:37:41,119.95990666666668,32.02245,5.8,322.9,,
2025-07-09 07:40:41,119.95644,32.02632666666667,5.6,327.0,,
2025-07-09 07:43:42,119.95351666666669,32.03045,5.8,327.0,,
2025-07-09 07:46:52,119.9502,32.03467666666667,5.6,330.0,,
2025-07-09 07:49:52,119.94761333333334,32.03885,5.7,331.5,,
2025-07-09 07:52:53,119.94469333333332,32.04298333333333,5.7,327.4,,
2025-07-09 07:56:11,119.94149333333333,32.04741666666666,5.5,329.8,,
2025-07-09 07:59:11,119.93928,32.051543333333335,5.3,342.0,,
2025-07-09 08:02:12,119.93782666666668,32.05589666666667,5.5,343.5,,
2025-07-09 08:05:12,119.93593,32.06026833333333,5.5,340.1,,
2025-07-09 08:08:32,119.93401,32.065173333333334,5.5,336.5,,
2025-07-09 08:11:53,119.93208,32.070006666666664,5.2,343.4,,
2025-07-09 08:15:15,119.93128,32.07185333333334,5.4,337.9,,
2025-07-09 08:18:29,119.92882666666668,32.077553333333334,5.5,339.9,,
2025-07-09 08:21:48,119.92670666666666,32.08293,5.5,344.5,,
2025-07-09 08:25:10,119.92525,32.0876,5.4,348.2,,
2025-07-09 08:28:12,119.92445333333332,32.09032333333333,5.6,346.8,,
2025-07-09 08:31:13,119.923,32.09609666666667,5.5,350.8,,
2025-07-09 08:34:16,119.92208,32.103073333333334,5.1,5.1,,
2025-07-09 08:37:23,119.92221666666669,32.10423333333333,5.2,5.6,,
2025-07-09 08:40:32,119.92128333333334,32.110348333333334,5.3,342.9,,
2025-07-09 08:43:35,119.92014666666668,32.11311666666667,5.7,337.9,,
2025-07-09 08:47:17,119.91801333333332,32.11721333333333,5.7,335.0,,
2025-07-09 08:50:30,119.91395,32.12665,5.7,339.5,,
2025-07-09 08:53:34,119.91305,32.12886666666667,5.6,341.1,,
2025-07-09 08:56:41,119.91087666666668,32.135745,5.3,353.5,,
2025-07-09 08:59:51,119.91075,32.1375,5.4,357.6,,
2025-07-09 09:03:01,119.90943333333334,32.14523166666667,5.3,347.4,,
2025-07-09 09:06:18,119.90894666666668,32.14830666666667,5.1,354.5,,
2025-07-09 09:09:31,119.90896,32.15119333333333,5.2,1.1,,
2025-07-09 09:12:31,119.90874666666669,32.15572,5.5,355.7,,
2025-07-09 09:15:39,119.90681333333332,32.16375333333333,5.1,347.3,,
2025-07-09 09:18:39,119.90658666666668,32.16462,5.1,350.8,,
2025-07-09 09:21:39,119.9056,32.172383333333336,5.2,349.7,,
2025-07-09 09:24:39,119.90501333333332,32.17679666666667,5.4,353.3,,
2025-07-09 09:27:39,119.90424,32.18125666666667,5.2,351.1,,
2025-07-09 09:30:52,119.90356666666666,32.18586666666667,5.1,355.2,,
2025-07-09 09:33:58,119.9035,32.188,5.0,1.5,,
2025-07-09 09:37:07,119.90206166666668,32.194631666666666,5.0,345.5,,
2025-07-09 09:40:09,119.90013333333332,32.19864333333334,5.1,333.7,,
2025-07-09 09:43:24,119.89803333333332,32.2028,4.9,341.8,,
2025-07-09 09:46:45,119.89612,32.20718,4.8,339.6,,
2025-07-09 09:49:45,119.89542666666668,32.209073333333336,4.6,346.8,,
2025-07-09 09:52:53,119.89456666666666,32.215066666666665,4.8,358.4,,
2025-07-09 09:56:15,119.89368,32.21959,4.7,350.0,,
2025-07-09 09:59:20,119.89303333333334,32.222,4.9,345.9,,
2025-07-09 10:02:27,119.89154666666668,32.22600333333333,4.8,344.0,,
2025-07-09 10:05:33,119.89068,32.22862666666666,4.9,341.5,,
2025-07-09 10:08:39,119.88822666666668,32.23590333333333,4.9,345.9,,
2025-07-09 13:51:01,119.67576,32.23738,4.5,195.8,,
2025-07-09 13:54:09,119.6746,32.233536666666666,4.3,194.0,,
2025-07-09 13:57:09,119.67345,32.230066666666666,4.3,197.0,,
2025-07-09 14:00:09,119.67209333333334,32.22665,4.1,204.8,,
2025-07-09 14:03:15,119.66998666666667,32.22361,4.0,215.5,,
2025-07-09 14:06:30,119.66745333333331,32.22057,4.1,212.3,,
2025-07-09 14:09:30,119.6652,32.217843333333334,3.9,222.3,,
2025-07-09 14:12:31,119.66249333333332,32.21538666666667,4.1,223.5,,
2025-07-09 14:16:15,119.65921333333333,32.21223,3.9,222.7,,
2025-07-09 14:19:15,119.65645333333332,32.209916666666665,3.8,228.4,,
2025-07-09 14:22:15,119.65344,32.207816666666666,4.0,230.5,,
2025-07-09 14:25:31,119.65016,32.20555,4.0,235.6,,
2025-07-09 14:30:15,119.64446666666667,32.20298666666667,4.0,244.9,,
2025-07-09 14:34:00,119.63976,32.20109333333333,4.3,250.1,,
2025-07-09 14:37:00,119.63556,32.199846666666666,4.5,250.5,,
2025-07-09 14:40:00,119.63149333333334,32.19849333333333,4.2,246.3,,
2025-07-09 14:43:00,119.62765333333331,32.19701666666667,4.2,241.3,,
2025-07-09 14:46:00,119.62398666666668,32.19544333333333,4.3,247.4,,
2025-07-09 14:49:00,119.61957333333334,32.194003333333335,4.9,256.5,,
2025-07-09 14:52:15,119.61484,32.19309,4.3,256.0,,
2025-07-09 14:55:15,119.61081333333334,32.192553333333336,3.8,259.7,,
2025-07-09 14:58:15,119.60696,32.19235,3.9,274.7,,
2025-07-09 15:02:00,119.60224,32.19238333333333,4.0,263.0,,
2025-07-09 15:05:00,119.59826666666666,32.19210666666667,4.1,269.0,,
2025-07-09 15:08:00,119.59428,32.19201666666667,4.1,265.3,,
2025-07-09 15:11:00,119.59013333333333,32.191653333333335,4.2,263.9,,
2025-07-09 15:14:04,119.5858,32.191316666666665,4.3,265.8,,
2025-07-09 15:17:15,119.58129333333332,32.19089,4.4,259.4,,
2025-07-09 15:20:15,119.57742666666668,32.190933333333334,3.7,283.2,,
2025-07-09 15:23:15,119.57364,32.19161666666667,3.9,284.1,,
2025-07-09 15:26:15,119.56998666666668,32.192433333333334,3.7,283.0,,
2025-07-09 15:29:15,119.56669333333332,32.193533333333335,3.5,299.3,,
2025-07-09 15:32:15,119.56345333333331,32.194903333333336,3.8,297.8,,
2025-07-09 15:35:21,119.55984,32.19649,4.2,300.8,,
2025-07-09 15:38:21,119.55649333333334,32.19876333333333,4.2,313.0,,
2025-07-09 15:41:21,119.55406666666669,32.20141,3.9,332.2,,
2025-07-09 15:44:21,119.55285333333332,32.20448666666667,3.6,352.1,,
2025-07-09 15:47:21,119.55253333333332,32.20729,3.1,349.2,,
2025-07-09 15:50:21,119.55217333333331,32.209923333333336,3.2,358.0,,
2025-07-09 15:53:21,119.55201333333332,32.21259666666667,3.2,356.5,,
2025-07-09 15:56:21,119.55189333333334,32.215226666666666,3.1,0.2,,
2025-07-09 15:59:21,119.552,32.218043333333334,3.3,359.4,,
2025-07-09 16:02:23,119.55144,32.22070333333333,3.1,353.5,,
2025-07-09 16:06:44,119.55062666666667,32.22541,4.2,349.3,,
2025-07-09 16:09:44,119.55058666666666,32.229016666666666,4.5,10.2,,
2025-07-09 16:12:51,119.55082666666668,32.23284,4.1,345.0,,
2025-07-09 16:15:51,119.54913333333332,32.23611666666667,4.3,322.4,,
2025-07-09 16:18:51,119.54568,32.23835,4.7,300.2,,
2025-07-09 18:29:38,119.39232,32.23749,4.4,215.4,,
2025-07-09 18:32:38,119.38972,32.23446333333333,4.5,213.8,,
2025-07-09 18:35:38,119.38728,32.23126,4.5,211.7,,
2025-07-09 18:38:38,119.38474666666669,32.22822333333333,4.4,219.3,,
2025-07-09 18:41:38,119.38194666666666,32.2254,4.4,222.9,,
2025-07-09 18:44:38,119.37890666666668,32.22281666666667,4.4,225.7,,
2025-07-09 18:47:38,119.37576,32.22000666666667,4.8,218.8,,
2025-07-09 18:50:38,119.37241666666668,32.21711666666667,4.8,224.2,,
2025-07-09 18:53:38,119.36925333333332,32.214153333333336,4.7,219.2,,
2025-07-09 18:57:08,119.36574666666668,32.210883333333335,4.2,222.7,,
2025-07-09 19:00:08,119.36298666666669,32.208436666666664,3.6,230.8,,
2025-07-09 19:03:08,119.35969333333334,32.206763333333335,3.9,238.3,,
2025-07-09 19:06:08,119.35638666666668,32.20500333333333,4.0,239.3,,
2025-07-09 19:09:08,119.35306666666666,32.20318,3.9,239.5,,
2025-07-09 19:12:27,119.34932,32.20107333333333,4.0,238.6,,
2025-07-09 19:15:27,119.34594666666666,32.19957333333333,3.7,247.3,,
2025-07-09 19:18:38,119.34232,32.19851666666667,3.6,253.1,,
2025-07-09 19:21:38,119.33885333333332,32.19788,3.6,259.6,,
2025-07-09 19:24:38,119.33537333333334,32.19721333333333,3.6,257.6,,
2025-07-09 19:27:38,119.33168,32.19664,3.8,259.7,,
2025-07-09 19:30:38,119.32790666666666,32.19627666666667,3.9,261.4,,
2025-07-09 19:33:38,119.32405333333334,32.19576,3.9,261.0,,
2025-07-09 19:36:38,119.32016,32.19525,4.0,260.2,,
2025-07-09 19:39:38,119.31622666666668,32.19490666666667,4.1,262.0,,
2025-07-09 19:42:38,119.31217333333332,32.194563333333335,4.1,261.3,,
2025-07-09 19:45:38,119.30816,32.19432666666667,4.0,269.7,,
2025-07-09 19:48:38,119.30422666666666,32.1943,3.8,270.6,,
2025-07-09 19:51:38,119.30030666666669,32.19425666666667,3.9,264.4,,
2025-07-09 19:54:38,119.29630666666668,32.194086666666664,4.1,270.4,,
2025-07-09 19:57:38,119.29222666666666,32.19406,4.2,266.1,,
2025-07-09 20:00:38,119.28810666666666,32.19399,4.0,276.6,,
2025-07-09 20:03:57,119.28394666666668,32.19493,3.9,287.3,,
2025-07-09 20:06:57,119.28029333333332,32.19596333333333,3.9,290.5,,
2025-07-09 20:09:57,119.27676,32.197266666666664,3.8,296.7,,
2025-07-09 20:12:57,119.27341333333334,32.19889333333333,3.9,301.9,,
2025-07-09 20:15:57,119.26998666666668,32.200606666666665,4.0,298.0,,
2025-07-09 20:18:57,119.26644,32.20212333333333,4.0,299.2,,
2025-07-09 20:21:57,119.26296,32.20377666666667,4.0,297.9,,
2025-07-09 20:24:57,119.25933333333332,32.20516333333333,3.9,292.4,,
2025-07-09 20:27:57,119.25589333333332,32.206556666666664,3.8,298.4,,
2025-07-09 20:30:57,119.25256,32.20825333333333,3.9,303.1,,
2025-07-09 20:33:57,119.24949333333332,32.21014,3.8,306.7,,
2025-07-09 20:36:57,119.24652,32.21225,4.0,315.7,,
2025-07-09 20:39:57,119.24372,32.214753333333334,4.2,318.5,,
2025-07-09 20:42:57,119.24066666666668,32.21742,4.5,312.7,,
2025-07-09 20:45:57,119.23722666666669,32.220013333333334,4.7,312.8,,
2025-07-09 20:48:57,119.23386666666669,32.222833333333334,4.8,314.1,,
2025-07-09 20:51:57,119.22998666666666,32.22516666666667,4.9,301.3,,
2025-07-09 20:54:57,119.22588,32.22741,5.1,302.9,,
2025-07-09 20:57:57,119.22161333333334,32.229823333333336,4.8,303.8,,
2025-07-09 21:00:57,119.2178,32.232013333333335,4.7,295.7,,
2025-07-09 21:04:08,119.21302666666666,32.23358,5.0,290.4,,
2025-07-09 21:07:08,119.20824,32.23495333333333,4.9,288.2,,
2025-07-09 21:10:10,119.20373333333332,32.236286666666665,4.7,290.4,,
2025-07-09 21:13:10,119.19924,32.23754,4.9,286.4,,
2025-07-09 21:16:10,119.19464,32.238593333333334,4.9,284.3,,
2025-07-09 21:19:10,119.19013333333334,32.239603333333335,4.5,288.4,,
2025-07-09 22:41:33,119.07425333333332,32.23898,4.6,220.3,,
2025-07-09 22:44:33,119.07098666666668,32.23639,4.2,233.2,,
2025-07-09 22:47:33,119.06801333333334,32.2345,3.1,227.9,,
2025-07-09 22:50:56,119.0661,32.23305,2.0,228.3,,
2025-07-09 22:54:16,119.06448,32.231116666666665,2.6,218.5,,
2025-07-09 22:57:32,119.06255,32.230066666666666,2.0,240.3,,
2025-07-09 23:00:35,119.06148,32.22870666666667,2.7,195.9,,
2025-07-09 23:03:35,119.06089333333334,32.22554,3.3,190.6,,
2025-07-09 23:06:35,119.05973333333333,32.223106666666666,3.2,211.7,,
2025-07-09 23:09:35,119.058,32.220996666666665,2.3,217.5,,
2025-07-09 23:12:59,119.05691666666668,32.219766666666665,2.6,212.9,,
2025-07-09 23:43:46,119.05678333333331,32.21986666666667,0.0,218.7,,
2025-07-10 00:14:05,119.05681333333334,32.21986666666667,0.0,224.8,,
2025-07-10 00:44:05,119.0568,32.21987,0.1,224.8,,
2025-07-10 01:14:05,119.05681333333334,32.219876666666664,0.0,224.8,,
2025-07-10 01:35:33,119.05648333333332,32.21926666666667,1.7,202.6,,
2025-07-10 01:39:05,119.05577333333332,32.21794666666667,0.8,199.4,,
2025-07-10 01:42:10,119.0563,32.216,3.9,148.9,,
2025-07-10 01:45:17,119.05916,32.21246,4.8,169.0,,
2025-07-10 01:48:17,119.05890666666669,32.208733333333335,3.3,198.1,,
2025-07-10 01:52:26,119.05826666666668,32.207298333333334,2.0,199.1,,
2025-07-10 02:22:34,119.05826666666668,32.207166666666666,0.0,200.0,,
2025-07-10 02:52:36,119.05825333333334,32.20718333333333,0.0,195.1,,
2025-07-10 03:22:36,119.05826666666668,32.20718,0.0,195.1,,
2025-07-10 03:52:36,119.05826666666668,32.20719,0.0,195.1,,
2025-07-10 04:22:45,119.05825333333334,32.20717333333333,0.0,200.0,,
2025-07-10 04:52:46,119.05825333333334,32.20717,0.0,200.0,,
2025-07-10 05:23:52,119.05825,32.20718333333333,0.0,200.0,,
2025-07-10 05:34:53,119.05758333333333,32.2071,2.0,232.9,,
2025-07-10 05:38:06,119.0536,32.20569,4.6,261.7,,
2025-07-10 05:41:28,119.0486,32.205933333333334,3.8,268.9,,
2025-07-10 05:44:29,119.04552,32.20444,3.8,227.1,,
2025-07-10 05:47:29,119.04286666666668,32.20203,4.1,221.0,,
2025-07-10 05:50:29,119.04022666666668,32.19938,4.0,225.0,,
2025-07-10 05:53:29,119.0374,32.19712333333333,3.7,233.3,,
2025-07-10 05:56:29,119.03457333333331,32.194943333333335,3.7,226.0,,
2025-07-10 05:59:29,119.03181333333332,32.19303,3.3,233.4,,
2025-07-10 06:02:29,119.02936,32.19117333333333,3.3,230.0,,
2025-07-10 06:05:29,119.02682666666666,32.18953666666667,3.2,235.3,,
2025-07-10 06:08:29,119.02418666666668,32.188073333333335,3.1,235.9,,
2025-07-10 06:11:29,119.02158666666666,32.186373333333336,3.2,227.1,,
2025-07-10 06:14:29,119.019,32.18476,3.2,237.2,,
2025-07-10 06:17:29,119.01633333333334,32.18336333333333,3.2,242.9,,
2025-07-10 06:20:29,119.01357333333333,32.18221333333333,3.0,243.1,,
2025-07-10 06:23:29,119.01077333333332,32.18081,3.4,238.9,,
2025-07-10 06:26:29,119.00785333333332,32.179606666666665,3.1,245.1,,
2025-07-10 06:29:29,119.00504,32.178513333333335,3.0,247.6,,
2025-07-10 06:32:29,119.00204,32.178063333333334,3.2,268.2,,
2025-07-10 06:35:29,118.99897333333334,32.17784,2.9,262.7,,
2025-07-10 06:38:29,118.99581333333332,32.17758666666667,3.5,261.8,,
2025-07-10 06:41:29,118.99228,32.17717,3.5,262.2,,
2025-07-10 06:44:29,118.98888,32.176626666666664,3.5,260.3,,
2025-07-10 06:47:29,118.98554666666666,32.17648,3.2,267.8,,
2025-07-10 06:50:29,118.98233333333332,32.17637666666667,3.2,267.5,,
2025-07-10 06:53:29,118.97913333333334,32.17601666666667,3.4,260.6,,
2025-07-10 06:56:29,118.97589333333332,32.17577,3.2,270.2,,
2025-07-10 06:59:29,118.97276,32.17558666666667,3.1,266.5,,
2025-07-10 07:02:29,118.96956,32.175473333333336,3.3,270.3,,
2025-07-10 07:05:29,118.96632,32.175403333333335,3.3,267.5,,
2025-07-10 07:08:29,118.96293333333334,32.175306666666664,3.4,271.1,,
2025-07-10 07:11:35,118.95965333333334,32.17523666666666,3.3,262.9,,
2025-07-10 07:14:35,118.95653333333334,32.17505333333333,3.0,268.0,,
2025-07-10 07:17:35,118.95365333333334,32.17539,2.9,281.8,,
2025-07-10 07:20:36,118.95085,32.1757,2.9,281.7,,
2025-07-10 07:23:59,118.94756,32.17629,3.0,281.7,,
2025-07-10 07:26:59,118.94452,32.17653333333333,3.0,275.0,,
2025-07-10 07:29:59,118.94186666666668,32.17693333333333,2.7,286.0,,
2025-07-10 07:32:59,118.93924,32.177533333333336,2.6,279.7,,
2025-07-10 07:35:59,118.93636,32.177573333333335,3.0,272.2,,
2025-07-10 07:38:59,118.93338666666666,32.178063333333334,3.1,281.7,,
2025-07-10 07:42:19,118.92978666666669,32.17872,3.4,288.5,,
2025-07-10 07:45:19,118.92645333333331,32.17931333333333,3.4,280.2,,
2025-07-10 07:48:19,118.92302666666669,32.17984,3.4,283.4,,
2025-07-10 07:51:29,118.91944,32.180746666666664,3.8,292.7,,
2025-07-10 07:54:49,118.91529333333334,32.181783333333335,3.9,280.6,,
2025-07-10 07:57:49,118.9116,32.18234,3.7,283.5,,
2025-07-10 08:00:59,118.90784,32.182453333333335,3.4,261.8,,
2025-07-10 08:04:28,118.90385333333332,32.182273333333335,3.3,273.8,,
2025-07-10 08:07:28,118.90052,32.182536666666664,3.4,283.0,,
2025-07-10 08:10:28,118.89725333333334,32.18278,3.5,272.4,,
2025-07-10 08:13:28,118.89385333333334,32.18298333333333,3.3,282.8,,
2025-07-10 08:16:28,118.89048,32.18346,3.8,276.2,,
2025-07-10 08:19:28,118.88641333333334,32.18377,4.5,270.3,,
2025-07-10 08:22:28,118.88169333333332,32.18345333333333,5.0,259.7,,
2025-07-10 08:25:28,118.87688,32.18237,5.0,249.4,,
2025-07-10 08:28:28,118.87289333333334,32.181043333333335,3.9,241.4,,
2025-07-10 08:31:28,118.86969333333332,32.17958333333333,3.5,242.3,,
2025-07-10 08:34:29,118.86662666666666,32.17835,3.4,246.3,,
2025-07-10 08:37:42,118.86325,32.17695,3.3,240.4,,
2025-07-10 08:40:49,118.86022666666666,32.1755,3.6,241.6,,
2025-07-10 08:43:49,118.85724,32.173806666666664,3.6,233.6,,
2025-07-10 08:46:49,118.85432,32.172126666666664,3.4,241.2,,
2025-07-10 08:49:49,118.85121333333332,32.170786666666665,3.5,242.6,,
2025-07-10 08:52:49,118.84818666666666,32.16943666666667,3.5,236.6,,
2025-07-10 08:55:49,118.84532,32.167703333333336,3.6,236.1,,
2025-07-10 08:58:49,118.84225333333332,32.1662,3.4,246.0,,
2025-07-10 09:01:49,118.83921333333332,32.1651,3.4,245.9,,
2025-07-10 09:04:49,118.83605333333334,32.16429,3.1,254.3,,
2025-07-10 09:07:49,118.83286666666666,32.16342,3.4,244.6,,
2025-07-10 09:10:49,118.82989333333332,32.16240666666667,3.3,258.1,,
2025-07-10 09:13:49,118.82658666666669,32.16215,3.4,265.3,,
2025-07-10 09:16:49,118.82341333333332,32.1611,3.4,247.6,,
2025-07-10 09:19:49,118.82005333333332,32.16005,3.7,250.0,,
2025-07-10 09:22:49,118.81656,32.158833333333334,3.9,245.3,,
2025-07-10 09:25:49,118.81314666666668,32.15742,3.8,241.1,,
2025-07-10 09:29:10,118.80944,32.15548666666667,3.9,237.0,,
2025-07-10 09:32:10,118.80608,32.15374666666666,4.0,238.8,,
2025-07-10 09:35:10,118.80268,32.151873333333334,4.2,234.7,,
2025-07-10 09:38:10,118.79922666666668,32.14994,4.0,235.8,,
2025-07-10 09:41:10,118.79602666666666,32.14795,4.1,230.2,,
2025-07-10 09:44:10,118.79292,32.14585,4.0,232.0,,
2025-07-10 09:47:10,118.78968,32.14388666666667,4.2,236.6,,
2025-07-10 09:50:10,118.78606666666668,32.14189,4.4,237.0,,
2025-07-10 09:53:10,118.78278666666668,32.139923333333336,3.6,234.9,,
2025-07-10 09:56:10,118.78004,32.13829666666667,3.1,239.0,,
2025-07-10 09:59:10,118.777,32.13726666666667,3.5,254.2,,
2025-07-10 10:02:10,118.77357333333332,32.136646666666664,3.7,262.6,,
2025-07-10 10:05:10,118.77006666666666,32.136493333333334,3.5,266.9,,
2025-07-10 10:08:10,118.76645333333332,32.136473333333335,3.8,275.8,,
2025-07-10 10:11:10,118.76256,32.136963333333334,4.0,273.0,,
2025-07-10 10:14:10,118.7586,32.13650666666667,4.3,251.6,,
2025-07-10 10:17:10,118.75432,32.13509333333333,5.0,242.4,,
2025-07-10 10:20:10,118.75012,32.132326666666664,5.6,228.1,,
2025-07-10 10:23:10,118.74608,32.12891666666667,5.8,220.5,,
2025-07-10 10:26:10,118.74272,32.12508,5.6,214.8,,
2025-07-10 10:29:10,118.73941333333332,32.121356666666664,5.4,218.7,,
2025-07-10 10:32:10,118.7362,32.11771666666667,5.4,213.4,,
2025-07-10 10:35:10,118.73302666666666,32.11459333333333,4.4,232.9,,
2025-07-11 18:42:47,118.73293333333334,32.10791,8.7,34.2,,
2025-07-11 18:44:50,118.73608,32.11197333333333,8.7,32.2,,
2025-07-11 18:47:17,118.73998666666668,32.11694,8.2,41.9,,
2025-07-11 18:49:17,118.744,32.11978,7.8,57.3,,
2025-07-11 18:51:17,118.74838666666666,32.12188,7.6,62.0,,
2025-07-11 18:53:17,118.75285333333332,32.12383,7.5,65.6,,
2025-07-11 18:55:17,118.75736,32.12547333333333,7.4,66.7,,
2025-07-11 18:57:17,118.76196,32.12703,7.5,68.8,,
2025-07-11 18:59:23,118.76686666666669,32.12864,7.5,68.7,,
2025-07-11 19:01:23,118.77149333333334,32.13025666666667,7.8,65.2,,
2025-07-11 19:03:23,118.77606666666668,32.13205,7.6,67.4,,
2025-07-11 19:05:23,118.78064,32.13385,7.7,61.7,,
2025-07-11 19:07:23,118.78502666666668,32.13605333333334,8.0,59.0,,
2025-07-11 19:09:23,118.78946666666668,32.13853,8.2,55.0,,
2025-07-11 19:11:36,118.79436666666666,32.1414,8.2,55.1,,
2025-07-11 19:13:46,118.79912,32.144423333333336,8.4,52.8,,
2025-07-11 19:15:46,118.80346666666668,32.14734,8.4,51.9,,
2025-07-11 19:17:46,118.80786666666668,32.15016333333333,8.6,54.4,,
2025-07-11 19:19:46,118.81262666666667,32.15279,8.6,59.7,,
2025-07-11 19:21:46,118.81754666666669,32.15508,8.4,61.9,,
2025-07-11 19:23:53,118.82282666666669,32.1572,8.3,67.1,,
2025-07-11 19:25:53,118.82794666666666,32.158766666666665,8.2,71.1,,
2025-07-11 19:27:53,118.83306666666668,32.160223333333334,8.1,70.4,,
2025-07-11 19:29:53,118.83804,32.161946666666665,8.1,63.9,,
2025-07-11 19:31:53,118.84270666666669,32.16409,8.1,59.5,,
2025-07-11 19:33:53,118.84733333333334,32.166313333333335,8.3,60.2,,
2025-07-11 19:35:53,118.85202666666666,32.16872333333333,8.4,59.0,,
2025-07-11 19:37:53,118.85666666666668,32.171276666666664,8.6,55.4,,
2025-07-11 19:39:53,118.86130666666666,32.17402666666667,8.6,58.0,,
2025-07-11 19:41:53,118.86637333333331,32.17635,8.9,65.4,,
2025-07-11 19:43:53,118.87165,32.178266666666666,8.9,69.4,,
2025-07-11 19:45:53,118.87721333333332,32.17968,8.8,78.2,,
2025-07-11 19:47:53,118.88296,32.18034333333333,8.9,85.1,,
2025-07-11 19:49:53,118.88874666666666,32.18056333333333,8.6,89.9,,
2025-07-11 19:51:53,118.89433333333334,32.18042333333333,8.6,92.0,,
2025-07-11 19:53:53,118.89974666666669,32.17992666666667,8.3,97.9,,
2025-07-11 19:55:53,118.90514666666668,32.17921666666667,8.2,97.1,,
2025-07-11 19:57:53,118.91054666666666,32.17855333333333,8.4,98.6,,
2025-07-11 20:00:04,118.91655,32.177733333333336,8.5,98.3,,
2025-07-11 20:02:14,118.92255,32.17715,8.5,96.2,,
2025-07-11 20:04:16,118.92817333333332,32.17640333333333,8.6,100.5,,
2025-07-11 20:06:16,118.93376,32.17554333333333,8.5,100.3,,
2025-07-11 20:08:16,118.93926666666668,32.17471666666667,8.5,100.2,,
2025-07-11 20:10:16,118.94477333333332,32.17390666666667,8.4,99.0,,
2025-07-11 20:12:16,118.95018666666668,32.173233333333336,8.3,98.5,,
2025-07-11 20:14:16,118.95556,32.172576666666664,8.2,96.7,,
2025-07-11 20:16:23,118.9612,32.17227666666667,8.2,91.9,,
2025-07-11 20:18:23,118.96654666666667,32.17228,8.1,88.3,,
2025-07-11 20:20:25,118.97193333333334,32.17267666666667,8.1,81.2,,
2025-07-11 20:22:25,118.97733333333332,32.17344333333333,8.4,82.2,,
2025-07-11 20:24:25,118.98286666666668,32.17386333333334,8.5,87.1,,
2025-07-11 20:26:25,118.98850666666668,32.17411,8.5,86.7,,
2025-07-11 20:28:25,118.99414666666668,32.174573333333335,8.5,81.7,,
2025-07-11 20:30:25,118.99961333333331,32.17549666666667,8.5,75.3,,
2025-07-11 20:32:25,119.00498666666668,32.176883333333336,8.6,70.8,,
2025-07-11 20:34:25,119.01030666666666,32.178596666666664,8.7,66.3,,
2025-07-11 20:36:25,119.01525333333332,32.18084,8.5,59.3,,
2025-07-11 20:38:25,119.02002666666668,32.18345,8.6,55.7,,
2025-07-11 20:40:26,119.02473333333332,32.18626666666667,8.7,53.1,,
2025-07-11 20:42:36,119.02958333333332,32.1897,8.7,48.5,,
2025-07-11 20:44:46,119.03436,32.192996666666666,8.7,51.1,,
2025-07-11 20:46:46,119.03881333333334,32.19607,8.8,51.4,,
2025-07-11 20:48:46,119.04333333333334,32.19918333333333,8.9,47.5,,
2025-07-11 20:50:46,119.04725333333332,32.20272,8.7,42.0,,
2025-07-11 20:52:46,119.05097333333332,32.20635333333333,8.6,41.3,,
2025-07-11 20:54:46,119.05448,32.210033333333335,8.4,36.4,,
2025-07-11 20:56:46,119.0576,32.21384333333334,8.3,33.6,,
2025-07-11 20:58:55,119.06057333333334,32.218113333333335,8.3,28.1,,
2025-07-11 21:00:58,119.06343333333334,32.22235,8.6,30.8,,
2025-07-11 21:03:14,119.06695,32.226866666666666,8.5,35.6,,
2025-07-11 21:05:16,119.07056,32.23066333333333,8.5,43.2,,
2025-07-11 21:07:16,119.07462666666666,32.23393,8.6,49.2,,
2025-07-11 21:09:16,119.07908,32.236803333333334,8.5,56.0,,
2025-07-11 21:11:16,119.08372,32.23928333333333,8.3,58.9,,
2025-07-11 21:49:16,119.183,32.23869,7.7,110.4,,
2025-07-11 21:51:16,119.18766666666669,32.23706333333333,7.7,115.3,,
2025-07-11 21:53:16,119.19222666666668,32.23525,7.6,114.3,,
2025-07-11 21:55:16,119.19676,32.233446666666666,7.5,115.0,,
2025-07-11 21:57:16,119.20128,32.231766666666665,7.5,112.6,,
2025-07-11 21:59:16,119.20577333333334,32.23010333333333,7.5,115.3,,
2025-07-11 22:01:16,119.21013333333332,32.22822333333333,7.4,118.4,,
2025-07-11 22:03:16,119.21434666666669,32.226146666666665,7.3,122.4,,
2025-07-11 22:05:40,119.21908333333332,32.223416666666665,7.1,126.3,,
2025-07-11 22:07:46,119.22297333333331,32.22087,7.0,127.0,,
2025-07-11 22:09:46,119.22666666666667,32.218556666666665,6.9,125.8,,
2025-07-11 22:11:46,119.23029333333334,32.21637333333334,6.6,123.9,,
2025-07-11 22:14:16,119.23481333333334,32.21387,6.5,123.0,,
2025-07-11 22:16:41,119.23906666666667,32.211483333333334,6.4,120.9,,
2025-07-11 22:18:46,119.24285333333331,32.21014,6.0,109.9,,
2025-07-11 22:20:46,119.24642666666666,32.208576666666666,6.3,123.9,,
2025-07-11 22:23:16,119.25056,32.2058,6.5,131.0,,
2025-07-11 22:25:27,119.25416666666666,32.20323166666667,6.5,128.9,,
2025-07-11 22:27:29,119.25765333333334,32.20111333333333,6.4,121.9,,
2025-07-11 22:29:29,119.26122666666669,32.19925,6.4,121.3,,
2025-07-11 22:31:29,119.26485333333332,32.19736,6.5,121.4,,
2025-07-11 22:33:29,119.26857333333334,32.19559,6.4,117.2,,
2025-07-11 22:35:32,119.27234666666666,32.19407666666667,6.4,113.4,,
2025-07-11 22:37:45,119.27685333333334,32.19247,6.5,111.4,,
2025-07-11 22:39:45,119.28089333333334,32.191183333333335,6.5,108.6,,
2025-07-11 22:41:45,119.285,32.19022666666667,6.5,101.9,,
2025-07-11 22:43:45,119.28925333333332,32.18969,6.5,96.4,,
2025-07-11 22:45:46,119.29352,32.18944333333334,6.5,90.7,,
2025-07-11 22:47:59,119.29825333333334,32.18951333333333,6.5,87.9,,
2025-07-11 22:49:59,119.30256,32.189656666666664,6.6,87.6,,
2025-07-11 22:52:15,119.30750666666668,32.18967333333333,6.6,91.6,,
2025-07-11 22:54:15,119.3118,32.18958333333333,6.6,91.9,,
2025-07-11 22:56:15,119.31616,32.18955666666667,6.5,87.7,,
2025-07-11 22:58:15,119.32041333333332,32.18983,6.5,84.5,,
2025-07-11 23:00:15,119.32464,32.19022,6.5,84.2,,
2025-07-11 23:02:15,119.32889333333334,32.190623333333335,6.5,81.8,,
2025-07-11 23:04:25,119.3334,32.1914,6.5,76.7,,
2025-07-11 23:06:29,119.33768,32.19239666666667,6.5,73.6,,
2025-07-11 23:08:29,119.34173333333334,32.19352,6.5,68.9,,
2025-07-11 23:10:45,119.34602666666666,32.19525,6.3,64.1,,
2025-07-11 23:12:45,119.34992,32.19667,6.4,69.2,,
2025-07-11 23:14:45,119.35385333333332,32.19795,6.4,66.5,,
2025-07-11 23:16:49,119.35765333333332,32.19973,6.3,55.1,,
2025-07-11 23:18:49,119.36089333333334,32.201953333333336,6.3,51.5,,
2025-07-11 23:20:59,119.36445333333332,32.204346666666666,5.8,49.1,,
2025-07-11 23:23:49,119.36878666666668,32.207946666666665,6.4,41.0,,
2025-07-11 23:25:49,119.37153333333332,32.21075666666667,6.5,38.9,,
2025-07-11 23:27:59,119.37449333333332,32.21384666666667,6.6,39.8,,
2025-07-11 23:29:59,119.37721333333332,32.21671666666666,6.6,38.5,,
2025-07-11 23:31:59,119.37985333333332,32.21966333333334,6.7,36.7,,
2025-07-11 23:33:59,119.38242666666666,32.22266666666667,6.6,35.5,,
2025-07-11 23:35:59,119.38506666666666,32.22556,6.4,40.5,,
2025-07-11 23:37:59,119.38784,32.22837333333333,6.6,40.3,,
2025-07-11 23:40:19,119.39117333333331,32.2317,6.7,40.9,,
2025-07-11 23:42:19,119.394,32.234563333333334,6.6,38.4,,
2025-07-11 23:44:29,119.39694666666666,32.23773666666666,6.7,39.2,,
2025-07-12 00:55:59,119.53591666666668,32.23823333333333,7.8,132.8,,
2025-07-12 00:58:14,119.54003333333333,32.23478333333333,7.9,137.3,,
2025-07-12 01:00:20,119.54370666666668,32.23129,8.0,138.7,,
2025-07-12 01:02:20,119.54690666666669,32.227833333333336,7.7,149.4,,
2025-07-12 01:04:20,119.54890666666668,32.22388333333333,7.6,164.4,,
2025-07-12 01:06:20,119.54969333333334,32.219726666666666,7.5,176.5,,
2025-07-12 01:08:20,119.54986666666667,32.21557,7.4,180.3,,
2025-07-12 01:10:20,119.54956,32.211416666666665,7.5,184.6,,
2025-07-12 01:12:32,119.54932,32.206756666666664,7.6,177.5,,
2025-07-12 01:14:32,119.55010666666666,32.20259333333333,7.5,165.4,,
2025-07-12 01:16:32,119.55172,32.198593333333335,7.6,156.6,,
2025-07-12 01:18:38,119.55441333333331,32.19484666666666,7.3,138.8,,
2025-07-12 01:21:09,119.55904,32.19165,7.0,121.5,,
2025-07-12 01:23:28,119.56384,32.189593333333335,7.0,111.1,,
2025-07-12 01:25:28,119.56829333333332,32.18846,7.2,102.4,,
2025-07-12 01:27:28,119.57301333333334,32.18765,7.3,97.5,,
2025-07-12 01:29:28,119.57786666666668,32.187313333333336,7.4,90.9,,
2025-07-12 01:31:28,119.58276,32.18734666666667,7.5,88.9,,
2025-07-12 01:33:28,119.58781333333332,32.18744,7.8,86.8,,
2025-07-12 01:35:39,119.59349333333331,32.18781333333333,7.9,84.0,,
2025-07-12 01:37:58,119.59944,32.18854666666667,7.8,79.6,,
2025-07-12 01:39:58,119.60450666666668,32.18933333333333,7.8,79.2,,
2025-07-12 01:42:08,119.61004,32.19011,7.8,77.8,,
2025-07-12 01:44:09,119.61501333333334,32.19125666666667,8.0,71.8,,
2025-07-12 01:46:09,119.62012,32.192236666666666,7.9,80.0,,
2025-07-12 01:48:09,119.62534666666669,32.19291333333334,8.2,80.9,,
2025-07-12 01:50:28,119.63156,32.19394666666667,8.3,75.4,,
2025-07-12 01:52:28,119.63682666666666,32.19503,8.0,76.9,,
2025-07-12 01:54:28,119.64189333333331,32.19622666666667,7.9,70.7,,
2025-07-12 01:56:29,119.64673333333332,32.19794,7.9,67.1,,
2025-07-12 01:58:38,119.65177333333334,32.19996666666667,7.8,61.4,,
2025-07-12 02:00:38,119.65621333333333,32.20220333333334,7.8,57.3,,
2025-07-12 02:02:38,119.66014666666666,32.204856666666664,7.5,47.0,,
2025-07-12 02:04:38,119.66364,32.20786666666667,7.6,41.9,,
2025-07-12 02:06:38,119.66693333333332,32.21122,7.7,38.1,,
2025-07-12 02:08:39,119.66996,32.21492666666666,8.1,33.8,,
2025-07-12 02:10:53,119.67316666666666,32.219233333333335,8.2,31.6,,
2025-07-12 02:12:58,119.67570666666668,32.22347666666667,7.9,20.4,,
2025-07-12 02:14:58,119.67724,32.22768,7.7,11.5,,
2025-07-12 02:16:59,119.67825333333332,32.23196,7.9,14.9,,
2025-07-12 02:19:08,119.68004,32.23653,8.1,20.0,,
2025-07-12 04:14:28,119.87314666666668,32.23869333333333,7.7,165.3,,
2025-07-12 04:16:57,119.87464,32.233403333333335,7.9,167.0,,
2025-07-12 04:18:57,119.87573333333332,32.22903,8.0,167.7,,
2025-07-12 04:21:07,119.87433333333334,32.23455,7.9,167.4,,
2025-07-12 04:23:09,119.87805333333333,32.21971,8.2,169.0,,
2025-07-12 04:25:09,119.87917333333333,32.21523666666667,8.2,168.8,,
2025-07-12 04:27:26,119.8803,32.209966666666666,8.4,170.6,,
2025-07-12 04:29:36,119.88133333333332,32.204948333333334,8.5,169.7,,
2025-07-12 04:31:57,119.88258666666668,32.19944,8.6,169.9,,
2025-07-12 04:33:57,119.88350666666666,32.19473,8.5,171.0,,
2025-07-12 04:35:57,119.8842,32.19002,8.5,173.6,,
2025-07-12 04:38:10,119.88448333333334,32.18768333333333,8.5,174.2,,
2025-07-12 04:40:12,119.88548,32.1799,8.8,171.0,,
2025-07-12 04:42:29,119.88582666666667,32.178106666666665,8.7,171.9,,
2025-07-12 04:44:57,119.88690666666666,32.16834333333333,8.8,175.4,,
2025-07-12 04:47:01,119.88706666666668,32.16631666666667,8.8,175.3,,
2025-07-12 04:49:08,119.88750666666668,32.16154,8.8,173.1,,
2025-07-12 04:51:28,119.88877333333332,32.15557333333334,8.8,165.3,,
2025-07-12 04:53:39,119.88968,32.152566666666665,8.6,164.7,,
2025-07-12 04:56:01,119.89351666666668,32.14223166666667,8.4,158.9,,
2025-07-12 04:58:03,119.89452,32.14018,8.5,157.4,,
2025-07-12 05:00:09,119.89694666666666,32.13526,8.5,158.8,,
2025-07-12 05:02:09,119.89930666666666,32.12974333333333,8.3,160.3,,
2025-07-12 05:04:12,119.90153333333332,32.12431,8.2,161.7,,
2025-07-12 05:06:42,119.90366666666668,32.118766666666666,8.4,163.4,,
2025-07-12 05:09:12,119.90530666666666,32.11306,8.4,166.1,,
2025-07-12 05:11:24,119.90585333333334,32.111306666666664,8.5,166.5,,
2025-07-12 05:13:42,119.90848,32.10275,8.3,163.4,,
2025-07-12 05:15:58,119.91024,32.09778333333333,8.2,164.9,,
2025-07-12 05:17:58,119.91185333333334,32.09332666666667,8.4,158.7,,
2025-07-12 05:20:11,119.91137333333332,32.094433333333335,8.4,161.1,,
2025-07-12 05:22:58,119.91681333333334,32.08235333333333,8.3,157.3,,
2025-07-12 05:25:12,119.91918666666666,32.07752333333333,8.4,157.0,,
2025-07-12 05:28:12,119.92226666666669,32.07082666666667,8.6,159.5,,
2025-07-12 05:30:12,119.92438666666666,32.06633333333333,8.7,157.0,,
2025-07-12 05:32:12,119.92701333333332,32.062113333333336,8.4,150.9,,
2025-07-12 05:34:12,119.92944,32.057806666666664,8.7,154.4,,
2025-07-12 05:36:12,119.93182666666668,32.05344,8.6,156.1,,
2025-07-12 05:38:42,119.93481333333334,32.04796,8.8,153.9,,
2025-07-12 05:40:43,119.93742666666668,32.04353,8.9,152.4,,
2025-07-12 05:42:58,119.94052,32.03850333333333,9.0,153.3,,
2025-07-12 05:44:58,119.94302666666668,32.03389333333333,9.0,154.3,,
2025-07-12 05:46:58,119.94561333333333,32.02941,8.8,151.8,,
2025-07-12 05:48:58,119.94834666666668,32.02511,8.6,151.1,,
2025-07-12 05:51:05,119.95126666666668,32.0208,8.2,148.6,,
2025-07-12 05:53:13,119.95438666666666,32.016713333333335,8.0,143.1,,
2025-07-12 05:55:28,119.95828,32.01302333333334,7.6,129.4,,
2025-07-12 05:57:28,119.96216,32.01036,7.7,132.4,,
2025-07-12 05:59:28,119.96601333333334,32.00736666666667,8.0,130.9,,
2025-07-12 06:01:28,119.97024,32.00451666666667,8.4,127.3,,
2025-07-12 06:03:28,119.97462666666668,32.001576666666665,8.6,128.5,,
2025-07-12 06:05:28,119.97906666666668,31.99841,9.0,131.3,,
2025-07-12 06:07:28,119.98353333333333,31.995013333333333,9.1,131.9,,
2025-07-12 06:09:28,119.98798666666669,31.99164333333333,9.0,133.4,,
2025-07-12 06:11:28,119.99194666666666,31.98796,8.8,140.0,,
2025-07-12 06:13:28,119.99570666666666,31.984276666666663,8.6,137.3,,
2025-07-12 06:15:28,119.99958666666669,31.980856666666668,8.5,135.2,,
2025-07-12 06:17:28,120.00361333333332,31.97768333333333,8.2,129.2,,
2025-07-12 06:19:42,120.00836666666666,31.974633333333333,8.1,123.6,,
2025-07-12 06:21:42,120.01282666666668,31.972193333333333,8.1,120.4,,
2025-07-12 06:23:42,120.01752,31.97005,8.2,117.6,,
2025-07-12 06:26:17,120.02381666666666,31.96738333333333,8.5,117.2,,
2025-07-12 06:28:33,120.02946666666666,31.965016666666667,8.5,115.9,,
2025-07-12 06:30:43,120.03496666666666,31.96278333333333,8.5,112.9,,
2025-07-12 06:33:38,120.04255,31.9603,8.4,110.5,,
2025-07-12 06:35:53,120.04838333333332,31.9586,8.4,106.9,,
2025-07-12 06:38:12,120.05441333333331,31.957083333333333,8.2,105.6,,
2025-07-12 06:40:12,120.05962666666667,31.95585,8.2,105.5,,
2025-07-12 06:42:12,120.06476,31.954563333333333,8.1,106.3,,
2025-07-12 06:44:12,120.06988,31.953256666666668,8.2,108.4,,
2025-07-12 06:46:12,120.07484,31.95171,7.9,110.0,,
2025-07-12 06:48:12,120.07972,31.95027333333333,7.8,108.7,,
2025-07-12 06:50:12,120.08453333333334,31.94897333333333,7.5,106.2,,
2025-07-12 06:52:42,120.09049333333331,31.94771666666667,7.3,103.7,,
2025-07-12 06:59:12,120.10537333333332,31.94354,7.1,107.1,,
2025-07-12 07:01:13,120.10982666666666,31.94249,6.9,105.2,,
2025-07-12 07:03:52,120.1154,31.9408,6.9,113.8,,
2025-07-12 07:07:37,120.12328333333332,31.938066666666668,6.8,110.7,,
2025-07-12 07:12:36,120.13362666666669,31.935076666666667,6.5,105.5,,
2025-07-12 07:14:36,120.13776,31.9343,6.4,100.1,,
2025-07-12 07:17:36,120.14396,31.93335,6.4,102.9,,
2025-07-12 07:19:36,120.14806666666668,31.93273,6.4,98.9,,
2025-07-12 07:21:44,120.15243333333332,31.9321,6.3,100.5,,
2025-07-12 07:23:45,120.15652,31.931466666666665,6.3,100.8,,
2025-07-12 07:26:16,120.1616,31.930666666666667,6.1,100.0,,
2025-07-12 07:28:45,120.16648,31.929686666666665,5.9,99.5,,
2025-07-12 07:32:15,120.17301333333332,31.92890333333333,5.5,94.3,,
2025-07-12 07:35:36,120.17917333333334,31.928733333333334,5.5,91.7,,
2025-07-12 07:38:36,120.18465333333332,31.92855,5.6,97.0,,
2025-07-12 07:41:45,120.19042666666668,31.92786333333333,5.6,97.5,,
2025-07-12 07:44:45,120.19597333333331,31.927253333333333,5.8,97.4,,
2025-07-12 07:47:45,120.20153333333332,31.92680333333333,5.7,94.0,,
2025-07-12 07:50:45,120.20696,31.92677,5.3,89.2,,
2025-07-12 07:54:06,120.21261333333334,31.926773333333333,5.0,89.2,,
2025-07-12 07:57:15,120.21773333333331,31.92717333333333,5.0,82.9,,
2025-07-12 08:00:15,120.2226,31.927606666666662,5.2,88.6,,
2025-07-12 08:03:15,120.22750666666668,31.92793,5.1,83.4,,
2025-07-12 08:06:15,120.23233333333332,31.92841,4.9,83.8,,
2025-07-12 08:09:35,120.23754666666666,31.92916,4.7,74.1,,
2025-07-12 08:12:44,120.24224,31.93058333333333,4.8,66.6,,
2025-07-12 08:15:44,120.24673333333334,31.931953333333333,4.8,76.9,,
2025-07-12 08:19:05,120.25197333333334,31.933186666666668,4.9,71.0,,
2025-07-12 08:22:05,120.25630666666666,31.935006666666663,4.9,55.0,,
2025-07-12 08:25:15,120.26045333333332,31.937573333333333,5.0,61.4,,
2025-07-12 08:28:35,120.26512,31.94004333333333,5.1,61.6,,
2025-07-12 08:31:35,120.26957333333333,31.941906666666668,5.0,65.8,,
2025-07-12 08:34:35,120.27398666666669,31.943673333333333,4.8,64.5,,
2025-07-12 08:37:35,120.27845333333332,31.945106666666668,4.9,71.2,,
2025-07-12 08:40:35,120.28293333333332,31.94667,4.9,66.9,,
2025-07-12 08:43:35,120.28738666666666,31.94829333333333,4.9,66.3,,
2025-07-12 08:46:35,120.29181333333334,31.949976666666668,4.9,65.9,,
2025-07-12 08:50:05,120.29688,31.95217333333333,5.0,59.9,,
2025-07-12 08:53:35,120.30170666666666,31.95477,4.9,54.8,,
2025-07-12 08:56:35,120.30577333333332,31.95701,4.9,58.7,,
2025-07-12 08:59:35,120.31001666666668,31.959116666666667,4.9,61.2,,
2025-07-12 09:02:35,120.31438666666666,31.961016666666666,4.9,63.2,,
2025-07-12 09:05:44,120.31892,31.96304,4.7,58.6,,
2025-07-12 09:08:58,120.32330666666668,31.965506666666663,4.9,54.0,,
2025-07-12 09:12:28,120.32773333333331,31.968546666666665,5.0,47.6,,
2025-07-12 09:15:28,120.33138666666666,31.971306666666667,4.9,52.4,,
2025-07-12 09:18:28,120.33533333333334,31.973683333333334,4.9,58.0,,
2025-07-12 09:21:28,120.33929333333332,31.975976666666668,4.8,52.1,,
2025-07-12 09:24:28,120.34289333333334,31.97869,4.9,46.0,,
2025-07-12 09:27:29,120.34645,31.9815,5.0,47.2,,
2025-07-12 09:30:45,120.35026666666668,31.98446333333333,5.0,52.0,,
2025-07-12 09:33:58,120.35442666666668,31.987246666666667,4.9,46.9,,
2025-07-12 09:37:04,120.35825,31.990133333333333,5.0,54.0,,
2025-07-12 09:40:28,120.36321333333332,31.99235333333333,5.0,62.4,,
2025-07-12 09:43:28,120.3674,31.99458,5.0,52.8,,
2025-07-12 09:46:28,120.37126666666668,31.99721,5.1,50.2,,
2025-07-12 09:49:28,120.37516,32.00002,5.2,51.4,,
2025-07-12 09:52:28,120.37905333333332,32.00283666666667,5.2,50.0,,
2025-07-12 09:55:28,120.38298666666668,32.00567,5.2,51.0,,
2025-07-12 09:58:28,120.38713333333334,32.008136666666665,5.1,62.2,,
2025-07-12 10:01:28,120.39177333333332,32.00997666666667,5.2,67.0,,
2025-07-12 10:04:28,120.39649333333334,32.0117,5.2,66.9,,
2025-07-12 10:07:30,120.40132,32.01334,5.1,69.3,,
2025-07-12 10:10:30,120.40608,32.01501,5.4,66.9,,
2025-07-12 10:13:00,120.41033333333333,32.01656666666667,6.0,65.8,,
2025-07-12 10:15:00,120.41396,32.018026666666664,6.3,67.6,,
2025-07-12 10:17:26,120.41855,32.01963333333333,6.2,67.7,,
2025-07-12 10:19:36,120.4227,32.02115,6.3,65.0,,
2025-07-12 10:22:58,120.42858666666666,32.023736666666665,5.8,59.5,,
2025-07-12 10:26:00,120.43378666666666,32.02584,5.7,70.2,,
2025-07-12 10:29:00,120.43896,32.027636666666666,5.7,65.8,,
2025-07-12 10:32:00,120.44428,32.029046666666666,5.7,79.0,,
2025-07-12 10:35:28,120.45052,32.03019333333334,5.5,74.1,,
2025-07-12 10:38:28,120.45581333333334,32.03168,5.7,72.1,,
2025-07-12 10:40:52,120.46028333333334,32.032583333333335,6.0,83.1,,
2025-07-12 10:43:58,120.46624,32.03210333333333,5.8,98.6,,
2025-07-12 10:47:28,120.47286666666666,32.03136,5.8,96.3,,
2025-07-12 10:51:52,120.48126666666668,32.030715,5.9,94.0,,
2025-07-12 10:54:28,120.48634666666666,32.030213333333336,6.0,97.9,,
2025-07-12 10:57:00,120.49128,32.02950666666667,5.9,98.4,,
2025-07-12 10:59:01,120.4952,32.029246666666666,6.0,92.9,,
2025-07-12 11:01:28,120.50006666666668,32.028616666666665,6.3,102.3,,
2025-07-12 11:03:28,120.50412,32.027766666666665,6.3,104.8,,
2025-07-12 11:05:28,120.50813333333332,32.02676666666667,6.4,107.2,,
2025-07-12 11:07:28,120.51213333333334,32.02554666666666,6.4,111.3,,
2025-07-12 11:09:28,120.51605333333332,32.02424333333333,6.4,109.7,,
2025-07-12 11:11:43,120.52066666666668,32.02295,7.0,107.5,,
2025-07-12 11:13:53,120.52555,32.021483333333336,7.2,110.4,,
2025-07-12 11:16:28,120.53092,32.01953,6.7,114.8,,
2025-07-12 11:18:58,120.53588,32.01746,6.6,117.7,,
2025-07-12 11:21:00,120.53973333333332,32.015766666666664,6.5,113.6,,
2025-07-12 11:23:28,120.54462666666667,32.01410333333333,6.5,111.9,,
2025-07-12 11:25:30,120.54861333333334,32.01268,6.5,112.6,,
2025-07-12 11:28:34,120.55473333333332,32.010598333333334,6.6,113.7,,
2025-07-12 11:30:49,120.55913333333334,32.00885,6.5,115.9,,
2025-07-12 11:33:28,120.56421333333331,32.00689333333333,6.4,117.5,,
2025-07-12 11:35:28,120.56790666666669,32.00512333333333,6.4,120.4,,
2025-07-12 11:37:28,120.57149333333334,32.00328666666667,6.3,120.3,,
2025-07-12 11:39:28,120.57505333333332,32.00148,6.3,119.3,,
2025-07-12 11:41:28,120.57873333333332,31.99994,6.3,114.2,,
2025-07-12 11:43:28,120.58253333333332,31.998446666666663,6.4,114.2,,
2025-07-12 11:45:28,120.58642666666668,31.997176666666668,6.3,108.7,,
2025-07-12 11:47:28,120.59041333333332,31.996043333333333,6.4,107.7,,
2025-07-12 11:49:58,120.59553333333334,31.995006666666665,6.4,100.4,,
2025-07-12 11:52:05,120.59995,31.994366666666668,6.6,99.9,,
2025-07-12 11:54:15,120.60466666666666,31.99383333333333,6.7,96.3,,
2025-07-12 11:56:28,120.60964,31.993226666666665,6.9,98.8,,
2025-07-12 11:58:33,120.61430666666666,31.99266666666667,7.0,97.9,,
2025-07-12 12:01:00,120.61998666666666,31.992283333333333,7.1,92.1,,
2025-07-12 12:03:03,120.62490666666666,31.991936666666668,7.5,96.0,,
2025-07-12 12:05:33,120.63097333333332,31.991696666666662,7.4,89.5,,
2025-07-12 12:08:32,120.63838666666666,31.99224,7.7,84.8,,
2025-07-12 12:11:00,120.64458666666668,31.992733333333334,7.7,82.2,,
2025-07-12 12:13:30,120.6508,31.993863333333334,7.6,72.5,,
2025-07-12 12:15:30,120.65561333333332,31.99525333333333,7.8,72.2,,
2025-07-12 12:17:32,120.66073333333334,31.99633333333333,8.0,79.7,,
2025-07-12 12:19:32,120.66601333333334,31.99709,8.3,82.0,,
2025-07-12 12:22:00,120.67266666666669,31.99776,8.3,83.0,,
2025-07-12 12:24:30,120.67950666666668,31.99858333333333,8.3,81.4,,
2025-07-12 12:26:30,120.68492,31.99934333333333,8.3,80.4,,
2025-07-12 12:28:30,120.69033333333331,32.00018,8.2,79.0,,
2025-07-12 12:30:30,120.69570666666668,32.00103,8.2,80.4,,
2025-07-12 12:32:30,120.70106666666666,32.00176333333334,8.3,81.4,,
2025-07-12 12:34:32,120.70658666666668,32.00240333333333,8.3,82.4,,
2025-07-12 12:36:32,120.71196,32.002986666666665,8.2,83.8,,
2025-07-12 12:38:32,120.71725333333332,32.00345333333333,8.1,84.1,,
2025-07-12 12:40:53,120.72343333333332,32.004083333333334,8.1,83.3,,
2025-07-12 12:42:59,120.72894666666669,32.00478666666667,7.7,82.0,,
2025-07-12 12:45:28,120.73501333333331,32.005446666666664,7.7,82.9,,
2025-07-12 12:47:28,120.73997333333334,32.00606,7.5,82.7,,
2025-07-12 12:49:28,120.74486666666668,32.00663,7.5,82.8,,
2025-07-12 12:51:28,120.74981333333334,32.007126666666665,7.6,83.3,,
2025-07-12 12:53:28,120.75484,32.00763333333333,7.7,82.4,,
2025-07-12 12:55:28,120.75978666666668,32.00838,7.7,78.9,,
2025-07-12 12:57:28,120.76486666666666,32.00909,7.9,84.8,,
2025-07-12 12:59:28,120.77005333333334,32.00905,8.0,94.3,,
2025-07-12 13:01:58,120.77653333333332,32.007976666666664,8.1,105.3,,
2025-07-12 13:03:58,120.78165333333334,32.00678666666666,8.0,104.3,,
2025-07-12 13:05:58,120.78676,32.00577,8.0,102.3,,
2025-07-12 13:07:59,120.79202666666669,32.00476,8.0,103.6,,
2025-07-12 13:09:59,120.79714666666666,32.00356333333333,8.1,107.8,,
2025-07-12 13:12:05,120.80241333333332,32.002,8.2,111.4,,
2025-07-12 13:14:05,120.8074,32.00028666666667,8.2,113.4,,
2025-07-12 13:16:05,120.81230666666669,31.998293333333333,8.4,116.5,,
2025-07-12 13:18:05,120.81724,31.996186666666667,8.5,117.7,,
2025-07-12 13:20:05,120.82213333333333,31.993866666666666,8.6,120.6,,
2025-07-12 13:22:05,120.82669333333334,31.990996666666668,8.7,132.3,,
2025-07-12 13:24:05,120.83085333333334,31.987596666666665,8.8,135.9,,
2025-07-12 13:26:05,120.83466666666666,31.98393,8.8,140.7,,
2025-07-12 13:28:05,120.83830666666668,31.98010333333333,8.8,141.8,,
2025-07-12 13:30:05,120.84181333333332,31.97624666666667,8.6,143.6,,
2025-07-12 13:32:08,120.84512,31.972393333333333,8.5,143.1,,
2025-07-12 13:34:29,120.84897333333332,31.967726666666668,8.4,146.7,,
2025-07-12 13:36:29,120.85188,31.96376,8.3,149.2,,
2025-07-12 13:38:30,120.85445333333334,31.959713333333333,8.4,151.9,,
2025-07-12 13:40:30,120.85706666666668,31.955496666666665,8.4,152.9,,
2025-07-12 13:42:36,120.85953333333332,31.95111333333333,8.3,156.7,,
2025-07-12 13:44:47,120.86178333333334,31.946416666666668,8.2,158.1,,
2025-07-12 13:46:59,120.86410666666669,31.941886666666665,7.9,154.7,,
2025-07-12 13:48:59,120.86605333333333,31.93779333333333,8.0,160.5,,
2025-07-12 13:51:05,120.86789333333331,31.933446666666665,7.8,161.4,,
2025-07-12 13:53:05,120.86942666666668,31.92933333333333,7.7,161.8,,
2025-07-12 13:55:32,120.87138666666668,31.924443333333333,7.5,160.6,,
2025-07-12 13:57:35,120.87308,31.92034,7.5,162.2,,
2025-07-12 13:59:35,120.8746,31.916373333333333,7.4,160.9,,
2025-07-12 14:01:41,120.87630666666666,31.91227,7.4,162.7,,
2025-07-12 14:03:41,120.87754666666666,31.90823333333333,7.5,167.8,,
2025-07-12 14:05:48,120.87861333333332,31.903866666666666,7.5,168.2,,
2025-07-12 14:07:48,120.87965333333334,31.89978333333333,7.5,166.4,,
2025-07-12 14:09:48,120.88088,31.89573,7.5,165.1,,
2025-07-12 14:11:48,120.88206666666666,31.891636666666667,7.6,167.6,,
2025-07-12 14:13:48,120.88305333333334,31.88748333333333,7.6,169.9,,
2025-07-12 14:15:48,120.88396,31.883326666666665,7.6,169.7,,
2025-07-12 14:17:48,120.88484,31.87914,7.6,170.0,,
2025-07-12 14:19:48,120.88572,31.87493333333333,7.7,168.7,,
2025-07-12 14:21:48,120.88678666666668,31.870753333333333,7.6,166.7,,
2025-07-12 14:24:31,120.88845333333332,31.86518333333333,7.6,166.5,,
2025-07-12 14:26:31,120.88966666666668,31.86102,7.7,164.4,,
2025-07-12 14:28:31,120.89104,31.856886666666668,7.7,163.6,,
2025-07-12 14:31:01,120.89292,31.85171,7.7,164.0,,
2025-07-12 14:33:01,120.89438666666666,31.847463333333334,7.9,161.5,,
2025-07-12 14:35:18,120.8964,31.84267,8.5,154.2,,
2025-07-12 14:37:18,120.89861333333332,31.83843333333333,8.4,156.9,,
2025-07-12 14:39:18,120.90072,31.834066666666665,8.5,158.2,,
2025-07-12 14:42:31,120.9044,31.826946666666668,8.8,154.3,,
2025-07-12 14:44:31,120.907,31.822496666666662,8.5,155.2,,
2025-07-12 14:46:48,120.90988,31.818006666666665,7.6,150.1,,
2025-07-12 14:48:48,120.91236,31.81438,7.5,148.3,,
2025-07-12 14:50:50,120.91498333333334,31.810766666666662,7.5,151.1,,
2025-07-12 14:53:01,120.91772,31.806743333333333,7.7,148.5,,
2025-07-12 14:55:01,120.92036,31.803066666666663,7.7,148.7,,
2025-07-12 14:57:18,120.92358666666668,31.798886666666668,7.9,144.1,,
2025-07-12 14:59:18,120.92662666666666,31.79532333333333,7.9,142.4,,
2025-07-12 15:01:18,120.92977333333332,31.79188,7.7,142.7,,
2025-07-12 15:03:31,120.93325333333334,31.78833333333333,7.3,135.0,,
2025-07-12 15:06:01,120.93777333333334,31.784966666666666,7.2,127.5,,
2025-07-12 15:08:18,120.94210666666666,31.782063333333333,7.4,126.8,,
2025-07-13 21:11:46,121.02977333333334,31.78500333333333,2.7,283.4,,
2025-07-13 21:15:52,121.02836666666668,31.786483333333333,1.6,355.2,,
2025-07-13 21:48:13,121.02866666666668,31.78868333333333,0.0,19.5,,
2025-07-13 22:21:17,121.02868333333332,31.78868333333333,0.0,19.5,,
2025-07-13 22:51:21,121.02869333333334,31.788686666666667,0.0,27.4,,
2025-07-13 23:22:13,121.02868333333332,31.7887,0.0,19.5,,
2025-07-13 23:52:23,121.02868333333332,31.788716666666662,0.0,19.5,,
2025-07-14 00:22:32,121.02868333333332,31.7887,0.0,19.5,,
2025-07-14 00:53:22,121.02865333333334,31.788716666666662,0.0,27.4,,
2025-07-14 01:15:01,121.02936,31.788586666666667,1.7,19.5,,
2025-07-14 03:47:35,121.00396,31.78044333333333,2.2,283.9,,
2025-07-14 03:50:37,121.00194666666668,31.780653333333333,2.1,278.1,,
2025-07-14 03:53:59,120.99950666666666,31.78100333333333,2.3,275.3,,
2025-07-14 03:57:55,120.9964,31.781266666666667,2.5,266.9,,
2025-07-14 04:01:07,120.99405333333333,31.78145,2.2,279.7,,
2025-07-14 04:05:07,120.99144,31.78199333333333,2.0,276.5,,
2025-07-14 04:08:07,120.98941333333332,31.782243333333334,2.0,279.5,,
2025-07-14 04:12:07,120.98661333333334,31.782326666666663,2.1,269.8,,
2025-07-14 04:15:07,120.98442666666666,31.782416666666663,2.3,273.8,,
2025-07-14 04:18:07,120.98208,31.782526666666666,2.4,271.4,,
2025-07-14 04:21:07,120.97953333333334,31.782533333333333,2.7,270.4,,
2025-07-14 04:24:07,120.97674666666668,31.782386666666667,2.8,268.0,,
2025-07-14 04:27:07,120.97385333333334,31.782406666666667,3.1,271.6,,
2025-07-14 04:30:07,120.97086666666668,31.782556666666668,3.1,272.5,,
2025-07-14 04:33:07,120.96770666666669,31.78272,3.1,277.2,,
2025-07-14 04:36:07,120.96470666666669,31.783183333333334,2.9,287.7,,
2025-07-14 04:39:07,120.96196,31.784053333333333,3.0,293.2,,
2025-07-14 04:42:07,120.95922666666668,31.785,3.1,290.4,,
2025-07-14 04:46:50,120.95513333333334,31.78683,2.9,297.8,,
2025-07-14 04:53:37,120.9496,31.789646666666663,2.9,300.4,,
2025-07-14 04:56:37,120.94748,31.791106666666668,2.6,308.2,,
2025-07-14 04:59:37,120.94548,31.79258,2.8,312.8,,
2025-07-14 05:05:49,120.94176,31.796386666666667,2.8,321.2,,
2025-07-14 05:08:49,120.94006666666668,31.798313333333333,2.9,324.6,,
2025-07-14 05:12:07,120.93785,31.80033333333333,3.0,311.2,,
2025-07-14 05:15:19,120.93549333333333,31.802056666666665,3.0,323.7,,
2025-07-14 05:18:19,120.93344,31.80396,3.1,316.5,,
2025-07-14 05:21:19,120.93108,31.805876666666663,3.4,314.4,,
2025-07-14 05:24:19,120.92872,31.807973333333333,3.5,316.5,,
2025-07-14 05:29:45,120.92478666666666,31.81204333333333,3.4,324.2,,
2025-07-14 05:33:51,120.92162666666668,31.815113333333333,3.8,320.4,,
2025-07-14 05:38:38,120.91818333333332,31.81935,4.1,326.8,,
2025-07-14 05:41:40,120.91566666666668,31.822296666666663,4.4,318.6,,
2025-07-14 05:44:40,120.91286666666667,31.82523,4.4,313.9,,
2025-07-14 05:50:10,120.90922666666668,31.831116666666667,4.4,341.9,,
2025-07-14 05:55:40,120.90618666666668,31.83791666666667,5.0,338.3,,
2025-07-14 05:58:51,120.90425333333332,31.842123333333333,5.1,342.3,,
2025-07-14 06:01:51,120.90273333333332,31.84630333333333,5.3,343.0,,
2025-07-14 06:04:51,120.9012,31.85059333333333,5.4,341.5,,
2025-07-14 06:07:51,120.89978666666669,31.854986666666665,5.4,346.0,,
2025-07-14 06:10:51,120.89825333333332,31.85934,5.3,345.4,,
2025-07-14 06:13:51,120.89698666666666,31.86368,5.3,349.8,,
2025-07-14 06:16:51,120.89605333333331,31.868033333333333,5.2,350.0,,
2025-07-14 06:20:10,120.89517333333332,31.87285333333333,5.2,351.6,,
2025-07-14 06:23:10,120.89450666666669,31.877256666666668,5.3,354.2,,
2025-07-14 06:26:10,120.89384,31.881776666666667,5.4,349.3,,
2025-07-14 06:29:10,120.89250666666666,31.886063333333333,5.2,343.0,,
2025-07-14 06:32:11,120.89092,31.89032333333333,5.3,343.4,,
2025-07-14 06:35:21,120.88929333333331,31.894856666666666,5.2,344.1,,
2025-07-14 06:38:21,120.88788,31.89898,5.2,345.2,,
2025-07-14 06:41:21,120.88634666666668,31.90320333333333,5.4,341.2,,
2025-07-14 06:44:21,120.88452,31.907523333333334,5.5,340.3,,
2025-07-14 06:47:40,120.88266666666668,31.9124,5.5,340.4,,
2025-07-14 06:50:40,120.88088,31.91683,5.6,342.9,,
2025-07-14 06:53:40,120.87909333333332,31.921326666666666,5.6,339.3,,
2025-07-14 06:56:40,120.87705333333334,31.92578,5.7,340.0,,
2025-07-14 06:59:40,120.87504,31.930253333333333,5.7,337.7,,
2025-07-14 07:02:40,120.87277333333331,31.934596666666668,5.6,336.8,,
2025-07-14 07:05:40,120.87062666666668,31.93914,5.9,336.1,,
2025-07-14 07:07:40,120.86921333333332,31.94223333333333,6.0,340.6,,
2025-07-14 07:09:40,120.86794666666668,31.945453333333333,6.0,342.0,,
2025-07-14 07:12:40,120.86582666666666,31.949996666666667,5.6,335.2,,
2025-07-14 07:15:40,120.86348,31.953913333333333,5.0,336.7,,
2025-07-14 07:18:40,120.86177333333332,31.958066666666667,5.2,345.2,,
2025-07-14 07:21:40,120.85997333333331,31.96204,5.1,334.1,,
2025-07-14 07:24:40,120.8584,31.96613,5.3,343.7,,
2025-07-14 07:27:40,120.8558,31.97028,5.9,322.6,,
2025-07-14 07:29:40,120.85332,31.972946666666665,6.3,323.2,,
2025-07-14 07:31:40,120.85072,31.975696666666668,6.2,322.1,,
2025-07-14 07:33:40,120.84828,31.97846333333333,6.2,323.0,,
2025-07-14 07:35:40,120.84564,31.98126333333333,6.5,318.9,,
2025-07-14 07:37:41,120.84278666666668,31.98397,6.6,316.0,,
2025-07-14 07:39:45,120.83930666666669,31.986536666666662,6.8,305.5,,
2025-07-14 07:41:45,120.8356,31.988686666666663,6.7,305.4,,
2025-07-14 07:44:05,120.83169333333332,31.991416666666662,6.3,313.5,,
2025-07-14 07:46:35,120.82804,31.99458,6.4,315.3,,
2025-07-14 07:48:35,120.82497333333332,31.997,6.4,308.9,,
2025-07-14 07:50:35,120.82165333333332,31.999313333333333,6.5,308.6,,
2025-07-14 07:52:35,120.81833333333331,32.00165666666667,6.6,311.9,,
2025-07-14 07:54:35,120.81508,32.004063333333335,6.5,308.9,,
2025-07-14 07:56:35,120.81177333333332,32.00629,6.4,309.7,,
2025-07-14 07:58:35,120.80846666666666,32.00848,6.3,300.9,,
2025-07-14 08:00:35,120.80482666666668,32.01009666666667,6.2,295.2,,
2025-07-14 08:02:35,120.80112,32.01137666666666,6.0,289.1,,
2025-07-14 08:04:35,120.79736,32.012393333333335,6.0,287.2,,
2025-07-14 08:07:35,120.79173333333334,32.0138,5.9,283.3,,
2025-07-14 08:10:35,120.786,32.01447,5.9,273.7,,
2025-07-14 08:13:35,120.78018666666668,32.014743333333335,5.8,272.9,,
2025-07-14 08:16:40,120.77437333333332,32.01498,5.6,272.0,,
2025-07-14 08:19:40,120.76876,32.015343333333334,5.8,276.3,,
2025-07-14 08:23:05,120.76224,32.01556333333333,5.9,268.1,,
2025-07-14 08:26:13,120.75611666666668,32.01521666666667,5.9,265.8,,
2025-07-14 08:29:35,120.74965333333331,32.01476,5.9,266.3,,
2025-07-14 08:32:40,120.74368,32.014426666666665,5.9,267.1,,
2025-07-14 08:35:05,120.73895,32.01415,6.0,265.8,,
2025-07-14 08:37:05,120.735,32.013873333333336,6.1,264.5,,
2025-07-14 08:39:10,120.73084,32.01350333333333,6.1,263.6,,
2025-07-14 08:41:10,120.7268,32.013153333333335,6.2,263.9,,
2025-07-14 08:43:15,120.72254666666667,32.012793333333335,6.2,263.7,,
2025-07-14 08:45:15,120.71846666666669,32.01233666666667,6.3,261.7,,
2025-07-14 08:48:10,120.71253333333334,32.011336666666665,6.3,255.5,,
2025-07-14 08:50:10,120.7084,32.01054666666667,6.4,258.7,,
2025-07-14 08:52:15,120.70406666666666,32.00979,6.5,258.1,,
2025-07-14 08:55:35,120.6971,32.00845,6.6,257.1,,
2025-07-14 08:57:50,120.69235,32.0074,6.7,254.3,,
2025-07-14 09:00:10,120.68737333333333,32.00632,6.8,257.1,,
2025-07-14 09:02:10,120.68297333333334,32.00555333333333,6.8,257.8,,
2025-07-14 09:04:10,120.67861333333332,32.00460666666667,6.8,252.7,,
2025-07-14 09:06:10,120.67432,32.003503333333335,6.8,256.5,,
2025-07-14 09:08:10,120.66994666666666,32.00271,6.7,260.7,,
2025-07-14 09:10:45,120.66437333333332,32.00191,6.7,259.6,,
2025-07-14 09:14:04,120.65705333333334,32.00077,6.8,260.5,,
2025-07-14 09:17:15,120.64994666666666,32.00002666666666,6.9,268.3,,
2025-07-14 09:19:34,120.64468,31.999816666666668,6.8,265.6,,
2025-07-14 09:22:15,120.63882666666667,31.999546666666667,6.5,272.1,,
2025-07-14 09:26:28,120.63021666666668,32.001533333333334,6.5,291.3,,
2025-07-14 09:29:15,120.62461333333331,32.00306333333333,6.4,281.0,,
2025-07-14 09:31:45,120.61942666666668,32.00369333333333,6.3,276.7,,
2025-07-14 09:34:15,120.61441333333332,32.00445333333333,6.0,291.3,,
2025-07-14 09:36:15,120.61096,32.006006666666664,6.0,301.0,,
2025-07-14 09:39:15,120.60570666666666,32.00863666666667,6.3,299.4,,
2025-07-14 09:41:15,120.60213333333331,32.01044,6.4,302.7,,
2025-07-14 09:43:15,120.59865333333332,32.012436666666666,6.4,304.5,,
2025-07-14 09:45:34,120.59465333333333,32.01489,6.3,308.3,,
2025-07-14 09:47:35,120.59150666666666,32.01718,6.3,312.9,,
2025-07-14 09:50:40,120.58708333333334,32.02075,5.8,308.8,,
2025-07-14 09:54:34,120.58188,32.02505,5.5,320.0,,
2025-07-14 09:58:45,120.57709333333334,32.029963333333335,5.5,325.8,,
2025-07-14 10:01:45,120.57368,32.03361,5.5,324.3,,
2025-07-14 10:04:45,120.57041333333332,32.03741,5.6,323.1,,
2025-07-14 10:07:45,120.56718666666669,32.04117333333333,5.4,312.8,,
2025-07-14 10:10:45,120.56332,32.04458,5.9,316.9,,
2025-07-14 10:14:04,120.55826666666668,32.048033333333336,5.9,301.5,,
2025-07-14 10:17:04,120.55364,32.05084333333333,5.5,309.3,,
2025-07-14 10:20:04,120.54908,32.053473333333336,5.6,304.7,,
2025-07-14 10:23:34,120.54358666666668,32.0566,5.8,307.3,,
2025-07-14 10:25:34,120.54038666666666,32.05848666666667,6.0,300.2,,
2025-07-14 10:28:34,120.53598666666667,32.061613333333334,5.9,312.2,,
2025-07-14 10:30:59,120.53244,32.06422333333333,6.0,306.8,,
2025-07-14 10:34:29,120.52690666666666,32.06749666666666,5.6,304.4,,
2025-07-14 10:37:59,120.52132,32.07024666666667,5.6,294.7,,
2025-07-14 10:41:20,120.51533333333332,32.071583333333336,5.8,281.4,,
2025-07-14 10:44:34,120.50929333333332,32.07251333333333,5.6,280.1,,
2025-07-14 10:47:34,120.50382666666668,32.07307333333333,5.5,274.4,,
2025-07-14 10:51:37,120.49653333333332,32.07313333333333,5.5,265.7,,
2025-07-14 10:55:06,120.49044,32.07297666666667,5.2,271.1,,
2025-07-14 10:58:24,120.48488,32.072723333333336,5.0,261.5,,
2025-07-14 11:01:36,120.47964,32.07196666666667,5.1,259.4,,
2025-07-14 11:04:37,120.47472,32.07093666666667,5.2,251.2,,
2025-07-14 11:07:54,120.4694,32.069516666666665,5.0,258.3,,
2025-07-14 11:10:54,120.46454666666666,32.06875,5.0,254.3,,
2025-07-14 11:13:54,120.45982666666669,32.06731666666666,5.1,245.0,,
2025-07-14 11:17:06,120.45502666666668,32.065326666666664,5.0,244.4,,
2025-07-14 11:20:06,120.45057333333334,32.06353333333333,5.0,247.9,,
2025-07-14 11:23:36,120.44533333333334,32.061386666666664,5.1,238.6,,
2025-07-14 11:26:36,120.44092,32.05907333333333,5.3,234.6,,
2025-07-14 11:29:36,120.43676,32.05639,5.3,231.1,,
2025-07-14 11:33:06,120.43208,32.05328,5.0,229.7,,
2025-07-14 11:36:06,120.42850666666666,32.05042666666667,5.0,225.4,,
2025-07-14 11:39:06,120.42489333333332,32.04773,4.8,231.5,,
2025-07-14 11:42:06,120.42116,32.04514,4.9,232.9,,
2025-07-14 11:45:24,120.417,32.04217666666667,4.9,226.2,,
2025-07-14 11:48:24,120.4136,32.03919333333333,4.9,222.3,,
2025-07-14 11:51:36,120.41017333333332,32.035936666666665,4.9,224.5,,
2025-07-14 11:54:54,120.40653333333331,32.03258666666667,5.0,224.8,,
2025-07-14 11:57:54,120.40296,32.02964,5.0,226.6,,
2025-07-14 12:00:54,120.39937333333332,32.02688666666667,4.8,230.4,,
2025-07-14 12:03:54,120.39578666666668,32.024226666666664,4.8,227.0,,
2025-07-14 12:06:54,120.39210666666666,32.021613333333335,4.9,232.5,,
2025-07-14 12:09:54,120.38830666666668,32.01912333333333,4.8,233.9,,
2025-07-14 12:12:54,120.38448,32.01674,4.8,234.0,,
2025-07-14 12:16:00,120.38078333333333,32.01408333333333,4.7,230.2,,
2025-07-14 12:19:11,120.37705333333334,32.01139333333333,4.7,230.2,,
2025-07-14 12:22:11,120.37358666666668,32.008833333333335,4.7,228.7,,
2025-07-14 12:25:11,120.37022666666668,32.00617,4.6,227.2,,
2025-07-14 12:28:11,120.36685333333334,32.00354,4.7,226.8,,
2025-07-14 12:31:11,120.36344,32.0009,4.7,228.1,,
2025-07-14 12:34:11,120.35998666666669,31.998326666666667,4.7,230.7,,
2025-07-14 12:37:11,120.35634666666668,31.995946666666665,4.7,231.6,,
2025-07-14 12:40:11,120.35277333333332,31.993496666666665,4.6,230.8,,
2025-07-14 12:43:11,120.34945333333332,31.990866666666665,4.5,226.2,,
2025-07-14 12:46:46,120.34543333333332,31.9878,4.5,230.4,,
2025-07-14 12:49:54,120.34194666666669,31.985236666666665,4.4,229.8,,
2025-07-14 12:52:54,120.33832,31.983073333333333,4.5,235.9,,
2025-07-14 12:56:11,120.33406666666669,31.981246666666667,4.5,255.4,,
2025-07-14 12:59:11,120.32958666666669,31.98059,4.5,257.9,,
2025-07-14 13:02:11,120.32537333333332,31.97958,4.4,251.5,,
2025-07-14 13:05:11,120.32122666666666,31.97843333333333,4.3,248.6,,
2025-07-14 13:08:54,120.31654666666668,31.97632,4.1,240.6,,
2025-07-14 13:12:41,120.31214666666666,31.97404333333333,4.2,235.5,,
2025-07-14 13:15:54,120.30850666666667,31.97188,4.1,234.4,,
2025-07-14 13:18:54,120.3052,31.969843333333333,4.2,230.5,,
2025-07-14 13:21:54,120.30193333333334,31.967703333333333,4.3,236.4,,
2025-07-14 13:24:54,120.29865333333332,31.965466666666668,4.3,225.1,,
2025-07-14 13:28:15,120.295,31.962976666666663,4.1,235.5,,
2025-07-14 13:31:17,120.29164,31.96117333333333,3.9,241.1,,
2025-07-14 13:34:40,120.28758666666668,31.959496666666663,4.1,242.7,,
2025-07-14 13:37:41,120.28408,31.95778333333333,4.2,241.6,,
2025-07-14 13:41:11,120.27984,31.95574333333333,4.3,239.9,,
2025-07-14 13:44:15,120.27606666666668,31.95366,4.4,238.3,,
2025-07-14 13:47:15,120.27250666666669,31.951463333333333,4.6,231.0,,
2025-07-14 13:50:16,120.26884,31.949646666666663,4.3,245.7,,
2025-07-14 13:53:33,120.26468333333334,31.94773333333333,4.2,240.9,,
2025-07-14 13:56:40,120.26073333333332,31.946316666666668,4.0,249.5,,
2025-07-14 13:59:40,120.25698666666666,31.945173333333333,3.9,253.5,,
2025-07-14 14:02:52,120.25309333333334,31.94446333333333,3.6,259.7,,
2025-07-14 14:05:52,120.24950666666666,31.94394,3.7,260.3,,
2025-07-14 14:09:17,120.24537333333332,31.94333,3.7,254.0,,
2025-07-14 14:12:38,120.2414,31.94248333333333,3.7,256.0,,
2025-07-14 14:16:17,120.23697333333334,31.94193333333333,3.7,263.2,,
2025-07-14 14:19:17,120.23336,31.941486666666663,3.7,259.4,,
2025-07-14 14:22:17,120.22969333333332,31.941286666666667,3.6,266.5,,
2025-07-14 14:25:17,120.22604,31.94134333333333,3.7,268.2,,
2025-07-14 14:28:17,120.22236,31.941266666666667,3.7,268.8,,
2025-07-14 14:31:17,120.21877333333332,31.94117,3.4,275.3,,
2025-07-14 14:34:17,120.21538666666666,31.941513333333333,3.5,274.5,,
2025-07-14 14:37:17,120.21196,31.94166,3.3,275.5,,
2025-07-14 14:40:17,120.20866666666667,31.94190333333333,3.2,274.4,,
2025-07-14 14:43:40,120.20485333333332,31.942156666666666,3.5,277.3,,
2025-07-14 14:46:40,120.20148,31.94248333333333,3.4,289.4,,
2025-07-14 14:49:40,120.19814666666667,31.94309,3.5,275.1,,
2025-07-14 14:52:40,120.19458666666668,31.943283333333333,3.7,275.8,,
2025-07-14 14:55:40,120.19094666666666,31.94346,3.7,271.0,,
2025-07-14 14:58:47,120.18710666666666,31.943666666666665,3.8,274.9,,
2025-07-14 15:02:10,120.18305333333332,31.94388,3.6,280.1,,
2025-07-14 15:05:10,120.17945333333331,31.94456,3.7,280.0,,
2025-07-14 15:08:10,120.17573333333333,31.944993333333333,3.8,278.4,,
2025-07-14 15:11:10,120.17204,31.94539333333333,3.6,274.2,,
2025-07-14 15:14:17,120.16837333333334,31.94603333333333,3.6,281.6,,
2025-07-14 15:17:17,120.16465333333332,31.94672333333333,3.9,281.4,,
2025-07-14 15:20:17,120.1608,31.94738333333333,4.0,280.4,,
2025-07-14 15:23:17,120.15690666666669,31.94785333333333,3.9,282.5,,
2025-07-14 15:26:17,120.15316,31.948636666666665,3.9,281.6,,
2025-07-14 15:29:17,120.14929333333332,31.948896666666663,3.7,280.1,,
2025-07-14 15:32:40,120.14533333333334,31.949666666666666,3.7,273.5,,
2025-07-14 15:35:40,120.14176,31.950143333333333,3.6,281.8,,
2025-07-14 15:38:47,120.13809333333332,31.95071666666667,3.5,276.9,,
2025-07-14 15:41:47,120.13465333333332,31.95147,3.7,281.6,,
2025-07-14 15:44:47,120.13094666666667,31.95212666666667,3.8,283.3,,
2025-07-14 15:47:47,120.12725333333331,31.952986666666668,3.9,289.0,,
2025-07-14 15:50:52,120.12334666666666,31.953866666666663,4.0,284.2,,
2025-07-14 15:53:52,120.11989333333334,31.95485,3.7,293.5,,
2025-07-14 15:57:17,120.11572,31.955906666666667,3.9,281.7,,
2025-07-14 16:00:47,120.11132,31.95688,4.0,282.2,,
2025-07-14 16:03:47,120.10757333333332,31.95754,3.7,283.4,,
2025-07-14 16:06:47,120.10386666666666,31.95813,3.8,277.4,,
2025-07-14 16:09:47,120.10010666666666,31.958746666666663,3.9,285.4,,
2025-07-14 16:12:47,120.09654666666668,31.9595,3.6,282.2,,
2025-07-14 16:15:52,120.09316,31.96026,3.4,277.5,,
2025-07-14 16:18:52,120.08985333333334,31.96078333333333,3.4,283.2,,
2025-07-14 16:21:56,120.08638333333332,31.961216666666665,3.4,278.6,,
2025-07-14 16:25:17,120.08262666666668,31.961773333333333,3.5,285.0,,
2025-07-14 16:28:17,120.07924,31.962496666666667,3.5,283.8,,
2025-07-14 16:31:17,120.07582666666669,31.96313333333333,3.5,279.7,,
2025-07-14 16:34:17,120.07238666666667,31.96355,3.3,275.6,,
2025-07-14 16:37:23,120.069,31.964043333333333,3.3,281.8,,
2025-07-14 16:40:23,120.06576,31.96463333333333,3.2,282.3,,
2025-07-14 16:43:23,120.06257333333332,31.965306666666667,3.3,278.6,,
2025-07-14 16:46:23,120.05945333333334,31.965976666666663,3.2,283.9,,
2025-07-14 16:49:23,120.05637333333334,31.966586666666668,3.2,283.8,,
2025-07-14 16:52:23,120.05314666666666,31.96726333333333,3.3,283.1,,
2025-07-14 16:55:52,120.04954666666669,31.96817666666667,3.3,289.4,,
2025-07-14 16:58:52,120.0464,31.96907333333333,3.5,288.5,,
2025-07-14 17:01:52,120.04313333333332,31.97005,3.4,287.7,,
2025-07-14 17:04:52,120.03985333333334,31.97104,3.6,290.9,,
2025-07-14 17:07:52,120.03644,31.97220666666667,3.7,291.9,,
2025-07-14 17:10:52,120.03304,31.973356666666668,3.6,290.4,,
2025-07-14 17:13:52,120.02982666666666,31.97456333333333,3.6,292.1,,
2025-07-14 17:16:52,120.02650666666666,31.975683333333333,3.5,295.9,,
2025-07-14 17:19:52,120.02350666666666,31.977153333333334,3.5,302.6,,
2025-07-14 17:22:52,120.02068,31.978873333333333,3.6,304.8,,
2025-07-14 17:25:52,120.01768,31.9805,3.6,301.6,,
2025-07-14 17:28:52,120.01466666666668,31.982153333333333,3.6,298.9,,
2025-07-14 17:31:52,120.01161333333332,31.983723333333334,3.6,302.9,,
2025-07-14 17:34:52,120.00850666666666,31.98533,3.7,300.2,,
2025-07-14 17:37:52,120.00546666666666,31.987106666666666,3.8,304.7,,
2025-07-14 17:40:52,120.00248,31.98897333333333,3.7,305.2,,
2025-07-14 17:43:52,119.99950666666666,31.99072,3.5,307.8,,
2025-07-14 17:46:52,119.99676,31.99252333333333,3.4,306.6,,
2025-07-14 17:49:52,119.99406666666668,31.99432333333333,3.5,305.7,,
2025-07-14 17:52:52,119.99134666666669,31.99626,3.6,311.6,,
2025-07-14 17:55:52,119.9886,31.998283333333333,3.7,309.5,,
2025-07-14 17:58:52,119.98561333333332,32.000256666666665,3.7,309.9,,
2025-07-14 18:01:52,119.98270666666669,32.00197,3.3,305.5,,
2025-07-14 18:04:52,119.98042666666667,32.003656666666664,2.9,313.7,,
2025-07-14 18:07:52,119.97829333333334,32.00533333333333,2.9,312.0,,
2025-07-14 18:10:52,119.97618666666666,32.00703333333333,2.9,310.3,,
2025-07-14 18:13:52,119.97394666666666,32.008606666666665,2.9,311.1,,
2025-07-14 18:16:52,119.97182666666669,32.01025666666666,2.9,316.8,,
2025-07-14 18:19:52,119.96992,32.01206333333333,2.8,320.1,,
2025-07-14 18:22:52,119.96810666666669,32.01392333333333,2.8,321.3,,
2025-07-14 18:25:52,119.9664,32.01588,2.9,320.9,,
2025-07-14 18:28:52,119.96442666666668,32.017693333333334,2.9,317.4,,
2025-07-14 18:31:52,119.96268,32.01962666666667,2.8,322.4,,
2025-07-14 18:34:52,119.96092,32.021523333333334,2.9,317.1,,
2025-07-14 18:37:52,119.95894666666666,32.02332333333333,2.9,321.6,,
2025-07-14 18:40:52,119.95726666666668,32.025263333333335,2.9,322.5,,
2025-07-14 18:43:52,119.95569333333331,32.02733,2.9,327.0,,
2025-07-14 18:46:52,119.95402666666666,32.02938,2.9,322.1,,
2025-07-14 18:50:21,119.95224,32.03187333333333,2.9,336.5,,
2025-07-14 18:53:21,119.95094666666668,32.03418,3.1,330.1,,
2025-07-14 18:56:35,119.94941333333334,32.03670666666667,3.1,332.5,,
2025-07-14 19:00:16,119.94749333333333,32.03961666666667,3.1,328.6,,
2025-07-14 19:03:35,119.94593333333331,32.042186666666666,3.1,334.3,,
2025-07-14 19:06:47,119.9446,32.0448,3.2,335.1,,
2025-07-14 19:09:47,119.94316,32.04724,3.3,331.0,,
2025-07-14 19:12:47,119.94158666666668,32.04967,3.3,332.8,,
2025-07-14 19:15:47,119.94028,32.052193333333335,3.3,332.8,,
2025-07-14 19:19:17,119.93889333333334,32.05522666666667,3.3,334.9,,
2025-07-14 19:22:17,119.93748,32.05772,3.3,340.9,,
2025-07-14 19:25:47,119.93636,32.06043,3.3,343.7,,
2025-07-14 19:28:47,119.93542666666669,32.06369,3.4,350.6,,
2025-07-14 19:31:47,119.93476,32.06641,3.3,340.2,,
2025-07-14 19:34:53,119.934,32.068216666666665,3.3,345.8,,
2025-07-14 19:38:22,119.93268,32.07125,3.4,337.6,,
2025-07-14 19:41:36,119.93111666666668,32.07523333333334,3.5,344.8,,
2025-07-14 19:45:08,119.93028,32.077776666666665,3.5,342.8,,
2025-07-14 19:48:16,119.9292,32.081603333333334,3.6,348.4,,
2025-07-14 19:51:17,119.92874666666668,32.083643333333335,3.7,348.1,,
2025-07-14 19:54:39,119.92781333333332,32.08721666666667,3.7,346.3,,
2025-07-14 19:57:46,119.92652,32.09137666666667,3.8,340.1,,
2025-07-14 20:00:56,119.92578666666668,32.09347,3.8,343.7,,
2025-07-14 20:04:08,119.92421333333331,32.09806666666667,3.9,346.4,,
2025-07-14 20:07:17,119.92371666666666,32.101565,4.0,354.2,,
2025-07-14 20:10:57,119.92322666666666,32.10491666666667,4.1,352.9,,
2025-07-14 20:14:06,119.92286666666666,32.10745,4.1,351.9,,
2025-07-14 20:17:08,119.92152,32.11174,4.2,339.4,,
2025-07-14 20:20:22,119.92006666666668,32.1148,4.2,339.5,,
2025-07-14 20:23:23,119.91802666666666,32.11958333333333,4.2,340.0,,
2025-07-14 20:26:34,119.91697333333332,32.12244666666667,4.2,346.6,,
2025-07-14 20:29:53,119.91564,32.12700666666667,4.1,346.4,,
2025-07-14 20:32:58,119.91497333333334,32.12911666666667,4.0,346.7,,
2025-07-14 20:35:58,119.91421333333334,32.13199,4.0,347.5,,
2025-07-14 20:39:23,119.91268,32.13761,4.2,345.3,,
2025-07-14 20:43:04,119.91210666666667,32.139813333333336,4.2,352.4,,
2025-07-14 20:46:16,119.91096,32.14576666666667,4.4,349.6,,
2025-07-14 20:49:34,119.91057333333332,32.14823666666667,4.5,355.0,,
2025-07-14 20:52:45,119.91022666666667,32.15199666666667,4.5,357.2,,
2025-07-14 20:56:00,119.90982666666666,32.15648,4.7,353.7,,
2025-07-14 20:59:17,119.90889333333334,32.162596666666666,5.3,350.5,,
2025-07-14 21:02:17,119.90857333333334,32.164226666666664,5.3,347.6,,
2025-07-14 21:05:23,119.90688,32.171686666666666,5.5,352.5,,
2025-07-14 21:09:22,119.90646666666666,32.17455666666667,5.4,353.1,,
2025-07-14 21:12:23,119.90514666666668,32.18203666666667,5.2,347.4,,
2025-07-14 21:15:53,119.90422666666667,32.18705,5.1,353.1,,
2025-07-14 21:19:16,119.90382666666666,32.19198333333333,5.3,356.2,,
2025-07-14 21:22:39,119.90370666666666,32.19361,5.3,356.6,,
2025-07-14 21:25:53,119.90136,32.20173333333334,5.5,340.2,,
2025-07-14 21:29:16,119.89916,32.20657,5.4,340.3,,
2025-07-14 21:32:16,119.89757333333333,32.21088,5.4,345.0,,
2025-07-14 21:35:24,119.89656666666669,32.21543166666667,5.3,351.9,,
2025-07-14 21:38:30,119.89561333333332,32.22006666666667,5.5,346.2,,
2025-07-14 21:41:31,119.89512,32.22157333333333,5.6,343.0,,
2025-07-14 21:44:46,119.89202666666668,32.22951,5.6,335.8,,
2025-07-14 21:47:46,119.88974666666668,32.233826666666666,5.6,339.0,,
2025-07-14 21:50:46,119.88770666666667,32.23827,5.7,338.5,,
2025-07-15 00:38:37,119.67721333333331,32.2387,6.0,198.2,,
2025-07-15 00:40:37,119.676,32.235413333333334,6.3,194.6,,
2025-07-15 00:42:37,119.67478666666666,32.232063333333336,6.1,199.3,,
2025-07-15 00:45:37,119.67246666666666,32.227473333333336,5.7,206.4,,
2025-07-15 00:49:07,119.66917333333332,32.22264,5.6,210.4,,
2025-07-15 00:52:08,119.66618666666666,32.218606666666666,5.7,216.6,,
2025-07-15 00:55:12,119.66276,32.214576666666666,5.8,217.2,,
2025-07-15 00:58:19,119.65893333333334,32.21098333333333,5.4,224.8,,
2025-07-15 01:01:44,119.6544,32.20755,5.3,234.6,,
2025-07-15 01:04:48,119.64990666666668,32.20514333333333,5.2,241.0,,
2025-07-15 01:07:49,119.64526666666669,32.20327,5.1,246.1,,
2025-07-15 01:11:07,119.64006666666668,32.20127,5.2,244.5,,
2025-07-15 01:14:20,119.6349,32.199533333333335,5.3,251.3,,
2025-07-15 01:17:37,119.62934666666666,32.19783666666667,5.4,249.9,,
2025-07-15 01:20:40,119.6244,32.19625333333333,5.1,253.2,,
2025-07-15 01:23:40,119.61968,32.19479,5.1,252.2,,
2025-07-15 01:26:40,119.61452,32.193823333333334,5.4,258.5,,
2025-07-15 01:29:40,119.60937333333334,32.19317,5.1,262.5,,
2025-07-15 01:32:40,119.60431666666666,32.192616666666666,5.1,262.6,,
2025-07-15 01:36:10,119.59852,32.19209,5.0,266.5,,
2025-07-15 01:39:10,119.59361333333334,32.19172666666667,5.0,264.2,,
2025-07-15 01:42:25,119.58836,32.191266666666664,4.9,263.8,,
2025-07-15 01:45:40,119.5832,32.19079333333333,5.0,263.5,,
2025-07-15 01:48:46,119.57808333333334,32.190615,5.0,275.2,,
2025-07-15 01:51:55,119.57306666666666,32.19149,4.9,284.5,,
2025-07-15 01:54:55,119.56828,32.19241,4.8,280.6,,
2025-07-15 01:57:55,119.56384,32.19365,4.7,294.8,,
2025-07-15 02:00:55,119.55956,32.195193333333336,4.7,292.9,,
2025-07-15 02:03:55,119.55569333333334,32.197226666666666,4.5,311.9,,
2025-07-15 02:07:07,119.55338333333331,32.20056666666667,4.4,338.4,,
2025-07-15 02:10:10,119.55273333333334,32.20436333333333,4.6,355.4,,
2025-07-15 02:13:54,119.55244,32.209203333333335,4.8,2.5,,
2025-07-15 02:16:54,119.55236,32.21326666666667,4.8,357.4,,
2025-07-15 02:19:54,119.55201333333332,32.21741333333333,5.0,354.1,,
2025-07-15 02:22:54,119.55153333333334,32.22167666666667,5.1,0.9,,
2025-07-15 02:25:54,119.55176,32.22598,5.1,2.2,,
2025-07-15 02:28:54,119.55206666666666,32.23019,4.7,356.4,,
2025-07-15 02:31:54,119.55105333333331,32.233806666666666,4.3,330.3,,
2025-07-15 02:34:54,119.54830666666666,32.23652666666667,4.3,309.6,,
2025-07-15 02:37:54,119.54462666666667,32.238483333333335,4.4,292.6,,
2025-07-15 04:45:41,119.39261333333332,32.238373333333335,4.1,217.4,,
2025-07-15 04:48:41,119.38997333333332,32.23558333333333,4.3,217.4,,
2025-07-15 04:52:17,119.3872,32.231766666666665,4.3,210.4,,
2025-07-15 04:55:25,119.38521333333334,32.22834666666667,4.2,214.5,,
2025-07-15 04:58:25,119.38241333333332,32.225856666666665,4.1,221.7,,
2025-07-15 05:01:25,119.37954666666668,32.223263333333335,4.2,220.9,,
2025-07-15 05:04:25,119.37672,32.22051666666667,4.3,225.0,,
2025-07-15 05:07:25,119.37362666666668,32.21790333333333,4.4,224.0,,
2025-07-15 05:10:25,119.37053333333331,32.21510333333333,4.6,220.6,,
2025-07-15 05:13:41,119.36730666666666,32.21206,4.4,227.2,,
2025-07-15 05:16:41,119.36432,32.20952,4.2,223.9,,
2025-07-15 05:19:41,119.36134666666666,32.207163333333334,4.0,228.4,,
2025-07-15 05:22:41,119.35808,32.20531,3.9,240.9,,
2025-07-15 05:25:41,119.35468,32.20372,3.9,237.1,,
2025-07-15 05:28:55,119.35116,32.20183333333333,3.8,240.6,,
2025-07-15 05:31:55,119.34777333333334,32.20032666666667,3.8,246.4,,
2025-07-15 05:34:55,119.34433333333334,32.19895,3.8,242.8,,
2025-07-15 05:37:58,119.34090666666668,32.19788666666667,3.6,252.8,,
2025-07-15 05:41:58,119.33654666666666,32.19665,3.5,258.3,,
2025-07-15 05:44:58,119.33308,32.19616,3.6,261.6,,
2025-07-15 05:47:58,119.32948,32.19560666666667,3.7,262.7,,
2025-07-15 05:50:58,119.32582666666669,32.19516333333333,3.6,262.3,,
2025-07-15 05:53:58,119.32238666666667,32.19458,3.5,259.4,,
2025-07-15 05:56:58,119.31870666666669,32.194156666666665,4.1,265.4,,
2025-07-15 06:00:25,119.31418666666669,32.19371666666667,3.9,267.3,,
2025-07-15 06:03:25,119.31037333333332,32.19369,3.7,270.5,,
2025-07-15 06:06:28,119.30661333333332,32.19365,3.8,271.6,,
2025-07-15 06:09:28,119.30285333333332,32.19374,3.7,270.2,,
2025-07-15 06:10:51,119.05621666666669,32.219766666666665,0.0,177.6,,
2025-07-15 06:12:28,119.29918666666669,32.193776666666665,3.6,271.7,,
2025-07-15 06:15:28,119.29558666666668,32.19389666666667,3.6,270.5,,
2025-07-15 06:18:28,119.29194666666666,32.194136666666665,3.7,276.6,,
2025-07-15 06:21:57,119.28776666666668,32.194716666666665,3.6,284.3,,
2025-07-15 06:25:28,119.28373333333332,32.19578333333333,3.6,290.3,,
2025-07-15 06:28:28,119.2804,32.19685333333334,3.6,285.9,,
2025-07-15 06:32:25,119.27602666666668,32.19811333333333,3.5,298.6,,
2025-07-15 06:35:25,119.27304,32.19959,3.5,296.3,,
2025-07-15 06:38:25,119.26992,32.20107,3.5,300.1,,
2025-07-15 06:41:25,119.26696,32.202663333333334,3.5,304.2,,
2025-07-15 06:44:25,119.26397333333334,32.20430666666667,3.6,302.8,,
2025-07-15 06:47:25,119.26093333333333,32.20578666666667,3.5,303.4,,
2025-07-15 06:50:25,119.25793333333333,32.207213333333335,3.3,303.1,,
2025-07-15 06:53:25,119.25509333333332,32.20872,3.4,304.0,,
2025-07-15 06:56:25,119.25225333333331,32.21035,3.4,304.0,,
2025-07-15 06:59:25,119.24944,32.21207,3.5,305.0,,
2025-07-15 07:02:25,119.24674666666668,32.21379,3.4,311.9,,
2025-07-15 07:05:25,119.24406666666668,32.215556666666664,3.5,308.7,,
2025-07-15 07:08:28,119.24145333333334,32.21758333333333,3.5,311.8,,
2025-07-15 07:11:28,119.23874666666669,32.21951,3.6,313.4,,
2025-07-15 07:14:28,119.23605333333332,32.22162,3.7,310.8,,
2025-07-15 07:17:46,119.23288333333332,32.2236,3.6,301.0,,
2025-07-15 07:20:54,119.22968,32.22525,3.6,302.2,,
2025-07-15 07:23:54,119.22672,32.22683333333333,3.5,308.1,,
2025-07-15 07:26:54,119.22418666666668,32.229036666666666,3.7,314.8,,
2025-07-15 07:29:58,119.22164,32.23136,3.7,318.0,,
2025-07-15 07:32:58,119.21885333333331,32.23304,3.4,294.4,,
2025-07-15 07:35:58,119.21549333333331,32.23386333333333,3.6,283.1,,
2025-07-15 07:38:58,119.212,32.23441,3.5,290.9,,
2025-07-15 07:41:58,119.20884,32.23564666666667,3.5,292.8,,
2025-07-15 07:44:58,119.20530666666669,32.236583333333336,3.9,281.9,,
2025-07-15 07:47:58,119.20148,32.23681,3.7,276.6,,
2025-07-15 07:50:58,119.19804,32.237606666666665,3.5,289.7,,
2025-07-15 07:53:58,119.19478666666669,32.23845,3.3,285.9,,
2025-07-15 07:56:58,119.19156,32.239306666666664,3.3,286.5,,
2025-07-15 08:51:06,118.82651333333334,32.161255,5.0,252.7,,
2025-07-15 10:12:24,119.07485333333334,32.239466666666665,2.6,226.6,,
2025-07-15 10:15:24,119.07310666666666,32.23777333333334,2.6,222.4,,
2025-07-15 10:18:24,119.07113333333334,32.236473333333336,2.6,240.0,,
2025-07-15 10:21:24,119.06901333333332,32.23526666666667,2.7,229.9,,
2025-07-15 10:25:01,119.06708333333331,32.23356666666667,2.1,220.0,,
2025-07-15 10:28:10,119.06570666666669,32.23201,2.6,213.9,,
2025-07-15 10:31:10,119.06410666666666,32.23023,2.4,218.6,,
2025-07-15 10:35:17,119.06266666666669,32.22813333333333,2.0,206.5,,
2025-07-15 10:38:58,119.0618,32.22708333333333,1.6,216.5,,
2025-07-15 10:42:38,119.06138333333334,32.2267,0.7,213.5,,
2025-07-15 11:12:46,119.06162666666668,32.226976666666665,0.0,208.0,,
2025-07-15 11:42:46,119.06162666666668,32.22696666666667,0.0,208.0,,
2025-07-15 12:12:46,119.06161333333333,32.22696333333333,0.1,213.5,,
2025-07-15 12:42:46,119.06161333333333,32.22694666666667,0.0,213.5,,
2025-07-15 13:12:46,119.06157333333331,32.22694666666667,0.0,213.5,,
2025-07-15 13:42:46,119.06157333333331,32.22694,0.0,213.5,,
2025-07-15 14:12:46,119.06158666666668,32.22691666666667,0.0,213.5,,
2025-07-15 14:43:36,119.06158333333332,32.226933333333335,0.0,208.0,,
2025-07-15 15:13:36,119.06157333333331,32.22694666666667,0.0,213.5,,
2025-07-15 15:43:37,119.06157333333331,32.22693666666667,0.0,213.5,,
2025-07-15 16:13:37,119.06158666666668,32.22694333333333,0.0,213.5,,
2025-07-15 16:44:54,119.06158333333332,32.22696666666667,0.0,213.5,,
2025-07-15 17:15:44,119.0616,32.22697,0.0,208.0,,
2025-07-15 17:45:44,119.06161333333333,32.22696,0.0,208.0,,
2025-07-15 18:15:44,119.06162666666668,32.226956666666666,0.0,208.0,,
2025-07-15 18:45:44,119.06161333333333,32.22696,0.0,208.0,,
2025-07-15 19:15:44,119.06162666666668,32.22696333333333,0.0,208.0,,
2025-07-15 19:45:44,119.06162666666668,32.22696666666667,0.0,208.0,,
2025-07-15 20:15:46,119.06161666666668,32.22696666666667,0.0,213.5,,
2025-07-15 20:45:55,119.06161666666668,32.22695,0.1,213.5,,
2025-07-15 21:16:26,119.06161333333333,32.22696333333333,0.0,208.0,,
2025-07-15 21:46:51,119.06161666666668,32.22695,0.0,208.0,,
2025-07-15 22:17:00,119.06163333333332,32.22695,0.0,208.0,,
2025-07-15 22:47:08,119.06161666666668,32.22696666666667,0.0,208.0,,
2025-07-15 23:17:55,119.06163333333332,32.22696666666667,0.0,208.0,,
2025-07-15 23:48:05,119.06166666666668,32.22696666666667,0.0,208.0,,
2025-07-16 00:18:14,119.06163333333332,32.22695,0.0,208.0,,
2025-07-16 00:39:33,119.06161666666668,32.22695,0.5,213.5,,
2025-07-16 00:43:13,119.06151666666666,32.22623333333333,0.5,213.5,,
2025-07-16 00:46:30,119.06161333333333,32.22382666666667,3.1,202.2,,
2025-07-16 00:49:30,119.06002666666669,32.22145,3.3,205.7,,
2025-07-16 00:52:30,119.05946666666668,32.21849,3.7,184.9,,
2025-07-16 00:55:30,119.06093333333334,32.21551,3.9,147.3,,
2025-07-16 00:58:30,119.061,32.212963333333335,3.3,197.6,,
2025-07-16 01:01:30,119.05968,32.21005,4.1,205.3,,
2025-07-16 01:04:52,119.05742666666669,32.207343333333334,3.2,222.7,,
2025-07-16 01:07:52,119.05581333333332,32.20545333333333,2.2,216.4,,
2025-07-16 01:11:00,119.05508,32.20457,0.5,204.0,,
2025-07-16 01:41:11,119.0552,32.20445333333333,0.0,220.8,,
2025-07-16 02:11:26,119.0552,32.204433333333334,0.0,220.8,,
2025-07-16 02:41:32,119.0552,32.204433333333334,0.0,220.8,,
2025-07-16 03:11:39,119.05521666666668,32.20445,0.0,220.8,,
2025-07-16 03:42:26,119.0552,32.20445,0.0,220.8,,
2025-07-16 04:13:17,119.0552,32.20446666666667,0.0,220.8,,
2025-07-16 04:43:25,119.0552,32.20446666666667,0.0,220.8,,
2025-07-16 05:13:46,119.0552,32.20443,0.0,204.0,,
2025-07-16 05:43:46,119.05518666666669,32.20443,0.0,204.0,,
2025-07-16 06:13:46,119.0552,32.204433333333334,0.0,204.0,,
2025-07-16 06:45:30,119.0552,32.20444,0.0,220.8,,
2025-07-16 07:15:30,119.05518666666669,32.20445,0.0,220.8,,
2025-07-16 07:46:11,119.05518333333332,32.20445,0.0,220.8,,
2025-07-16 08:16:46,119.05518666666669,32.20444333333333,0.0,204.0,,
2025-07-16 08:46:46,119.05518666666669,32.204433333333334,0.0,204.0,,
2025-07-16 09:10:20,119.04975166666668,32.213728333333336,0.0,168.3,,
2025-07-16 09:16:46,119.05518666666669,32.204433333333334,0.0,204.0,,
2025-07-16 09:46:46,119.0546,32.20438,1.6,254.7,,
2025-07-16 09:49:46,119.05254666666669,32.20362,2.9,241.0,,
2025-07-16 09:52:46,119.0488,32.20277333333333,4.6,273.4,,
2025-07-16 09:55:46,119.04501333333332,32.20267333333334,3.5,247.6,,
2025-07-16 09:58:46,119.04216,32.20095333333333,3.9,227.2,,
2025-07-16 10:01:46,119.03953333333334,32.198706666666666,4.1,221.5,,
2025-07-16 10:04:46,119.03681333333331,32.19627666666667,3.9,225.0,,
2025-07-16 10:07:46,119.03413333333332,32.19447666666667,3.5,234.8,,
2025-07-16 10:10:46,119.03132,32.192793333333334,3.4,236.4,,
2025-07-16 10:13:46,119.02845333333332,32.191143333333336,3.6,235.7,,
2025-07-16 10:16:46,119.02562666666668,32.1892,3.8,222.9,,
2025-07-16 10:19:46,119.02337333333334,32.18696333333333,3.4,223.0,,
2025-07-16 10:22:46,119.02086666666666,32.18517666666666,3.7,234.9,,
2025-07-16 10:25:46,119.01768,32.18340333333333,3.9,238.2,,
2025-07-16 10:28:46,119.0144,32.181916666666666,3.6,243.8,,
2025-07-16 10:31:46,119.01097333333334,32.180573333333335,3.9,242.1,,
2025-07-16 10:34:46,119.00770666666666,32.17912666666667,3.8,242.4,,
2025-07-16 10:37:46,119.00410666666669,32.17813,3.7,259.4,,
2025-07-16 10:40:46,119.00058666666666,32.17796,3.4,268.7,,
2025-07-16 10:43:46,118.99718666666666,32.17784,3.6,263.9,,
2025-07-16 10:46:46,118.99345333333332,32.17743333333333,3.7,261.2,,
2025-07-16 10:49:46,118.98986666666669,32.17693666666667,3.7,256.0,,
2025-07-16 10:52:46,118.98634666666666,32.17639,3.6,264.9,,
2025-07-16 10:55:46,118.98281333333334,32.17645,3.6,273.1,,
2025-07-16 10:58:46,118.97912,32.17661,3.8,275.2,,
2025-07-16 11:01:46,118.97542666666666,32.176903333333335,3.6,269.9,,
2025-07-16 11:04:46,118.97193333333334,32.17634666666667,3.7,259.8,,
2025-07-16 11:07:46,118.96829333333334,32.17594,3.5,270.4,,
2025-07-16 11:10:46,118.96481333333334,32.17616666666667,3.6,277.0,,
2025-07-16 11:13:46,118.9612,32.176413333333336,3.7,268.4,,
2025-07-16 11:16:46,118.95758666666669,32.17617333333333,3.6,263.7,,
2025-07-16 11:19:46,118.95408,32.17576,3.5,260.4,,
2025-07-16 11:22:46,118.95078666666669,32.175486666666664,3.2,273.4,,
2025-07-16 11:25:46,118.94762666666666,32.17602,3.3,283.1,,
2025-07-16 11:28:46,118.9444,32.17658333333333,3.4,281.2,,
2025-07-16 11:31:46,118.94108,32.17722666666667,3.5,284.0,,
2025-07-16 11:35:16,118.93738666666668,32.178,3.3,281.4,,
2025-07-16 11:38:16,118.93414666666666,32.17851,3.4,283.9,,
2025-07-16 11:41:16,118.93092,32.179413333333336,3.4,285.8,,
2025-07-16 11:44:16,118.9276,32.17988666666667,3.3,278.4,,
2025-07-16 11:47:41,118.92377333333332,32.18028,3.5,281.3,,
2025-07-16 11:50:42,118.92044,32.181133333333335,3.5,283.7,,
2025-07-16 11:53:46,118.91686666666666,32.18157333333333,3.5,271.8,,
2025-07-16 11:56:46,118.91378666666668,32.18179333333333,2.9,275.2,,
2025-07-16 11:59:46,118.91088,32.18225,3.0,280.6,,
2025-07-16 12:03:08,118.90751666666668,32.1827,3.0,281.1,,
2025-07-16 12:06:10,118.90441333333334,32.18322,3.2,279.5,,
2025-07-16 12:09:10,118.90118666666666,32.1835,3.3,270.1,,
2025-07-16 12:12:10,118.89786666666669,32.183733333333336,3.3,282.3,,
2025-07-16 12:15:10,118.89457333333333,32.184203333333336,3.6,270.6,,
2025-07-16 12:18:10,118.89101333333332,32.18402,3.5,262.8,,
2025-07-16 12:21:10,118.88764,32.18374,3.2,265.5,,
2025-07-16 12:24:10,118.88432,32.18346666666667,3.3,265.1,,
2025-07-16 12:27:10,118.88088,32.18349333333333,3.5,272.8,,
2025-07-16 12:30:10,118.87729333333333,32.18303,4.3,251.5,,
2025-07-16 12:33:10,118.87333333333332,32.18172,3.8,248.3,,
2025-07-16 12:36:10,118.87001333333332,32.18035,3.7,245.1,,
2025-07-16 12:39:10,118.86686666666668,32.17913333333333,3.2,245.0,,
2025-07-16 12:42:10,118.86401666666669,32.177933333333335,3.1,243.1,,
2025-07-16 12:45:02,119.204235,32.23650666666666,4.4,281.9,,
2025-07-16 12:45:10,118.86125333333334,32.176676666666665,3.2,239.6,,
2025-07-16 12:48:10,118.85866666666666,32.17519,3.3,236.7,,
2025-07-16 12:51:10,118.85592,32.173793333333336,3.2,236.8,,
2025-07-16 12:54:10,118.85325333333331,32.17237333333333,3.2,240.0,,
2025-07-16 12:57:10,118.8504,32.1711,3.4,241.1,,
2025-07-16 13:00:10,118.84752,32.16955333333333,3.4,228.2,,
2025-07-16 13:03:10,118.84485333333332,32.167903333333335,3.2,241.1,,
2025-07-16 13:06:10,118.84221333333332,32.16650666666666,3.1,238.8,,
2025-07-16 13:09:10,118.83941333333334,32.165283333333335,3.3,243.9,,
2025-07-16 13:12:10,118.83646666666668,32.16408666666667,3.3,244.3,,
2025-07-16 13:15:13,118.8332,32.16295,3.5,250.9,,
2025-07-16 13:18:14,118.82978666666666,32.16218333333333,3.6,256.8,,
2025-07-16 13:21:14,118.82641333333332,32.16156,3.4,256.6,,
2025-07-16 13:24:14,118.823,32.16098,3.6,262.3,,
2025-07-16 13:27:14,118.81942666666669,32.16031,3.7,254.8,,
2025-07-16 13:30:14,118.81596,32.159193333333334,3.8,243.0,,
2025-07-16 13:33:14,118.81258666666666,32.15749,4.0,238.2,,
2025-07-16 13:36:39,118.80886666666666,32.155516666666664,3.9,239.6,,
2025-07-16 13:39:39,118.8058,32.15365666666667,3.9,231.4,,
2025-07-16 13:42:39,118.80233333333334,32.15183,4.3,241.6,,
2025-07-16 13:45:39,118.79856,32.149946666666665,4.4,238.5,,
2025-07-16 13:48:39,118.79502666666669,32.147753333333334,4.6,230.3,,
2025-07-16 13:51:39,118.79173333333334,32.14503,4.6,224.6,,
2025-07-16 13:54:39,118.78877333333334,32.14241666666667,4.1,223.4,,
2025-07-16 13:57:39,118.78612,32.140146666666666,3.5,227.3,,
2025-07-16 14:00:39,118.7832,32.138263333333335,3.7,237.0,,
2025-07-16 14:03:39,118.77982666666666,32.13681,3.8,248.7,,
2025-07-16 14:06:39,118.77606666666668,32.13583666666667,4.1,250.0,,
2025-07-16 14:09:39,118.77228,32.13485,3.6,267.7,,
2025-07-16 14:12:39,118.7688,32.13541333333333,3.8,280.4,,
2025-07-16 14:15:39,118.76497333333332,32.13603333333333,4.1,283.4,,
2025-07-16 14:18:39,118.76137333333334,32.13588333333333,4.0,261.0,,
2025-07-16 14:21:39,118.75729333333334,32.13520333333334,4.5,255.0,,
2025-07-16 14:24:40,118.75321333333332,32.133313333333334,4.8,225.2,,
2025-07-16 14:27:40,118.75024,32.13075333333333,3.8,222.0,,
2025-07-16 14:30:40,118.74754666666666,32.128636666666665,4.0,223.8,,
2025-07-16 14:33:40,118.74449333333334,32.12606,4.6,226.0,,
2025-07-16 14:36:40,118.74109333333334,32.12323333333333,5.2,225.0,,
2025-07-16 14:39:40,118.73773333333334,32.11984666666667,5.2,213.9,,
2025-07-16 14:42:40,118.73524,32.11631,4.8,210.0,,
2025-07-16 14:45:40,118.73285333333334,32.113006666666664,4.3,213.7,,
2025-07-16 14:48:40,118.73042666666667,32.10988666666667,4.5,215.0,,
2025-07-17 05:36:44,119.21834666666666,32.23326,4.0,284.3,,
2025-07-17 05:43:56,119.05908,32.20929,0.2,12.5,,
2025-07-17 09:10:23,119.23542666666668,32.22224333333333,2.8,296.7,,
2025-07-17 12:03:08,119.0492,32.21221666666667,13.2,0.0,,
2025-07-17 12:05:37,119.04918333333332,32.2122,13.2,0.0,,
2025-07-17 12:07:35,119.0492,32.21221666666667,13.2,0.0,,
2025-07-17 18:20:03,119.05775,32.20665,0.1,27.3,,
2025-07-17 22:07:44,119.02673333333334,32.19130333333333,3.6,232.4,,
2025-07-18 07:43:41,119.58223333333332,32.19083333333333,6.3,270.2,,
2025-07-18 14:05:55,118.73042666666667,32.105196666666664,8.4,34.2,,
2025-07-18 14:07:55,118.73354666666668,32.109003333333334,8.4,34.1,,
2025-07-18 14:09:55,118.73662666666668,32.11292666666667,8.5,32.5,,
2025-07-18 14:11:55,118.73974666666666,32.11681,8.2,38.9,,
2025-07-18 14:13:55,118.7434,32.12007666666667,7.8,50.5,,
2025-07-18 14:15:55,118.74752,32.12240333333333,7.3,62.5,,
2025-07-18 14:17:55,118.75189333333331,32.12413333333333,7.4,65.8,,
2025-07-18 14:19:55,118.75629333333332,32.12582,7.2,65.1,,
2025-07-18 14:21:55,118.7606,32.12753333333333,7.3,65.7,,
2025-07-18 14:23:55,118.76505333333331,32.12905666666666,7.3,69.9,,
2025-07-18 14:25:55,118.76948,32.13062333333333,7.2,65.8,,
2025-07-18 14:27:55,118.7738,32.13233666666667,7.2,64.3,,
2025-07-18 14:29:55,118.77817333333331,32.13406666666667,7.4,66.4,,
2025-07-18 14:31:55,118.78264,32.13575,7.5,63.1,,
2025-07-18 14:33:55,118.78697333333334,32.13775,7.6,59.9,,
2025-07-18 14:35:55,118.79105333333334,32.140146666666666,7.5,51.5,,
2025-07-18 14:37:55,118.7948,32.14294,7.6,48.5,,
2025-07-18 14:39:55,118.79872,32.14562333333333,7.8,52.0,,
2025-07-18 14:41:55,118.80294666666668,32.14825666666667,8.1,54.5,,
2025-07-18 14:43:55,118.80734666666666,32.15095,8.3,55.0,,
2025-07-18 14:45:55,118.8118,32.15352333333333,7.9,59.4,,
2025-07-18 14:47:55,118.81637333333332,32.15555666666667,7.8,65.2,,
2025-07-18 14:49:55,118.82112,32.157336666666666,7.9,67.6,,
2025-07-18 14:51:55,118.82593333333334,32.15907,7.9,68.6,,
2025-07-18 14:53:55,118.83081333333334,32.16062,7.9,68.6,,
2025-07-18 14:55:55,118.83570666666668,32.16218333333333,8.0,69.7,,
2025-07-18 14:57:55,118.84052,32.163916666666665,8.0,63.9,,
2025-07-18 14:59:55,118.84510666666668,32.16605333333333,7.9,61.9,,
2025-07-18 15:01:55,118.84970666666666,32.1681,7.9,61.9,,
2025-07-18 15:03:55,118.85422666666666,32.17026,7.9,59.0,,
2025-07-18 15:05:55,118.85862666666668,32.17270666666667,8.0,56.1,,
2025-07-18 15:07:55,118.86305333333334,32.17516666666667,8.1,58.4,,
2025-07-18 15:09:55,118.86762666666668,32.17749,7.9,63.4,,
2025-07-18 15:11:55,118.87241333333333,32.179316666666665,8.0,69.2,,
2025-07-18 15:13:55,118.87728,32.18029333333333,7.3,86.4,,
2025-07-18 15:15:55,118.88210666666669,32.18020666666666,7.4,92.2,,
2025-07-18 15:17:55,118.88704,32.18014,7.6,89.7,,
2025-07-18 15:19:55,118.89204,32.18032,7.6,87.8,,
2025-07-18 15:21:55,118.89704,32.18051,7.5,88.5,,
2025-07-18 15:23:55,118.90197333333332,32.18034,7.6,94.7,,
2025-07-18 15:26:01,118.90718666666666,32.17981,7.7,98.1,,
2025-07-18 15:28:01,118.91213333333332,32.17908333333333,7.7,99.4,,
2025-07-18 15:30:01,118.91713333333334,32.17848333333333,7.7,99.6,,
2025-07-18 15:32:25,118.92306666666668,32.17739,7.7,101.7,,
2025-07-18 15:34:25,118.92813333333334,32.176613333333336,7.9,100.6,,
2025-07-18 15:36:25,118.93324,32.175823333333334,7.9,99.8,,
2025-07-18 15:38:25,118.93837333333332,32.17513666666667,7.9,98.9,,
2025-07-18 15:40:25,118.9434,32.17418,7.8,104.9,,
2025-07-18 15:42:25,118.94830666666668,32.17320333333333,7.5,100.1,,
2025-07-18 15:44:25,118.95318666666668,32.17272333333333,7.4,93.3,,
2025-07-18 15:46:25,118.95806666666668,32.17266,7.4,87.8,,
2025-07-18 15:48:25,118.96292,32.17283333333334,7.4,87.0,,
2025-07-18 15:50:25,118.96784,32.173123333333336,7.4,87.0,,
2025-07-18 15:52:25,118.9728,32.17331,7.7,87.9,,
2025-07-18 15:54:25,118.97785333333331,32.17342,7.8,88.4,,
2025-07-18 15:56:25,118.98298666666666,32.17357,7.8,87.4,,
2025-07-18 15:58:25,118.98810666666668,32.17382333333333,7.8,84.9,,
2025-07-18 16:00:27,118.99331666666669,32.17445,7.8,79.7,,
2025-07-18 16:02:29,118.99848,32.17519,7.7,81.8,,
2025-07-18 16:04:30,119.00348,32.17608,7.8,73.5,,
2025-07-18 16:06:54,119.00917333333334,32.17790333333333,7.7,65.1,,
2025-07-18 16:08:54,119.01369333333334,32.17984,7.7,62.5,,
2025-07-18 16:10:54,119.01814666666668,32.18191,7.7,57.5,,
2025-07-18 16:12:54,119.02229333333334,32.184376666666665,7.7,53.2,,
2025-07-18 16:14:54,119.02642666666668,32.187043333333335,8.0,53.1,,
2025-07-18 16:16:54,119.03052,32.18978666666667,7.8,50.3,,
2025-07-18 16:18:54,119.0344,32.192593333333335,7.7,49.5,,
2025-07-18 16:20:54,119.03812,32.19531666666666,7.8,50.5,,
2025-07-18 16:22:54,119.04222666666666,32.19817666666667,7.8,49.8,,
2025-07-18 16:24:54,119.04576,32.20112,6.0,42.6,,
2025-07-18 16:27:54,119.04926666666668,32.205083333333334,4.9,24.1,,
2025-07-18 16:30:54,119.05014666666666,32.208396666666665,3.8,354.8,,
2025-07-18 16:34:22,119.04858333333334,32.211083333333335,2.1,314.0,,
2025-07-18 17:05:22,119.04873333333332,32.211333333333336,0.0,310.7,,
2025-07-18 17:36:12,119.04875,32.21135,0.0,310.7,,
2025-07-18 18:06:18,119.04876666666668,32.21135,0.0,310.7,,
2025-07-18 18:36:32,119.04876,32.21135666666667,0.0,310.7,,
2025-07-18 19:06:32,119.04877333333332,32.211353333333335,0.0,310.7,,
2025-07-18 19:36:32,119.04877333333332,32.211353333333335,0.0,310.7,,
2025-07-18 20:06:33,119.04878666666669,32.211353333333335,0.0,310.7,,
2025-07-18 20:36:41,119.04876666666668,32.21135,0.0,310.7,,
2025-07-18 21:07:27,119.04876666666668,32.21135,0.0,310.7,,
2025-07-18 21:39:04,119.04878333333332,32.21135,0.0,310.7,,
2025-07-18 22:09:13,119.0488,32.21137,0.0,314.8,,
2025-07-18 22:39:13,119.04882666666668,32.21135666666667,0.0,314.8,,
2025-07-18 23:09:13,119.04881333333331,32.21136,0.0,314.8,,
2025-07-18 23:39:13,119.04878666666669,32.211353333333335,0.0,314.8,,
2025-07-19 00:09:14,119.04877333333332,32.21135666666667,0.0,314.8,,
2025-07-19 00:39:14,119.0488,32.21135666666667,0.0,314.8,,
2025-07-19 01:09:32,119.04881333333331,32.211376666666666,0.0,310.7,,
2025-07-19 01:39:32,119.04878666666669,32.21138333333333,0.0,310.7,,
2025-07-19 02:09:32,119.04877333333332,32.21139,0.0,310.7,,
2025-07-19 02:12:42,119.04835,32.21021666666667,2.7,189.2,,
2025-07-19 02:15:52,119.05044,32.20628333333333,5.8,138.9,,
2025-07-19 02:18:52,119.05218666666669,32.20364333333333,2.0,192.5,,
2025-07-19 02:45:45,119.05203333333333,32.20231666666667,0.7,236.9,,
2025-07-19 03:15:52,119.05308333333332,32.20283333333333,0.0,236.9,,
2025-07-19 03:45:59,119.05308333333332,32.20285,0.0,56.2,,
2025-07-19 04:16:17,119.05306666666668,32.20284,0.0,236.9,,
2025-07-19 04:46:17,119.05306666666668,32.202866666666665,0.0,236.9,,
2025-07-19 05:16:17,119.05308,32.20286333333333,0.0,236.9,,
2025-07-19 05:46:17,119.05308,32.20286333333333,0.0,236.9,,
2025-07-19 06:16:17,119.05306666666668,32.202866666666665,0.0,236.9,,
2025-07-19 06:46:17,119.05305333333334,32.202843333333334,0.0,236.9,,
2025-07-19 07:11:42,119.05291666666666,32.202983333333336,0.7,56.2,,
2025-07-19 07:14:43,119.05313333333334,32.204406666666664,2.6,30.3,,
2025-07-19 07:17:13,119.05494666666668,32.20726666666667,6.3,33.1,,
2025-07-19 07:19:13,119.05750666666668,32.21061666666667,7.7,33.1,,
2025-07-19 07:21:13,119.06041666666668,32.214533333333335,8.6,29.6,,
2025-07-19 07:23:13,119.06301333333332,32.218983333333334,9.1,24.9,,
2025-07-19 07:25:14,119.06566666666669,32.22335,8.6,28.6,,
2025-07-19 07:27:34,119.06905333333331,32.22799666666667,8.0,36.1,,
2025-07-19 07:29:34,119.07226666666666,32.23155666666667,8.0,38.2,,
2025-07-19 07:31:34,119.07574666666666,32.234896666666664,7.8,45.8,,
2025-07-19 07:33:34,119.07961333333331,32.237716666666664,7.5,53.1,,
2025-07-19 08:16:05,119.18245333333331,32.23925,7.5,109.6,,
2025-07-19 08:18:16,119.18756,32.23773666666666,7.4,109.7,,
2025-07-19 08:20:34,119.19288,32.23614666666667,7.4,112.4,,
2025-07-19 08:22:34,119.19725333333334,32.23435333333333,7.3,119.6,,
2025-07-19 08:24:34,119.20150666666666,32.23234333333333,7.4,116.8,,
2025-07-19 08:26:35,119.20584,32.23047,7.3,118.5,,
2025-07-19 08:28:46,119.21030666666668,32.22827,7.1,122.7,,
2025-07-19 08:30:46,119.21414666666666,32.22603333333333,7.0,125.4,,
2025-07-19 08:32:46,119.21784,32.223686666666666,7.0,126.2,,
2025-07-19 08:35:04,119.22202666666666,32.22112333333333,6.7,124.9,,
2025-07-19 08:37:04,119.22570666666668,32.21909333333333,6.5,121.3,,
2025-07-19 08:39:04,119.22936666666666,32.217216666666666,6.5,121.4,,
2025-07-19 08:41:04,119.23301333333332,32.215293333333335,6.6,123.5,,
2025-07-19 08:43:04,119.23656,32.21319333333334,6.7,125.9,,
2025-07-19 08:45:16,119.24050666666666,32.21079666666667,6.7,125.0,,
2025-07-19 08:47:16,119.24413333333334,32.20868333333333,6.7,123.7,,
2025-07-19 08:49:34,119.24857333333334,32.20652666666667,6.7,115.4,,
2025-07-19 08:51:34,119.25248,32.204876666666664,6.6,118.7,,
2025-07-19 08:53:34,119.25625333333332,32.20297,6.7,121.0,,
2025-07-19 08:55:34,119.26009333333332,32.201,6.8,122.3,,
2025-07-19 08:57:34,119.26372,32.19875666666667,6.9,127.8,,
2025-07-19 08:59:34,119.26744,32.19653666666667,7.0,123.1,,
2025-07-19 09:01:34,119.27146666666668,32.1946,7.0,115.4,,
2025-07-19 09:03:34,119.27572,32.19320666666667,6.9,108.5,,
2025-07-19 09:05:34,119.28005333333331,32.19194666666667,7.0,110.9,,
2025-07-19 09:07:34,119.28445333333332,32.19067666666667,7.1,104.1,,
2025-07-19 09:09:34,119.28908,32.190106666666665,7.1,91.6,,
2025-07-19 09:11:34,119.29370666666668,32.190333333333335,7.1,85.0,,
2025-07-19 09:13:46,119.29882666666668,32.190403333333336,7.1,92.3,,
2025-07-19 09:15:48,119.3037,32.19025,7.3,93.6,,
2025-07-19 09:17:58,119.30905,32.1902,7.5,88.2,,
2025-07-19 09:20:04,119.31428,32.19037,7.6,87.5,,
2025-07-19 09:22:04,119.31928,32.19059333333333,7.6,87.4,,
2025-07-19 09:24:04,119.32434666666668,32.19083666666667,7.8,86.0,,
2025-07-19 09:26:04,119.32942666666666,32.191273333333335,7.7,81.8,,
2025-07-19 09:28:04,119.3344,32.192033333333335,7.7,77.7,,
2025-07-19 09:30:05,119.33929333333332,32.193043333333335,7.6,76.2,,
2025-07-19 09:32:15,119.34432,32.19458,7.5,66.5,,
2025-07-19 09:34:34,119.34965333333334,32.19659333333333,7.8,65.8,,
2025-07-19 09:36:34,119.35428,32.19854333333333,7.9,62.7,,
2025-07-19 09:38:34,119.35877333333332,32.20078,7.9,57.4,,
2025-07-19 09:40:34,119.363,32.20345666666667,8.0,48.5,,
2025-07-19 09:42:34,119.36690666666668,32.20658,8.2,43.2,,
2025-07-19 09:44:45,119.37066666666666,32.21051666666666,8.5,36.8,,
2025-07-19 09:47:21,119.37513333333334,32.2153,8.4,39.8,,
2025-07-19 09:49:34,119.37892,32.2194,8.0,36.4,,
2025-07-19 09:51:34,119.3822,32.22304666666667,8.1,37.9,,
2025-07-19 09:53:46,119.38588,32.22692333333333,8.1,40.8,,
2025-07-19 09:56:04,119.38981333333334,32.230983333333334,8.2,36.2,,
2025-07-19 09:58:04,119.39310666666668,32.23460333333333,8.0,39.6,,
2025-07-19 10:00:04,119.39658666666666,32.238,8.0,39.8,,
2025-07-19 11:06:15,119.53577333333334,32.238503333333334,6.9,131.6,,
2025-07-19 11:08:33,119.53934666666666,32.23569,6.2,133.7,,
2025-07-19 11:10:33,119.54206666666668,32.233223333333335,6.0,138.1,,
2025-07-19 11:12:33,119.5446,32.23066333333333,6.0,142.1,,
2025-07-19 11:15:33,119.54758666666666,32.22641,5.8,156.6,,
2025-07-19 11:18:33,119.54906666666666,32.221783333333335,5.7,171.2,,
2025-07-19 11:21:33,119.54965333333334,32.21695666666667,5.6,170.9,,
2025-07-19 11:24:03,119.54992,32.21285,6.2,182.0,,
2025-07-19 11:26:04,119.54976,32.20921333333333,6.8,181.8,,
2025-07-19 11:28:15,119.54989333333332,32.20478333333333,7.5,173.5,,
2025-07-19 11:30:45,119.55128,32.199596666666665,7.5,155.4,,
2025-07-19 11:32:45,119.55410666666668,32.19614333333333,7.6,135.5,,
2025-07-19 11:34:45,119.55798666666666,32.193463333333334,8.0,125.7,,
2025-07-19 11:37:03,119.56333333333332,32.19068,8.5,118.4,,
2025-07-19 11:39:45,119.57006666666666,32.188273333333335,8.1,106.8,,
2025-07-19 11:43:29,119.57966666666668,32.18698333333333,7.7,90.9,,
2025-07-19 11:45:33,119.58478666666667,32.18732,7.6,87.1,,
2025-07-19 11:47:33,119.58985333333334,32.18758,7.7,86.4,,
2025-07-19 11:49:33,119.59494666666669,32.18792333333333,7.7,84.0,,
2025-07-19 11:51:45,119.60044,32.188446666666664,7.5,84.3,,
2025-07-19 11:53:46,119.60541666666668,32.18906666666667,7.6,78.8,,
2025-07-19 11:56:15,119.61145333333332,32.190486666666665,7.8,72.7,,
2025-07-19 11:58:15,119.61637333333331,32.19173333333333,7.8,74.6,,
2025-07-19 12:00:30,119.62208,32.19284666666667,7.8,80.1,,
2025-07-19 12:02:44,119.62778666666668,32.19360666666667,8.1,80.6,,
2025-07-19 12:04:45,119.63296666666666,32.19455,8.0,75.3,,
2025-07-19 12:06:55,119.63845,32.19595,8.0,69.6,,
2025-07-19 12:09:11,119.64388333333332,32.19801666666667,8.0,65.5,,
2025-07-19 12:11:15,119.64878666666668,32.199686666666665,7.7,70.5,,
2025-07-19 12:14:30,119.65653333333331,32.202403333333336,7.9,59.5,,
2025-07-19 12:16:31,119.66074666666668,32.20503,7.9,49.5,,
2025-07-19 12:18:44,119.66481333333331,32.20857,8.0,39.0,,
2025-07-19 12:20:44,119.66757333333334,32.212356666666665,8.2,25.7,,
2025-07-19 12:22:44,119.67024,32.216546666666666,8.7,28.2,,
2025-07-19 12:24:44,119.67285333333334,32.2208,8.6,27.9,,
2025-07-19 12:26:45,119.67549333333334,32.22504333333333,8.6,26.9,,
2025-07-19 12:28:45,119.67773333333334,32.22949666666667,8.7,21.6,,
2025-07-19 12:31:02,119.68018666666669,32.23462333333333,8.8,19.1,,
2025-07-19 12:33:14,119.68250666666668,32.23965333333334,8.7,23.4,,
2025-07-19 14:57:46,119.87184,32.238483333333335,4.8,168.7,,
2025-07-19 15:00:46,119.87264,32.23447,4.8,170.4,,
2025-07-19 15:03:46,119.87316,32.230536666666666,4.7,171.1,,
2025-07-19 15:06:50,119.87393333333333,32.226533333333336,4.7,169.4,,
2025-07-19 15:09:50,119.87497333333332,32.2226,4.8,164.4,,
2025-07-19 15:12:50,119.87662666666668,32.21886,4.7,160.3,,
2025-07-19 15:15:50,119.87825333333332,32.215073333333336,4.8,158.3,,
2025-07-19 15:18:53,119.87962666666668,32.211326666666665,4.8,165.0,,
2025-07-19 15:22:16,119.88064,32.20667666666667,4.8,173.5,,
2025-07-19 15:25:16,119.88106666666668,32.20262666666667,4.8,174.4,,
2025-07-19 15:28:21,119.88192,32.19849333333333,4.9,169.2,,
2025-07-19 15:31:26,119.88244,32.19441,4.9,173.8,,
2025-07-19 15:34:39,119.88321333333332,32.18984666666667,5.0,170.4,,
2025-07-19 15:38:06,119.88423333333331,32.18513333333333,5.0,168.3,,
2025-07-19 15:41:21,119.8852,32.18049,5.1,171.4,,
2025-07-19 15:44:21,119.88574666666666,32.176183333333334,5.1,176.0,,
2025-07-19 15:47:21,119.88596,32.17189333333334,5.2,178.1,,
2025-07-19 15:50:50,119.88612,32.166826666666665,5.1,176.4,,
2025-07-19 15:53:51,119.88682666666666,32.16246,5.1,166.3,,
2025-07-19 15:56:51,119.88824,32.15822333333333,5.3,165.2,,
2025-07-19 16:00:03,119.88958333333332,32.15358166666667,5.4,165.0,,
2025-07-19 16:03:26,119.89117333333331,32.14867,5.4,161.8,,
2025-07-19 16:06:40,119.89318333333334,32.14415,5.4,158.5,,
2025-07-19 16:09:45,119.89477333333332,32.13969,5.4,165.2,,
2025-07-19 16:12:55,119.89636,32.135126666666665,5.4,159.8,,
2025-07-19 16:16:13,119.89810666666666,32.13016,5.5,165.2,,
2025-07-19 16:19:13,119.89976666666666,32.12586666666667,5.5,159.8,,
2025-07-19 16:22:21,119.90185333333334,32.12117666666666,5.6,160.6,,
2025-07-19 16:25:21,119.90357333333333,32.11662333333334,5.7,162.8,,
2025-07-19 16:28:21,119.90528,32.112073333333335,5.7,163.3,,
2025-07-19 16:31:23,119.90682666666666,32.10777,5.6,164.7,,
2025-07-19 16:34:57,119.90852,32.10239,5.6,164.8,,
2025-07-19 16:38:13,119.91054666666666,32.09713333333333,5.6,158.1,,
2025-07-19 16:41:20,119.9124,32.092733333333335,5.7,160.0,,
2025-07-19 16:44:26,119.91421666666666,32.08838333333333,5.7,159.5,,
2025-07-19 16:47:43,119.91668,32.08292333333333,5.8,159.4,,
2025-07-19 16:49:57,119.91821666666668,32.07955,6.0,158.2,,
2025-07-19 16:53:21,119.92084,32.07432333333333,6.0,155.4,,
2025-07-19 16:55:21,119.92245333333334,32.071243333333335,6.1,156.9,,
2025-07-19 16:57:44,119.92391666666668,32.068333333333335,6.0,155.4,,
2025-07-19 17:00:15,119.9266,32.063916666666664,6.0,152.7,,
2025-07-19 17:02:43,119.9286,32.06012333333334,5.9,158.0,,
2025-07-19 17:05:43,119.93088,32.055553333333336,5.9,154.6,,
2025-07-19 17:08:43,119.9334,32.051053333333336,5.9,154.8,,
2025-07-19 17:11:13,119.93553333333334,32.047313333333335,6.0,154.5,,
2025-07-19 17:13:13,119.93741333333334,32.044306666666664,6.1,151.5,,
2025-07-19 17:15:13,119.93930666666668,32.04130333333333,6.1,153.0,,
2025-07-19 17:17:13,119.94113333333334,32.038223333333335,6.2,151.8,,
2025-07-19 17:19:13,119.94304,32.03511666666667,6.2,151.9,,
2025-07-19 17:21:13,119.94506666666666,32.03209,6.3,148.7,,
2025-07-19 17:23:13,119.94724,32.02912,6.2,148.4,,
2025-07-19 17:25:13,119.94918666666666,32.02602666666667,6.3,154.4,,
2025-07-19 17:27:13,119.95105333333332,32.022893333333336,6.2,150.6,,
2025-07-19 17:29:13,119.95305333333332,32.019866666666665,6.2,148.2,,
2025-07-19 17:31:13,119.95537333333333,32.01699333333333,6.2,142.9,,
2025-07-19 17:33:16,119.958,32.01422,6.2,138.6,,
2025-07-19 17:35:29,119.961,32.011316666666666,6.3,135.9,,
2025-07-19 17:37:39,119.96418333333334,32.0087,6.1,131.8,,
2025-07-19 17:39:43,119.96744,32.006323333333334,6.4,129.2,,
2025-07-19 17:41:43,119.97072,32.00409333333333,6.4,129.6,,
2025-07-19 17:43:43,119.97401333333332,32.00176,6.6,129.2,,
2025-07-19 17:45:43,119.97732,31.99937333333333,6.7,131.0,,
2025-07-19 17:47:43,119.9806,31.996793333333333,6.9,133.9,,
2025-07-19 17:49:43,119.98378666666666,31.99406,6.9,135.5,,
2025-07-19 17:51:43,119.98688,31.991253333333333,6.9,137.3,,
2025-07-19 17:53:43,119.98986666666669,31.98839,6.8,138.6,,
2025-07-19 17:55:43,119.99282666666667,31.985596666666662,6.7,137.2,,
2025-07-19 17:57:43,119.99578666666666,31.982856666666667,6.6,137.8,,
2025-07-19 17:59:46,119.99858666666668,31.979936666666667,6.5,142.0,,
2025-07-19 18:01:46,120.00137333333332,31.977273333333333,6.3,133.8,,
2025-07-19 18:03:46,120.00472,31.97508333333333,6.5,123.8,,
2025-07-19 18:05:46,120.00830666666668,31.97312,6.6,121.9,,
2025-07-19 18:07:46,120.01212,31.971263333333333,6.7,118.4,,
2025-07-19 18:10:16,120.01705333333334,31.969046666666667,6.9,115.8,,
2025-07-19 18:12:16,120.02114666666668,31.96761,6.9,110.9,,
2025-07-19 18:14:16,120.02537333333332,31.966193333333333,6.9,112.0,,
2025-07-19 18:16:16,120.02962666666669,31.964766666666662,7.0,111.2,,
2025-07-19 18:18:16,120.03390666666668,31.963453333333334,7.0,107.6,,
2025-07-19 18:20:16,120.03822666666667,31.96221333333333,7.0,108.2,,
2025-07-19 18:22:16,120.04257333333334,31.961026666666665,6.9,106.5,,
2025-07-19 18:24:16,120.04684,31.959656666666667,7.0,109.7,,
2025-07-19 18:26:16,120.05121333333334,31.95847,7.0,102.1,,
2025-07-19 18:28:16,120.05569333333334,31.95779,7.0,98.0,,
2025-07-19 18:30:16,120.06017333333334,31.95718,6.9,102.3,,
2025-07-19 18:32:16,120.06452,31.956133333333334,6.8,107.0,,
2025-07-19 18:34:24,120.06914666666668,31.954933333333333,6.9,107.4,,
2025-07-19 18:36:24,120.07352,31.95374333333333,7.0,107.5,,
2025-07-19 18:38:24,120.07786666666668,31.952586666666665,6.9,108.6,,
2025-07-19 18:40:24,120.08214666666667,31.95130333333333,7.0,110.8,,
2025-07-19 18:42:24,120.08645333333334,31.949856666666665,7.1,111.1,,
2025-07-19 18:44:24,120.09077333333332,31.94836,7.2,112.2,,
2025-07-19 18:46:54,120.09614666666668,31.946546666666663,7.0,111.3,,
2025-07-19 18:48:54,120.10036,31.945076666666665,6.8,111.8,,
2025-07-19 18:51:07,120.105,31.94357,6.8,109.6,,
2025-07-19 18:53:07,120.1092,31.94237333333333,6.7,107.0,,
2025-07-19 18:55:07,120.11342666666668,31.94127333333333,6.7,107.3,,
2025-07-19 18:58:37,120.12085333333332,31.93920333333333,6.8,105.5,,
2025-07-19 19:00:37,120.12517333333334,31.93819,6.8,107.9,,
2025-07-19 19:02:37,120.12945333333332,31.93711,6.8,103.1,,
2025-07-19 19:04:37,120.13381333333334,31.93621,6.8,104.6,,
2025-07-19 19:06:42,120.13825,31.9352,6.9,102.8,,
2025-07-19 19:08:57,120.14325333333332,31.93444,6.8,99.5,,
2025-07-19 19:10:57,120.14764,31.933686666666667,6.8,102.0,,
2025-07-19 19:12:57,120.15196,31.932953333333334,6.7,102.1,,
2025-07-19 19:15:07,120.15668,31.932196666666663,6.8,101.3,,
2025-07-19 19:17:27,120.16185333333334,31.93132333333333,6.9,99.7,,
2025-07-19 19:19:27,120.16633333333333,31.930703333333334,6.8,98.5,,
2025-07-19 19:22:33,120.17331666666666,31.92963333333333,7.0,101.6,,
2025-07-19 19:24:37,120.178,31.92888333333333,7.0,100.0,,
2025-07-19 19:26:37,120.18249333333333,31.92846,6.9,95.1,,
2025-07-19 19:28:57,120.18773333333333,31.92791666666667,7.0,95.1,,
2025-07-19 19:31:37,120.19377333333334,31.927626666666665,6.9,92.8,,
2025-07-19 19:33:37,120.19834666666668,31.927576666666667,7.0,89.8,,
2025-07-19 19:35:57,120.20381333333331,31.927866666666667,7.3,85.0,,
2025-07-19 19:37:57,120.20858666666666,31.92819,7.2,85.7,,
2025-07-19 19:39:57,120.21334666666668,31.928496666666668,7.2,85.0,,
2025-07-19 19:41:57,120.21805333333332,31.928896666666667,7.2,84.5,,
2025-07-19 19:43:57,120.22274666666668,31.92928,7.2,86.4,,
2025-07-19 19:45:57,120.22752,31.929676666666666,7.3,83.5,,
2025-07-19 19:48:07,120.23270666666669,31.93026,7.4,79.8,,
2025-07-19 19:50:07,120.23752,31.931103333333333,7.5,77.6,,
2025-07-19 19:52:15,120.24251666666666,31.9324,7.5,70.0,,
2025-07-19 19:54:25,120.24751666666668,31.934066666666663,7.5,67.1,,
2025-07-19 19:56:37,120.25244,31.93609333333333,7.6,65.1,,
2025-07-19 19:58:37,120.25705333333332,31.93777,7.7,67.3,,
2025-07-19 20:00:56,120.26238666666669,31.93984333333333,7.8,65.4,,
2025-07-19 20:02:56,120.26694666666668,31.94173,7.7,63.5,,
2025-07-19 20:04:56,120.27157333333334,31.943466666666662,7.6,68.9,,
2025-07-19 20:07:05,120.27674666666668,31.945186666666668,7.8,68.7,,
2025-07-19 20:09:05,120.28148,31.946826666666663,7.9,67.4,,
2025-07-19 20:11:05,120.28612,31.94869333333333,7.8,62.1,,
2025-07-19 20:13:32,120.29148333333332,31.95133333333333,7.7,58.2,,
2025-07-19 20:15:35,120.29602666666666,31.95374,7.8,57.2,,
2025-07-19 20:17:35,120.30036,31.95607,7.8,59.1,,
2025-07-19 20:19:35,120.30474666666667,31.958293333333334,7.7,58.6,,
2025-07-19 20:21:35,120.309,31.96057,7.6,57.2,,
2025-07-19 20:23:48,120.3137,31.962816666666665,7.3,64.0,,
2025-07-19 20:25:55,120.3184,31.96457,7.3,65.7,,
2025-07-19 20:27:55,120.32274666666666,31.9663,7.3,63.8,,
2025-07-19 20:29:55,120.32704,31.96808,7.2,64.6,,
2025-07-19 20:31:55,120.33126666666666,31.969826666666663,7.0,64.1,,
2025-07-19 20:33:55,120.33530666666668,31.97176333333333,7.1,53.9,,
2025-07-19 20:35:56,120.33884,31.974363333333333,7.1,46.1,,
2025-07-19 20:37:56,120.34216,31.97719333333333,7.2,43.6,,
2025-07-19 20:40:35,120.34644,31.981103333333333,7.2,40.8,,
2025-07-19 20:42:35,120.3496,31.984096666666662,7.1,44.8,,
2025-07-19 20:44:35,120.35304,31.98672333333333,7.0,51.4,,
2025-07-19 20:46:35,120.35673333333334,31.98904,6.9,55.1,,
2025-07-19 20:48:35,120.36049333333334,31.99132,7.1,54.0,,
2025-07-19 20:50:35,120.36424,31.993693333333333,7.1,53.6,,
2025-07-19 20:52:35,120.36798666666668,31.996066666666668,7.1,54.7,,
2025-07-19 20:54:35,120.37185333333332,31.998276666666666,7.1,56.8,,
2025-07-19 20:56:35,120.37568,32.00055666666667,7.2,54.7,,
2025-07-19 20:58:35,120.37952,32.00291,7.2,55.2,,
2025-07-19 21:00:35,120.38338666666668,32.0052,7.2,55.2,,
2025-07-19 21:02:35,120.38730666666666,32.00747666666667,7.2,55.5,,
2025-07-19 21:04:35,120.39121333333334,32.00972333333333,7.2,56.8,,
2025-07-19 21:06:55,120.39585333333332,32.01232,7.1,56.5,,
2025-07-19 21:08:55,120.39984,32.01448333333333,7.1,57.1,,
2025-07-19 21:10:55,120.40385333333332,32.016623333333335,7.2,58.9,,
2025-07-19 21:12:56,120.40798666666667,32.018633333333334,7.3,62.1,,
2025-07-19 21:15:05,120.41258666666668,32.02042,7.2,69.8,,
2025-07-19 21:17:05,120.41712,32.02166,7.2,72.0,,
2025-07-19 21:19:05,120.42164,32.02301666666666,7.4,68.3,,
2025-07-19 21:21:05,120.42616,32.02449,7.4,70.3,,
2025-07-19 21:23:05,120.43076,32.02585,7.4,71.9,,
2025-07-19 21:25:35,120.4366,32.027543333333334,7.6,70.6,,
2025-07-19 21:27:35,120.44136,32.02883,7.6,75.4,,
2025-07-19 21:29:55,120.44717333333334,32.02999333333333,7.9,76.3,,
2025-07-19 21:31:56,120.45212,32.0312,7.8,71.7,,
2025-07-19 21:34:05,120.45732,32.03240666666667,7.3,78.1,,
2025-07-19 21:36:05,120.462,32.03290666666667,7.1,87.2,,
2025-07-19 21:38:25,120.46744,32.03306666666667,7.0,86.8,,
2025-07-19 21:40:35,120.47242666666666,32.03332,7.0,85.9,,
2025-07-19 21:42:35,120.47698666666666,32.03360333333333,6.9,86.3,,
2025-07-19 21:44:35,120.48152,32.033833333333334,6.8,87.3,,
2025-07-19 21:46:55,120.48665333333334,32.03376333333333,6.4,95.7,,
2025-07-19 21:48:55,120.49068,32.032896666666666,6.1,114.2,,
2025-07-19 21:50:55,120.49412,32.03127333333333,5.9,117.8,,
2025-07-19 21:52:55,120.4978,32.02981333333334,6.2,111.0,,
2025-07-19 21:54:55,120.50173333333332,32.02879,6.3,104.9,,
2025-07-19 21:57:25,120.50676,32.027593333333336,6.3,106.1,,
2025-07-19 21:59:25,120.51064,32.02648666666666,6.4,110.6,,
2025-07-19 22:02:25,120.51642666666666,32.02463,6.2,111.8,,
2025-07-19 22:04:35,120.52053333333332,32.02319333333333,6.3,111.4,,
2025-07-19 22:07:35,120.52621333333332,32.02108,6.3,115.8,,
2025-07-19 22:09:35,120.53,32.0196,6.3,113.5,,
2025-07-19 22:11:35,120.53373333333332,32.01811,6.3,116.3,,
2025-07-19 22:13:35,120.53748,32.01662666666667,6.2,112.3,,
2025-07-19 22:15:35,120.54125333333332,32.01536333333333,6.1,111.2,,
2025-07-19 22:17:35,120.54497333333332,32.01409,6.0,113.1,,
2025-07-19 22:19:35,120.54864,32.012766666666664,6.0,114.4,,
2025-07-19 22:21:35,120.55218666666669,32.01130333333333,6.0,117.4,,
2025-07-19 22:24:52,120.5579,32.00885,5.8,114.7,,
2025-07-19 22:29:05,120.56518666666666,32.00662333333333,5.4,108.5,,
2025-07-19 22:32:05,120.57030666666668,32.005143333333336,5.4,108.1,,
2025-07-19 22:35:05,120.57529333333332,32.00358666666666,5.4,112.1,,
2025-07-19 22:38:47,120.58110666666668,32.000973333333334,5.6,117.8,,
2025-07-19 22:41:47,120.58612,31.999033333333333,5.7,112.0,,
2025-07-19 22:45:05,120.59181333333332,31.997276666666668,5.6,109.7,,
2025-07-19 22:48:35,120.59805333333334,31.99545,5.8,107.5,,
2025-07-19 22:51:47,120.60393333333332,31.99427333333333,5.7,102.0,,
2025-07-19 22:57:05,120.61404,31.99302,6.0,93.8,,
2025-07-19 22:59:05,120.61796,31.99287,6.0,91.9,,
2025-07-19 23:02:17,120.62436,31.992656666666665,6.2,88.6,,
2025-07-19 23:05:05,120.63014666666666,31.992526666666667,6.3,92.7,,
2025-07-19 23:07:17,120.63473333333332,31.992346666666663,6.3,90.3,,
2025-07-19 23:10:17,120.64106666666666,31.99267333333333,6.5,86.6,,
2025-07-19 23:12:47,120.64633333333332,31.99289,6.4,86.0,,
2025-07-19 23:16:35,120.65436,31.99385,6.5,80.1,,
2025-07-19 23:18:57,120.65937333333332,31.9945,6.5,82.2,,
2025-07-19 23:20:57,120.66361333333332,31.99505,6.6,80.4,,
2025-07-19 23:22:57,120.66793333333334,31.99582333333333,6.8,76.6,,
2025-07-19 23:24:57,120.67226666666669,31.996666666666663,6.8,78.2,,
2025-07-19 23:27:27,120.67761333333333,31.99779,6.6,73.7,,
2025-07-19 23:30:36,120.68397333333333,31.99962333333333,6.4,71.7,,
2025-07-19 23:32:36,120.68790666666666,32.00051,6.1,74.1,,
2025-07-19 23:34:36,120.69176,32.001243333333335,5.8,81.6,,
2025-07-19 23:36:36,120.69565333333334,32.00177333333333,5.9,76.5,,
2025-07-19 23:39:57,120.70201333333333,32.00257333333333,5.8,87.5,,
2025-07-19 23:43:51,120.70963333333331,32.00338333333333,6.3,79.2,,
2025-07-19 23:46:01,120.71391666666666,32.003965,6.1,78.6,,
2025-07-19 23:49:27,120.72037333333331,32.00541333333334,5.6,77.5,,
2025-07-19 23:52:27,120.72564,32.006366666666665,5.4,78.1,,
2025-07-19 23:55:27,120.73074666666666,32.007126666666665,5.1,81.1,,
2025-07-19 23:59:27,120.73738666666668,32.00785333333334,4.8,85.6,,
2025-07-20 00:02:28,120.74224,32.008363333333335,5.0,80.5,,
2025-07-20 00:07:14,120.7506,32.00833,5.5,89.8,,
2025-07-20 00:10:19,120.75606666666668,32.0079,5.4,100.0,,
2025-07-20 00:13:38,120.76202666666669,32.00745666666667,5.6,81.9,,
2025-07-20 00:16:55,120.76801666666668,32.008383333333335,5.8,84.2,,
2025-07-20 00:19:58,120.77378666666668,32.008273333333335,5.6,95.0,,
2025-07-20 00:22:58,120.77916,32.007846666666666,5.2,96.3,,
2025-07-20 00:25:58,120.7842,32.00702,5.2,101.7,,
2025-07-20 00:28:58,120.78914666666668,32.00614,5.0,104.6,,
2025-07-20 00:31:58,120.79381333333332,32.00510333333333,4.8,103.9,,
2025-07-20 00:34:58,120.79832,32.004063333333335,4.7,107.1,,
2025-07-20 00:37:58,120.80266666666668,32.002543333333335,4.8,118.2,,
2025-07-20 00:40:58,120.80686666666666,32.00054333333333,4.9,115.0,,
2025-07-20 00:43:58,120.81104,31.99868,4.7,122.1,,
2025-07-20 00:47:07,120.81510666666668,31.99627,4.8,125.5,,
2025-07-20 00:50:07,120.81873333333333,31.99376,4.7,133.8,,
2025-07-20 00:53:07,120.82233333333332,31.99120333333333,4.7,127.3,,
2025-07-20 00:56:07,120.82610666666666,31.98889,4.6,121.1,,
2025-07-20 00:59:07,120.82925333333333,31.986383333333333,4.4,151.7,,
2025-07-20 01:02:07,120.83130666666666,31.983183333333333,4.3,145.3,,
2025-07-20 01:05:07,120.83385333333334,31.98013,4.5,138.7,,
2025-07-20 01:08:07,120.83693333333332,31.977396666666667,4.6,138.1,,
2025-07-20 01:11:07,120.84009333333331,31.97477333333333,4.4,133.8,,
2025-07-20 01:14:07,120.84312,31.97212,4.3,139.6,,
2025-07-20 01:17:07,120.84612,31.96945333333333,4.5,136.4,,
2025-07-20 01:20:07,120.84897333333332,31.96653,4.5,146.7,,
2025-07-20 01:23:07,120.85105333333334,31.96321,4.5,157.1,,
2025-07-20 01:26:07,120.85236,31.95966,4.2,155.7,,
2025-07-20 01:29:07,120.85437333333331,31.95649,4.4,148.8,,
2025-07-20 01:32:07,120.8568,31.95332,4.5,148.4,,
2025-07-20 01:35:07,120.85892,31.94986,4.6,155.7,,
2025-07-20 01:38:07,120.86048,31.94632,4.5,163.1,,
2025-07-20 01:41:07,120.86174666666666,31.942816666666666,4.3,163.6,,
2025-07-20 01:44:07,120.86312,31.93946333333333,4.4,163.8,,
2025-07-20 01:47:07,120.86432,31.93592,4.3,163.5,,
2025-07-20 01:50:27,120.86596,31.932116666666666,4.5,157.2,,
2025-07-20 01:53:28,120.86742666666666,31.92851,4.5,159.5,,
2025-07-20 01:56:28,120.86886666666666,31.924893333333333,4.5,165.0,,
2025-07-20 01:59:29,120.87028,31.921233333333333,4.5,161.6,,
2025-07-20 02:02:29,120.8718,31.917583333333333,4.7,162.8,,
2025-07-20 02:05:29,120.87348,31.91379,5.0,158.2,,
2025-07-20 02:08:30,120.87462666666669,31.909803333333333,4.9,164.2,,
2025-07-20 02:11:42,120.87586666666668,31.905483333333333,5.0,164.2,,
2025-07-20 02:14:57,120.87725333333331,31.901,5.1,168.8,,
2025-07-20 02:17:57,120.87817333333334,31.896843333333333,5.0,169.6,,
2025-07-20 02:20:57,120.87917333333333,31.892726666666668,5.1,171.0,,
2025-07-20 02:23:57,120.88018666666666,31.888496666666665,5.2,166.6,,
2025-07-20 02:26:57,120.88098666666669,31.88418666666667,5.3,173.0,,
2025-07-20 02:29:57,120.88184,31.879843333333334,5.2,170.4,,
2025-07-20 02:33:27,120.88301333333334,31.87487,5.2,167.9,,
2025-07-20 02:36:27,120.88426666666666,31.870536666666663,5.4,164.2,,
2025-07-20 02:39:27,120.88501333333332,31.865796666666668,5.8,174.2,,
2025-07-20 02:42:27,120.88596,31.860966666666663,6.0,170.8,,
2025-07-20 02:45:27,120.88701333333331,31.855976666666667,5.9,168.3,,
2025-07-20 02:48:57,120.88890666666668,31.85046333333333,5.9,163.4,,
2025-07-20 02:51:59,120.89057333333334,31.84567333333333,5.6,162.0,,
2025-07-20 02:54:59,120.89236,31.8413,5.5,156.2,,
2025-07-20 02:58:27,120.89458666666668,31.836456666666667,5.3,157.0,,
2025-07-20 03:01:27,120.89688,31.83242333333333,5.4,152.6,,
2025-07-20 03:04:29,120.89917333333334,31.828133333333334,5.6,151.9,,
2025-07-20 03:07:29,120.90206666666668,31.824206666666665,5.7,146.4,,
2025-07-20 03:10:59,120.90522666666666,31.81945333333333,5.5,152.6,,
2025-07-20 03:14:11,120.90816,31.815516666666667,5.2,144.1,,
2025-07-20 03:18:11,120.91222666666668,31.810556666666667,5.5,148.9,,
2025-07-20 03:21:29,120.91524,31.80615,5.6,149.8,,
2025-07-20 03:25:11,120.91893333333331,31.801526666666668,5.5,142.3,,
2025-07-20 03:28:28,120.92248,31.79754,5.5,147.1,,
2025-07-20 03:33:11,120.92781333333332,31.79215333333333,5.4,133.5,,
2025-07-20 03:36:11,120.93172,31.789,5.5,135.9,,
2025-07-20 03:40:41,120.93710666666666,31.784176666666667,5.0,125.1,,
2025-07-20 03:43:41,120.94138666666667,31.781796666666665,5.3,119.0,,
2025-07-22 14:07:00,121.02813333333332,31.786976666666668,3.5,282.6,,
2025-07-22 14:10:30,121.02586666666669,31.78775,2.1,299.3,,
2025-07-22 14:14:10,121.0255,31.787783333333334,1.1,206.2,,
2025-07-22 14:18:01,121.02450666666668,31.787296666666663,1.5,238.1,,
2025-07-22 14:21:31,121.0247,31.78725,1.4,23.2,,
2025-07-22 14:25:12,121.02611666666668,31.78813333333333,1.7,38.8,,
2025-07-22 14:56:06,121.02616666666668,31.788866666666667,0.0,33.8,,
2025-07-22 15:10:02,121.02618333333334,31.78803333333333,1.0,33.8,,
2025-07-22 15:14:52,121.02698666666667,31.788246666666662,0.0,33.8,,
2025-07-22 15:44:52,121.02734666666667,31.78885333333333,0.0,33.8,,
2025-07-22 16:15:23,121.02733333333332,31.78886333333333,0.0,63.6,,
2025-07-22 16:45:48,121.02733333333332,31.78885333333333,0.0,63.6,,
2025-07-22 17:15:48,121.02733333333332,31.78886,0.0,63.6,,
2025-07-22 17:45:48,121.02733333333332,31.788866666666667,0.0,63.6,,
2025-07-22 18:15:48,121.02733333333332,31.78886,0.0,63.6,,
2025-07-22 18:45:58,121.02733333333332,31.78885,0.0,63.6,,
2025-07-22 19:16:05,121.02736666666668,31.78885,0.1,63.6,,
2025-07-22 19:25:49,121.02754666666668,31.78794,2.0,102.8,,
2025-07-23 01:33:35,121.00396666666668,31.78001666666667,3.6,277.3,,
2025-07-23 01:36:52,121.00013333333334,31.780586666666668,3.7,282.6,,
2025-07-23 01:39:52,120.99644,31.78106333333333,3.9,276.4,,
2025-07-23 01:42:52,120.99254666666668,31.78152,4.0,279.6,,
2025-07-23 01:46:22,120.98812,31.781693333333333,3.8,268.8,,
2025-07-23 01:49:22,120.98422666666669,31.78175,4.1,271.2,,
2025-07-23 01:52:22,120.98013333333331,31.781846666666667,4.2,277.9,,
2025-07-23 01:55:22,120.97590666666666,31.78215,4.4,273.7,,
2025-07-23 01:58:22,120.97146666666669,31.782366666666668,4.6,276.1,,
2025-07-23 02:02:22,120.96548,31.782916666666665,4.5,279.9,,
2025-07-23 02:05:22,120.96113333333334,31.78368333333333,4.5,286.0,,
2025-07-23 02:09:00,120.95614666666668,31.7854,4.6,298.6,,
2025-07-23 02:12:52,120.95112,31.78808666666667,4.7,299.9,,
2025-07-23 02:15:52,120.94713333333333,31.79009333333333,4.6,304.6,,
2025-07-23 02:19:08,120.94321666666669,31.79273333333333,4.6,310.1,,
2025-07-23 02:24:00,120.93788,31.796973333333334,4.7,315.5,,
2025-07-23 02:27:52,120.93374666666666,31.800806666666663,5.0,318.0,,
2025-07-23 02:31:22,120.92997333333334,31.80469666666667,5.3,322.3,,
2025-07-23 02:34:22,120.92676,31.808276666666668,5.4,322.6,,
2025-07-23 02:38:22,120.92234666666668,31.81326,5.7,321.5,,
2025-07-23 02:41:22,120.91905333333334,31.817243333333334,5.9,326.9,,
2025-07-23 02:43:30,120.91654666666666,31.82007,6.0,320.1,,
2025-07-23 02:46:52,120.91268,31.82456,5.8,326.7,,
2025-07-23 02:49:52,120.90962666666668,31.828666666666667,5.7,329.5,,
2025-07-23 02:52:52,120.90712,31.83286,5.6,335.2,,
2025-07-23 02:55:52,120.90476,31.837156666666665,5.7,337.2,,
2025-07-23 02:58:52,120.90306666666666,31.841746666666666,5.7,346.7,,
2025-07-23 03:01:52,120.90158666666666,31.846453333333333,5.8,343.4,,
2025-07-23 03:05:22,120.89977333333331,31.85199666666667,5.8,350.1,,
2025-07-23 03:08:30,120.89858666666667,31.856896666666668,5.7,348.1,,
2025-07-23 03:11:52,120.89730666666668,31.86226333333333,5.8,350.8,,
2025-07-23 03:14:52,120.89636,31.86704333333333,5.8,349.2,,
2025-07-23 03:17:52,120.89541333333334,31.871706666666668,5.5,351.3,,
2025-07-23 03:20:52,120.8944,31.87638,5.7,349.3,,
2025-07-23 03:23:57,120.89338666666669,31.88122333333333,5.7,349.1,,
2025-07-23 03:26:57,120.89241333333334,31.88588,5.6,348.5,,
2025-07-23 03:29:57,120.89096,31.89046,5.6,342.3,,
2025-07-23 03:32:57,120.88917333333332,31.894956666666666,5.6,343.6,,
2025-07-23 03:36:27,120.88717333333334,31.90025,5.6,341.1,,
2025-07-23 03:39:27,120.88544,31.90474333333333,5.6,341.8,,
2025-07-23 03:42:29,120.88373333333334,31.90936333333333,5.8,343.4,,
2025-07-23 03:45:29,120.88202666666666,31.91394,5.7,340.6,,
2025-07-23 03:48:29,120.88005333333334,31.918523333333333,5.9,340.0,,
2025-07-23 03:51:30,120.87806666666668,31.92315333333333,5.9,338.2,,
2025-07-23 03:53:49,120.87643333333334,31.926716666666668,6.0,337.6,,
2025-07-23 03:56:57,120.87406666666666,31.931463333333333,5.9,336.3,,
2025-07-23 03:59:57,120.87162666666669,31.935973333333333,5.8,337.3,,
2025-07-23 04:02:57,120.86957333333334,31.94061,6.0,341.8,,
2025-07-23 04:05:13,120.86805333333334,31.944223333333333,6.0,338.5,,
2025-07-23 04:08:13,120.86624,31.94888,5.8,342.9,,
2025-07-23 04:11:13,120.86438666666666,31.953243333333333,5.3,343.2,,
2025-07-23 04:14:19,120.86295,31.957616666666667,5.3,346.9,,
2025-07-23 04:17:21,120.86128,31.96191333333333,5.3,332.4,,
2025-07-23 04:20:31,120.85810666666669,31.966203333333333,5.9,322.9,,
2025-07-23 04:22:31,120.85566666666666,31.96886333333333,6.1,319.9,,
2025-07-23 04:24:31,120.85316,31.97151333333333,5.9,320.6,,
2025-07-23 04:27:35,120.8495,31.975483333333333,5.9,322.6,,
2025-07-23 04:30:31,120.84596,31.97929333333333,6.0,323.8,,
2025-07-23 04:33:31,120.84218666666666,31.98309,5.9,319.0,,
2025-07-23 04:36:31,120.83806666666666,31.98662333333333,5.9,315.8,,
2025-07-23 04:38:35,120.83533333333334,31.98915,6.0,315.6,,
2025-07-23 04:40:50,120.83197333333334,31.991676666666667,6.1,311.2,,
2025-07-23 04:42:51,120.82892,31.994,6.2,310.3,,
2025-07-23 04:45:01,120.82556,31.99636,6.0,310.3,,
2025-07-23 04:48:20,120.82072,32.00011333333333,5.9,313.6,,
2025-07-23 04:50:20,120.81785333333332,32.00237333333333,6.0,311.6,,
2025-07-23 04:52:20,120.81481333333332,32.004603333333336,6.1,309.4,,
2025-07-23 04:54:20,120.81165333333334,32.00672,6.0,306.7,,
2025-07-23 04:57:20,120.80672,32.009373333333336,5.8,296.7,,
2025-07-23 05:00:20,120.80138666666667,32.01132666666667,5.9,289.8,,
2025-07-23 05:03:30,120.79561666666666,32.013083333333334,5.8,288.6,,
2025-07-23 05:06:31,120.79002666666666,32.01414,5.8,275.9,,
2025-07-23 05:10:07,120.78318333333333,32.0145,5.7,272.9,,
2025-07-23 05:13:20,120.777,32.01470666666667,5.8,271.0,,
2025-07-23 05:16:20,120.77129333333332,32.01493333333333,5.8,272.0,,
2025-07-23 05:18:30,120.76705333333334,32.01492666666667,6.0,266.9,,
2025-07-23 05:20:31,120.76310666666669,32.014696666666666,6.0,265.6,,
2025-07-23 05:23:20,120.75764,32.01497,6.0,273.6,,
2025-07-23 05:26:20,120.75173333333332,32.01502333333333,6.0,265.7,,
2025-07-23 05:28:28,120.74751666666668,32.01481666666667,6.1,265.2,,
2025-07-23 05:30:31,120.74344,32.014653333333335,6.0,265.9,,
2025-07-23 05:32:50,120.73881333333334,32.01432,6.1,263.7,,
2025-07-23 05:34:50,120.7348,32.01409666666667,6.1,265.9,,
2025-07-23 05:36:50,120.73078666666666,32.01370333333333,6.1,261.9,,
2025-07-23 05:38:50,120.72674666666668,32.01331666666667,6.2,263.1,,
2025-07-23 05:41:31,120.72133333333332,32.012683333333335,6.2,261.1,,
2025-07-23 05:44:02,120.71628,32.011923333333336,6.2,259.7,,
2025-07-23 05:46:04,120.71218333333331,32.01115,6.3,257.0,,
2025-07-23 05:48:20,120.70764,32.01013666666667,6.3,253.6,,
2025-07-23 05:50:20,120.70362666666666,32.00920333333333,6.4,254.5,,
2025-07-23 05:52:50,120.69857333333331,32.00798,6.4,253.5,,
2025-07-23 05:54:54,120.6944,32.00703333333333,6.3,256.3,,
2025-07-23 05:57:20,120.68945333333332,32.00602333333333,6.4,256.9,,
2025-07-23 05:59:20,120.68536666666668,32.00523333333334,6.4,257.7,,
2025-07-23 06:01:44,120.68053333333332,32.004326666666664,6.3,258.6,,
2025-07-23 06:03:44,120.67642666666669,32.00365,6.4,260.4,,
2025-07-23 06:05:50,120.67206666666668,32.00313333333333,6.4,262.1,,
2025-07-23 06:08:14,120.66709333333333,32.00234,6.4,253.6,,
2025-07-23 06:10:20,120.66277333333332,32.00172333333333,6.3,267.7,,
2025-07-23 06:12:20,120.65862666666666,32.001506666666664,6.3,262.8,,
2025-07-23 06:15:44,120.6516,32.0012,6.4,267.7,,
2025-07-23 06:18:14,120.64642666666668,32.00113,6.3,271.7,,
2025-07-23 06:20:38,120.64153333333331,32.00115,6.2,271.4,,
2025-07-23 06:22:44,120.63721333333334,32.00152666666666,6.4,276.8,,
2025-07-23 06:26:20,120.6296,32.00174666666667,6.5,273.7,,
2025-07-23 06:28:44,120.62453333333332,32.00213333333333,6.3,277.6,,
2025-07-23 06:30:44,120.62042666666666,32.00282,6.4,281.5,,
2025-07-23 06:33:14,120.61566666666668,32.00421,6.1,299.4,,
2025-07-23 06:35:50,120.61144,32.00666666666667,6.0,305.1,,
2025-07-23 06:39:14,120.6058,32.009773333333335,6.0,304.3,,
2025-07-23 06:42:39,120.60046666666666,32.013216666666665,5.9,306.2,,
2025-07-23 06:45:44,120.59569333333332,32.01626666666667,5.8,306.6,,
2025-07-23 06:49:14,120.59084,32.02016666666667,5.9,315.6,,
2025-07-23 06:51:14,120.58802666666666,32.022506666666665,6.1,314.5,,
2025-07-23 06:54:14,120.58385333333334,32.026093333333336,6.0,315.5,,
2025-07-23 06:56:44,120.5804,32.02911666666667,5.9,315.9,,
2025-07-23 07:00:14,120.57584,32.03333333333333,5.7,316.7,,
2025-07-23 07:03:50,120.57142666666668,32.037533333333336,5.5,314.9,,
2025-07-23 07:08:14,120.56609333333331,32.04253,5.8,314.7,,
2025-07-23 07:12:50,120.55928,32.047126666666664,5.6,305.7,,
2025-07-23 07:16:27,120.5541,32.05065,5.6,300.6,,
2025-07-23 07:19:44,120.54906666666666,32.05367666666667,5.7,308.7,,
2025-07-23 07:23:02,120.54415,32.05668333333333,5.5,297.0,,
2025-07-23 07:26:44,120.53848,32.059823333333334,5.6,307.0,,
2025-07-23 07:29:50,120.53414666666669,32.06298666666667,5.6,312.8,,
2025-07-23 07:35:44,120.52542666666666,32.06852666666666,5.5,299.5,,
2025-07-23 07:38:44,120.52054666666666,32.07056333333333,5.5,292.0,,
2025-07-23 07:41:44,120.51524,32.071693333333336,5.5,279.2,,
2025-07-23 07:44:44,120.51010666666669,32.07277,5.3,286.8,,
2025-07-23 07:48:43,120.50343333333332,32.074,5.1,283.3,,
2025-07-23 07:53:09,120.49608333333332,32.07488333333333,5.0,270.2,,
2025-07-23 07:56:14,120.49101333333331,32.07429666666667,5.0,256.0,,
2025-07-23 07:59:20,120.48614666666668,32.0732,4.9,256.3,,
2025-07-23 08:02:20,120.48130666666668,32.07237666666666,5.0,261.8,,
2025-07-23 08:05:20,120.47652,32.07164,4.8,249.3,,
2025-07-23 08:08:49,120.4714,32.07008666666667,4.9,258.0,,
2025-07-23 08:12:44,120.46528,32.06869666666667,4.9,248.4,,
2025-07-23 08:16:19,120.45997333333334,32.06675,4.9,245.3,,
2025-07-23 08:19:19,120.45542666666668,32.06527,5.0,252.8,,
2025-07-23 08:22:19,120.45074666666666,32.06389333333333,4.9,245.7,,
2025-07-23 08:25:19,120.44638666666668,32.062176666666666,4.8,239.4,,
2025-07-23 08:28:43,120.44198666666666,32.059583333333336,4.8,234.6,,
2025-07-23 08:31:43,120.4382,32.057226666666665,4.8,234.3,,
2025-07-23 08:34:49,120.43425333333332,32.05488666666667,4.7,232.0,,
2025-07-23 08:38:40,120.42998333333334,32.05128333333333,4.7,221.2,,
2025-07-23 08:41:43,120.42644,32.04852,4.8,227.4,,
2025-07-23 08:44:43,120.42293333333332,32.04584,4.8,231.3,,
2025-07-23 08:48:07,120.41876,32.04308,4.8,232.9,,
2025-07-23 08:51:37,120.41444,32.04013666666667,4.8,226.9,,
2025-07-23 08:54:37,120.41105333333331,32.03735666666667,4.7,223.4,,
2025-07-23 08:58:13,120.40734666666668,32.03375333333334,4.8,219.0,,
2025-07-23 09:01:13,120.40444,32.030543333333334,4.7,215.6,,
2025-07-23 09:04:13,120.40105333333334,32.02789666666666,4.7,231.7,,
2025-07-23 09:07:13,120.39754666666668,32.02536,4.7,228.6,,
2025-07-23 09:10:16,120.3939,32.022866666666665,4.5,229.5,,
2025-07-23 09:13:39,120.38973333333334,32.020253333333336,4.6,234.0,,
2025-07-23 09:16:39,120.38628,32.01779666666667,4.5,220.6,,
2025-07-23 09:19:39,120.38282666666667,32.01567,4.4,237.2,,
2025-07-23 09:22:39,120.37978666666666,32.01309666666667,4.4,222.4,,
2025-07-23 09:25:39,120.37656,32.01061,4.5,226.1,,
2025-07-23 09:28:39,120.3732,32.008206666666666,4.5,236.2,,
2025-07-23 09:31:39,120.36982666666668,32.00576,4.5,223.4,,
2025-07-23 09:34:59,120.36621333333332,32.00286,4.5,228.7,,
2025-07-23 09:38:00,120.36288,32.000393333333335,4.5,226.8,,
2025-07-23 09:41:04,120.35941666666666,31.99801666666667,4.3,237.0,,
2025-07-23 09:44:09,120.35581333333332,31.99564,4.5,226.0,,
2025-07-23 09:47:09,120.35277333333332,31.992926666666666,4.5,224.0,,
2025-07-23 09:50:09,120.34957333333334,31.990376666666663,4.4,228.9,,
2025-07-23 09:53:29,120.34593333333332,31.987626666666667,4.4,232.1,,
2025-07-23 09:56:31,120.3425,31.985416666666666,4.3,233.7,,
2025-07-23 10:00:09,120.33848,31.98263333333333,4.3,227.6,,
2025-07-23 10:03:09,120.33517333333332,31.98026,4.4,233.3,,
2025-07-23 10:07:32,120.32926666666668,31.978366666666663,4.5,264.3,,
2025-07-23 10:10:36,120.32493333333332,31.977586666666667,4.3,249.3,,
2025-07-23 10:13:36,120.32098666666668,31.976176666666667,4.4,246.5,,
2025-07-23 10:17:22,120.31605333333331,31.974063333333334,4.4,242.5,,
2025-07-23 10:20:36,120.31188,31.97224,4.5,251.3,,
2025-07-23 10:23:43,120.30763333333331,31.97085,4.3,239.7,,
2025-07-23 10:26:52,120.30374666666668,31.96905,4.3,246.2,,
2025-07-23 10:30:06,120.2998,31.96710333333333,4.4,238.2,,
2025-07-23 10:33:06,120.29629333333334,31.96494333333333,4.4,227.9,,
2025-07-23 10:36:52,120.29193333333332,31.962106666666667,4.4,232.2,,
2025-07-23 10:39:52,120.28854666666666,31.95984333333333,4.4,232.6,,
2025-07-23 10:42:52,120.28522666666667,31.957596666666667,4.3,235.5,,
2025-07-23 10:45:52,120.28184,31.955526666666668,4.2,234.8,,
2025-07-23 10:49:22,120.27770666666666,31.95334666666667,4.2,240.1,,
2025-07-23 10:53:05,120.27313333333332,31.95123333333333,4.3,238.1,,
2025-07-23 10:56:45,120.26855,31.949033333333333,4.4,243.6,,
2025-07-23 10:59:53,120.26461333333332,31.94704,4.5,243.0,,
2025-07-23 11:03:22,120.26,31.94584,4.1,255.0,,
2025-07-23 11:06:22,120.25596,31.945183333333333,4.1,256.9,,
2025-07-23 11:09:30,120.25181333333332,31.944693333333333,4.1,258.2,,
2025-07-23 11:12:30,120.24790666666668,31.94383,4.1,256.4,,
2025-07-23 11:16:30,120.24256,31.943016666666665,4.1,262.0,,
2025-07-23 11:20:00,120.23788,31.94214333333333,4.2,259.7,,
2025-07-23 11:23:30,120.23312,31.941236666666665,4.2,260.3,,
2025-07-23 11:26:30,120.22904,31.941126666666666,4.0,269.3,,
2025-07-23 11:29:49,120.22466666666666,31.94105,4.0,270.8,,
2025-07-23 11:33:00,120.22049333333334,31.94115333333333,4.0,274.9,,
2025-07-23 11:36:25,120.21606666666666,31.94145,3.9,276.3,,
2025-07-23 11:39:30,120.21210666666668,31.94163,3.9,277.3,,
2025-07-23 11:42:35,120.20822666666666,31.94199,4.0,279.8,,
2025-07-23 11:45:58,120.20368333333332,31.9425,4.0,276.6,,
2025-07-23 11:49:00,120.19977333333334,31.94294333333333,3.9,277.0,,
2025-07-23 11:52:00,120.19592,31.943303333333333,3.9,279.8,,
2025-07-23 11:55:00,120.19201333333334,31.94376,4.0,274.5,,
2025-07-23 11:58:00,120.18802666666669,31.94407,4.1,275.1,,
2025-07-23 12:01:27,120.18328333333334,31.94435,4.2,273.5,,
2025-07-23 12:05:00,120.17844,31.944786666666666,4.1,276.1,,
2025-07-23 12:08:00,120.17444,31.945116666666667,4.0,279.3,,
2025-07-23 12:11:00,120.17072,31.945626666666666,3.7,272.6,,
2025-07-23 12:14:00,120.16693333333332,31.94605,4.0,279.4,,
2025-07-23 12:17:30,120.16226666666668,31.94691,4.1,283.5,,
2025-07-23 12:21:00,120.15757333333332,31.947796666666665,4.2,281.0,,
2025-07-23 12:24:15,120.15308333333331,31.94846666666667,4.2,280.7,,
2025-07-23 12:27:55,120.14805,31.949033333333333,4.1,279.8,,
2025-07-23 12:31:00,120.14398666666666,31.949816666666667,4.1,282.2,,
2025-07-23 12:34:00,120.13997333333332,31.95056,4.1,281.5,,
2025-07-23 12:37:00,120.13602666666668,31.95133,4.1,281.5,,
2025-07-23 12:40:30,120.13145333333334,31.9521,4.0,281.7,,
2025-07-23 12:43:30,120.12744,31.95272,4.2,280.4,,
2025-07-23 12:51:00,120.11744,31.95486,4.1,294.2,,
2025-07-23 12:54:00,120.1136,31.956053333333333,4.2,285.5,,
2025-07-23 12:57:00,120.1096,31.95706333333333,4.2,288.0,,
2025-07-23 13:00:12,120.1052,31.958066666666667,4.3,281.8,,
2025-07-23 13:04:30,120.09954666666668,31.959366666666668,4.1,282.9,,
2025-07-23 13:07:30,120.09553333333334,31.960156666666663,4.2,280.6,,
2025-07-23 13:10:30,120.09137333333334,31.960916666666662,4.3,282.7,,
2025-07-23 13:13:30,120.08725333333334,31.961483333333334,4.0,278.6,,
2025-07-23 13:16:30,120.08341333333334,31.96208333333333,4.0,282.7,,
2025-07-23 13:19:30,120.07953333333332,31.962756666666667,4.1,285.0,,
2025-07-23 13:22:58,120.07495,31.9638,4.2,287.3,,
2025-07-23 13:26:29,120.07028,31.96463,4.1,273.2,,
2025-07-23 13:30:18,120.06521666666669,31.96523333333333,4.0,279.1,,
2025-07-23 13:33:29,120.06126666666668,31.96638,4.0,291.4,,
2025-07-23 13:36:29,120.05749333333333,31.96732,4.0,289.7,,
2025-07-23 13:39:29,120.05366666666669,31.968333333333334,4.1,286.1,,
2025-07-23 13:42:30,120.04965333333334,31.969256666666663,4.1,285.7,,
2025-07-23 13:45:44,120.04563333333331,31.97015,3.8,281.9,,
2025-07-23 13:49:00,120.04166666666669,31.970976666666665,3.8,283.6,,
2025-07-23 13:52:19,120.03763333333332,31.97195,3.8,288.1,,
2025-07-23 13:55:29,120.03382666666668,31.972796666666667,3.8,286.6,,
2025-07-23 13:58:29,120.03026666666666,31.97392,3.7,298.8,,
2025-07-23 14:01:29,120.02693333333332,31.97533333333333,3.7,294.8,,
2025-07-23 14:04:29,120.02362666666669,31.97669,3.6,300.2,,
2025-07-23 14:07:29,120.02058666666667,31.97837,3.7,303.7,,
2025-07-23 14:10:29,120.01762666666669,31.980286666666668,3.8,306.7,,
2025-07-23 14:13:29,120.01457333333332,31.98221333333333,3.8,302.3,,
2025-07-23 14:16:29,120.0113,31.98388333333333,3.8,301.5,,
2025-07-23 14:19:29,120.00809333333332,31.98568,3.9,302.7,,
2025-07-23 14:22:29,120.00472,31.987403333333333,4.0,305.2,,
2025-07-23 14:25:29,120.00146666666669,31.989306666666668,3.9,301.8,,
2025-07-23 14:28:29,119.99824,31.991066666666665,3.7,303.6,,
2025-07-23 14:31:29,119.99528,31.99285,3.6,307.4,,
2025-07-23 14:34:29,119.99232,31.994606666666662,3.6,302.2,,
2025-07-23 14:37:29,119.98934666666666,31.996313333333333,3.5,301.5,,
2025-07-23 14:40:29,119.9868,31.997866666666667,3.1,317.9,,
2025-07-23 14:43:29,119.98469333333334,31.999656666666667,3.1,320.2,,
2025-07-23 14:46:30,119.98266666666666,32.00142,3.0,303.8,,
2025-07-23 14:49:39,119.98037333333332,32.00301666666667,2.9,316.1,,
2025-07-23 14:52:59,119.97789333333333,32.005053333333336,3.1,312.3,,
2025-07-23 14:56:01,119.97604,32.0066,3.2,312.6,,
2025-07-23 14:59:16,119.97373333333331,32.008248333333334,3.1,308.9,,
2025-07-23 15:02:27,119.97156,32.01038,3.2,323.2,,
2025-07-23 15:05:34,119.9698,32.012366666666665,3.2,322.0,,
2025-07-23 15:08:40,119.96753333333334,32.01468666666667,3.3,320.9,,
2025-07-23 15:11:46,119.96549333333331,32.01687,3.3,322.9,,
2025-07-23 15:14:57,119.9634,32.019016666666666,3.3,321.6,,
2025-07-23 15:18:09,119.96123333333334,32.021366666666665,3.3,322.3,,
2025-07-23 15:21:10,119.95949333333331,32.023493333333334,3.3,318.2,,
2025-07-23 15:24:31,119.95750666666666,32.025686666666665,3.2,325.2,,
2025-07-23 15:27:37,119.95544,32.02818333333333,3.3,331.4,,
2025-07-23 15:30:48,119.95364,32.03057333333334,3.3,331.7,,
2025-07-23 15:34:19,119.95081666666668,32.03458333333333,3.1,328.0,,
2025-07-23 15:37:34,119.94926666666667,32.036883333333336,3.2,331.4,,
2025-07-23 15:41:31,119.9474,32.0399,3.3,334.1,,
2025-07-23 15:45:10,119.94561333333333,32.042926666666666,3.3,334.6,,
2025-07-23 15:48:20,119.94397333333332,32.04541,3.3,332.4,,
2025-07-23 15:51:33,119.94251666666666,32.04796666666667,3.4,341.7,,
2025-07-23 15:54:54,119.94129333333332,32.050673333333336,3.4,340.0,,
2025-07-23 15:58:28,119.93997333333331,32.05376,3.4,343.8,,
2025-07-23 16:01:58,119.93837333333332,32.056846666666665,3.5,336.1,,
2025-07-23 16:05:11,119.93643333333333,32.06135,3.3,333.2,,
2025-07-23 16:08:21,119.93524,32.06426333333334,3.6,342.7,,
2025-07-23 16:11:31,119.93412,32.06722666666667,3.7,339.5,,
2025-07-23 16:14:41,119.93286666666668,32.07053166666667,3.7,341.3,,
2025-07-23 16:18:21,119.93141333333334,32.074196666666666,3.7,339.1,,
2025-07-23 16:21:21,119.93038666666666,32.07716,3.6,343.4,,
2025-07-23 16:24:21,119.92950666666668,32.080173333333335,3.7,348.4,,
2025-07-23 16:27:47,119.92883333333332,32.08315,3.8,349.1,,
2025-07-23 16:30:51,119.9278,32.08709666666667,3.9,346.2,,
2025-07-23 16:33:52,119.92681333333331,32.090333333333334,4.0,344.4,,
2025-07-23 16:37:22,119.92550666666666,32.094166666666666,4.1,345.4,,
2025-07-23 16:40:22,119.92453333333331,32.09761666666667,4.2,349.3,,
2025-07-23 16:43:22,119.92385333333333,32.101123333333334,4.2,352.1,,
2025-07-23 16:46:51,119.92288,32.10519333333333,4.3,346.7,,
2025-07-23 16:49:53,119.92198666666668,32.1087,4.3,348.3,,
2025-07-23 16:52:53,119.92106666666666,32.112233333333336,4.2,345.1,,
2025-07-23 16:56:21,119.91968,32.116213333333334,4.2,344.6,,
2025-07-23 16:59:21,119.91854666666669,32.11968666666667,4.3,343.3,,
2025-07-23 17:02:21,119.91745333333331,32.12322,4.3,345.0,,
2025-07-23 17:05:22,119.91638666666668,32.12678,4.4,344.7,,
2025-07-23 17:08:59,119.91503333333333,32.131083333333336,4.4,342.9,,
2025-07-23 17:12:22,119.91382666666668,32.135133333333336,4.4,346.2,,
2025-07-23 17:15:51,119.91258666666668,32.139406666666666,4.4,348.2,,
2025-07-23 17:18:51,119.91182666666668,32.14308,4.4,350.5,,
2025-07-23 17:21:51,119.91097333333332,32.14676,4.5,350.2,,
2025-07-23 17:24:51,119.91026666666669,32.150576666666666,4.6,349.6,,
2025-07-23 17:27:51,119.90937333333332,32.154383333333335,4.5,353.0,,
2025-07-23 17:30:51,119.90864,32.158226666666664,4.7,349.3,,
2025-07-23 17:33:52,119.90785333333334,32.162146666666665,4.8,353.6,,
2025-07-23 17:36:55,119.90725,32.16628333333333,4.9,352.0,,
2025-07-23 17:40:21,119.90624,32.17101,5.0,347.9,,
2025-07-23 17:43:23,119.90536,32.17518,5.1,349.3,,
2025-07-23 17:46:24,119.90448333333332,32.1795,5.1,351.7,,
2025-07-23 17:49:51,119.90376,32.184376666666665,5.1,351.1,,
2025-07-23 17:52:51,119.90297333333334,32.18866,5.2,351.8,,
2025-07-23 17:55:51,119.90208,32.193,5.2,348.2,,
2025-07-23 17:58:51,119.90097333333334,32.19729666666667,5.2,349.1,,
2025-07-23 18:01:51,119.90002666666666,32.20165333333333,5.3,346.3,,
2025-07-23 18:04:52,119.8988,32.20598666666667,5.3,347.1,,
2025-07-23 18:08:21,119.89741333333332,32.21112333333333,5.4,344.8,,
2025-07-23 18:11:21,119.89613333333334,32.215563333333336,5.4,345.9,,
2025-07-23 18:14:21,119.89465333333334,32.22004333333334,5.6,344.1,,
2025-07-23 18:17:21,119.89313333333334,32.224606666666666,5.6,342.0,,
2025-07-23 18:20:21,119.89138666666666,32.22912,5.6,340.4,,
2025-07-23 18:23:21,119.88956,32.233596666666664,5.6,341.0,,
2025-07-23 18:26:21,119.88774666666669,32.23811333333333,5.6,338.8,,
2025-07-23 21:10:51,119.67529333333331,32.23639,5.9,197.1,,
2025-07-23 21:13:52,119.67348,32.23166666666667,6.0,197.7,,
2025-07-23 21:15:52,119.67236,32.22837666666667,6.1,196.8,,
2025-07-23 21:18:21,119.67033333333332,32.22459,5.8,213.7,,
2025-07-23 21:21:22,119.66744,32.22045,5.6,211.1,,
2025-07-23 21:24:31,119.6641,32.216316666666664,5.8,215.3,,
2025-07-23 21:27:51,119.66002666666668,32.21207666666667,5.8,224.8,,
2025-07-23 21:30:52,119.65588,32.208686666666665,5.8,226.6,,
2025-07-23 21:34:03,119.65141666666666,32.20511666666667,5.8,229.8,,
2025-07-23 21:37:21,119.64625333333332,32.202153333333335,5.6,244.1,,
2025-07-23 21:40:21,119.64106666666666,32.200406666666666,5.6,250.1,,
2025-07-23 21:43:21,119.63578666666666,32.19888,5.6,250.9,,
2025-07-23 21:46:34,119.63013333333332,32.19723333333334,5.6,253.0,,
2025-07-23 21:50:21,119.62356,32.19527,5.6,243.8,,
2025-07-23 21:53:21,119.61841333333334,32.193686666666665,5.5,253.7,,
2025-07-23 21:56:21,119.61318666666666,32.19294,5.2,266.4,,
2025-07-23 21:59:21,119.60810666666669,32.19278666666667,5.1,263.8,,
2025-07-23 22:02:21,119.6032,32.19213333333333,4.9,260.8,,
2025-07-23 22:05:21,119.59829333333332,32.19148,5.0,260.9,,
2025-07-23 22:08:21,119.59329333333334,32.19101666666667,5.1,268.4,,
2025-07-23 22:11:51,119.58733333333332,32.190823333333334,5.3,262.2,,
2025-07-23 22:15:51,119.58025333333332,32.19060666666667,5.6,273.8,,
2025-07-23 22:18:52,119.57485,32.19075,5.4,270.6,,
2025-07-23 22:22:21,119.56918666666668,32.191966666666666,4.9,300.3,,
2025-07-23 22:25:28,119.56495,32.19436666666667,5.1,301.3,,
2025-07-23 22:28:51,119.55986666666666,32.19645,5.0,303.0,,
2025-07-23 22:32:03,119.55576666666668,32.1993,5.0,314.0,,
2025-07-23 22:35:21,119.55312,32.20304333333333,4.6,348.1,,
2025-07-23 22:38:51,119.55273333333334,32.20766666666667,4.8,0.5,,
2025-07-23 22:42:21,119.55274666666666,32.21243,4.9,356.9,,
2025-07-23 22:45:21,119.55256,32.21656,5.0,358.3,,
2025-07-23 22:48:21,119.55169333333332,32.22061,4.9,347.2,,
2025-07-23 22:51:21,119.55090666666666,32.224666666666664,4.9,352.9,,
2025-07-23 22:54:21,119.55056,32.22884333333333,5.0,359.1,,
2025-07-23 22:57:21,119.54994666666668,32.23287666666667,4.7,339.8,,
2025-07-23 23:00:21,119.54772,32.23649666666667,5.0,320.9,,
2025-07-23 23:03:21,119.54376,32.239196666666665,5.4,300.4,,
2025-07-24 01:04:20,119.39190666666669,32.23914666666667,4.3,215.7,,
2025-07-24 01:07:20,119.38948,32.236016666666664,4.6,214.6,,
2025-07-24 01:10:21,119.38697333333332,32.23278333333333,4.6,213.0,,
2025-07-24 01:13:33,119.38446666666668,32.2292,4.4,212.8,,
2025-07-24 01:16:50,119.38157333333334,32.22632333333333,4.4,219.6,,
2025-07-24 01:19:50,119.37870666666667,32.22348,4.5,222.0,,
2025-07-24 01:23:20,119.37536,32.220076666666664,4.5,218.4,,
2025-07-24 01:26:20,119.37249333333334,32.217076666666664,4.6,220.4,,
2025-07-24 01:29:45,119.36905,32.213816666666666,4.6,220.7,,
2025-07-24 01:33:25,119.36535,32.210483333333336,4.3,223.2,,
2025-07-24 01:36:34,119.36212,32.20791,4.2,229.1,,
2025-07-24 01:39:34,119.35878666666666,32.20582666666667,4.2,234.9,,
2025-07-24 01:42:55,119.35486666666668,32.20376666666667,4.1,237.6,,
2025-07-24 01:46:34,119.35054666666667,32.20171333333333,4.1,239.8,,
2025-07-24 01:49:34,119.34688,32.20023333333334,4.0,246.7,,
2025-07-24 01:53:04,119.34254666666666,32.19885,4.0,248.6,,
2025-07-24 01:56:04,119.33888,32.19764,4.0,251.3,,
2025-07-24 01:59:04,119.33506666666666,32.19680666666667,4.0,260.4,,
2025-07-24 02:02:34,119.33061333333332,32.19606,3.9,258.1,,
2025-07-24 02:05:34,119.32684,32.195546666666665,3.9,265.6,,
2025-07-24 02:08:34,119.32298666666668,32.19519,3.9,264.7,,
2025-07-24 02:13:04,119.31705333333332,32.19497666666667,4.0,267.5,,
2025-07-24 02:16:34,119.31244,32.19463,4.0,267.3,,
2025-07-24 02:19:34,119.30849333333332,32.19428666666666,4.0,265.0,,
2025-07-24 02:23:04,119.30386666666666,32.19407,4.0,267.9,,
2025-07-24 02:26:04,119.29996,32.19390333333333,3.9,270.9,,
2025-07-24 02:29:04,119.29609333333332,32.1939,3.9,272.2,,
2025-07-24 02:32:08,119.29206666666668,32.1942,4.0,275.8,,
2025-07-24 02:35:34,119.28768,32.19508,4.0,288.1,,
2025-07-24 02:38:43,119.2836,32.195933333333336,4.1,283.6,,
2025-07-24 02:42:03,119.27936,32.19694666666667,3.9,292.5,,
2025-07-24 02:45:19,119.27558333333332,32.19853166666667,3.9,296.7,,
2025-07-24 02:48:34,119.27185333333334,32.20007,3.8,299.5,,
2025-07-24 02:52:04,119.26809333333334,32.201966666666664,3.8,303.6,,
2025-07-24 02:55:33,119.26425333333331,32.20384,3.8,301.5,,
2025-07-24 02:58:33,119.26116,32.20549666666667,3.6,302.4,,
2025-07-24 03:02:03,119.25764,32.20742333333333,3.5,304.8,,
2025-07-24 03:05:03,119.25473333333332,32.209156666666665,3.6,301.5,,
2025-07-24 03:08:03,119.25156,32.210656666666665,3.7,295.8,,
2025-07-24 03:11:04,119.24834666666666,32.212163333333336,3.7,305.9,,
2025-07-24 03:14:04,119.24532,32.21398,3.5,306.5,,
2025-07-24 03:17:33,119.24210666666669,32.216316666666664,3.7,304.1,,
2025-07-24 03:21:03,119.23872,32.218516666666666,3.7,313.4,,
2025-07-24 03:24:03,119.23593333333334,32.22061,3.8,308.8,,
2025-07-24 03:27:33,119.23262666666666,32.223013333333334,3.8,306.6,,
2025-07-24 03:30:33,119.22965333333332,32.22494666666667,3.7,305.9,,
2025-07-24 03:33:33,119.22662666666666,32.22685,3.8,307.4,,
2025-07-24 03:36:33,119.22357333333332,32.228766666666665,3.8,304.4,,
2025-07-24 03:39:33,119.22048,32.23046333333333,3.6,299.3,,
2025-07-24 03:42:33,119.21738666666668,32.2318,3.4,296.7,,
2025-07-24 03:46:03,119.2138,32.23327333333334,3.4,295.4,,
2025-07-24 03:49:03,119.21077333333334,32.234566666666666,3.4,293.4,,
2025-07-24 03:52:07,119.20748333333331,32.23558333333333,3.4,288.2,,
2025-07-24 03:55:33,119.20368,32.23657,3.5,289.0,,
2025-07-24 03:58:33,119.20042666666669,32.2375,3.4,290.0,,
2025-07-24 04:01:33,119.1972,32.23836,3.4,286.9,,
2025-07-24 04:04:33,119.19398666666666,32.239106666666665,3.3,287.2,,
2025-07-24 04:07:33,119.19085333333334,32.23979333333333,3.1,285.1,,
2025-07-24 06:09:32,119.07424,32.239066666666666,3.5,214.5,,
2025-07-24 06:12:33,119.07189333333334,32.237,3.4,228.0,,
2025-07-24 06:16:47,119.0687,32.23393333333333,3.4,219.1,,
2025-07-24 06:21:02,119.06630666666666,32.23045666666667,3.3,203.3,,
2025-07-24 06:24:03,119.065,32.22796,3.2,212.7,,
2025-07-24 06:27:33,119.06309333333331,32.225073333333334,3.4,203.0,,
2025-07-24 06:31:03,119.06086666666668,32.22251,3.0,218.6,,
2025-07-24 06:34:22,119.05888333333333,32.220166666666664,3.2,216.9,,
2025-07-24 06:37:32,119.05688,32.217816666666664,3.4,210.9,,
2025-07-24 06:40:32,119.05518666666669,32.215273333333336,3.5,212.4,,
2025-07-24 06:43:32,119.05309333333334,32.212833333333336,3.6,220.7,,
2025-07-24 06:46:33,119.05076,32.21035666666667,3.8,218.6,,
2025-07-24 06:49:49,119.04823333333331,32.2076,3.8,218.7,,
2025-07-24 06:53:02,119.04574666666667,32.20485,3.8,217.7,,
2025-07-24 06:56:24,119.04318333333332,32.20205,3.7,214.5,,
2025-07-24 06:59:32,119.04082666666666,32.199666666666666,3.4,230.2,,
2025-07-24 07:02:32,119.03812,32.197853333333335,3.4,231.4,,
2025-07-24 07:05:32,119.03553333333332,32.19596333333333,3.3,230.6,,
2025-07-24 07:08:32,119.033,32.19415,3.4,229.2,,
2025-07-24 07:12:32,119.02958666666666,32.191716666666665,3.4,229.1,,
2025-07-24 07:15:32,119.02708,32.18998666666667,3.1,232.5,,
2025-07-24 07:19:01,119.02438666666669,32.18826,2.9,232.0,,
2025-07-24 07:22:02,119.02205333333332,32.1867,2.9,241.6,,
2025-07-24 07:25:31,119.01918666666668,32.18513,2.9,238.3,,
2025-07-24 07:28:42,119.0165,32.183683333333335,3.2,237.2,,
2025-07-24 07:32:01,119.01350666666669,32.18235333333333,3.0,240.2,,
2025-07-24 07:35:01,119.011,32.18094333333333,2.8,235.2,,
2025-07-24 07:38:01,119.00858666666667,32.180006666666664,2.9,240.5,,
2025-07-24 07:41:02,119.00601333333331,32.178673333333336,2.9,236.1,,
2025-07-24 07:44:08,119.00325,32.17811666666667,2.9,269.0,,
2025-07-24 07:47:48,118.99961666666668,32.177933333333335,3.0,264.8,,
2025-07-24 07:51:02,118.99629333333333,32.17778,3.2,259.1,,
2025-07-24 07:54:32,118.99262666666668,32.17704666666667,3.3,251.8,,
2025-07-24 07:58:02,118.989,32.17604,3.2,262.2,,
2025-07-24 08:01:30,118.98542666666668,32.176033333333336,3.1,279.2,,
2025-07-24 08:04:30,118.98246666666668,32.17621333333334,3.0,268.7,,
2025-07-24 08:07:30,118.97949333333334,32.176183333333334,2.9,273.0,,
2025-07-24 08:10:30,118.97665333333332,32.17619666666667,2.7,264.6,,
2025-07-24 08:13:30,118.97394666666666,32.17590333333333,2.7,259.2,,
2025-07-24 08:16:30,118.97122666666668,32.175673333333336,2.7,270.5,,
2025-07-24 08:19:30,118.96866666666666,32.1757,2.6,271.3,,
2025-07-24 08:22:30,118.96606666666666,32.17574333333334,2.7,269.1,,
2025-07-24 08:25:30,118.96333333333334,32.17565,2.7,266.8,,
2025-07-24 08:28:30,118.96076,32.17577333333333,2.5,271.1,,
2025-07-24 08:31:30,118.95830666666669,32.17588666666666,2.5,266.0,,
2025-07-24 08:34:30,118.95577333333334,32.17556,2.6,261.7,,
2025-07-24 08:37:30,118.95326666666666,32.175563333333336,2.4,275.9,,
2025-07-24 08:40:30,118.95082666666669,32.17579333333333,2.5,278.1,,
2025-07-24 08:43:30,118.94842666666666,32.17610333333333,2.4,281.1,,
2025-07-24 08:46:30,118.94582666666666,32.17657333333333,3.0,275.0,,
2025-07-24 08:49:30,118.94269333333334,32.17698333333333,3.3,280.4,,
2025-07-24 08:52:30,118.93932,32.177443333333336,3.4,278.7,,
2025-07-24 08:55:30,118.9358,32.17758666666667,3.5,270.3,,
2025-07-24 08:58:30,118.93250666666668,32.17762666666667,3.1,278.2,,
2025-07-24 09:01:30,118.92962666666666,32.178466666666665,3.1,292.5,,
2025-07-24 09:04:30,118.92678666666669,32.17936666666667,3.0,277.2,,
2025-07-24 09:07:30,118.92373333333332,32.17987333333333,3.1,282.1,,
2025-07-24 09:10:30,118.92053333333334,32.180366666666664,3.4,280.5,,
2025-07-24 09:13:30,118.91744,32.18086,3.1,276.5,,
2025-07-24 09:16:30,118.91450666666668,32.18124,3.0,281.2,,
2025-07-24 09:19:30,118.91154666666668,32.181693333333335,3.1,279.8,,
2025-07-24 09:22:30,118.90861333333334,32.18247,3.0,289.9,,
2025-07-24 09:25:30,118.90573333333332,32.18323,3.0,282.9,,
2025-07-24 09:28:30,118.90276,32.18369666666667,3.0,281.9,,
2025-07-24 09:31:30,118.8998,32.18385333333333,3.0,263.0,,
2025-07-24 09:34:30,118.89677333333331,32.18366666666667,3.2,267.5,,
2025-07-24 09:37:30,118.89350666666668,32.18390333333333,3.3,281.0,,
2025-07-24 09:40:30,118.89032,32.18393666666667,3.2,271.9,,
2025-07-24 09:43:30,118.88725333333332,32.1836,3.1,256.7,,
2025-07-24 09:46:30,118.88432,32.18286,3.1,253.4,,
2025-07-24 09:49:30,118.88133333333332,32.183166666666665,3.0,278.5,,
2025-07-24 09:52:30,118.87797333333332,32.18318333333333,3.9,258.5,,
2025-07-24 09:55:30,118.87417333333332,32.18201666666667,4.1,251.1,,
2025-07-24 09:58:30,118.8706,32.18086666666667,3.7,244.3,,
2025-07-24 10:02:00,118.86686666666668,32.17938,3.5,240.3,,
2025-07-24 10:05:00,118.86397333333332,32.17778333333333,3.5,233.8,,
2025-07-24 10:08:00,118.86113333333331,32.176316666666665,3.3,241.4,,
2025-07-24 10:11:00,118.85821333333334,32.17498,3.4,239.4,,
2025-07-24 10:14:00,118.85541333333332,32.17339666666667,3.4,235.1,,
2025-07-24 10:17:29,118.85204,32.171733333333336,3.3,243.5,,
2025-07-24 10:20:30,118.84893333333332,32.170386666666666,3.6,241.3,,
2025-07-24 10:23:30,118.84582666666668,32.168796666666665,3.6,236.1,,
2025-07-24 10:27:00,118.84228,32.166893333333334,3.7,237.9,,
2025-07-24 10:30:01,118.83908333333332,32.165416666666665,3.6,244.3,,
2025-07-24 10:33:29,118.83530666666668,32.16415333333333,3.3,242.2,,
2025-07-24 10:36:30,118.83209333333332,32.16302,3.5,248.3,,
2025-07-24 10:39:32,118.82865,32.16231666666667,3.8,267.7,,
2025-07-24 10:42:43,118.82509333333331,32.16151,3.4,250.6,,
2025-07-24 10:45:43,118.82168,32.16069,3.6,258.9,,
2025-07-24 10:48:59,118.81793333333331,32.159713333333336,3.6,243.2,,
2025-07-24 10:51:59,118.8148,32.158096666666665,3.7,237.2,,
2025-07-24 10:54:59,118.81152,32.15641,4.0,242.6,,
2025-07-24 10:57:59,118.80774666666667,32.155096666666665,4.2,255.9,,
2025-07-24 11:00:59,118.80362666666667,32.154226666666666,4.3,245.7,,
2025-07-24 11:03:59,118.79985333333332,32.152316666666664,4.6,233.3,,
2025-07-24 11:06:59,118.79632,32.14979666666667,4.7,227.0,,
2025-07-24 11:10:00,118.7934,32.14684,4.5,218.6,,
2025-07-24 11:13:18,118.78991666666668,32.14415,4.2,230.7,,
2025-07-24 11:16:29,118.78653333333334,32.14182,4.0,232.7,,
2025-07-24 11:19:29,118.78358666666666,32.13997666666667,3.6,236.8,,
2025-07-24 11:22:29,118.78062666666666,32.13852,3.4,244.3,,
2025-07-24 11:25:29,118.77754666666668,32.137566666666665,3.3,246.2,,
2025-07-24 11:28:29,118.7744,32.136876666666666,3.4,262.0,,
2025-07-24 11:31:29,118.77090666666666,32.136806666666665,3.7,271.7,,
2025-07-24 11:34:29,118.76716,32.13713,3.8,277.3,,
2025-07-24 11:37:29,118.76323333333332,32.13775,4.1,279.2,,
2025-07-24 11:40:29,118.75942666666668,32.13703,4.1,242.9,,
2025-07-24 11:43:30,118.75573333333334,32.135243333333335,4.5,241.3,,
2025-07-24 11:46:59,118.75106666666667,32.13294333333333,4.8,235.9,,
2025-07-24 11:49:59,118.74765333333332,32.130053333333336,5.0,213.9,,
2025-07-24 11:52:59,118.74462666666666,32.12666,5.0,219.1,,
2025-07-24 11:55:59,118.74152,32.12359333333333,4.7,223.0,,
2025-07-24 11:58:59,118.73861333333332,32.12051666666667,4.7,217.8,,
2025-07-24 12:02:00,118.736,32.11727,4.5,216.3,,
2025-07-24 12:05:00,118.73282666666668,32.11482,4.4,228.2,,
2025-07-27 14:07:26,118.73166666666668,32.10626333333333,6.1,33.5,,
2025-07-27 14:09:26,118.73385333333331,32.10917,6.1,31.8,,
2025-07-27 14:11:26,118.73598666666666,32.112053333333336,6.1,32.2,,
2025-07-27 14:13:26,118.73816,32.11492,6.1,34.1,,
2025-07-27 14:15:26,118.74070666666668,32.11754,5.9,47.1,,
2025-07-27 14:18:26,118.74545333333332,32.12023666666666,5.7,61.7,,
2025-07-27 14:21:26,118.7504,32.12252,5.7,61.2,,
2025-07-27 14:24:26,118.75536,32.124923333333335,5.8,59.4,,
2025-07-27 14:27:26,118.76042666666666,32.127203333333334,5.7,66.4,,
2025-07-27 14:30:26,118.76566666666666,32.129083333333334,5.8,69.7,,
2025-07-27 14:33:26,118.771,32.13088,5.8,67.1,,
2025-07-27 14:36:44,118.77683333333331,32.133066666666664,5.9,67.5,,
2025-07-27 14:38:47,118.78052,32.13439666666667,6.0,63.4,,
2025-07-27 14:40:47,118.78404,32.13601,6.0,59.2,,
2025-07-27 14:42:56,118.78769333333334,32.13799,6.2,56.1,,
2025-07-27 14:44:56,118.79101333333334,32.140006666666665,6.2,53.7,,
2025-07-27 14:46:56,118.79430666666669,32.14203,6.2,54.0,,
2025-07-27 14:48:56,118.79761333333332,32.14413,6.3,51.5,,
2025-07-27 14:50:56,118.80090666666666,32.14628666666667,6.3,53.6,,
2025-07-27 14:53:26,118.80501333333332,32.14905,6.4,51.6,,
2025-07-27 14:55:26,118.8084,32.151183333333336,6.4,56.1,,
2025-07-27 14:57:47,118.81268,32.15336666666666,6.4,61.5,,
2025-07-27 14:59:47,118.81644,32.15499333333333,6.5,66.0,,
2025-07-27 15:01:47,118.82028,32.156353333333335,6.4,68.0,,
2025-07-27 15:03:49,118.82414666666666,32.157763333333335,6.4,67.6,,
2025-07-27 15:05:55,118.82837333333332,32.15923333333333,6.4,70.6,,
2025-07-27 15:07:56,118.83222666666668,32.16061,6.2,65.3,,
2025-07-27 15:09:56,118.83592,32.162123333333334,6.2,63.2,,
2025-07-27 15:11:57,118.83966666666667,32.16373333333333,6.4,63.3,,
2025-07-27 15:14:17,118.84402666666666,32.16573,6.4,61.5,,
2025-07-27 15:16:22,118.84798333333332,32.16753333333333,6.6,62.4,,
2025-07-27 15:18:25,118.85188,32.16937,6.6,60.3,,
2025-07-27 15:20:25,118.85565333333334,32.17124666666667,6.7,61.0,,
2025-07-27 15:22:25,118.85953333333332,32.17310333333333,6.7,58.4,,
2025-07-27 15:24:26,118.86333333333332,32.17510333333333,6.8,59.1,,
2025-07-27 15:26:42,118.86776666666668,32.17735,6.9,61.0,,
2025-07-27 15:28:47,118.87206666666668,32.17878666666667,6.8,71.9,,
2025-07-27 15:30:47,118.87638666666666,32.17967,6.7,78.0,,
2025-07-27 15:32:47,118.88078666666668,32.18024,6.7,82.9,,
2025-07-27 15:34:47,118.88522666666668,32.18064,6.8,85.6,,
2025-07-27 15:36:47,118.88968,32.18083333333333,6.7,89.3,,
2025-07-27 15:38:55,118.89441333333332,32.18071666666667,6.5,93.1,,
2025-07-27 15:40:55,118.89884,32.18049666666667,6.7,95.4,,
2025-07-27 15:42:55,118.90318333333332,32.180083333333336,6.8,97.3,,
2025-07-27 15:44:55,118.90757333333332,32.17953333333333,6.7,100.5,,
2025-07-27 15:46:55,118.91194666666668,32.179003333333334,6.7,98.7,,
2025-07-27 15:48:56,118.91630666666669,32.17841,6.8,100.0,,
2025-07-27 15:51:17,118.92157333333331,32.17765,7.0,97.6,,
2025-07-27 15:53:17,118.92621333333334,32.17712,7.1,97.7,,
2025-07-27 15:55:17,118.93082666666666,32.17633,7.3,102.9,,
2025-07-27 15:57:17,118.93537333333332,32.17530333333333,7.2,105.4,,
2025-07-27 15:59:17,118.93986666666666,32.17442,6.9,99.3,,
2025-07-27 16:01:17,118.94423333333332,32.17373333333333,6.9,100.3,,
2025-07-27 16:03:26,118.94902666666668,32.17293333333333,6.8,99.9,,
2025-07-27 16:05:48,118.95421333333331,32.17241666666666,6.6,94.7,,
2025-07-27 16:07:49,118.95861333333332,32.17232666666666,6.7,88.5,,
2025-07-27 16:09:56,118.96325333333333,32.17231,6.6,91.5,,
2025-07-27 16:11:56,118.96758666666666,32.172313333333335,6.5,87.0,,
2025-07-27 16:13:56,118.97190666666668,32.17259,6.6,84.5,,
2025-07-27 16:15:56,118.97626666666666,32.173006666666666,6.7,82.4,,
2025-07-27 16:17:56,118.98068,32.173386666666666,6.8,85.5,,
2025-07-27 16:19:56,118.98510666666668,32.17371333333333,6.7,85.1,,
2025-07-27 16:21:56,118.98954666666668,32.174083333333336,6.9,84.5,,
2025-07-27 16:23:56,118.99404,32.174566666666664,6.8,81.8,,
2025-07-27 16:25:56,118.99846666666669,32.17527333333334,6.8,76.8,,
2025-07-27 16:27:56,119.00285333333332,32.17628,6.9,73.8,,
2025-07-27 16:29:56,119.0072,32.17749333333333,7.0,69.2,,
2025-07-27 16:31:56,119.01137333333334,32.17908333333333,6.9,63.3,,
2025-07-27 16:33:56,119.01544,32.18083333333333,6.9,60.9,,
2025-07-27 16:35:56,119.01937333333332,32.18286,7.1,57.4,,
2025-07-27 16:37:56,119.02328,32.18508666666666,7.1,54.9,,
2025-07-27 16:39:56,119.02705333333331,32.187506666666664,7.2,52.6,,
2025-07-27 16:41:56,119.03072,32.19009666666667,7.2,48.7,,
2025-07-27 16:43:56,119.03437333333332,32.192746666666665,7.4,49.2,,
2025-07-27 16:45:56,119.03808,32.19543,7.3,52.0,,
2025-07-27 16:47:56,119.04182666666668,32.198033333333335,7.3,46.6,,
2025-07-27 16:49:56,119.04533333333332,32.20082,7.3,45.7,,
2025-07-27 16:51:56,119.04874666666667,32.20372,7.4,44.0,,
2025-07-27 16:53:56,119.05192,32.20679333333333,7.3,39.3,,
2025-07-27 16:55:56,119.05477333333332,32.21004333333333,7.3,35.0,,
2025-07-27 16:57:56,119.05753333333334,32.21335,7.2,34.9,,
2025-07-27 16:59:56,119.06017333333334,32.21671666666666,7.2,32.5,,
2025-07-27 17:01:56,119.06266666666669,32.22014333333333,7.2,31.7,,
2025-07-27 17:03:56,119.06524,32.223573333333334,7.3,33.2,,
2025-07-27 17:05:56,119.06804,32.22691666666667,7.3,36.5,,
2025-07-27 17:07:56,119.07089333333332,32.23023,7.3,34.5,,
2025-07-27 17:09:56,119.07372,32.23359,7.3,38.9,,
2025-07-27 17:11:56,119.07690666666667,32.23660666666667,7.2,43.8,,
2025-07-27 17:13:56,119.08053333333334,32.239196666666665,7.1,54.1,,
2025-07-27 17:52:55,119.17733333333334,32.23967666666667,7.2,106.5,,
2025-07-27 17:54:55,119.18182666666668,32.23842333333333,7.1,108.9,,
2025-07-27 17:56:55,119.18624,32.237046666666664,7.1,109.7,,
2025-07-27 17:58:55,119.1906,32.235663333333335,7.0,110.8,,
2025-07-27 18:00:55,119.19493333333334,32.23415,7.1,112.7,,
2025-07-27 18:02:55,119.19914666666666,32.23251333333333,7.0,115.9,,
2025-07-27 18:04:55,119.20333333333332,32.23085,6.9,115.2,,
2025-07-27 18:06:56,119.20745333333332,32.22909,7.0,118.3,,
2025-07-27 18:08:56,119.2114,32.22709666666667,6.9,122.5,,
2025-07-27 18:10:56,119.21526666666666,32.2251,6.8,120.6,,
2025-07-27 18:12:56,119.21913333333332,32.22319666666667,6.7,118.6,,
2025-07-27 18:14:56,119.22293333333332,32.22134333333333,6.6,118.6,,
2025-07-27 18:16:56,119.22682666666668,32.21977,6.5,114.3,,
2025-07-27 18:18:56,119.23052,32.218086666666665,6.4,118.6,,
2025-07-27 18:21:25,119.23497333333331,32.21573333333333,6.5,124.3,,
2025-07-27 18:23:26,119.23845333333334,32.21358,6.6,127.4,,
2025-07-27 18:25:26,119.24198666666666,32.21138333333333,6.6,125.4,,
2025-07-27 18:27:26,119.24546666666669,32.20913,6.7,128.3,,
2025-07-27 18:29:26,119.24893333333333,32.20679333333333,6.8,126.9,,
2025-07-27 18:31:48,119.25316666666669,32.20413333333333,6.8,126.3,,
2025-07-27 18:33:56,119.25710666666669,32.201816666666666,6.8,123.3,,
2025-07-27 18:36:25,119.26174666666668,32.19924666666667,6.8,122.5,,
2025-07-27 18:38:25,119.26564,32.197246666666665,6.9,119.1,,
2025-07-27 18:40:25,119.26949333333332,32.19531333333333,7.1,119.3,,
2025-07-27 18:42:25,119.27361333333332,32.19367,6.6,113.0,,
2025-07-27 18:44:55,119.27870666666666,32.19178,6.9,113.6,,
2025-07-27 18:46:55,119.28290666666666,32.19051666666667,6.7,106.3,,
2025-07-27 18:48:55,119.2872,32.18978666666667,6.7,98.4,,
2025-07-27 18:50:55,119.29158666666666,32.18935333333334,6.8,94.4,,
2025-07-27 18:52:55,119.29610666666666,32.18913333333333,6.9,91.1,,
2025-07-27 18:55:14,119.30145,32.189166666666665,7.0,89.9,,
2025-07-27 18:57:26,119.30661333333332,32.18919,7.2,89.8,,
2025-07-27 18:59:39,119.3119,32.18921666666667,7.2,90.7,,
2025-07-27 19:01:55,119.31725333333333,32.189276666666665,7.1,84.2,,
2025-07-27 19:03:55,119.32192,32.18973666666667,7.1,81.4,,
2025-07-27 19:05:55,119.32657333333331,32.1904,7.2,80.1,,
2025-07-27 19:07:55,119.3312,32.1911,7.3,79.2,,
2025-07-27 19:09:55,119.33584,32.192006666666664,7.2,75.2,,
2025-07-27 19:11:55,119.34037333333332,32.19315666666667,7.1,70.9,,
2025-07-27 19:13:55,119.34474666666668,32.19460333333333,7.1,67.8,,
2025-07-27 19:15:55,119.34912,32.19618333333333,7.3,68.0,,
2025-07-27 19:17:55,119.35342666666666,32.197853333333335,7.2,62.5,,
2025-07-27 19:19:55,119.35757333333332,32.19987,7.2,56.0,,
2025-07-27 19:21:55,119.36141333333332,32.202346666666664,7.3,50.9,,
2025-07-27 19:23:55,119.36513333333332,32.20504,7.5,47.5,,
2025-07-27 19:25:55,119.36862666666669,32.20813,7.8,41.4,,
2025-07-27 19:27:55,119.372,32.211483333333334,8.0,40.6,,
2025-07-27 19:30:25,119.37630666666666,32.215736666666665,7.9,39.7,,
2025-07-27 19:32:25,119.37948,32.21919333333334,7.8,36.9,,
2025-07-27 19:34:25,119.38253333333331,32.22264333333333,7.7,36.4,,
2025-07-27 19:36:25,119.38568,32.22607,7.7,39.0,,
2025-07-27 19:38:25,119.38890666666668,32.229463333333335,7.8,39.0,,
2025-07-27 19:40:25,119.3922,32.2328,7.8,39.3,,
2025-07-27 19:42:25,119.39542666666668,32.23620666666667,7.8,39.6,,
2025-07-27 19:44:25,119.3988,32.239536666666666,7.8,40.3,,
2025-07-27 20:48:24,119.53990666666668,32.23634666666667,8.5,135.3,,
2025-07-27 20:50:27,119.54354666666669,32.232926666666664,7.6,140.9,,
2025-07-27 20:52:32,119.54656,32.2296,6.8,147.1,,
2025-07-27 20:54:57,119.54873333333332,32.22566333333334,6.2,162.5,,
2025-07-27 20:57:01,119.54973333333334,32.22224,6.0,170.1,,
2025-07-27 20:59:02,119.55025333333332,32.21888333333333,6.1,173.8,,
2025-07-27 21:01:02,119.55041333333334,32.21547666666667,6.1,179.7,,
2025-07-27 21:03:27,119.55017333333332,32.21109,6.8,183.5,,
2025-07-27 21:05:27,119.55004,32.20718333333333,7.2,179.1,,
2025-07-27 21:07:57,119.55070666666668,32.20211666666667,7.3,164.6,,
2025-07-27 21:09:57,119.5526,32.198433333333334,7.2,148.3,,
2025-07-27 21:11:57,119.55554666666669,32.195303333333335,7.2,134.6,,
2025-07-27 21:14:03,119.55936,32.192726666666665,7.2,122.0,,
2025-07-27 21:16:14,119.56406666666666,32.19068333333333,7.3,112.3,,
2025-07-27 21:18:27,119.56909333333331,32.18936,7.3,103.8,,
2025-07-27 21:20:31,119.574,32.188473333333334,7.3,99.3,,
2025-07-27 21:22:31,119.57876,32.18789666666667,7.3,96.0,,
2025-07-27 21:24:31,119.58346666666668,32.18770333333333,7.0,89.3,,
2025-07-27 21:26:56,119.58906666666668,32.18775333333333,7.0,87.7,,
2025-07-27 21:28:57,119.59357333333334,32.188046666666665,6.7,84.9,,
2025-07-27 21:31:02,119.59812,32.1885,6.6,81.9,,
2025-07-27 21:33:27,119.6032,32.189206666666664,6.3,80.3,,
2025-07-27 21:35:31,119.60738666666668,32.189766666666664,6.1,80.6,,
2025-07-27 21:37:31,119.6113,32.19038333333334,6.0,78.7,,
2025-07-27 21:39:57,119.61602666666668,32.19125,6.0,75.5,,
2025-07-27 21:42:02,119.61997333333332,32.19207,5.9,78.9,,
2025-07-27 21:45:26,119.62645333333332,32.192843333333336,5.7,84.5,,
2025-07-27 21:48:26,119.63184,32.193646666666666,5.4,75.7,,
2025-07-27 21:51:26,119.63697333333332,32.194813333333336,5.3,70.7,,
2025-07-27 21:54:26,119.64177333333332,32.19636666666667,5.2,69.0,,
2025-07-27 21:57:56,119.64721333333334,32.19849333333333,5.1,69.1,,
2025-07-27 22:00:56,119.65170666666668,32.20033333333333,4.9,58.3,,
2025-07-27 22:03:56,119.65565333333332,32.202783333333336,4.9,52.9,,
2025-07-27 22:06:56,119.65932,32.20545666666667,4.8,44.8,,
2025-07-27 22:09:57,119.66225333333334,32.2086,4.7,32.5,,
2025-07-27 22:13:02,119.66506666666666,32.21187333333334,4.7,40.7,,
2025-07-27 22:16:26,119.66825333333334,32.2155,4.8,30.3,,
2025-07-27 22:19:26,119.67077333333332,32.21893333333333,4.8,40.8,,
2025-07-27 22:22:27,119.67396,32.22207,4.7,34.6,,
2025-07-27 22:25:27,119.67562666666667,32.22558333333333,4.5,12.5,,
2025-07-27 22:28:27,119.67658666666668,32.229283333333335,4.5,13.2,,
2025-07-27 22:31:32,119.67794666666668,32.23298333333334,4.6,22.2,,
2025-07-27 22:34:32,119.6798,32.23649,4.7,25.7,,
2025-07-28 01:35:18,119.87246666666668,32.23972666666667,6.8,167.3,,
2025-07-28 01:39:39,119.87313333333331,32.23690333333333,6.9,169.7,,
2025-07-28 01:41:47,119.87466666666668,32.230203333333336,7.1,168.1,,
2025-07-28 01:43:48,119.87632,32.223416666666665,6.7,169.8,,
2025-07-28 01:46:14,119.87710666666666,32.220146666666665,7.1,168.3,,
2025-07-28 01:48:18,119.87829333333332,32.21492666666666,6.9,167.6,,
2025-07-28 01:50:46,119.87852,32.213973333333335,7.0,168.7,,
2025-07-28 01:52:48,119.88021333333332,32.206406666666666,6.7,170.4,,
2025-07-28 01:55:30,119.88146666666668,32.201296666666664,6.9,168.2,,
2025-07-28 01:58:30,119.88274666666666,32.195503333333335,7.0,168.5,,
2025-07-28 02:00:51,119.88225333333334,32.19783,7.0,169.4,,
2025-07-28 02:03:03,119.88365333333331,32.19167,7.1,168.2,,
2025-07-28 02:05:13,119.88521333333334,32.18258333333333,6.9,173.0,,
2025-07-28 02:07:13,119.88574666666666,32.17871,7.0,173.0,,
2025-07-28 02:09:14,119.88622666666669,32.17485,7.0,175.2,,
2025-07-28 02:11:21,119.88626666666669,32.17438333333333,7.0,175.2,,
2025-07-28 02:13:32,119.88668,32.170366666666666,7.0,174.4,,
2025-07-28 02:15:45,119.88729333333332,32.16507333333333,7.1,174.4,,
2025-07-28 02:17:54,119.88804,32.160183333333336,7.0,171.8,,
2025-07-28 02:19:57,119.88928,32.15391,7.0,168.2,,
2025-07-28 02:21:57,119.89036,32.15011666666667,6.9,165.5,,
2025-07-28 02:24:24,119.89036,32.15011666666667,6.9,165.5,,
2025-07-28 02:26:53,119.89153333333331,32.1464,6.8,161.7,,
2025-07-28 02:29:00,119.89569333333333,32.13737,6.9,157.6,,
2025-07-28 02:31:06,119.89612,32.136473333333335,6.9,156.8,,
2025-07-28 02:33:23,119.89817333333332,32.13208,6.8,158.9,,
2025-07-28 02:35:46,119.89998333333334,32.127716666666664,6.8,161.9,,
2025-07-28 02:38:00,119.90253333333334,32.121206666666666,6.8,164.4,,
2025-07-28 02:40:15,119.90248,32.12128666666667,6.8,163.8,,
2025-07-28 02:42:16,119.90376,32.117596666666664,6.9,162.7,,
2025-07-28 02:44:23,119.90506666666668,32.11383,7.1,164.4,,
2025-07-28 02:46:57,119.90818666666668,32.10457,6.6,166.6,,
2025-07-28 02:49:30,119.90966666666668,32.09990666666667,6.7,163.2,,
2025-07-28 02:51:30,119.91104,32.09632333333333,6.8,161.3,,
2025-07-28 02:53:30,119.91235,32.0927,6.9,163.2,,
2025-07-28 02:55:44,119.91201333333332,32.093693333333334,6.8,163.2,,
2025-07-28 02:57:57,119.91569333333334,32.084513333333334,7.0,158.4,,
2025-07-28 03:00:27,119.91790666666668,32.08001,7.0,155.4,,
2025-07-28 03:03:00,119.92048,32.07552,7.0,152.3,,
2025-07-28 03:05:27,119.92274666666668,32.071146666666664,7.0,159.4,,
2025-07-28 03:07:30,119.92452,32.067326666666666,7.2,157.5,,
2025-07-28 03:09:30,119.92636,32.06366666666667,7.1,154.7,,
2025-07-28 03:11:30,119.92821333333332,32.05999,7.1,157.8,,
2025-07-28 03:13:30,119.93008,32.05636333333333,7.0,158.9,,
2025-07-28 03:15:30,119.93184,32.052746666666664,6.9,157.8,,
2025-07-28 03:17:57,119.93394666666669,32.04836,7.0,156.8,,
2025-07-28 03:19:57,119.93596,32.04481666666667,7.1,152.0,,
2025-07-28 03:21:57,119.93814666666668,32.04129666666667,7.1,152.2,,
2025-07-28 03:24:27,119.94081333333334,32.03684333333333,7.2,152.8,,
2025-07-28 03:26:27,119.94306666666668,32.03337333333333,6.9,149.2,,
2025-07-28 03:28:27,119.94524,32.03001,6.9,149.1,,
2025-07-28 03:30:27,119.94768,32.02679,6.9,146.6,,
2025-07-28 03:32:27,119.9502,32.023536666666665,7.0,148.3,,
2025-07-28 03:34:27,119.95261333333332,32.0202,7.0,147.6,,
2025-07-28 03:36:46,119.95568333333334,32.0165,7.0,141.9,,
2025-07-28 03:38:57,119.95886666666668,32.013283333333334,6.9,138.7,,
2025-07-28 03:40:57,119.96202666666667,32.01054333333333,6.8,133.3,,
2025-07-28 03:42:57,119.96530666666666,32.007956666666665,6.9,131.5,,
2025-07-28 03:44:57,119.96877333333332,32.0054,7.0,130.8,,
2025-07-28 03:46:57,119.97236,32.0029,7.1,128.0,,
2025-07-28 03:48:57,119.97608,32.00048666666667,7.1,127.3,,
2025-07-28 03:50:57,119.97969333333332,31.99787,7.4,132.8,,
2025-07-28 03:52:57,119.98316,31.99482666666667,7.7,136.9,,
2025-07-28 03:54:57,119.98652,31.991633333333333,7.7,141.2,,
2025-07-28 03:56:57,119.98969333333334,31.98834,7.6,142.2,,
2025-07-28 03:58:57,119.99268,31.9849,7.6,144.6,,
2025-07-28 04:00:57,119.99561333333334,31.98158,7.3,139.2,,
2025-07-28 04:03:14,119.99941666666666,31.97833333333333,7.0,133.2,,
2025-07-28 04:05:17,120.0032,31.97583333333333,7.0,125.3,,
2025-07-28 04:07:17,120.00712,31.973646666666667,7.2,121.7,,
2025-07-28 04:09:17,120.01116,31.971566666666668,7.3,119.3,,
2025-07-28 04:11:17,120.01538666666669,31.96965,7.3,117.7,,
2025-07-28 04:13:18,120.01974666666666,31.96792,7.3,112.4,,
2025-07-28 04:15:35,120.02490666666668,31.966066666666663,7.6,111.9,,
2025-07-28 04:17:55,120.03035,31.964166666666667,7.8,111.6,,
2025-07-28 04:20:05,120.03548,31.96255,7.7,110.3,,
2025-07-28 04:22:05,120.04029333333334,31.961126666666665,7.8,108.8,,
2025-07-28 04:24:05,120.04522666666666,31.95984333333333,7.8,105.9,,
2025-07-28 04:26:17,120.05064,31.958496666666665,7.8,107.5,,
2025-07-28 04:28:17,120.05550666666667,31.957216666666667,7.6,107.0,,
2025-07-28 04:30:17,120.06030666666666,31.95607333333333,7.5,103.1,,
2025-07-28 04:32:27,120.06544,31.95499333333333,7.5,105.9,,
2025-07-28 04:34:27,120.07010666666666,31.953766666666667,7.4,108.0,,
2025-07-28 04:36:27,120.07465333333332,31.952393333333333,7.3,111.5,,
2025-07-28 04:38:47,120.07988,31.95057,7.2,110.5,,
2025-07-28 04:41:17,120.08544,31.949023333333333,7.1,107.8,,
2025-07-28 04:43:17,120.08982666666668,31.94774,7.0,110.2,,
2025-07-28 04:45:27,120.09448,31.94629,7.0,111.2,,
2025-07-28 04:47:47,120.09952,31.94462333333333,7.0,111.2,,
2025-07-28 04:49:47,120.10378666666666,31.94324,6.9,110.2,,
2025-07-28 04:52:17,120.10918666666667,31.941826666666667,6.7,104.2,,
2025-07-28 04:54:17,120.11350666666668,31.940876666666668,6.7,102.2,,
2025-07-28 04:56:49,120.11901333333331,31.93976333333333,6.9,101.8,,
2025-07-28 04:59:26,120.12490666666666,31.938796666666665,7.0,99.6,,
2025-07-28 05:02:17,120.13130666666666,31.93786,6.9,102.2,,
2025-07-28 05:04:47,120.13690666666666,31.936756666666668,7.0,102.4,,
2025-07-28 05:06:56,120.14177333333332,31.93584,7.1,103.7,,
2025-07-28 05:09:17,120.14714666666669,31.934816666666663,7.2,101.4,,
2025-07-28 05:11:26,120.15205333333331,31.93407333333333,7.1,100.6,,
2025-07-28 05:13:27,120.15661333333334,31.93339,7.0,100.4,,
2025-07-28 05:15:56,120.16222666666668,31.93252,6.9,99.6,,
2025-07-28 05:17:56,120.16673333333334,31.93189333333333,7.0,99.1,,
2025-07-28 05:19:56,120.17130666666668,31.93124,7.2,100.0,,
2025-07-28 05:22:17,120.17674666666667,31.93035,7.1,100.7,,
2025-07-28 05:24:17,120.18138666666668,31.92960666666667,7.3,98.7,,
2025-07-28 05:26:17,120.18604,31.929213333333333,7.2,95.0,,
2025-07-28 05:28:17,120.19068,31.928886666666667,7.0,93.2,,
2025-07-28 05:30:47,120.19648,31.92863333333333,7.1,92.6,,
2025-07-28 05:32:47,120.20118666666669,31.92844333333333,7.3,91.4,,
2025-07-28 05:34:56,120.2064,31.928363333333333,7.4,91.1,,
2025-07-28 05:36:56,120.21121333333332,31.92842333333333,7.3,88.3,,
2025-07-28 05:38:56,120.21596,31.928576666666668,7.2,87.3,,
2025-07-28 05:40:56,120.22070666666669,31.92886,7.3,84.0,,
2025-07-28 05:42:56,120.22544,31.929316666666665,7.2,82.6,,
2025-07-28 05:44:56,120.23014666666668,31.929926666666667,7.3,81.5,,
2025-07-28 05:46:56,120.23486666666666,31.930566666666667,7.3,80.7,,
2025-07-28 05:48:56,120.23950666666668,31.93143333333333,7.2,75.6,,
2025-07-28 05:50:56,120.24406666666668,31.93254333333333,7.3,73.7,,
2025-07-28 05:52:56,120.24861333333334,31.933796666666662,7.3,69.5,,
2025-07-28 05:54:56,120.253,31.93541,7.3,67.3,,
2025-07-28 05:57:02,120.2576,31.937183333333333,7.4,65.0,,
2025-07-28 05:59:15,120.26232,31.93930333333333,7.5,61.1,,
2025-07-28 06:01:15,120.2666,31.94135333333333,7.5,60.7,,
2025-07-28 06:03:15,120.27086666666666,31.94347,7.7,57.8,,
2025-07-28 06:05:15,120.27501333333332,31.945656666666668,7.4,59.7,,
2025-07-28 06:07:15,120.27925333333332,31.947506666666666,7.2,65.3,,
2025-07-28 06:09:15,120.28358666666666,31.94912,7.2,65.9,,
2025-07-28 06:11:15,120.28789333333332,31.95085,7.2,64.2,,
2025-07-28 06:13:15,120.29218666666668,31.952586666666665,7.2,64.2,,
2025-07-28 06:15:15,120.29652,31.95424,7.2,66.3,,
2025-07-28 06:17:15,120.30086666666666,31.95591,7.3,65.0,,
2025-07-28 06:19:15,120.30517333333331,31.95758333333333,7.1,66.4,,
2025-07-28 06:21:15,120.30952,31.95917333333333,7.2,65.1,,
2025-07-28 06:23:15,120.31369333333332,31.96106,7.0,60.5,,
2025-07-28 06:25:15,120.31776,31.96302333333333,7.1,59.0,,
2025-07-28 06:27:15,120.32176,31.96507,7.0,57.6,,
2025-07-28 06:29:23,120.32590666666668,31.9675,7.0,55.1,,
2025-07-28 06:31:23,120.32962666666668,31.96977333333333,6.9,53.8,,
2025-07-28 06:33:23,120.3332,31.97215,6.8,49.7,,
2025-07-28 06:35:23,120.33665333333332,31.974636666666665,6.8,48.0,,
2025-07-28 06:37:23,120.34001333333332,31.97715,6.8,49.4,,
2025-07-28 06:39:41,120.34388333333334,31.980016666666668,6.8,50.0,,
2025-07-28 06:41:44,120.34725333333331,31.98258333333333,6.7,49.9,,
2025-07-28 06:43:45,120.35066666666668,31.984926666666667,6.7,50.9,,
2025-07-28 06:45:53,120.35444,31.98751,6.7,52.0,,
2025-07-28 06:48:14,120.35853333333333,31.990196666666662,6.9,53.7,,
2025-07-28 06:50:15,120.36208,31.992516666666667,6.8,54.6,,
2025-07-28 06:52:23,120.36608,31.99453,6.4,61.0,,
2025-07-28 06:54:44,120.37022666666668,31.99692,6.5,54.7,,
2025-07-28 06:56:44,120.37373333333332,31.999106666666663,6.6,52.6,,
2025-07-28 06:58:45,120.37724,32.00127333333333,6.6,55.5,,
2025-07-28 07:00:45,120.38074666666668,32.00344,6.5,56.0,,
2025-07-28 07:02:53,120.38461333333332,32.005696666666665,6.5,54.7,,
2025-07-28 07:04:53,120.38806666666666,32.00779,6.4,55.9,,
2025-07-28 07:06:53,120.39146666666667,32.0098,6.2,54.7,,
2025-07-28 07:08:53,120.39473333333332,32.01185,6.1,55.0,,
2025-07-28 07:11:53,120.39969333333332,32.01453333333333,5.9,59.9,,
2025-07-28 07:15:15,120.40541333333331,32.016783333333336,5.6,68.0,,
2025-07-28 07:18:23,120.41089333333332,32.01846666666667,5.6,71.6,,
2025-07-28 07:21:23,120.41609333333334,32.02007666666667,5.7,67.7,,
2025-07-28 07:24:23,120.42130666666668,32.02195666666667,5.5,69.9,,
2025-07-28 07:27:23,120.42617333333334,32.023653333333336,5.2,65.8,,
2025-07-28 07:30:23,120.43061333333333,32.02549,4.8,64.3,,
2025-07-28 07:33:44,120.43542666666669,32.02731,4.6,65.5,,
2025-07-28 07:36:44,120.43978666666666,32.02876333333333,4.8,69.8,,
2025-07-28 07:39:44,120.44481333333331,32.02939333333333,5.4,96.9,,
2025-07-28 07:42:53,120.45044,32.02921333333333,4.9,83.9,,
2025-07-28 07:45:53,120.45477333333334,32.02965666666667,4.0,82.0,,
2025-07-28 07:48:53,120.45845333333334,32.03008333333333,3.5,78.4,,
2025-07-28 07:52:14,120.46202666666667,32.03064333333333,3.1,79.1,,
2025-07-28 07:55:44,120.46550666666668,32.030923333333334,3.0,85.6,,
2025-07-28 07:58:44,120.46836,32.031166666666664,2.7,82.4,,
2025-07-28 08:01:49,120.47113333333331,32.03131666666667,2.7,94.1,,
2025-07-28 08:05:14,120.47418666666668,32.031166666666664,2.7,94.6,,
2025-07-28 08:08:23,120.47693333333332,32.031063333333336,2.6,91.7,,
2025-07-28 08:11:44,120.4798,32.031016666666666,2.6,92.4,,
2025-07-28 08:14:53,120.48252,32.03095,2.6,91.6,,
2025-07-28 08:19:23,120.48645333333332,32.0307,2.6,95.8,,
2025-07-28 08:22:23,120.48909333333332,32.030613333333335,2.6,91.8,,
2025-07-28 08:25:23,120.49176,32.03035333333333,2.7,97.8,,
2025-07-28 08:29:23,120.49536,32.02992666666667,2.7,103.4,,
2025-07-28 08:32:23,120.49801333333332,32.02958666666667,2.6,101.4,,
2025-07-28 08:35:53,120.50086666666668,32.029106666666664,2.4,98.9,,
2025-07-28 08:38:53,120.5034,32.02885666666667,2.7,93.5,,
2025-07-28 08:42:23,120.50653333333334,32.028573333333334,2.9,96.8,,
2025-07-28 08:45:23,120.50945333333334,32.02827333333333,3.0,97.4,,
2025-07-28 08:48:23,120.5124,32.02768,3.1,109.6,,
2025-07-28 08:51:23,120.51534666666667,32.02684,3.1,103.8,,
2025-07-28 08:54:53,120.51888,32.02604,3.2,107.1,,
2025-07-28 08:58:53,120.52273333333332,32.024786666666664,3.0,111.2,,
2025-07-28 09:01:53,120.52545333333332,32.02377333333333,3.0,116.8,,
2025-07-28 09:04:53,120.52806666666666,32.02259333333333,3.0,120.4,,
2025-07-28 09:08:44,120.53152,32.02094666666667,3.2,116.1,,
2025-07-28 09:12:17,120.53506666666668,32.019798333333334,3.3,107.5,,
2025-07-28 09:15:23,120.53808,32.01871,3.2,120.8,,
2025-07-28 09:18:52,120.54135,32.017066666666665,3.3,118.9,,
2025-07-28 09:21:53,120.54424,32.01568666666667,3.4,118.5,,
2025-07-28 09:25:14,120.54752,32.013996666666664,3.5,120.4,,
2025-07-28 09:28:14,120.55061333333332,32.01273666666667,3.6,111.2,,
2025-07-28 09:31:14,120.55386666666666,32.01166666666666,3.5,114.0,,
2025-07-28 09:34:23,120.55718666666668,32.01035666666667,3.5,119.3,,
2025-07-28 09:38:14,120.56116,32.00846333333333,3.4,114.1,,
2025-07-28 09:41:14,120.56441333333332,32.00729666666667,3.4,115.0,,
2025-07-28 09:44:23,120.56782666666666,32.00594,3.7,116.9,,
2025-07-28 09:47:23,120.57117333333332,32.00460666666667,3.8,113.6,,
2025-07-28 09:50:23,120.57469333333331,32.00340666666666,3.9,110.5,,
2025-07-28 09:53:44,120.57862666666666,32.00180666666667,3.9,119.6,,
2025-07-28 09:57:53,120.58352,31.999893333333333,3.9,110.2,,
2025-07-28 10:00:53,120.58730666666666,31.99891,4.0,105.1,,
2025-07-28 10:03:53,120.59105333333332,31.99778333333333,4.1,113.8,,
2025-07-28 10:06:53,120.59484,31.99661333333333,4.1,104.7,,
2025-07-28 10:09:53,120.59876,31.99588333333333,4.1,101.1,,
2025-07-28 10:13:14,120.60310666666666,31.99488333333333,4.0,105.9,,
2025-07-28 10:16:23,120.60713333333334,31.99403,4.0,102.6,,
2025-07-28 10:19:23,120.61108,31.99353333333333,4.0,94.5,,
2025-07-28 10:22:23,120.61508,31.993306666666665,4.1,92.2,,
2025-07-28 10:25:23,120.61912,31.993233333333333,4.1,91.7,,
2025-07-28 10:28:36,120.62351666666666,31.993,4.1,94.4,,
2025-07-28 10:31:44,120.62778666666668,31.99272,4.2,92.2,,
2025-07-28 10:35:14,120.63270666666666,31.99278333333333,4.4,86.4,,
2025-07-28 10:38:14,120.63706666666668,31.99287333333333,4.5,89.4,,
2025-07-28 10:41:16,120.64166666666668,31.99315,4.7,82.7,,
2025-07-28 10:44:44,120.64698666666666,31.99375,4.7,82.6,,
2025-07-28 10:47:52,120.65181333333334,31.994216666666667,4.7,84.7,,
2025-07-28 10:50:52,120.65641333333332,31.99460333333333,4.7,83.5,,
2025-07-28 10:53:54,120.66108,31.99513333333333,4.8,83.2,,
2025-07-28 10:57:03,120.66603333333332,31.99578333333333,4.9,79.2,,
2025-07-28 11:00:14,120.67122666666668,31.99655333333333,5.3,80.9,,
2025-07-28 11:03:23,120.67656,31.9972,5.2,81.3,,
2025-07-28 11:06:23,120.6816,31.99793333333333,5.2,79.9,,
2025-07-28 11:09:23,120.68662666666668,31.9987,5.2,81.3,,
2025-07-28 11:12:23,120.69169333333332,31.999256666666668,5.2,82.2,,
2025-07-28 11:15:23,120.69677333333334,32.000206666666664,5.3,75.0,,
2025-07-28 11:18:30,120.70196666666666,32.001615,5.3,71.9,,
2025-07-28 11:21:44,120.70742666666666,32.002703333333336,5.4,82.7,,
2025-07-28 11:24:44,120.71270666666666,32.003143333333334,5.4,85.4,,
2025-07-28 11:27:53,120.71836,32.00355666666667,5.4,81.4,,
2025-07-28 11:30:53,120.72361333333332,32.00442666666667,5.4,83.0,,
2025-07-28 11:33:53,120.72885333333332,32.00503,5.4,82.5,,
2025-07-28 11:36:53,120.73406666666666,32.005646666666664,5.3,81.0,,
2025-07-28 11:39:53,120.7394,32.006303333333335,5.5,83.6,,
2025-07-28 11:42:53,120.74478666666668,32.00657666666667,5.5,88.2,,
2025-07-28 11:45:53,120.75028,32.006726666666665,5.6,88.8,,
2025-07-28 11:48:53,120.7558,32.00699,5.6,87.7,,
2025-07-28 11:51:53,120.7614,32.00692,5.7,94.8,,
2025-07-28 11:54:53,120.76708,32.006483333333335,5.7,95.9,,
2025-07-28 11:57:53,120.7728,32.00591333333333,5.9,97.5,,
2025-07-28 12:01:02,120.7789,32.00528333333333,5.9,97.7,,
2025-07-28 12:03:17,120.7833,32.00476666666667,6.0,97.7,,
2025-07-28 12:05:22,120.78737333333332,32.00422666666667,6.0,99.2,,
2025-07-28 12:07:52,120.79226666666666,32.00345,6.1,102.1,,
2025-07-28 12:09:52,120.79616,32.00268333333333,6.1,104.7,,
2025-07-28 12:11:52,120.80002666666668,32.00168333333333,6.1,109.4,,
2025-07-28 12:13:52,120.80374666666668,32.000386666666664,6.2,114.1,,
2025-07-28 12:15:52,120.80745333333331,31.998976666666668,6.2,114.3,,
2025-07-28 12:17:52,120.81110666666666,31.997456666666668,6.2,118.8,,
2025-07-28 12:19:52,120.81468,31.99574,6.3,120.0,,
2025-07-28 12:21:52,120.81821333333332,31.993826666666667,6.3,125.9,,
2025-07-28 12:23:52,120.82144,31.99159333333333,6.3,129.9,,
2025-07-28 12:25:52,120.82462666666666,31.989276666666665,6.4,130.9,,
2025-07-28 12:27:52,120.82776,31.986856666666668,6.4,133.9,,
2025-07-28 12:30:04,120.83105333333332,31.9841,6.3,138.3,,
2025-07-28 12:32:04,120.83370666666669,31.981383333333333,6.4,141.2,,
2025-07-28 12:34:04,120.83645333333334,31.978676666666665,6.4,137.4,,
2025-07-28 12:36:22,120.83975,31.975716666666667,6.3,135.9,,
2025-07-28 12:38:32,120.84276666666666,31.972916666666663,6.3,139.3,,
2025-07-28 12:40:34,120.84562666666666,31.970223333333333,6.4,139.2,,
2025-07-28 12:42:34,120.84830666666667,31.96746,6.5,142.5,,
2025-07-28 12:44:34,120.85061333333331,31.96443333333333,6.4,151.8,,
2025-07-28 12:46:34,120.85257333333334,31.96117,6.6,153.0,,
2025-07-28 12:48:34,120.8546,31.95785,6.8,152.2,,
2025-07-28 12:50:34,120.85674666666668,31.95452,6.8,150.6,,
2025-07-28 12:52:34,120.8588,31.95115,6.7,155.6,,
2025-07-28 12:54:34,120.86048,31.947693333333333,6.7,157.4,,
2025-07-28 12:56:34,120.86214666666666,31.94425333333333,6.6,157.5,,
2025-07-28 12:58:34,120.86384,31.94082333333333,6.6,157.0,,
2025-07-28 13:00:34,120.86542666666666,31.937396666666668,6.6,158.9,,
2025-07-28 13:02:34,120.86689333333334,31.933913333333333,6.6,160.3,,
2025-07-28 13:04:34,120.86826666666668,31.93044,6.5,163.2,,
2025-07-28 13:06:34,120.86942666666668,31.92692,6.5,165.4,,
2025-07-28 13:08:34,120.87054666666668,31.92344,6.4,164.0,,
2025-07-28 13:10:34,120.87170666666668,31.92001,6.3,163.4,,
2025-07-28 13:12:34,120.87288,31.916626666666662,6.3,164.2,,
2025-07-28 13:14:34,120.87396,31.913266666666665,6.2,166.0,,
2025-07-28 13:16:34,120.87490666666666,31.90986,6.3,166.6,,
2025-07-28 13:19:04,120.87604,31.905516666666667,6.4,166.5,,
2025-07-28 13:21:04,120.87693333333333,31.90202,6.4,169.7,,
2025-07-28 13:23:20,120.87778333333333,31.89803333333333,6.5,169.6,,
2025-07-28 13:25:28,120.87866666666666,31.8942,6.5,168.4,,
2025-07-28 13:27:43,120.87953333333331,31.8902,6.5,170.1,,
2025-07-28 13:29:50,120.8804,31.886456666666668,6.4,165.9,,
2025-07-28 13:31:50,120.88149333333334,31.88301333333333,6.4,164.0,,
2025-07-28 13:33:50,120.88248,31.87954,6.4,169.5,,
2025-07-28 13:35:52,120.88318666666666,31.875993333333334,6.4,169.4,,
2025-07-28 13:37:59,120.88406666666668,31.872216666666667,6.4,168.2,,
2025-07-28 13:40:20,120.88512,31.868133333333333,6.4,167.0,,
2025-07-28 13:42:24,120.88613333333332,31.86453333333333,6.4,166.2,,
2025-07-28 13:44:34,120.88733333333332,31.860766666666667,6.4,163.7,,
2025-07-28 13:46:50,120.88878666666666,31.856873333333333,6.4,160.9,,
2025-07-28 13:48:50,120.89021333333334,31.853506666666668,6.4,159.1,,
2025-07-28 13:50:50,120.89178666666666,31.850206666666665,6.4,157.5,,
2025-07-28 13:53:20,120.89393333333334,31.84617,6.3,153.5,,
2025-07-28 13:55:20,120.8958,31.84300333333333,6.4,154.7,,
2025-07-28 13:57:20,120.89746666666667,31.839676666666666,6.6,158.9,,
2025-07-28 13:59:20,120.89916,31.83619,6.9,156.8,,
2025-07-28 14:01:20,120.90093333333331,31.83261,7.1,157.2,,
2025-07-28 14:03:20,120.90298666666666,31.829026666666667,7.1,151.8,,
2025-07-28 14:05:42,120.9058,31.824783333333333,7.6,149.7,,
2025-07-28 14:08:05,120.9087,31.8206,7.0,148.2,,
2025-07-28 14:10:15,120.9111,31.817066666666665,6.6,151.5,,
2025-07-28 14:12:20,120.91329333333331,31.81379,6.5,149.8,,
2025-07-28 14:14:20,120.91546666666666,31.81068,6.5,148.7,,
2025-07-28 14:16:20,120.91772,31.807603333333333,6.5,147.1,,
2025-07-28 14:18:20,120.92002666666669,31.804486666666666,6.7,148.0,,
2025-07-28 14:20:20,120.92236,31.80132,6.7,147.0,,
2025-07-28 14:22:20,120.92493333333331,31.79828,6.7,142.8,,
2025-07-28 14:24:56,120.92845,31.79433333333333,6.8,142.3,,
2025-07-28 14:27:12,120.93177333333334,31.79101333333333,6.9,137.0,,
2025-07-28 14:29:20,120.93509333333331,31.78807,6.9,131.8,,
2025-07-28 14:31:20,120.93844,31.7855,6.9,135.2,,
2025-07-28 14:34:49,120.94013333333334,31.78094,3.2,215.4,,
2025-07-28 14:46:50,120.92493333333331,31.780526666666667,4.5,281.0,,
2025-07-28 14:49:57,120.92041666666668,31.781,4.0,281.0,,
2025-07-28 14:54:20,120.91518666666668,31.781656666666667,3.3,272.6,,
2025-07-28 14:57:43,120.91230666666668,31.78218,2.0,288.5,,
2025-07-28 15:00:59,120.91031666666667,31.7823,2.0,267.4,,
2025-07-28 15:04:08,120.90808,31.78191333333333,2.4,254.2,,
2025-07-28 15:08:38,120.90484,31.781746666666667,2.1,280.8,,
2025-07-28 15:12:45,120.90206666666668,31.781766666666663,2.0,273.2,,
2025-07-28 15:16:35,120.89998666666666,31.78128333333333,2.0,237.7,,
2025-07-28 15:19:53,120.89777333333332,31.780396666666668,2.6,247.5,,
