postTime,lon,lat,sog,cog,heading,rot
2025-07-01 00:07:17,119.62326666666668,32.190403333333336,0.0,253.8,,
2025-07-01 00:37:17,119.62328,32.19041,0.0,253.8,,
2025-07-01 00:59:15,119.62342666666666,32.19049,2.9,61.6,,
2025-07-01 01:01:44,119.62062666666668,32.19359333333333,8.6,298.3,,
2025-07-01 01:03:44,119.61546666666666,32.193866666666665,7.4,258.3,,
2025-07-01 01:05:46,119.61068,32.19291333333334,7.2,260.8,,
2025-07-01 01:07:46,119.606,32.19244666666667,7.3,265.1,,
2025-07-01 01:09:46,119.60118666666666,32.192076666666665,7.5,265.4,,
2025-07-01 01:11:46,119.59618666666668,32.19168333333333,7.7,262.9,,
2025-07-01 01:13:46,119.59121333333331,32.191336666666665,7.4,265.5,,
2025-07-01 01:15:46,119.58661333333332,32.19088,6.9,259.3,,
2025-07-01 01:17:46,119.58214666666667,32.19040666666667,6.9,265.3,,
2025-07-01 01:19:55,119.57741333333334,32.19036,6.5,274.2,,
2025-07-01 01:22:04,119.57305333333332,32.19142,6.6,287.6,,
2025-07-01 01:24:04,119.56892,32.19235,6.4,285.7,,
2025-07-01 01:26:04,119.56493333333331,32.19351,6.5,292.9,,
2025-07-01 01:28:04,119.56126666666668,32.19539666666667,6.6,306.1,,
2025-07-01 01:30:16,119.55738666666667,32.1978,6.5,310.2,,
2025-07-01 01:32:16,119.55422666666666,32.200253333333336,6.4,322.8,,
2025-07-01 01:34:16,119.55252,32.20350333333333,6.7,337.5,,
2025-07-01 01:36:16,119.55196,32.207226666666664,6.6,356.6,,
2025-07-01 01:38:16,119.55185333333333,32.210926666666666,6.7,359.4,,
2025-07-01 01:40:25,119.55162666666666,32.215046666666666,6.8,354.2,,
2025-07-01 01:42:46,119.55130666666666,32.21975666666667,7.2,354.8,,
2025-07-01 01:44:46,119.55041333333334,32.22374666666666,7.1,351.3,,
2025-07-01 01:46:46,119.55010666666666,32.22741333333333,6.3,1.2,,
2025-07-01 01:48:46,119.5504,32.231006666666666,6.5,5.1,,
2025-07-01 01:50:46,119.54952,32.234276666666666,6.1,322.8,,
2025-07-01 01:52:54,119.54642666666666,32.23687666666667,6.5,306.3,,
2025-07-01 01:55:16,119.54214666666668,32.239513333333335,7.1,305.5,,
2025-07-01 03:26:25,119.39342666666668,32.23784333333333,6.1,214.3,,
2025-07-01 03:28:35,119.39104,32.23479,6.1,209.3,,
2025-07-01 03:31:05,119.38804,32.23155333333333,6.0,230.5,,
2025-07-01 03:33:05,119.38525333333334,32.229146666666665,6.0,215.9,,
2025-07-01 03:35:05,119.38216,32.22668,7.9,224.2,,
2025-07-01 03:37:05,119.37904,32.22366,6.6,213.7,,
2025-07-01 03:40:14,119.37556,32.21997666666667,3.1,228.8,,
2025-07-01 03:43:15,119.37297333333332,32.217663333333334,3.4,221.6,,
2025-07-01 03:46:15,119.3706,32.21466,2.4,208.4,,
2025-07-01 03:49:15,119.36974666666669,32.21344,3.9,227.5,,
2025-07-01 03:54:45,119.36872,32.21226,0.5,195.1,,
2025-07-01 03:58:04,119.36846666666666,32.21181,1.2,227.2,,
2025-07-01 04:03:05,119.36854666666666,32.21188,0.9,49.6,,
2025-07-01 04:05:21,119.36746666666669,32.21087,6.7,205.8,,
2025-07-01 04:07:21,119.3646,32.207953333333336,6.5,221.4,,
2025-07-01 04:10:21,119.36086666666668,32.20428,5.5,219.3,,
2025-07-01 04:13:22,119.35768,32.200763333333335,5.0,220.5,,
2025-07-01 04:16:25,119.35458666666666,32.198193333333336,3.6,231.6,,
2025-07-01 04:19:45,119.35193333333332,32.19636666666667,2.6,229.8,,
2025-07-01 04:22:45,119.35016,32.195146666666666,2.0,232.9,,
2025-07-01 04:25:45,119.34902666666666,32.19447666666667,0.8,234.3,,
2025-07-01 04:55:51,119.34877333333333,32.19399333333333,0.0,238.0,,
2025-07-01 05:16:24,119.34876,32.19403666666667,2.3,1.8,,
2025-07-01 05:18:25,119.35237333333332,32.196306666666665,10.4,45.3,,
2025-07-01 05:19:44,119.35641333333334,32.198933333333336,11.9,55.7,,
2025-07-01 05:20:51,119.35998666666669,32.20117333333334,12.3,52.4,,
2025-07-01 05:21:51,119.363,32.20348,12.2,47.4,,
2025-07-01 05:22:51,119.36608,32.20572,12.2,48.6,,
2025-07-01 05:24:51,119.37136,32.21046,11.7,40.0,,
2025-07-01 05:26:51,119.37618666666668,32.2155,11.5,38.5,,
2025-07-01 05:28:55,119.38078666666668,32.22074666666666,11.5,36.7,,
2025-07-01 05:30:55,119.38566666666668,32.225876666666665,11.7,41.8,,
2025-07-01 05:32:55,119.39077333333331,32.230783333333335,11.8,40.8,,
2025-07-01 05:35:05,119.39576,32.236286666666665,11.3,37.8,,
2025-07-01 08:53:16,119.5376,32.23912333333333,15.1,126.8,,
2025-07-01 08:54:22,119.54214666666668,32.236956666666664,10.3,108.7,,
2025-07-01 08:56:22,119.54056,32.23914333333333,7.2,306.9,,
2025-07-01 08:59:27,119.53976,32.23965333333334,7.0,307.8,,
2025-07-01 09:36:45,119.53626666666666,32.23916,11.8,135.1,,
2025-07-01 09:38:45,119.54172,32.23481,11.1,140.2,,
2025-07-01 09:40:45,119.54613333333332,32.229913333333336,10.6,147.1,,
2025-07-01 09:42:45,119.54896,32.22486333333333,10.1,161.0,,
2025-07-01 09:44:45,119.55034666666668,32.21909333333333,10.5,181.9,,
2025-07-01 09:46:51,119.54953333333331,32.213186666666665,10.2,186.5,,
2025-07-01 09:48:51,119.54949333333332,32.20733333333333,10.9,175.8,,
2025-07-01 09:50:51,119.55038666666668,32.20120333333333,11.0,167.2,,
2025-07-01 09:52:51,119.55345333333334,32.19583,10.7,130.5,,
2025-07-01 09:54:51,119.55932,32.192296666666664,11.1,118.3,,
2025-07-01 09:56:51,119.56621333333334,32.18987333333333,11.7,103.0,,
2025-07-01 09:58:21,119.57197333333332,32.18879333333334,12.1,102.6,,
2025-07-01 09:59:21,119.57586666666668,32.18813333333333,12.0,100.4,,
2025-07-01 10:00:21,119.57976,32.18760666666667,12.0,97.4,,
2025-07-01 10:02:21,119.58749333333331,32.187153333333335,11.7,90.7,,
2025-07-01 10:04:21,119.59505333333334,32.18742666666667,11.3,84.7,,
2025-07-01 10:06:21,119.60246666666669,32.188493333333334,11.5,76.0,,
2025-07-01 10:08:21,119.60988,32.190043333333335,11.9,77.7,,
2025-07-01 10:10:21,119.61756,32.19141666666667,11.8,80.1,,
2025-07-01 10:12:21,119.62316,32.19100666666667,3.6,149.9,,
2025-07-01 10:43:39,119.62326666666668,32.19030333333333,0.0,195.6,,
2025-07-01 11:13:39,119.62326666666668,32.19031,0.0,195.6,,
2025-07-01 11:43:39,119.62328,32.19032,0.0,195.6,,
2025-07-01 12:15:12,119.62334666666666,32.19029666666667,0.0,,,
2025-07-01 12:46:40,119.62328,32.19032,0.0,195.6,,
2025-07-01 13:16:40,119.62328,32.190306666666665,0.0,195.6,,
2025-07-01 13:46:40,119.62329333333334,32.190306666666665,0.0,195.6,,
2025-07-01 14:16:40,119.62325333333334,32.19029,0.0,195.6,,
2025-07-01 14:46:40,119.62325333333334,32.19030333333333,0.0,195.6,,
2025-07-01 15:16:41,119.62326666666668,32.19032333333333,0.0,195.6,,
2025-07-01 15:48:14,119.62330666666666,32.190313333333336,0.0,,,
2025-07-01 16:18:15,119.62336,32.1903,0.0,,,
2025-07-01 16:49:38,119.62328,32.19029,0.0,195.6,,
2025-07-01 17:19:39,119.62326666666668,32.19032333333333,0.0,195.6,,
2025-07-01 17:52:38,119.62328,32.19031666666667,0.0,195.6,,
2025-07-01 18:26:15,119.62330666666666,32.190326666666664,0.0,,,
2025-07-01 18:56:16,119.62332,32.190313333333336,0.0,,,
2025-07-01 19:26:16,119.62336,32.190313333333336,0.0,,,
2025-07-01 19:57:15,119.62332,32.19027333333333,0.0,,,
2025-07-01 20:28:39,119.62328,32.190306666666665,0.0,195.6,,
2025-07-01 20:58:39,119.62332,32.19029,0.0,195.6,,
2025-07-01 21:30:14,119.62332,32.190313333333336,0.0,,,
2025-07-01 22:00:15,119.62332,32.190286666666665,0.0,,,
2025-07-01 22:14:49,119.62338666666666,32.19045333333333,3.5,25.4,,
2025-07-01 22:17:09,119.62754666666666,32.191293333333334,5.4,77.9,,
2025-07-01 22:19:09,119.63190666666668,32.19255,10.2,68.9,,
2025-07-01 22:21:09,119.63869333333334,32.19448,11.1,71.7,,
2025-07-01 22:23:09,119.64512,32.19637,9.9,70.8,,
2025-07-01 22:25:09,119.65056,32.19824666666667,6.8,60.1,,
2025-07-01 22:28:42,119.65588,32.20085,4.6,57.7,,
2025-07-01 22:31:43,119.65905333333332,32.202506666666665,3.2,54.3,,
2025-07-01 22:35:09,119.65998666666668,32.20261,2.1,48.3,,
2025-07-01 22:37:30,119.66277333333332,32.204053333333334,6.5,45.7,,
2025-07-01 22:39:30,119.66458666666666,32.208146666666664,10.1,13.0,,
2025-07-01 22:41:30,119.66421333333334,32.21345,6.8,348.5,,
2025-07-01 22:46:21,119.66397333333332,32.214866666666666,0.5,11.0,,
2025-07-01 22:53:11,119.66441333333331,32.21534666666667,0.5,75.2,,
2025-07-01 22:56:11,119.66486666666668,32.215783333333334,0.8,24.6,,
2025-07-01 22:59:20,119.66608,32.21672,6.6,54.1,,
2025-07-01 23:01:20,119.66682666666668,32.21617666666667,6.5,207.6,,
2025-07-01 23:03:20,119.66386666666666,32.21342333333333,6.5,228.8,,
2025-07-01 23:05:20,119.6608,32.21102666666667,6.3,225.8,,
2025-07-01 23:08:10,119.65674666666666,32.20753,6.5,222.9,,
2025-07-01 23:10:30,119.65321333333333,32.20458333333333,6.6,228.6,,
2025-07-01 23:12:50,119.64952,32.201546666666665,6.8,224.3,,
2025-07-01 23:14:50,119.64646666666668,32.19878333333333,6.4,220.7,,
2025-07-01 23:18:29,119.64237333333334,32.19587,3.2,250.9,,
2025-07-01 23:21:40,119.64032,32.19498333333333,1.5,207.4,,
2025-07-01 23:24:41,119.6398,32.19444,0.5,,,
2025-07-01 23:55:30,119.63908,32.193956666666665,0.0,,,
2025-07-02 00:25:49,119.63908,32.193936666666666,0.1,,,
2025-07-02 00:28:49,119.63989333333332,32.19500333333333,8.5,59.3,,
2025-07-02 00:31:19,119.6468,32.19795666666667,10.2,62.0,,
2025-07-02 00:33:19,119.65264,32.200916666666664,10.5,59.8,,
2025-07-02 00:35:29,119.65934666666666,32.20355333333333,10.2,73.4,,
2025-07-02 00:38:29,119.66384,32.20393,0.6,162.4,,
2025-07-02 01:08:58,119.66397333333332,32.20402333333333,0.0,,,
2025-07-02 01:14:09,119.66356,32.20414666666667,1.6,275.9,,
2025-07-02 01:17:11,119.66189333333334,32.20455666666667,4.2,293.7,,
2025-07-02 01:19:11,119.66097333333332,32.2082,10.3,7.9,,
2025-07-02 01:22:20,119.66238666666666,32.213276666666665,0.4,327.6,,
2025-07-02 01:25:58,119.66226666666668,32.21316,2.2,45.2,,
2025-07-02 01:28:58,119.66281333333332,32.21349333333333,0.6,67.8,,
2025-07-02 01:32:08,119.66292,32.21376333333333,0.5,27.5,,
2025-07-02 01:41:48,119.66270666666668,32.213593333333336,2.1,140.7,,
2025-07-02 01:43:48,119.66725333333332,32.21521333333333,9.9,56.6,,
2025-07-02 01:45:48,119.67156,32.219433333333335,10.1,26.8,,
2025-07-02 01:48:49,119.67136,32.21973,5.0,202.7,,
2025-07-02 01:51:49,119.66870666666668,32.21661,2.8,223.1,,
2025-07-02 01:54:07,119.66882666666666,32.21680666666666,2.7,204.5,,
2025-07-02 01:57:09,119.66094666666666,32.21044666666667,5.4,229.1,,
2025-07-02 02:00:10,119.65729333333331,32.207883333333335,4.8,224.5,,
2025-07-02 02:03:10,119.65416,32.20524,4.2,223.1,,
2025-07-02 02:06:19,119.65113333333332,32.20306,3.5,237.6,,
2025-07-02 02:09:19,119.64794666666668,32.201373333333336,3.9,242.7,,
2025-07-02 02:12:19,119.64428,32.199886666666664,4.2,259.0,,
2025-07-02 02:15:48,119.63954666666666,32.200293333333335,3.8,281.5,,
2025-07-02 02:19:08,119.63646666666666,32.20009,2.2,249.7,,
2025-07-02 02:22:08,119.63445333333334,32.19960666666667,1.9,257.8,,
2025-07-02 02:25:19,119.633,32.19933,0.8,289.5,,
2025-07-02 02:28:19,119.63252,32.19975,0.8,314.3,,
2025-07-02 02:50:49,119.63257333333334,32.199733333333334,1.2,89.2,,
2025-07-02 02:53:49,119.63038666666668,32.19704,6.9,143.5,,
2025-07-02 02:55:58,119.63618666666666,32.19602666666667,9.8,72.4,,
2025-07-02 02:57:58,119.64257333333332,32.197586666666666,10.5,73.9,,
2025-07-02 03:00:09,119.64957333333334,32.19959333333333,10.2,64.0,,
2025-07-02 03:02:28,119.65670666666666,32.20227,10.1,71.6,,
2025-07-02 03:04:29,119.66232,32.20342333333333,7.2,74.5,,
2025-07-02 03:22:27,119.66338666666668,32.20377333333333,3.4,47.8,,
2025-07-02 03:25:27,119.66685333333334,32.20739,2.7,47.6,,
2025-07-02 03:28:27,119.66814666666669,32.208103333333334,1.2,68.9,,
2025-07-02 03:42:37,119.66841333333332,32.20793666666667,0.7,243.2,,
2025-07-02 03:49:37,119.66837333333334,32.20802666666667,1.1,241.2,,
2025-07-02 03:53:07,119.66808,32.20778,0.7,20.8,,
2025-07-02 03:56:07,119.66888,32.208843333333334,1.8,38.4,,
2025-07-02 03:59:14,119.66962666666667,32.20968666666667,2.6,291.2,,
2025-07-02 04:01:18,119.67004,32.21226333333333,8.6,13.7,,
2025-07-02 04:03:24,119.66941333333334,32.21699666666667,6.9,320.3,,
2025-07-02 04:06:48,119.66761333333334,32.217546666666664,5.1,209.0,,
2025-07-02 04:08:52,119.66502666666666,32.214823333333335,6.1,223.9,,
2025-07-02 04:11:52,119.66105333333331,32.21136,5.6,227.5,,
2025-07-02 04:15:08,119.65657333333333,32.20805333333333,5.6,232.5,,
2025-07-02 04:18:17,119.65208,32.204883333333335,5.7,227.7,,
2025-07-02 04:21:22,119.64772,32.201656666666665,5.6,231.9,,
2025-07-02 04:24:22,119.64376,32.198883333333335,4.5,233.9,,
2025-07-02 04:27:22,119.64061333333332,32.19683,3.3,227.7,,
2025-07-02 04:30:28,119.63870666666666,32.19557666666667,1.4,226.1,,
2025-07-02 04:33:28,119.63828,32.194813333333336,0.8,188.7,,
2025-07-02 04:36:37,119.63757333333334,32.19405666666667,1.3,235.0,,
2025-07-02 04:39:58,119.63665333333331,32.19334333333333,0.8,221.4,,
2025-07-02 04:43:49,119.6364,32.192886666666666,0.2,,,
2025-07-02 04:56:22,119.63638666666668,32.192883333333334,0.9,158.0,,
2025-07-02 04:58:52,119.63550666666669,32.19315,6.3,270.8,,
2025-07-02 05:01:07,119.63065333333331,32.192256666666665,6.8,253.3,,
2025-07-02 05:03:08,119.62614666666668,32.19115,7.5,255.7,,
2025-07-02 05:06:17,119.62286666666668,32.19042666666667,0.4,226.3,,
2025-07-02 05:37:34,119.62292,32.19033,0.0,,,
2025-07-02 06:08:22,119.62286666666668,32.19033,0.0,245.1,,
2025-07-02 06:40:33,119.62289333333334,32.19036666666667,0.0,,,
2025-07-02 07:11:22,119.62285333333334,32.19034333333333,0.0,245.1,,
2025-07-02 07:47:21,119.62285333333334,32.19034666666667,0.0,245.1,,
2025-07-02 08:17:21,119.62282666666668,32.190333333333335,0.0,245.1,,
2025-07-02 08:47:21,119.62282666666668,32.19034333333333,0.0,245.1,,
2025-07-02 09:17:21,119.62285333333334,32.19034333333333,0.0,245.1,,
2025-07-02 09:47:26,119.62282666666668,32.190306666666665,0.0,245.1,,
2025-07-02 10:19:36,119.62289333333334,32.190356666666666,0.0,,,
2025-07-02 10:50:26,119.62285333333334,32.19038,0.0,245.1,,
2025-07-02 11:20:26,119.62285333333334,32.190326666666664,0.0,245.1,,
2025-07-02 11:52:33,119.62289333333334,32.19032,0.0,,,
2025-07-02 12:22:35,119.62289333333334,32.19034666666667,0.0,,,
2025-07-02 12:53:26,119.62282666666668,32.190333333333335,0.0,245.1,,
2025-07-02 13:23:26,119.62282666666668,32.19033666666667,0.0,245.1,,
2025-07-02 13:53:26,119.62284,32.19034333333333,0.0,245.1,,
2025-07-02 14:25:36,119.62290666666668,32.19034666666667,0.0,,,
2025-07-02 14:56:26,119.62284,32.19034333333333,0.0,245.1,,
2025-07-02 15:28:34,119.62292,32.19034333333333,0.0,,,
2025-07-02 15:59:26,119.62285333333334,32.19031,0.0,245.1,,
2025-07-02 16:29:26,119.62284,32.19037,0.0,245.1,,
2025-07-02 16:59:26,119.62284,32.19036333333333,0.0,245.1,,
2025-07-02 17:29:26,119.62285333333334,32.19033666666667,0.0,245.1,,
2025-07-02 18:04:36,119.62290666666668,32.19031666666667,0.0,,,
2025-07-02 18:35:25,119.62286666666668,32.19024666666667,0.0,245.1,,
2025-07-02 19:05:25,119.62285333333334,32.190333333333335,0.0,245.1,,
2025-07-02 19:35:25,119.62284,32.190353333333334,0.0,245.1,,
2025-07-02 20:08:24,119.62282666666668,32.19032333333333,0.0,245.1,,
2025-07-02 20:40:34,119.62293333333334,32.19032,0.0,,,
2025-07-02 21:11:25,119.62284,32.19034666666667,0.0,245.1,,
2025-07-02 21:43:34,119.62290666666668,32.19029333333334,0.0,,,
2025-07-02 22:13:36,119.62290666666668,32.190333333333335,0.0,,,
2025-07-02 22:49:32,119.62292,32.190333333333335,0.0,,,
2025-07-02 23:19:33,119.62290666666668,32.190353333333334,0.0,,,
2025-07-02 23:50:24,119.62285333333334,32.190326666666664,0.0,245.1,,
2025-07-03 00:22:36,119.62293333333334,32.190326666666664,0.0,,,
2025-07-03 00:37:24,119.62301333333332,32.19062666666667,2.0,358.7,,
2025-07-03 00:39:24,119.627,32.19241666666667,10.3,74.6,,
2025-07-03 00:41:26,119.63416,32.193893333333335,11.2,74.0,,
2025-07-03 00:43:34,119.6418,32.19569666666667,11.2,74.4,,
2025-07-03 00:45:34,119.64861333333332,32.197696666666666,10.8,63.3,,
2025-07-03 00:47:35,119.65490666666666,32.2005,11.0,66.0,,
2025-07-03 00:49:44,119.66136,32.203156666666665,9.6,66.9,,
2025-07-03 01:08:06,119.66342666666668,32.203813333333336,0.5,20.0,,
2025-07-03 01:14:44,119.66341333333334,32.203833333333336,0.8,293.6,,
2025-07-03 01:17:44,119.66266666666668,32.20442666666667,1.6,350.6,,
2025-07-03 01:20:44,119.66246666666666,32.206383333333335,3.4,2.2,,
2025-07-03 01:23:45,119.66446666666668,32.20902,1.4,342.5,,
2025-07-03 01:26:04,119.66369333333331,32.206426666666665,6.2,158.2,,
2025-07-03 01:29:04,119.66414666666668,32.20403666666667,0.6,141.3,,
2025-07-03 01:40:36,119.66417333333334,32.20399,0.6,290.6,,
2025-07-03 01:42:36,119.66534666666666,32.20607666666667,7.7,37.6,,
2025-07-03 01:44:36,119.66618666666666,32.21022333333333,7.6,9.9,,
2025-07-03 01:47:36,119.66776,32.21489,4.9,27.0,,
2025-07-03 01:50:36,119.66990666666666,32.21794666666667,3.6,36.8,,
2025-07-03 01:53:37,119.67202666666668,32.220546666666664,3.7,30.9,,
2025-07-03 01:56:47,119.67405333333332,32.22335,3.5,27.8,,
2025-07-03 01:59:47,119.67481333333332,32.22641333333333,4.3,0.6,,
2025-07-03 02:02:53,119.67516,32.22912,2.1,18.8,,
2025-07-03 02:05:56,119.67418666666669,32.23016333333333,1.0,330.1,,
2025-07-03 02:08:56,119.67433333333334,32.23091333333333,1.1,21.3,,
2025-07-03 02:11:57,119.67476,32.231606666666664,0.9,18.6,,
2025-07-03 02:14:57,119.67453333333331,32.23139333333334,1.2,277.7,,
2025-07-03 02:17:57,119.67444,32.229193333333335,4.0,182.1,,
2025-07-03 02:21:06,119.67446666666666,32.22542,4.2,184.4,,
2025-07-03 02:24:06,119.67350666666668,32.22217333333333,4.0,197.0,,
2025-07-03 02:27:07,119.67245333333334,32.21894666666667,3.9,192.6,,
2025-07-03 02:30:07,119.67129333333334,32.21623,3.2,209.2,,
2025-07-03 02:33:07,119.66985333333334,32.214153333333336,2.5,200.4,,
2025-07-03 02:36:07,119.66932,32.212226666666666,1.8,193.5,,
2025-07-03 02:39:15,119.6694,32.21134333333333,1.0,160.3,,
2025-07-03 02:55:17,119.66994666666666,32.21098,3.2,326.5,,
2025-07-03 02:57:47,119.66770666666666,32.208753333333334,6.1,220.5,,
2025-07-03 02:59:47,119.66468,32.20563666666666,7.6,224.1,,
2025-07-03 03:01:47,119.66102666666669,32.202686666666665,7.4,213.9,,
2025-07-03 03:05:36,119.6606,32.20201,0.6,33.8,,
2025-07-03 03:20:26,119.66038666666668,32.201993333333334,1.0,332.0,,
2025-07-03 03:24:07,119.65992,32.20234333333333,0.9,13.2,,
2025-07-03 03:27:16,119.65978666666666,32.203253333333336,1.8,354.3,,
2025-07-03 03:30:16,119.66150666666668,32.20506666666667,5.9,91.6,,
2025-07-03 03:33:16,119.66378666666668,32.20379333333333,0.7,151.0,,
2025-07-03 04:05:22,119.66384,32.203723333333336,2.1,23.8,,
2025-07-03 04:07:22,119.66448,32.205913333333335,8.8,19.1,,
2025-07-03 04:09:22,119.66625333333332,32.211146666666664,10.1,6.1,,
2025-07-03 04:11:22,119.66792,32.21666333333334,9.8,2.2,,
2025-07-03 04:13:22,119.66932,32.22170666666667,8.9,27.0,,
2025-07-03 04:16:35,119.67212,32.22560333333333,3.0,179.6,,
2025-07-03 04:19:35,119.67072,32.22268,4.0,199.0,,
2025-07-03 04:22:44,119.66884,32.218603333333334,5.3,202.3,,
2025-07-03 04:25:44,119.66686666666666,32.21435666666667,6.1,199.9,,
2025-07-03 04:28:44,119.66497333333334,32.210076666666666,4.4,200.7,,
2025-07-03 04:31:56,119.66376,32.20702,2.7,196.2,,
2025-07-03 04:35:45,119.6634,32.20509666666667,1.5,189.1,,
2025-07-03 04:38:45,119.66266666666668,32.20394666666667,1.5,210.1,,
2025-07-03 04:42:45,119.66198666666666,32.203383333333335,0.5,241.5,,
2025-07-03 04:45:45,119.66149333333334,32.203203333333335,0.6,267.4,,
2025-07-03 04:48:45,119.66129333333332,32.20267666666667,1.1,195.5,,
2025-07-03 05:07:14,119.66144,32.202893333333336,1.5,14.6,,
2025-07-03 05:10:16,119.66304,32.203116666666666,0.7,135.4,,
2025-07-03 05:41:51,119.66305333333334,32.203133333333334,0.0,,,
2025-07-03 06:13:19,119.66305333333334,32.20309,0.0,126.5,,
2025-07-03 06:44:50,119.66304,32.20310333333333,0.0,126.5,,
2025-07-03 07:14:52,119.66305333333334,32.20309,0.0,126.5,,
2025-07-03 07:44:53,119.66305333333334,32.203116666666666,0.1,,,
2025-07-03 07:47:55,119.66293333333331,32.203583333333334,3.7,312.5,,
2025-07-03 07:49:55,119.66485333333334,32.206356666666665,8.2,25.6,,
2025-07-03 07:52:25,119.66634666666668,32.212403333333334,9.2,2.3,,
2025-07-03 07:54:25,119.66712,32.21766,9.3,6.4,,
2025-07-03 07:56:25,119.66964,32.22257666666667,9.7,28.6,,
2025-07-03 07:58:25,119.67237333333334,32.22689333333334,3.8,26.3,,
2025-07-03 08:01:31,119.67297333333332,32.22613666666667,2.4,158.0,,
2025-07-03 08:04:31,119.67269333333331,32.22334333333333,5.3,206.1,,
2025-07-03 08:07:33,119.66990666666666,32.219343333333335,5.2,212.8,,
2025-07-03 08:10:33,119.66714666666668,32.21566,4.8,210.0,,
2025-07-03 08:13:33,119.66501333333332,32.21227666666667,4.2,199.8,,
2025-07-03 08:16:33,119.66397333333332,32.20917,3.6,189.2,,
2025-07-03 08:19:33,119.66408,32.20645,2.4,199.6,,
2025-07-03 08:22:43,119.66345333333334,32.20494,1.2,164.0,,
2025-07-03 08:25:43,119.66362666666669,32.20451,0.3,137.7,,
2025-07-03 08:29:22,119.66402666666669,32.204593333333335,0.5,76.7,,
2025-07-03 08:33:41,119.66442666666669,32.20464666666667,0.5,90.3,,
2025-07-03 08:50:12,119.66449333333334,32.204793333333335,2.3,358.9,,
2025-07-03 08:52:12,119.66238666666666,32.20412,6.7,236.0,,
2025-07-03 08:54:12,119.65858666666666,32.20187,7.2,242.8,,
2025-07-03 08:56:13,119.65457333333332,32.19972666666666,7.0,239.2,,
2025-07-03 08:58:13,119.6504,32.19786,7.9,243.9,,
2025-07-03 09:00:22,119.64576,32.19636666666667,6.0,251.3,,
2025-07-03 09:02:32,119.64216,32.19508666666667,6.0,245.5,,
2025-07-03 09:04:32,119.63845333333332,32.19385,6.0,252.1,,
2025-07-03 09:06:32,119.63450666666668,32.19260666666667,6.6,247.9,,
2025-07-03 09:08:35,119.63,32.191646666666664,7.0,257.0,,
2025-07-03 09:10:35,119.62486666666666,32.190933333333334,8.4,258.2,,
2025-07-03 09:13:43,119.62344,32.19057333333333,4.0,55.0,,
2025-07-03 09:15:43,119.62706666666666,32.191903333333336,10.1,72.9,,
2025-07-03 09:17:43,119.63376,32.193576666666665,10.8,68.8,,
2025-07-03 09:19:51,119.64089333333334,32.19624666666667,11.1,63.4,,
2025-07-03 09:21:53,119.64718666666668,32.199486666666665,11.3,54.1,,
2025-07-03 09:23:53,119.65325333333334,32.203136666666666,11.4,56.6,,
2025-07-03 09:25:53,119.65949333333332,32.20664333333333,11.3,55.7,,
2025-07-03 09:27:53,119.66542666666666,32.21030666666667,11.1,47.1,,
2025-07-03 09:29:53,119.67024,32.21523,11.5,38.3,,
2025-07-03 09:31:53,119.67426666666668,32.22065,11.6,27.4,,
2025-07-03 09:34:03,119.67754666666669,32.227086666666665,11.6,17.2,,
2025-07-03 09:36:03,119.67997333333334,32.23335,12.0,19.5,,
2025-07-03 09:37:04,119.68146666666668,32.236473333333336,12.0,23.4,,
2025-07-03 10:38:42,119.67733333333334,32.23661666666667,7.4,203.1,,
2025-07-03 10:40:42,119.67572,32.232953333333334,7.4,199.1,,
2025-07-03 10:42:42,119.67430666666668,32.228986666666664,6.8,198.8,,
2025-07-03 10:44:42,119.67298666666667,32.22563,6.1,208.3,,
2025-07-03 10:47:42,119.67034666666666,32.2217,4.7,209.4,,
2025-07-03 10:50:42,119.66788,32.218376666666664,4.6,216.5,,
2025-07-03 10:53:42,119.66533333333334,32.21539333333333,4.0,216.7,,
2025-07-03 10:56:42,119.66292,32.21256666666667,4.4,214.0,,
2025-07-03 10:59:43,119.66018666666666,32.20953,4.6,218.7,,
2025-07-03 11:02:52,119.65786666666666,32.20630666666667,3.7,197.8,,
2025-07-03 11:05:53,119.65670666666666,32.20365,3.2,195.1,,
2025-07-03 11:09:03,119.65517333333334,32.20131333333333,3.5,221.7,,
2025-07-03 11:12:03,119.65313333333332,32.199713333333335,1.7,235.5,,
2025-07-03 11:15:12,119.65189333333332,32.199196666666666,1.1,231.0,,
2025-07-03 11:18:13,119.65126666666669,32.19855666666667,0.7,191.8,,
2025-07-03 11:47:22,119.65144,32.198116666666664,1.0,53.3,,
2025-07-03 11:49:43,119.64826666666669,32.196983333333336,6.6,246.7,,
2025-07-03 11:51:44,119.64416,32.19572333333333,6.3,250.3,,
2025-07-03 11:54:02,119.63964,32.19439666666667,6.3,258.0,,
2025-07-03 11:56:12,119.63537333333332,32.19312,6.7,250.4,,
2025-07-03 11:58:12,119.63101333333331,32.19206666666667,7.1,253.6,,
2025-07-03 12:00:12,119.62624,32.191113333333334,7.5,258.4,,
2025-07-03 12:03:21,119.62293333333334,32.19058,0.3,303.5,,
2025-07-03 12:34:03,119.62282666666668,32.190333333333335,0.0,244.9,,
2025-07-03 13:04:03,119.62281333333334,32.19032,0.0,244.9,,
2025-07-03 13:34:03,119.62285333333334,32.190326666666664,0.0,244.9,,
2025-07-03 14:04:03,119.62281333333334,32.19031666666667,0.0,244.9,,
2025-07-03 14:34:03,119.62282666666668,32.19031666666667,0.0,244.9,,
2025-07-03 15:04:03,119.62281333333334,32.19033,0.0,244.9,,
2025-07-03 15:34:03,119.6228,32.19036,0.0,244.9,,
2025-07-03 16:06:28,119.62285333333334,32.190333333333335,0.0,,,
2025-07-03 16:37:04,119.62282666666668,32.19034666666667,0.0,244.9,,
2025-07-03 17:09:27,119.62285333333334,32.19034333333333,0.0,,,
2025-07-03 17:39:28,119.62289333333334,32.19032,0.0,,,
2025-07-03 18:09:30,119.62285333333334,32.19032,0.0,,,
2025-07-03 18:39:30,119.62289333333334,32.190326666666664,0.0,,,
2025-07-03 19:10:04,119.62284,32.19033,0.0,244.9,,
2025-07-03 19:42:27,119.62290666666668,32.19029333333334,0.0,,,
2025-07-03 20:17:31,119.62286666666668,32.19034666666667,0.0,,,
2025-07-03 20:49:02,119.62284,32.19034333333333,0.0,244.9,,
2025-07-03 21:19:03,119.62285333333334,32.190333333333335,0.0,244.9,,
2025-07-03 21:52:03,119.62284,32.19032333333333,0.0,244.9,,
2025-07-03 22:24:29,119.62289333333334,32.19032333333333,0.0,,,
2025-07-03 22:43:41,119.62308,32.19075333333333,4.5,35.3,,
2025-07-03 22:45:51,119.62814666666668,32.19206333333333,10.5,81.2,,
2025-07-03 22:47:51,119.63476,32.19412333333333,11.1,66.5,,
2025-07-03 22:50:00,119.64225333333331,32.196596666666665,11.5,66.6,,
2025-07-03 22:52:21,119.65028,32.20005,11.3,55.7,,
2025-07-03 22:54:21,119.65582666666668,32.20407333333333,11.0,41.6,,
2025-07-03 22:56:51,119.65950666666669,32.21029,10.2,8.5,,
2025-07-03 23:00:10,119.65690666666669,32.21252,1.0,213.6,,
2025-07-03 23:30:30,119.65690666666669,32.21224333333333,0.0,,,
2025-07-03 23:55:00,119.65694666666668,32.21234333333334,1.6,40.2,,
2025-07-03 23:57:40,119.65858666666666,32.21303666666667,7.3,95.1,,
2025-07-04 00:00:00,119.66437333333332,32.21735,9.6,43.3,,
2025-07-04 00:03:02,119.66825333333334,32.22096,3.4,42.1,,
2025-07-04 00:06:02,119.66790666666668,32.217663333333334,6.1,201.0,,
2025-07-04 00:09:12,119.66542666666666,32.213793333333335,4.6,216.0,,
2025-07-04 00:12:12,119.66273333333334,32.21047333333333,5.7,211.3,,
2025-07-04 00:15:12,119.66021333333332,32.20610333333333,4.8,202.4,,
2025-07-04 00:18:12,119.65890666666668,32.20338666666667,2.3,214.7,,
2025-07-04 00:21:22,119.65785333333334,32.20189666666667,1.7,195.1,,
2025-07-04 00:26:12,119.65789333333332,32.20082,0.5,127.5,,
2025-07-04 00:45:27,119.65796,32.200696666666666,2.0,359.1,,
2025-07-04 00:47:27,119.65513333333334,32.199776666666665,6.2,242.5,,
2025-07-04 00:49:27,119.65150666666666,32.19832,6.7,240.1,,
2025-07-04 00:51:32,119.64644,32.19645,7.3,245.6,,
2025-07-04 00:53:43,119.64189333333331,32.19481666666667,6.6,242.8,,
2025-07-04 00:55:52,119.63753333333334,32.193643333333334,6.5,247.0,,
2025-07-04 00:58:52,119.63221333333334,32.1923,5.4,248.8,,
2025-07-04 01:00:56,119.62836,32.19148333333333,6.1,254.4,,
2025-07-04 01:03:57,119.62318666666668,32.190463333333334,3.0,245.9,,
2025-07-04 01:34:03,119.62285333333334,32.19024666666667,0.0,,,
2025-07-04 01:38:42,119.62278666666668,32.19051666666667,0.7,5.0,,
2025-07-04 01:41:42,119.62208,32.19249,7.0,354.7,,
2025-07-04 01:44:42,119.61804,32.19383333333333,6.3,259.7,,
2025-07-04 01:46:43,119.61385333333334,32.192676666666664,6.9,251.8,,
2025-07-04 01:48:43,119.6096,32.191446666666664,6.2,253.4,,
2025-07-04 01:51:43,119.60446666666668,32.190106666666665,4.7,253.4,,
2025-07-04 01:54:53,119.60030666666668,32.18889,3.8,247.5,,
2025-07-04 01:57:56,119.59698666666668,32.18775333333333,3.3,254.4,,
2025-07-04 02:00:56,119.59384,32.187023333333336,3.2,254.8,,
2025-07-04 02:04:03,119.59105333333332,32.186703333333334,2.5,268.3,,
2025-07-04 02:07:11,119.58913333333334,32.186593333333334,1.2,254.8,,
2025-07-04 02:11:32,119.58884,32.18614,0.6,242.4,,
2025-07-04 02:16:01,119.58869333333334,32.18593,0.5,77.7,,
2025-07-04 02:46:11,119.58893333333332,32.185876666666665,0.0,,,
2025-07-04 02:48:22,119.59052,32.18607333333333,9.3,81.2,,
2025-07-04 02:50:22,119.59749333333332,32.186836666666665,10.8,77.7,,
2025-07-04 02:52:22,119.60390666666666,32.188116666666666,8.3,77.0,,
2025-07-04 02:54:32,119.60912,32.18946666666667,8.9,73.0,,
2025-07-04 02:56:42,119.61621333333332,32.19132,10.7,77.4,,
2025-07-04 02:58:47,119.62345333333332,32.19248666666667,10.8,82.2,,
2025-07-04 03:00:52,119.62982666666667,32.19372666666667,7.0,70.3,,
2025-07-04 03:03:13,119.63413333333334,32.19544333333333,9.3,64.3,,
2025-07-04 03:05:23,119.63997333333332,32.197586666666666,6.1,60.6,,
2025-07-04 03:08:32,119.64409333333332,32.199216666666665,4.1,70.3,,
2025-07-04 03:11:41,119.64784,32.20052666666667,3.8,65.5,,
2025-07-04 03:14:41,119.65126666666669,32.20191666666667,3.8,65.7,,
2025-07-04 03:17:43,119.65454666666666,32.203446666666665,3.7,56.7,,
2025-07-04 03:20:43,119.65722666666667,32.20514,2.8,49.6,,
2025-07-04 03:23:23,119.6576,32.20738333333333,6.1,320.3,,
2025-07-04 03:25:23,119.65678666666666,32.20798333333333,6.4,223.0,,
2025-07-04 03:28:32,119.65290666666668,32.204163333333334,5.4,227.1,,
2025-07-04 03:31:33,119.64925333333332,32.20136,4.5,227.1,,
2025-07-04 03:34:33,119.64622666666666,32.198906666666666,4.0,226.6,,
2025-07-04 03:37:39,119.64504,32.19782,3.9,218.7,,
2025-07-04 03:40:52,119.64113333333331,32.19606666666667,1.4,205.1,,
2025-07-04 03:43:52,119.63998666666669,32.19538333333333,1.0,236.1,,
2025-07-04 03:46:53,119.63936,32.19494666666667,0.5,215.0,,
2025-07-04 03:52:11,119.63909333333334,32.19444333333333,0.5,219.0,,
2025-07-04 04:07:30,119.63856,32.19367,0.5,65.4,,
2025-07-04 04:27:32,119.63862666666668,32.19365333333333,2.2,15.7,,
2025-07-04 04:30:21,119.63449333333334,32.1928,6.5,255.2,,
2025-07-04 04:32:21,119.63037333333334,32.19177666666667,6.7,254.6,,
2025-07-04 04:34:32,119.62538666666669,32.190846666666665,7.0,258.8,,
2025-07-04 05:05:32,119.62285333333334,32.19023,0.0,254.0,,
2025-07-04 05:35:32,119.62282666666668,32.19022,0.0,254.0,,
2025-07-04 06:05:32,119.62284,32.19022666666667,0.0,254.0,,
2025-07-04 06:38:32,119.62284,32.190223333333336,0.0,254.0,,
2025-07-04 07:08:32,119.62285333333334,32.19023,0.0,254.0,,
2025-07-04 07:11:35,119.62268,32.19038333333334,3.5,296.8,,
2025-07-04 07:13:54,119.62741333333334,32.19172,8.3,76.6,,
2025-07-04 07:15:54,119.63294666666668,32.19301333333333,9.2,71.7,,
2025-07-04 07:17:54,119.63878666666666,32.19472,9.7,71.0,,
2025-07-04 07:19:56,119.64496,32.196583333333336,9.6,71.7,,
2025-07-04 07:21:56,119.65074666666666,32.19844,9.5,65.5,,
2025-07-04 07:23:57,119.65617333333331,32.20077333333333,9.0,59.7,,
2025-07-04 07:25:57,119.66037333333334,32.20318,5.7,47.8,,
2025-07-04 07:29:05,119.66384,32.20609666666667,4.1,38.3,,
2025-07-04 07:32:06,119.66610666666666,32.20882,3.7,32.3,,
2025-07-04 07:35:06,119.66954666666666,32.21230666666667,5.6,32.7,,
2025-07-04 07:38:06,119.67110666666666,32.21609333333333,6.0,356.0,,
2025-07-04 07:40:16,119.67,32.22072333333333,8.8,1.8,,
2025-07-04 07:42:26,119.67157333333331,32.22584666666667,6.9,20.7,,
2025-07-04 07:45:27,119.67332,32.228136666666664,4.9,195.4,,
2025-07-04 07:47:36,119.67194666666668,32.22457,6.8,218.8,,
2025-07-04 07:50:26,119.66872,32.22039,6.2,217.8,,
2025-07-04 07:53:26,119.66570666666668,32.21655333333333,5.0,216.7,,
2025-07-04 07:56:26,119.66417333333334,32.213143333333335,4.0,187.0,,
2025-07-04 07:59:26,119.66414666666668,32.21017,3.0,166.7,,
2025-07-04 08:02:35,119.66457333333334,32.20811333333333,1.8,178.1,,
2025-07-04 08:05:35,119.6646,32.20663,1.5,204.9,,
2025-07-04 08:08:36,119.66426666666666,32.20582666666667,0.5,206.9,,
2025-07-04 08:11:36,119.66437333333332,32.2051,0.6,175.8,,
2025-07-04 08:17:35,119.66461333333334,32.20465333333333,1.3,274.7,,
2025-07-04 08:36:36,119.66457333333334,32.20458,1.0,259.3,,
2025-07-04 08:40:05,119.66456,32.20471666666667,2.5,7.5,,
2025-07-04 08:42:06,119.66133333333332,32.20314666666667,7.3,228.4,,
2025-07-04 08:44:06,119.65729333333331,32.200786666666666,7.3,233.4,,
2025-07-04 08:46:06,119.65284,32.19873,7.9,247.8,,
2025-07-04 08:48:14,119.64777333333332,32.19684,7.5,245.5,,
2025-07-04 08:51:00,119.64289333333332,32.19508666666667,6.5,255.4,,
2025-07-04 08:53:00,119.63876,32.19413333333333,6.4,251.5,,
2025-07-04 08:55:00,119.63464,32.192753333333336,7.0,250.9,,
2025-07-04 08:57:06,119.62986666666669,32.19173,7.4,256.3,,
2025-07-04 08:59:06,119.62486666666666,32.190866666666665,7.4,261.0,,
2025-07-04 09:02:16,119.62242666666668,32.1903,0.4,180.0,,
2025-07-04 09:32:36,119.62245333333334,32.19013,0.0,,,
2025-07-04 10:02:36,119.62246666666668,32.19017,0.0,,,
2025-07-04 10:32:56,119.62246666666668,32.19018333333333,0.0,,,
2025-07-04 11:03:05,119.62245333333334,32.19017,0.0,,,
2025-07-04 11:33:05,119.62246666666668,32.190173333333334,0.0,,,
2025-07-04 12:03:26,119.62241333333333,32.19016,0.0,202.1,,
2025-07-04 12:33:26,119.6224,32.19014333333333,0.0,202.1,,
2025-07-04 13:03:26,119.62241333333333,32.19016,0.0,202.1,,
2025-07-04 13:35:41,119.62246666666668,32.19021,0.0,,,
2025-07-04 14:06:26,119.62242666666668,32.19016,0.0,202.1,,
2025-07-04 14:39:25,119.62241333333333,32.19019,0.0,202.1,,
2025-07-04 15:09:26,119.62241333333333,32.19015,0.0,202.1,,
2025-07-04 15:41:43,119.62245333333334,32.19017,0.0,,,
2025-07-04 16:13:41,119.62249333333334,32.190133333333335,0.0,,,
2025-07-04 16:44:40,119.62253333333334,32.190153333333335,0.0,,,
2025-07-04 17:15:25,119.62244,32.19015,0.0,202.1,,
2025-07-04 17:45:25,119.6224,32.190146666666664,0.0,202.1,,
2025-07-04 18:15:25,119.62242666666668,32.19016333333333,0.0,202.1,,
2025-07-04 18:45:26,119.62244,32.19016666666667,0.0,202.1,,
2025-07-04 19:18:25,119.62244,32.190133333333335,0.0,202.1,,
2025-07-04 19:48:25,119.62242666666668,32.19018666666667,0.0,202.1,,
2025-07-04 20:20:43,119.62249333333334,32.19017,0.0,,,
2025-07-04 20:51:24,119.6224,32.19016666666667,0.0,202.1,,
2025-07-04 21:21:24,119.6224,32.19015,0.0,202.1,,
2025-07-04 21:51:25,119.62241333333333,32.19016666666667,0.0,202.1,,
2025-07-04 22:23:41,119.62246666666668,32.19017,0.0,,,
2025-07-04 22:46:57,119.62249333333334,32.190353333333334,2.8,14.0,,
2025-07-04 22:49:57,119.62438666666668,32.19105,1.7,71.8,,
2025-07-04 22:52:58,119.62586666666668,32.191723333333336,1.7,63.7,,
2025-07-04 22:56:09,119.62765333333331,32.19201666666667,1.8,82.3,,
2025-07-04 22:59:18,119.62961333333334,32.19228,1.8,73.7,,
2025-07-04 23:02:18,119.63146666666668,32.19267,2.0,76.7,,
2025-07-04 23:05:18,119.63118666666666,32.19245333333333,3.3,234.2,,
2025-07-04 23:09:29,119.63081333333334,32.19207,0.5,,,
2025-07-04 23:12:39,119.63008,32.192123333333335,0.9,63.4,,
2025-07-04 23:15:58,119.6298,32.19222333333333,0.2,302.6,,
2025-07-04 23:18:59,119.62948,32.19224666666667,1.1,164.6,,
2025-07-04 23:22:48,119.62982666666667,32.19232,0.6,0.8,,
2025-07-04 23:25:48,119.62965333333334,32.191916666666664,0.7,147.4,,
2025-07-04 23:29:08,119.63212,32.191673333333334,2.3,87.8,,
2025-07-04 23:32:18,119.63186666666668,32.19237666666667,1.4,15.2,,
2025-07-04 23:35:27,119.63241333333332,32.19457333333333,4.9,29.0,,
2025-07-04 23:37:27,119.63532,32.196373333333334,6.2,72.9,,
2025-07-04 23:40:04,119.64176,32.19827333333333,11.2,80.0,,
2025-07-04 23:42:05,119.64877333333334,32.19939,11.2,65.3,,
2025-07-04 23:44:08,119.65557333333334,32.20235,11.2,59.4,,
2025-07-04 23:46:09,119.66146666666668,32.20599,10.9,46.3,,
2025-07-04 23:48:09,119.66612,32.21070666666667,11.0,37.2,,
2025-07-04 23:50:18,119.67054666666668,32.216483333333336,11.7,33.5,,
2025-07-04 23:52:18,119.67466666666668,32.22198,11.5,26.7,,
2025-07-04 23:53:28,119.67648,32.22549,12.6,21.7,,
2025-07-04 23:54:28,119.6778,32.22889,13.3,17.8,,
2025-07-04 23:55:28,119.67918666666668,32.23234,12.6,19.5,,
2025-07-04 23:56:34,119.68078666666666,32.235953333333335,12.4,19.1,,
2025-07-04 23:57:34,119.68217333333334,32.239216666666664,11.9,21.6,,
2025-07-05 01:13:37,119.87256,32.23707,10.2,168.4,,
2025-07-05 01:15:38,119.87401333333334,32.23113333333333,11.0,169.1,,
2025-07-05 01:17:38,119.87568,32.22512,11.2,165.8,,
2025-07-05 01:19:47,119.87781333333334,32.2185,11.7,162.1,,
2025-07-05 01:21:47,119.87958666666668,32.21206333333333,12.0,169.8,,
2025-07-05 01:22:47,119.88017333333332,32.20874,12.1,174.1,,
2025-07-05 01:23:47,119.88054666666666,32.20539333333333,12.1,173.5,,
2025-07-05 01:24:47,119.88108,32.20202,12.3,171.5,,
2025-07-05 01:25:58,119.88177333333331,32.19799,12.3,171.3,,
2025-07-05 01:27:08,119.88253333333331,32.19403666666667,12.2,170.6,,
2025-07-05 01:28:08,119.88324,32.19063,12.3,169.4,,
2025-07-05 01:29:38,119.88441333333331,32.185543333333335,12.3,168.3,,
2025-07-05 01:30:38,119.88522666666668,32.182183333333334,12.6,173.7,,
2025-07-05 01:31:38,119.88568,32.178693333333335,12.7,173.1,,
2025-07-05 01:32:44,119.88544,32.18065333333333,12.5,171.6,,
2025-07-05 01:33:47,119.88629333333331,32.17109,12.8,175.9,,
2025-07-05 01:34:47,119.88662666666669,32.16752666666667,12.8,176.0,,
2025-07-05 01:35:47,119.88722666666666,32.16401333333334,12.7,169.4,,
2025-07-05 01:36:58,119.88670666666668,32.16693333333333,12.8,173.5,,
2025-07-05 01:38:08,119.88776,32.15582666666667,12.4,169.3,,
2025-07-05 01:39:19,119.8888,32.15189,12.3,166.1,,
2025-07-05 01:40:28,119.89005333333331,32.1481,12.4,159.6,,
2025-07-05 01:41:37,119.89178666666666,32.144376666666666,12.3,158.9,,
2025-07-05 01:42:49,119.8934,32.14054333333333,12.4,161.8,,
2025-07-05 01:43:57,119.895,32.13677,12.4,159.4,,
2025-07-05 01:44:58,119.89229333333331,32.14332,12.4,159.0,,
2025-07-05 01:46:08,119.89841333333334,32.12974666666667,12.3,158.3,,
2025-07-05 01:47:22,119.89522666666667,32.136356666666664,12.4,158.2,,
2025-07-05 01:48:28,119.89734666666666,32.13192333333333,12.6,157.5,,
2025-07-05 01:49:34,119.90333333333334,32.118606666666665,12.7,163.3,,
2025-07-05 01:50:38,119.90476,32.1151,12.7,162.0,,
2025-07-05 01:51:38,119.90561333333332,32.11164333333333,12.5,173.8,,
2025-07-05 01:52:55,119.90525333333332,32.113566666666664,12.7,167.8,,
2025-07-05 01:53:59,119.90574666666669,32.11047333333333,12.7,175.6,,
2025-07-05 01:54:59,119.90856,32.10064666666667,12.1,157.4,,
2025-07-05 01:56:04,119.91028,32.09714,12.5,156.4,,
2025-07-05 01:57:04,119.91196,32.093916666666665,12.6,156.3,,
2025-07-05 01:58:04,119.91364,32.09065,12.8,155.1,,
2025-07-05 01:59:08,119.91538666666666,32.087176666666664,12.8,155.3,,
2025-07-05 02:00:08,119.91717333333334,32.08394,12.6,155.7,,
2025-07-05 02:01:08,119.91884,32.08072333333333,12.4,156.4,,
2025-07-05 02:02:17,119.92085333333333,32.07713,12.4,152.8,,
2025-07-05 02:03:17,119.92264,32.07398333333333,12.6,157.6,,
2025-07-05 02:04:17,119.92414666666669,32.07068666666667,12.7,159.4,,
2025-07-05 02:05:34,119.92586666666666,32.066403333333334,12.6,164.0,,
2025-07-05 02:06:37,119.92722666666668,32.062886666666664,12.6,159.2,,
2025-07-05 02:07:48,119.92924,32.059086666666666,12.5,154.1,,
2025-07-05 02:08:48,119.93104,32.055953333333335,12.5,154.5,,
2025-07-05 02:09:57,119.93308,32.05235666666667,12.3,154.6,,
2025-07-05 02:10:59,119.93484,32.04920333333333,12.0,155.1,,
2025-07-05 02:11:59,119.93665333333334,32.04622666666667,12.0,152.3,,
2025-07-05 02:12:59,119.93845333333331,32.04324,12.0,153.3,,
2025-07-05 02:13:59,119.94022666666666,32.04023,12.1,153.6,,
2025-07-05 02:15:28,119.94276,32.03579333333333,12.3,157.2,,
2025-07-05 02:16:28,119.9446,32.032666666666664,12.5,151.7,,
2025-07-05 02:17:28,119.94676,32.02970333333333,12.4,146.1,,
2025-07-05 02:18:29,119.94918666666666,32.02692,12.3,140.4,,
2025-07-05 02:19:34,119.95138666666666,32.02359333333333,12.4,156.6,,
2025-07-05 02:20:34,119.95338666666666,32.02061333333333,12.4,145.2,,
2025-07-05 02:22:34,119.95770666666668,32.01535666666667,10.2,142.7,,
2025-07-05 02:24:34,119.96197333333332,32.011176666666664,9.9,134.6,,
2025-07-05 02:26:34,119.96668,32.00728333333333,9.9,133.4,,
2025-07-05 02:28:08,119.97093333333332,32.00398666666667,12.1,131.7,,
2025-07-05 02:29:08,119.974,32.00176333333334,12.1,129.7,,
2025-07-05 02:30:08,119.97725333333334,31.999836666666667,12.4,119.2,,
2025-07-05 02:31:08,119.98064,31.997836666666668,12.5,140.1,,
2025-07-05 02:33:19,119.98605333333332,31.992283333333333,11.8,136.6,,
2025-07-05 02:35:19,119.99097333333332,31.987326666666668,11.9,139.9,,
2025-07-05 02:36:27,119.99393333333332,31.9844,12.1,138.1,,
2025-07-05 02:38:19,119.99930666666668,31.98030333333333,12.2,125.0,,
2025-07-05 02:39:19,120.00258666666667,31.97834,12.2,122.6,,
2025-07-05 02:40:28,120.00656,31.97618,12.4,122.0,,
2025-07-05 02:41:28,120.01006666666666,31.97439,12.2,122.1,,
2025-07-05 02:42:28,120.01353333333331,31.972636666666663,12.3,121.5,,
2025-07-05 02:43:28,120.01693333333333,31.97084333333333,12.3,122.0,,
2025-07-05 02:44:28,120.02036,31.969126666666668,11.9,118.7,,
2025-07-05 02:46:28,120.02758666666666,31.966573333333333,12.1,110.7,,
2025-07-05 02:47:28,120.03125333333334,31.96538333333333,12.1,111.2,,
2025-07-05 02:48:38,120.03554666666666,31.963996666666667,12.0,110.8,,
2025-07-05 02:49:59,120.04052,31.962606666666662,12.0,107.3,,
2025-07-05 02:51:03,120.04465333333332,31.961586666666665,12.1,105.7,,
2025-07-05 02:52:18,120.04938666666666,31.960486666666668,12.1,103.4,,
2025-07-05 02:53:18,120.05324,31.95965333333333,12.0,106.1,,
2025-07-05 02:54:28,120.05770666666666,31.958583333333333,11.9,105.3,,
2025-07-05 02:55:33,120.06177333333332,31.95748,12.0,107.6,,
2025-07-05 02:57:28,120.06889333333334,31.9556,12.0,108.1,,
2025-07-05 02:59:28,120.07637333333334,31.95387333333333,11.7,105.8,,
2025-07-05 03:01:33,120.08386666666668,31.95126,11.7,111.2,,
2025-07-05 03:03:34,120.09106666666666,31.94911,11.4,110.5,,
2025-07-05 03:05:38,120.09830666666667,31.947086666666667,10.0,110.9,,
2025-07-05 03:07:38,120.10377333333334,31.94527666666667,8.4,112.0,,
2025-07-05 03:09:48,120.10945333333332,31.94365,8.3,104.1,,
2025-07-05 03:11:48,120.11505333333334,31.942406666666667,9.6,103.5,,
2025-07-05 03:13:48,120.12202666666668,31.940826666666663,11.5,104.4,,
2025-07-05 03:15:48,120.12917333333333,31.93886,11.5,114.7,,
2025-07-05 03:17:48,120.13605333333334,31.936406666666667,11.5,111.6,,
2025-07-05 03:19:48,120.14332,31.93493,11.7,100.2,,
2025-07-05 03:22:03,120.15201333333331,31.93387,11.9,103.7,,
2025-07-05 03:24:03,120.15961333333334,31.9324,11.8,103.3,,
2025-07-05 03:25:03,120.16342666666668,31.93175,12.0,99.7,,
2025-07-05 03:27:49,120.17409333333332,31.93044,12.6,102.4,,
2025-07-05 03:28:58,120.17892,31.930016666666667,13.2,90.5,,
2025-07-05 03:29:59,120.18337333333334,31.92982333333333,13.6,94.5,,
2025-07-05 03:31:03,120.18805333333331,31.92952333333333,12.7,96.8,,
2025-07-05 03:32:07,120.1924,31.929056666666668,12.6,96.1,,
2025-07-05 03:33:08,120.19658666666666,31.92865,12.7,96.0,,
2025-07-05 03:34:08,120.20072,31.928316666666667,12.7,93.5,,
2025-07-05 03:35:17,120.20545333333334,31.92825333333333,12.3,89.7,,
2025-07-05 03:36:17,120.20942666666669,31.928406666666667,12.1,82.4,,
2025-07-05 03:37:27,120.21401333333333,31.928676666666668,12.0,92.2,,
2025-07-05 03:38:27,120.21804,31.9287,12.3,88.2,,
2025-07-05 03:39:27,120.22202666666666,31.92902,12.2,82.8,,
2025-07-05 03:40:28,120.22608,31.929456666666667,12.3,80.5,,
2025-07-05 03:41:28,120.23005333333332,31.93003333333333,12.4,79.2,,
2025-07-05 03:42:28,120.23404,31.93077333333333,12.4,78.6,,
2025-07-05 03:43:28,120.23801333333331,31.93134,12.4,78.6,,
2025-07-05 03:44:28,120.24182666666668,31.932386666666662,12.2,68.8,,
2025-07-05 03:45:28,120.24558666666668,31.933456666666668,12.0,73.0,,
2025-07-05 03:46:28,120.24933333333334,31.934506666666667,11.9,72.9,,
2025-07-05 03:47:28,120.25301333333331,31.935666666666663,11.9,65.9,,
2025-07-05 03:48:28,120.25654666666668,31.93715333333333,12.1,62.7,,
2025-07-05 03:50:28,120.26336,31.940346666666667,11.8,62.4,,
2025-07-05 03:52:27,120.27028,31.94326,12.0,61.6,,
2025-07-05 03:54:27,120.27710666666668,31.94636333333333,11.8,61.5,,
2025-07-05 03:56:33,120.28457333333331,31.94893,11.7,68.4,,
2025-07-05 03:58:03,120.28997333333334,31.950886666666666,12.1,65.5,,
2025-07-05 03:59:03,120.29357333333331,31.95228333333333,12.1,65.8,,
2025-07-05 04:01:03,120.30058666666666,31.95515,11.9,64.2,,
2025-07-05 04:03:03,120.30754666666668,31.95807,11.8,63.3,,
2025-07-05 04:05:03,120.31418666666669,31.96115,11.5,61.3,,
2025-07-05 04:07:03,120.32072,31.964403333333333,11.6,54.0,,
2025-07-05 04:09:03,120.32682666666666,31.96834,11.7,56.8,,
2025-07-05 04:11:08,120.33330666666669,31.972293333333333,11.5,51.8,,
2025-07-05 04:13:08,120.33922666666666,31.97626333333333,11.5,51.0,,
2025-07-05 04:15:08,120.34506666666668,31.980336666666663,11.5,48.7,,
2025-07-05 04:17:08,120.35049333333332,31.98484,11.6,49.9,,
2025-07-05 04:19:17,120.35712,31.98885333333333,11.4,58.9,,
2025-07-05 04:21:18,120.36346666666668,31.9925,11.6,55.1,,
2025-07-05 04:23:18,120.36954666666666,31.99619333333333,11.0,52.6,,
2025-07-05 04:25:27,120.37618666666668,32.00022333333333,11.6,55.6,,
2025-07-05 04:27:27,120.38233333333334,32.00404666666667,11.7,52.5,,
2025-07-05 04:28:27,120.38533333333334,32.00613,12.0,52.0,,
2025-07-05 04:30:27,120.39174666666666,32.00958,11.5,58.5,,
2025-07-05 04:32:27,120.39814666666666,32.01315666666667,11.7,58.0,,
2025-07-05 04:34:27,120.40468,32.01659333333333,11.8,60.6,,
2025-07-05 04:36:27,120.41158666666666,32.01940666666667,11.7,67.7,,
2025-07-05 04:38:28,120.41870666666668,32.021656666666665,11.5,71.5,,
2025-07-05 04:40:28,120.42586666666666,32.023786666666666,11.6,69.7,,
2025-07-05 04:42:03,120.43166666666669,32.025533333333335,12.0,69.9,,
2025-07-05 04:44:07,120.4392,32.027856666666665,11.7,70.1,,
2025-07-05 04:46:07,120.44644,32.029423333333334,10.4,75.3,,
2025-07-05 04:48:07,120.45256,32.030946666666665,9.3,75.3,,
2025-07-05 04:50:07,120.45864,32.031996666666664,10.1,78.7,,
2025-07-05 04:52:07,120.46501333333332,32.0329,9.5,91.0,,
2025-07-05 04:54:07,120.47129333333334,32.03261,9.6,95.8,,
2025-07-05 04:56:07,120.47681333333334,32.03185666666667,8.2,102.1,,
2025-07-05 04:57:48,120.48256,32.031533333333336,12.7,91.2,,
2025-07-05 04:58:58,120.48737333333334,32.03106666666667,12.6,97.4,,
2025-07-05 05:00:07,120.49208,32.030453333333334,12.5,99.5,,
2025-07-05 05:01:07,120.49608,32.030073333333334,12.3,96.0,,
2025-07-05 05:02:08,120.50005333333333,32.029426666666666,12.3,104.0,,
2025-07-05 05:03:18,120.50464,32.028373333333334,12.2,105.8,,
2025-07-05 05:05:27,120.51268,32.02650666666667,11.2,104.0,,
2025-07-05 05:07:27,120.51946666666667,32.02502666666667,10.1,106.8,,
2025-07-05 05:09:27,120.52557333333333,32.02303,9.9,112.4,,
2025-07-05 05:11:33,120.53208,32.02076666666667,10.0,108.7,,
2025-07-05 05:13:57,120.53957333333334,32.018283333333336,10.5,113.3,,
2025-07-05 05:16:38,120.548,32.01513,10.5,112.0,,
2025-07-05 05:19:17,120.55642666666668,32.01232666666667,10.4,111.3,,
2025-07-05 05:21:17,120.56277333333334,32.01003,10.4,112.3,,
2025-07-05 05:23:38,120.56994666666668,32.007146666666664,10.3,116.7,,
2025-07-05 05:26:03,120.57744,32.004203333333336,10.3,112.0,,
2025-07-05 05:28:08,120.58396,32.00226333333333,9.9,110.7,,
2025-07-05 05:30:33,120.59138666666666,31.999916666666667,10.0,113.5,,
2025-07-05 05:33:03,120.59913333333331,31.997616666666666,10.1,104.1,,
2025-07-05 05:35:03,120.60557333333334,31.99604666666667,10.3,105.4,,
2025-07-05 05:37:17,120.61297333333331,31.99512333333333,10.3,91.8,,
2025-07-05 05:39:27,120.6202,31.99435666666667,9.8,96.1,,
2025-07-05 05:41:27,120.62666666666668,31.99385333333333,10.1,94.4,,
2025-07-05 05:43:33,120.6336,31.993716666666668,10.1,88.8,,
2025-07-05 05:45:33,120.64029333333332,31.99386,10.2,89.3,,
2025-07-05 05:47:48,120.64805333333334,31.99402333333333,10.9,85.0,,
2025-07-05 05:49:48,120.65508,31.99458,10.4,83.3,,
2025-07-05 05:52:03,120.66269333333334,31.995486666666668,10.4,80.8,,
2025-07-05 05:54:03,120.66948,31.99632,10.4,83.5,,
2025-07-05 05:56:08,120.67656,31.99703333333333,10.4,82.1,,
2025-07-05 05:58:38,120.68429333333331,31.99794333333333,9.1,80.1,,
2025-07-05 06:01:03,120.6914,31.99897333333333,9.1,79.4,,
2025-07-05 06:04:03,120.7002,32.000296666666664,9.2,80.6,,
2025-07-05 06:06:57,120.70868,32.00163333333333,9.0,76.7,,
2025-07-05 06:09:03,120.71484,32.00236666666667,9.1,83.6,,
2025-07-05 06:12:03,120.7236,32.00322666666667,9.0,85.0,,
2025-07-05 06:14:03,120.72938666666668,32.0039,9.0,82.0,,
2025-07-05 06:16:08,120.73536,32.00447333333334,8.7,82.4,,
2025-07-05 06:18:18,120.74162666666666,32.00521666666667,9.8,80.6,,
2025-07-05 06:20:18,120.74793333333334,32.006056666666666,9.8,81.2,,
2025-07-05 06:22:48,120.75602666666668,32.007133333333336,10.1,83.1,,
2025-07-05 06:24:48,120.76258666666666,32.00763,10.1,87.1,,
2025-07-05 06:27:48,120.77245333333332,32.00738333333334,10.1,94.5,,
2025-07-05 06:31:48,120.78554666666666,32.00606,9.9,96.6,,
2025-07-05 06:34:33,120.79437333333334,32.00445666666667,9.9,105.0,,
2025-07-05 06:37:33,120.80385333333334,32.0024,10.0,108.4,,
2025-07-05 06:39:33,120.80984,32.000656666666664,8.4,110.9,,
2025-07-05 06:41:33,120.81349333333333,31.998986666666667,7.8,125.3,,
2025-07-05 06:44:28,120.82065333333334,31.993916666666667,10.0,131.2,,
2025-07-05 06:46:33,120.82572,31.98989333333333,10.1,133.2,,
2025-07-05 06:49:33,120.83321333333332,31.98417333333333,11.1,132.9,,
2025-07-05 06:51:33,120.83818666666669,31.979666666666667,11.0,144.6,,
2025-07-05 06:55:03,120.84530666666669,31.97104333333333,10.7,143.3,,
2025-07-05 06:57:37,120.85026666666668,31.964816666666668,10.6,150.9,,
2025-07-05 06:59:58,120.8542,31.958573333333334,11.0,152.0,,
2025-07-05 07:02:47,120.85913333333332,31.95095,11.2,151.4,,
2025-07-05 07:05:37,120.8638,31.943416666666668,9.2,153.9,,
2025-07-05 07:07:47,120.86541333333334,31.939196666666668,6.0,165.2,,
2025-07-05 07:10:47,120.86744,31.932133333333333,8.2,166.8,,
2025-07-05 07:17:08,120.8726,31.917866666666665,9.2,162.5,,
2025-07-05 07:19:58,120.87506666666668,31.91073,9.5,161.1,,
2025-07-05 07:22:03,120.87694666666668,31.90543,9.5,166.9,,
2025-07-05 07:24:03,120.87814666666668,31.900203333333334,9.6,169.9,,
2025-07-05 07:28:39,120.88094666666667,31.888326666666668,8.5,169.6,,
2025-07-05 07:30:48,120.88194666666666,31.883416666666665,8.1,171.5,,
2025-07-05 07:33:03,120.88336,31.878606666666663,7.8,164.1,,
2025-07-05 07:36:18,120.88574666666666,31.87193,7.5,160.3,,
2025-07-05 07:39:08,120.88768,31.866143333333333,7.7,166.3,,
2025-07-05 07:42:28,120.88953333333332,31.859476666666662,5.6,165.8,,
2025-07-05 07:44:49,120.89061333333332,31.85566,7.8,163.7,,
2025-07-05 07:48:39,120.89428,31.84739666666667,8.4,159.4,,
2025-07-05 07:54:18,120.89949333333334,31.834496666666663,8.6,155.1,,
2025-07-05 07:56:48,120.90276,31.829066666666662,8.8,151.0,,
2025-07-05 07:59:37,120.90684,31.823016666666668,8.5,149.3,,
2025-07-05 08:03:02,120.91201333333332,31.816436666666668,9.3,150.3,,
2025-07-05 08:05:32,120.9156,31.80942,12.6,150.9,,
2025-07-05 08:06:32,120.91769333333332,31.806283333333333,13.3,150.9,,
2025-07-05 08:07:32,120.92004,31.80306,13.6,146.2,,
2025-07-05 08:09:02,120.92358666666668,31.798226666666668,13.8,149.1,,
2025-07-05 08:10:02,120.92618666666668,31.79503,14.0,139.0,,
2025-07-05 08:12:02,120.93257333333334,31.789396666666665,13.8,134.5,,
2025-07-05 08:14:02,120.93905333333332,31.784536666666668,13.0,126.2,,
2025-07-05 08:15:02,120.94254666666669,31.78246,12.9,123.8,,
2025-07-05 08:16:02,120.94608,31.78066,11.9,116.1,,
2025-07-07 05:18:33,120.99694666666667,31.780036666666668,10.5,279.1,,
2025-07-07 05:20:43,120.98972,31.78139,9.9,273.2,,
2025-07-07 05:22:43,120.98330666666666,31.78189,10.0,275.7,,
2025-07-07 05:24:43,120.97670666666669,31.78231,10.2,271.7,,
2025-07-07 05:26:43,120.96998666666668,31.782746666666668,10.3,276.6,,
2025-07-07 05:28:43,120.96362666666668,31.78341,9.8,276.4,,
2025-07-07 05:30:44,120.95722666666668,31.78484,10.1,293.7,,
2025-07-07 05:32:44,120.95122666666668,31.787226666666665,10.1,298.1,,
2025-07-07 05:34:44,120.94573333333334,31.790206666666663,9.8,304.6,,
2025-07-07 05:36:44,120.94092,31.793616666666665,9.5,309.9,,
2025-07-07 05:38:44,120.93638666666666,31.797236666666667,9.4,315.4,,
2025-07-07 05:40:44,120.93190666666666,31.80071,9.2,307.5,,
2025-07-07 05:42:54,120.92754666666669,31.804476666666663,8.3,323.5,,
2025-07-07 05:44:54,120.92429333333334,31.80806,7.8,320.2,,
2025-07-07 05:46:54,120.92105333333332,31.811296666666667,7.4,319.8,,
2025-07-07 05:49:02,120.91817333333331,31.814896666666662,7.2,324.2,,
2025-07-07 05:51:02,120.91556,31.81789333333333,6.5,321.7,,
2025-07-07 05:53:03,120.91309333333334,31.82092,6.7,324.9,,
2025-07-07 05:55:13,120.91044,31.824346666666667,6.8,327.6,,
2025-07-07 05:57:13,120.90834666666667,31.827556666666663,6.4,331.7,,
2025-07-07 05:59:25,120.9066,31.83102,6.3,337.7,,
2025-07-07 06:01:25,120.90516,31.834306666666667,6.1,338.2,,
2025-07-07 06:03:31,120.90362666666668,31.837703333333334,6.1,340.7,,
2025-07-07 06:05:31,120.90217333333334,31.841126666666668,6.9,339.8,,
2025-07-07 06:07:31,120.90092,31.84514666666667,7.8,346.3,,
2025-07-07 06:09:33,120.8996,31.84938333333333,7.8,345.6,,
2025-07-07 06:11:33,120.89828,31.853666666666665,8.4,344.4,,
2025-07-07 06:13:33,120.89688,31.858396666666668,8.9,344.0,,
2025-07-07 06:15:34,120.89572,31.86350333333333,9.7,348.6,,
2025-07-07 06:17:34,120.89461333333334,31.868973333333333,10.0,354.4,,
2025-07-07 06:19:54,120.89342666666668,31.87557333333333,10.5,348.7,,
2025-07-07 06:21:54,120.89174666666666,31.88132,10.7,344.7,,
2025-07-07 06:23:54,120.89064,31.88721333333333,10.8,347.0,,
2025-07-07 06:25:54,120.88845333333332,31.89294,10.9,337.6,,
2025-07-07 06:27:54,120.88606666666666,31.89875,11.1,342.5,,
2025-07-07 06:30:01,120.88425333333332,31.905226666666668,11.1,344.3,,
2025-07-07 06:32:01,120.88193333333334,31.911146666666667,11.3,342.6,,
2025-07-07 06:34:02,120.87924,31.91702,11.4,337.1,,
2025-07-07 06:36:02,120.8762,31.92283,11.4,337.1,,
2025-07-07 06:38:02,120.87288,31.928363333333333,11.1,334.5,,
2025-07-07 06:40:04,120.86954666666666,31.93401,11.0,337.1,,
2025-07-07 06:42:04,120.86744,31.939543333333333,9.9,346.2,,
2025-07-07 06:44:04,120.86658666666666,31.94466333333333,7.7,347.5,,
2025-07-07 06:46:04,120.86532,31.948173333333333,6.8,338.0,,
2025-07-07 06:48:14,120.86362666666666,31.95194333333333,6.4,337.9,,
2025-07-07 06:50:23,120.86192,31.955546666666667,6.6,337.3,,
2025-07-07 06:52:24,120.86004,31.95892,6.6,333.6,,
2025-07-07 06:54:24,120.85794666666666,31.962066666666665,6.5,324.5,,
2025-07-07 06:56:25,120.85582666666669,31.9652,6.4,327.9,,
2025-07-07 06:58:31,120.85324,31.968786666666663,8.4,322.3,,
2025-07-07 07:00:32,120.8498,31.97245333333333,8.3,321.4,,
2025-07-07 07:02:33,120.84654666666668,31.976323333333333,8.4,321.3,,
2025-07-07 07:04:44,120.84297333333332,31.98041,8.3,321.8,,
2025-07-07 07:06:44,120.8398,31.983506666666667,7.2,318.4,,
2025-07-07 07:08:53,120.83632,31.9867,7.2,319.5,,
2025-07-07 07:11:01,120.83274666666668,31.989743333333333,7.1,313.0,,
2025-07-07 07:13:14,120.82897333333334,31.99269,7.1,307.8,,
2025-07-07 07:15:14,120.82554666666668,31.995406666666668,7.2,316.0,,
2025-07-07 07:17:14,120.82204,31.99815333333333,7.4,312.1,,
2025-07-07 07:19:14,120.81834666666668,32.00075,7.4,302.8,,
2025-07-07 07:21:15,120.81412,32.002946666666666,7.4,300.7,,
2025-07-07 07:23:15,120.80969333333331,32.00484333333333,7.3,291.1,,
2025-07-07 07:25:15,120.80517333333331,32.006206666666664,7.4,288.7,,
2025-07-07 07:27:15,120.80086666666666,32.008073333333336,7.5,289.8,,
2025-07-07 07:29:25,120.79606666666666,32.00984666666667,7.2,275.6,,
2025-07-07 07:31:25,120.79142666666668,32.01112,7.5,290.3,,
2025-07-07 07:33:25,120.78736,32.01231666666666,6.0,282.1,,
2025-07-07 07:35:53,120.78256,32.01284,6.5,283.4,,
2025-07-07 07:37:53,120.77813333333332,32.01356,6.9,278.3,,
2025-07-07 07:39:53,120.77364,32.01362,6.8,263.3,,
2025-07-07 07:41:53,120.76898666666666,32.01307,7.8,268.4,,
2025-07-07 07:43:53,120.76390666666668,32.01273,7.7,258.1,,
2025-07-07 07:45:53,120.75844,32.01199,8.5,259.9,,
2025-07-07 07:47:53,120.75284,32.01144,8.7,266.2,,
2025-07-07 07:49:53,120.74724,32.01082666666667,8.7,258.2,,
2025-07-07 07:51:53,120.74158666666666,32.01017,8.5,260.9,,
2025-07-07 07:53:53,120.73573333333331,32.00958,9.1,265.4,,
2025-07-07 07:56:01,120.72969333333332,32.009613333333334,8.4,269.7,,
2025-07-07 07:58:01,120.72453333333333,32.00949,7.6,266.6,,
2025-07-07 08:00:14,120.71881333333332,32.009,8.1,264.7,,
2025-07-07 08:02:14,120.714,32.007126666666665,7.7,251.6,,
2025-07-07 08:04:14,120.70937333333332,32.006116666666664,7.2,268.2,,
2025-07-07 08:06:24,120.70406666666666,32.00644666666667,7.8,262.3,,
2025-07-07 08:08:24,120.69896,32.00572666666667,7.9,262.6,,
2025-07-07 08:10:24,120.69344,32.0051,8.7,260.9,,
2025-07-07 08:12:34,120.68732,32.00424,8.9,265.6,,
2025-07-07 08:14:55,120.68102666666668,32.003523333333334,7.6,262.8,,
2025-07-07 08:16:55,120.67618666666668,32.00286666666667,7.4,262.4,,
2025-07-07 08:19:01,120.6712,32.00201666666667,6.7,257.8,,
2025-07-07 08:21:01,120.66676,32.0014,6.8,264.6,,
2025-07-07 08:23:01,120.66229333333334,32.00103333333333,6.7,264.6,,
2025-07-07 08:25:04,120.65765333333331,32.00063333333333,7.1,259.6,,
2025-07-07 08:27:04,120.65308,32.00022333333333,6.9,267.5,,
2025-07-07 08:29:04,120.6488,32.000076666666665,6.6,272.1,,
2025-07-07 08:31:04,120.6444,32.000193333333335,6.8,269.2,,
2025-07-07 08:33:25,120.63917333333332,31.99995333333333,6.8,264.8,,
2025-07-07 08:35:25,120.63466666666666,31.99992,6.9,271.3,,
2025-07-07 08:38:14,120.62810666666668,31.99965,7.3,269.5,,
2025-07-07 08:40:14,120.62334666666666,31.99955,7.3,267.5,,
2025-07-07 08:42:14,120.61841333333334,31.999406666666665,7.2,269.8,,
2025-07-07 08:44:14,120.61422666666668,31.99946333333333,6.0,273.8,,
2025-07-07 08:47:14,120.60852,32.00025333333333,5.8,285.0,,
2025-07-07 08:50:15,120.60288,32.00175333333333,6.9,288.4,,
2025-07-07 08:52:15,120.59850666666668,32.00300333333333,7.3,288.0,,
2025-07-07 08:54:31,120.59294666666666,32.00465333333333,7.9,291.3,,
2025-07-07 08:56:33,120.58796,32.00626,8.2,288.6,,
2025-07-07 08:58:33,120.58256,32.00795,8.9,290.3,,
2025-07-07 09:00:54,120.57616,32.01001333333333,8.8,289.3,,
2025-07-07 09:02:54,120.57050666666666,32.01153333333333,9.3,285.9,,
2025-07-07 09:05:01,120.56442666666666,32.01356,9.3,292.5,,
2025-07-07 09:07:24,120.55774666666667,32.015946666666665,9.5,293.1,,
2025-07-07 09:09:31,120.55146666666668,32.01789333333333,9.6,289.3,,
2025-07-07 09:11:31,120.54557333333334,32.01973666666667,9.6,291.3,,
2025-07-07 09:13:34,120.53974666666667,32.02188666666667,9.4,293.2,,
2025-07-07 09:15:34,120.53397333333334,32.02397,9.6,292.7,,
2025-07-07 09:17:34,120.52813333333332,32.02600666666667,9.7,293.7,,
2025-07-07 09:19:53,120.5214,32.02856666666667,9.8,296.6,,
2025-07-07 09:21:53,120.51564,32.03089,9.5,302.2,,
2025-07-07 09:23:53,120.50996,32.03310666666667,9.6,294.6,,
2025-07-07 09:25:53,120.50425333333334,32.03505666666667,9.3,292.4,,
2025-07-07 09:27:53,120.49838666666666,32.03620333333333,9.2,281.1,,
2025-07-07 09:29:53,120.49253333333333,32.037,9.0,280.6,,
2025-07-07 09:31:53,120.48672,32.03783333333333,9.1,279.4,,
2025-07-07 09:34:01,120.48042666666667,32.038286666666664,9.2,263.8,,
2025-07-07 09:36:03,120.47437333333332,32.03795,9.2,269.0,,
2025-07-07 09:38:03,120.46836,32.03776,9.1,264.4,,
2025-07-07 09:40:14,120.46190666666666,32.03682666666667,9.3,258.0,,
2025-07-07 09:42:15,120.45582666666668,32.035713333333334,9.2,257.7,,
2025-07-07 09:44:15,120.44981333333334,32.03444,9.5,256.4,,
2025-07-07 09:46:25,120.44321333333332,32.03266333333333,9.8,250.8,,
2025-07-07 09:48:25,120.43732,32.030993333333335,9.1,253.7,,
2025-07-07 09:50:31,120.43130666666669,32.02933,9.1,249.5,,
2025-07-07 09:52:31,120.42596,32.02731333333333,8.6,244.9,,
2025-07-07 09:54:31,120.4208,32.02543,8.6,246.8,,
2025-07-07 09:56:31,120.41565333333334,32.02361333333333,8.4,246.6,,
2025-07-07 09:58:33,120.41036,32.02175666666667,8.9,250.5,,
2025-07-07 10:00:33,120.40490666666666,32.01985333333333,9.0,245.0,,
2025-07-07 10:02:43,120.39924,32.017356666666664,9.0,242.0,,
2025-07-07 10:04:43,120.39402666666666,32.01508,9.0,244.0,,
2025-07-07 10:06:43,120.38894666666668,32.01263,8.9,240.2,,
2025-07-07 10:08:43,120.38401333333331,32.01002666666667,8.9,236.9,,
2025-07-07 10:10:44,120.37913333333331,32.00731,8.8,233.8,,
2025-07-07 10:12:44,120.37437333333334,32.00448333333333,9.0,239.5,,
2025-07-07 10:14:44,120.36936,32.00189,8.8,241.5,,
2025-07-07 10:16:44,120.36436,31.99929,9.0,237.1,,
2025-07-07 10:18:44,120.35949333333332,31.9965,9.0,230.8,,
2025-07-07 10:20:44,120.35485333333334,31.993336666666668,9.0,232.9,,
2025-07-07 10:22:44,120.35008,31.99022666666667,9.3,232.2,,
2025-07-07 10:24:54,120.34473333333334,31.98684,9.2,234.5,,
2025-07-07 10:26:54,120.33974666666668,31.983866666666668,9.3,232.6,,
2025-07-07 10:29:01,120.33470666666666,31.980463333333333,9.1,230.6,,
2025-07-07 10:31:01,120.32956,31.977706666666663,9.2,244.0,,
2025-07-07 10:33:01,120.32413333333334,31.975403333333333,9.2,241.5,,
2025-07-07 10:35:01,120.31877333333334,31.972986666666667,9.4,242.5,,
2025-07-07 10:37:01,120.31352,31.970336666666668,9.1,230.2,,
2025-07-07 10:39:01,120.30857333333331,31.967413333333333,9.0,236.2,,
2025-07-07 10:41:01,120.30350666666666,31.964676666666666,9.3,242.2,,
2025-07-07 10:43:04,120.29808,31.96218333333333,9.4,240.6,,
2025-07-07 10:45:04,120.29273333333332,31.95965,9.3,239.0,,
2025-07-07 10:47:04,120.28749333333332,31.95708,9.2,243.0,,
2025-07-07 10:49:04,120.28221333333332,31.95463,9.1,239.6,,
2025-07-07 10:51:04,120.27673333333334,31.952376666666662,9.2,247.7,,
2025-07-07 10:53:04,120.27113333333334,31.950266666666668,9.6,241.8,,
2025-07-07 10:55:04,120.26577333333331,31.94789,8.9,243.3,,
2025-07-07 10:57:04,120.26022666666668,31.94583666666667,9.5,246.0,,
2025-07-07 10:59:04,120.25492,31.943786666666668,8.8,242.5,,
2025-07-07 11:01:04,120.24976,31.941416666666665,9.2,235.1,,
2025-07-07 11:03:04,120.24458666666666,31.938696666666665,9.2,242.5,,
2025-07-07 11:05:04,120.23922666666668,31.93638333333333,9.0,247.5,,
2025-07-07 11:07:04,120.23368,31.93449,9.0,246.7,,
2025-07-07 11:09:05,120.22785333333331,31.933913333333333,9.1,266.2,,
2025-07-07 11:11:14,120.22153333333333,31.933326666666662,8.8,262.7,,
2025-07-07 11:13:14,120.21574666666666,31.932783333333333,9.0,264.5,,
2025-07-07 11:15:24,120.20948,31.932393333333334,8.6,269.9,,
2025-07-07 11:17:24,120.20377333333332,31.932406666666665,8.7,270.6,,
2025-07-07 11:19:24,120.19805333333332,31.932716666666668,8.8,275.9,,
2025-07-07 11:21:31,120.19197333333334,31.93312333333333,8.2,273.4,,
2025-07-07 11:23:31,120.18690666666669,31.93332333333333,7.3,276.2,,
2025-07-07 11:26:31,120.18092,31.93403,5.2,281.9,,
2025-07-07 11:29:31,120.17517333333332,31.934556666666666,6.0,281.7,,
2025-07-07 11:31:31,120.17105333333332,31.93538,6.9,282.7,,
2025-07-07 11:33:31,120.16650666666666,31.93592,6.9,277.0,,
2025-07-07 11:35:44,120.16137333333332,31.936396666666667,7.5,269.2,,
2025-07-07 11:37:54,120.15596,31.93659333333333,7.7,283.9,,
2025-07-07 11:39:54,120.15138666666668,31.93742,5.8,274.2,,
2025-07-07 11:42:01,120.1474,31.93834,6.7,289.2,,
2025-07-07 11:44:33,120.14166666666668,31.939466666666668,7.4,278.6,,
2025-07-07 11:46:45,120.13632,31.940336666666667,7.6,280.7,,
2025-07-07 11:48:45,120.13134666666669,31.941313333333333,8.2,286.1,,
2025-07-07 11:50:45,120.12617333333333,31.9425,8.0,292.4,,
2025-07-07 11:52:53,120.12077333333332,31.94433,8.5,286.8,,
2025-07-07 11:54:55,120.11534666666668,31.945796666666663,8.7,285.2,,
2025-07-07 11:57:01,120.10970666666668,31.94744333333333,8.9,296.6,,
2025-07-07 11:59:01,120.10432,31.94933,8.7,289.5,,
2025-07-07 12:01:01,120.09884,31.950816666666668,8.7,286.7,,
2025-07-07 12:03:01,120.09330666666666,31.95233,8.8,288.2,,
2025-07-07 12:05:01,120.0878,31.95381,8.7,283.9,,
2025-07-07 12:07:03,120.08233333333334,31.955413333333333,8.7,288.1,,
2025-07-07 12:09:04,120.0768,31.956916666666668,8.7,291.0,,
2025-07-07 12:11:04,120.07130666666669,31.958636666666667,9.0,288.4,,
2025-07-07 12:13:04,120.06570666666669,31.96004,8.9,288.1,,
2025-07-07 12:15:04,120.06009333333331,31.96153333333333,9.0,288.2,,
2025-07-07 12:17:04,120.05442666666669,31.96311,9.1,288.2,,
2025-07-07 12:19:04,120.04893333333334,31.96474333333333,9.0,290.1,,
2025-07-07 12:21:05,120.04348,31.96640333333333,8.7,292.2,,
2025-07-07 12:23:14,120.03782666666666,31.9682,8.3,292.7,,
2025-07-07 12:25:14,120.03273333333334,31.96989,8.5,292.6,,
2025-07-07 12:27:14,120.02754666666668,31.971643333333333,8.4,294.3,,
2025-07-07 12:29:14,120.02253333333331,31.973656666666667,8.6,295.1,,
2025-07-07 12:31:14,120.01805333333331,31.976486666666663,8.6,303.3,,
2025-07-07 12:33:14,120.01325333333334,31.979126666666662,8.6,303.2,,
2025-07-07 12:35:25,120.00906666666668,31.98140666666667,7.2,310.0,,
2025-07-07 12:37:25,120.00469333333334,31.984213333333333,8.2,306.8,,
2025-07-07 12:39:31,120.00016,31.98714,8.2,308.0,,
2025-07-07 12:41:31,119.99596,31.98998,8.0,311.5,,
2025-07-07 12:43:31,119.99208,31.99283,7.3,308.5,,
2025-07-07 12:45:31,119.98866666666666,31.995216666666668,6.2,309.9,,
2025-07-07 12:48:31,119.98489333333332,31.997866666666667,4.7,327.4,,
2025-07-07 12:51:34,119.98149333333332,32.001,5.6,323.7,,
2025-07-07 12:53:34,119.97884,32.00339666666667,6.1,311.5,,
2025-07-07 12:55:34,119.97565333333333,32.00553333333333,6.1,311.5,,
2025-07-07 12:58:30,119.97142666666667,32.00866666666667,6.5,310.8,,
2025-07-07 13:00:30,119.96821333333334,32.01137666666666,6.9,313.7,,
2025-07-07 13:02:31,119.96501333333332,32.014133333333334,6.9,313.4,,
2025-07-07 13:04:33,119.96205333333332,32.01723666666667,6.9,320.3,,
2025-07-07 13:06:35,119.95912,32.02042,7.3,327.3,,
2025-07-07 13:08:43,119.95576,32.02419,8.4,316.0,,
2025-07-07 13:10:43,119.95210666666668,32.02773,8.4,324.7,,
2025-07-07 13:12:43,119.9496,32.03186,8.4,331.6,,
2025-07-07 13:14:54,119.94686666666666,32.036433333333335,8.4,333.0,,
2025-07-07 13:16:54,119.94452,32.04047,7.7,331.4,,
2025-07-07 13:18:54,119.942,32.04410333333333,7.3,329.7,,
2025-07-07 13:20:54,119.94012,32.04842333333333,8.2,343.7,,
2025-07-07 13:22:55,119.93849333333333,32.05281333333333,8.1,343.1,,
2025-07-07 13:25:00,119.93686666666666,32.05733333333333,8.1,337.6,,
2025-07-07 13:27:15,119.93454666666666,32.061993333333334,8.1,332.1,,
2025-07-07 13:29:32,119.93213333333334,32.06637333333333,6.5,342.8,,
2025-07-07 13:32:35,119.93001333333332,32.07082333333334,4.6,336.8,,
2025-07-07 13:34:44,119.92766666666668,32.07402,5.9,340.8,,
2025-07-07 13:37:45,119.92594666666666,32.07843,5.3,341.9,,
2025-07-07 13:40:45,119.92449333333332,32.082393333333336,4.4,341.2,,
2025-07-07 13:43:45,119.92318666666668,32.086126666666665,4.4,343.8,,
2025-07-07 13:46:53,119.92182666666666,32.08973,4.2,341.7,,
2025-07-07 13:49:54,119.92041333333331,32.09287333333333,3.8,333.2,,
2025-07-07 13:52:54,119.91826666666668,32.09532,3.4,314.0,,
2025-07-07 13:55:54,119.91634666666668,32.09693,2.4,323.2,,
2025-07-07 13:58:54,119.9154,32.09850333333333,1.3,347.3,,
2025-07-07 14:01:54,119.91552,32.100046666666664,1.7,5.1,,
2025-07-07 14:04:54,119.91566666666668,32.1012,0.7,8.3,,
2025-07-07 14:09:24,119.9156,32.101283333333335,0.6,251.7,,
2025-07-07 14:12:34,119.91517333333331,32.10082,1.5,202.9,,
2025-07-07 14:15:34,119.91522666666668,32.10046333333333,1.2,207.4,,
2025-07-07 14:24:44,119.91542666666666,32.100303333333336,0.7,144.9,,
2025-07-07 14:27:54,119.91589333333332,32.09972,0.8,135.2,,
2025-07-07 14:31:04,119.91606666666668,32.09954,0.6,127.7,,
2025-07-07 14:34:23,119.91634666666668,32.09937333333333,0.2,,,
2025-07-07 15:05:18,119.91652,32.09881333333333,0.0,196.4,,
2025-07-07 15:36:32,119.91657333333332,32.09886,0.1,,,
2025-07-07 16:06:32,119.91658666666666,32.098893333333336,0.0,,,
2025-07-07 16:38:18,119.91654666666666,32.099016666666664,0.0,196.4,,
2025-07-07 17:09:30,119.91633333333333,32.099016666666664,0.0,,,
2025-07-07 17:41:18,119.91636,32.09902666666667,0.0,196.4,,
2025-07-07 18:11:19,119.91625333333332,32.09904,0.0,196.4,,
2025-07-07 18:44:18,119.9162,32.099043333333334,0.0,196.4,,
2025-07-07 19:15:32,119.91614666666666,32.09898666666667,0.0,,,
2025-07-07 19:47:18,119.91621333333332,32.09895,0.0,196.4,,
2025-07-07 20:17:21,119.91634666666668,32.09892333333333,0.0,196.4,,
2025-07-07 20:51:32,119.91641333333334,32.09884,0.0,,,
2025-07-07 21:21:59,119.91648,32.09889,0.0,196.4,,
2025-07-07 21:52:27,119.91649333333334,32.09883333333333,0.0,196.4,,
2025-07-07 22:23:02,119.91652,32.09882,0.0,196.4,,
2025-07-07 22:53:17,119.91653333333332,32.098816666666664,0.0,196.4,,
2025-07-07 23:07:47,119.91592,32.09979666666667,0.5,348.7,,
2025-07-07 23:22:27,119.91613333333332,32.09969,0.5,113.0,,
2025-07-07 23:25:37,119.917,32.099896666666666,1.6,51.4,,
2025-07-07 23:28:37,119.91954666666666,32.102473333333336,5.6,21.2,,
2025-07-07 23:31:37,119.91966666666669,32.10407333333333,6.5,354.2,,
2025-07-07 23:34:41,119.91972,32.10999,5.8,346.9,,
2025-07-07 23:37:44,119.91782666666668,32.11719,5.7,345.6,,
2025-07-07 23:40:17,119.91630666666669,32.1218,7.4,343.7,,
2025-07-07 23:42:17,119.91496,32.125863333333335,7.8,343.4,,
2025-07-07 23:44:26,119.91336,32.13033,7.9,343.1,,
2025-07-07 23:46:26,119.9122,32.13474333333333,8.4,350.0,,
2025-07-07 23:48:36,119.91132,32.13977,8.5,353.2,,
2025-07-07 23:50:44,119.91017333333332,32.14487333333334,8.9,347.7,,
2025-07-07 23:52:44,119.90918666666668,32.14986666666667,8.9,352.1,,
2025-07-07 23:54:44,119.90809333333333,32.154936666666664,9.2,346.7,,
2025-07-07 23:56:44,119.90678666666666,32.16014333333333,9.9,351.7,,
2025-07-07 23:59:05,119.90708,32.15879666666667,9.8,350.5,,
2025-07-08 00:01:07,119.90490666666666,32.17192333333333,9.8,350.2,,
2025-07-08 00:03:16,119.90358666666668,32.17771333333334,9.8,348.0,,
2025-07-08 00:05:26,119.90213333333334,32.18369333333333,10.1,344.7,,
2025-07-08 00:07:36,119.90050666666669,32.18965333333333,10.1,350.6,,
2025-07-08 00:09:44,119.89912,32.19555666666667,10.0,348.6,,
2025-07-08 00:11:46,119.8978,32.20106333333333,10.0,343.1,,
2025-07-08 00:13:46,119.89653333333334,32.206543333333336,9.9,350.4,,
2025-07-08 00:15:52,119.89709333333332,32.203696666666666,10.0,349.2,,
2025-07-08 00:17:57,119.89424,32.21721,8.9,349.4,,
2025-07-08 00:19:57,119.89325333333332,32.22197666666667,8.8,349.7,,
2025-07-08 00:22:06,119.89214666666666,32.2272,9.0,351.7,,
2025-07-08 00:24:07,119.89056,32.232033333333334,8.3,342.6,,
2025-07-08 00:26:07,119.88869333333334,32.23652,8.6,340.6,,
2025-07-08 02:27:47,119.67765333333334,32.236686666666664,7.3,204.8,,
2025-07-08 02:29:47,119.67601333333332,32.2335,6.8,194.0,,
2025-07-08 02:32:43,119.67434666666666,32.22796666666667,6.8,187.6,,
2025-07-08 02:34:44,119.67316,32.22453333333333,5.9,200.8,,
2025-07-08 02:37:45,119.67034666666666,32.22062666666667,5.3,224.1,,
2025-07-08 02:40:45,119.66749333333334,32.21726,5.2,214.1,,
2025-07-08 02:43:27,119.66422666666666,32.21407,6.3,214.4,,
2025-07-08 02:46:37,119.66062666666669,32.210163333333334,5.2,224.0,,
2025-07-08 02:49:43,119.65624,32.20709333333333,5.6,231.3,,
2025-07-08 02:52:44,119.65241333333331,32.20423666666667,5.3,228.9,,
2025-07-08 02:55:44,119.64994666666666,32.20189,4.1,214.1,,
2025-07-08 02:58:47,119.64681333333333,32.199023333333336,4.7,229.0,,
2025-07-08 03:01:47,119.64394666666666,32.19672666666666,2.9,240.2,,
2025-07-08 03:04:56,119.64212,32.19613,1.3,253.5,,
2025-07-08 03:07:57,119.64114666666669,32.19573666666667,0.9,228.5,,
2025-07-08 03:10:57,119.64046666666668,32.19527333333333,0.8,219.4,,
2025-07-08 03:14:27,119.63986666666666,32.194653333333335,1.4,236.7,,
2025-07-08 03:19:17,119.63949333333332,32.19422,0.7,79.2,,
2025-07-08 03:25:46,119.63973333333334,32.194206666666666,1.5,77.4,,
2025-07-08 03:28:47,119.64001333333331,32.19418,0.2,146.7,,
2025-07-08 03:58:56,119.63981333333334,32.19418,0.0,,,
2025-07-08 04:29:16,119.63970666666668,32.194136666666665,0.0,,,
2025-07-08 04:41:46,119.63982666666666,32.19415,0.7,101.4,,
2025-07-08 04:44:18,119.63841333333332,32.19421333333333,7.6,284.3,,
2025-07-08 04:47:00,119.63384,32.192656666666664,9.1,251.1,,
2025-07-08 04:49:00,119.62797333333332,32.19164,8.5,252.7,,
2025-07-08 04:51:26,119.62289333333334,32.190423333333335,1.2,253.2,,
2025-07-08 05:06:16,119.62152,32.19231,6.6,345.5,,
2025-07-08 05:09:36,119.61688,32.19407,5.9,265.8,,
2025-07-08 05:11:36,119.61309333333334,32.19316,5.6,253.4,,
2025-07-08 05:14:56,119.60701333333331,32.19190666666667,5.7,262.8,,
2025-07-08 05:17:19,119.60234666666666,32.191563333333335,6.1,266.2,,
2025-07-08 05:19:19,119.59834666666669,32.191156666666664,6.3,266.1,,
2025-07-08 05:21:31,119.59386666666668,32.190976666666664,6.3,267.7,,
2025-07-08 05:23:55,119.58908,32.190686666666664,6.3,261.6,,
2025-07-08 05:26:16,119.58408,32.19049666666667,6.7,264.5,,
2025-07-08 05:28:23,119.57953333333332,32.19009666666667,6.0,264.1,,
2025-07-08 05:30:23,119.57556,32.190263333333334,6.0,278.9,,
2025-07-08 05:32:23,119.57170666666669,32.190963333333336,6.0,286.5,,
2025-07-08 05:34:53,119.56696,32.19231666666666,6.1,296.2,,
2025-07-08 05:36:54,119.56337333333332,32.19386333333333,6.1,293.9,,
2025-07-08 05:39:06,119.55942666666668,32.19558,6.3,297.7,,
2025-07-08 05:41:26,119.55576,32.19817666666667,6.3,308.5,,
2025-07-08 05:44:53,119.55248,32.20247666666667,4.4,352.2,,
2025-07-08 05:47:53,119.55206666666666,32.206133333333334,4.3,356.1,,
2025-07-08 05:50:53,119.55184,32.21015333333333,5.5,359.7,,
2025-07-08 05:53:23,119.55202666666666,32.21404,6.4,8.5,,
2025-07-08 05:56:24,119.55158666666668,32.218666666666664,6.0,354.0,,
2025-07-08 05:58:36,119.55029333333331,32.223636666666664,9.3,352.7,,
2025-07-08 06:00:36,119.54946666666666,32.22866333333333,9.1,352.3,,
2025-07-08 06:02:53,119.54729333333331,32.23448666666667,10.0,326.0,,
2025-07-08 06:04:53,119.54256,32.2383,9.8,309.9,,
2025-07-08 07:29:09,119.53922666666666,32.236086666666665,10.4,141.3,,
2025-07-08 07:31:09,119.54336,32.231593333333336,9.6,140.7,,
2025-07-08 07:33:09,119.54686666666667,32.22707666666667,9.7,149.7,,
2025-07-08 07:35:39,119.54930666666668,32.22088,8.9,172.0,,
2025-07-08 07:37:39,119.54982666666666,32.21585,9.2,178.1,,
2025-07-08 07:39:39,119.54981333333332,32.2105,9.9,182.8,,
2025-07-08 07:41:39,119.54988,32.20486666666667,10.3,175.2,,
2025-07-08 07:43:39,119.55086666666666,32.19921333333333,10.2,164.5,,
2025-07-08 07:45:39,119.55384,32.19436666666667,9.6,142.5,,
2025-07-08 07:49:07,119.55618666666666,32.19137333333333,0.8,116.2,,
2025-07-08 08:19:07,119.5554,32.19100666666667,0.0,,,
2025-07-08 08:49:16,119.55537333333334,32.19099666666666,0.0,,,
2025-07-08 09:20:45,119.55533333333334,32.190976666666664,0.0,235.3,,
2025-07-08 09:50:45,119.55534666666668,32.19097,0.0,235.3,,
2025-07-08 10:00:48,119.55546666666666,32.19116666666667,0.6,31.1,,
2025-07-08 10:03:48,119.55665333333332,32.19139,2.1,120.0,,
2025-07-08 10:05:48,119.55986666666666,32.19032,9.5,102.6,,
2025-07-08 10:07:48,119.56637333333332,32.18927,10.5,101.0,,
2025-07-08 10:09:58,119.57374666666666,32.187886666666664,10.5,103.3,,
2025-07-08 10:11:58,119.58061333333332,32.18724,10.5,89.5,,
2025-07-08 10:13:58,119.58752,32.18757,10.6,85.4,,
2025-07-08 10:15:59,119.59432,32.18729,10.2,89.6,,
2025-07-08 10:17:59,119.60089333333332,32.18786,10.0,77.4,,
2025-07-08 10:20:08,119.60801333333332,32.189096666666664,10.2,77.0,,
2025-07-08 10:22:09,119.61456,32.190353333333334,10.1,74.3,,
2025-07-08 10:24:17,119.62142666666666,32.19151,9.7,94.5,,
2025-07-08 10:55:15,119.62324,32.190396666666665,0.0,147.8,,
2025-07-08 11:25:15,119.62324,32.19038666666667,0.0,147.8,,
2025-07-08 11:57:04,119.62329333333334,32.19039333333333,0.0,,,
2025-07-08 12:28:15,119.62324,32.1904,0.0,147.8,,
2025-07-08 12:59:05,119.62328,32.19041333333333,0.0,,,
2025-07-08 13:29:05,119.62330666666666,32.190396666666665,0.0,,,
2025-07-08 14:01:14,119.62324,32.19038666666667,0.0,147.8,,
2025-07-08 14:31:14,119.62325333333334,32.19039,0.0,147.8,,
2025-07-08 15:01:14,119.62326666666668,32.190396666666665,0.0,147.8,,
2025-07-08 15:32:03,119.62332,32.190403333333336,0.0,,,
2025-07-08 16:04:14,119.62325333333334,32.190396666666665,0.0,147.8,,
2025-07-08 16:34:15,119.62324,32.1904,0.0,147.8,,
2025-07-08 17:06:06,119.62330666666666,32.19039333333333,0.1,,,
2025-07-08 17:36:06,119.62328,32.19038666666667,0.0,,,
2025-07-08 18:10:14,119.62324,32.190403333333336,0.0,147.8,,
2025-07-08 18:40:14,119.62322666666668,32.19040666666667,0.0,147.8,,
2025-07-08 19:10:14,119.62322666666668,32.1904,0.0,147.8,,
2025-07-08 19:40:14,119.62322666666668,32.190403333333336,0.0,147.8,,
2025-07-08 20:11:04,119.62328,32.19040666666667,0.0,,,
2025-07-08 20:43:14,119.62322666666668,32.190403333333336,0.0,147.8,,
2025-07-08 21:13:14,119.62324,32.19040666666667,0.0,147.8,,
2025-07-08 21:44:05,119.62330666666666,32.190376666666666,0.0,,,
2025-07-08 22:16:12,119.62324,32.190403333333336,0.0,147.8,,
2025-07-08 22:32:57,119.6238,32.19077333333333,3.0,32.2,,
2025-07-08 22:34:57,119.62817333333334,32.19227,9.8,71.4,,
2025-07-08 22:36:57,119.63441333333331,32.19411,10.1,69.2,,
2025-07-08 22:38:57,119.64072,32.19616666666667,10.2,68.2,,
2025-07-08 22:40:58,119.64701333333332,32.19827333333333,10.2,67.1,,
2025-07-08 22:42:58,119.65301333333332,32.200736666666664,10.1,58.4,,
2025-07-08 22:45:02,119.65812,32.20448666666667,10.0,44.2,,
2025-07-08 22:47:02,119.66304,32.20807,9.0,44.1,,
2025-07-08 22:49:02,119.66670666666668,32.211906666666664,8.9,36.5,,
2025-07-08 22:51:02,119.67021333333334,32.216123333333336,9.1,30.5,,
2025-07-08 22:53:32,119.67382666666668,32.221716666666666,9.1,28.1,,
2025-07-08 22:55:32,119.67648,32.226243333333336,9.1,21.9,,
2025-07-08 22:57:32,119.67846666666668,32.231096666666666,9.4,20.0,,
2025-07-08 22:59:32,119.68068,32.23598666666667,9.4,22.3,,
2025-07-09 04:58:17,119.67585333333334,32.237986666666664,6.2,196.4,,
2025-07-09 05:00:19,119.67476,32.23468666666667,6.0,199.4,,
2025-07-09 05:02:20,119.67357333333334,32.231343333333335,6.4,194.9,,
2025-07-09 05:05:19,119.67153333333331,32.22660333333334,6.0,212.3,,
2025-07-09 05:07:19,119.66901333333334,32.223773333333334,6.5,222.6,,
2025-07-09 05:09:19,119.66624,32.221016666666664,6.4,219.7,,
2025-07-09 05:11:19,119.66368,32.218223333333334,6.3,225.3,,
2025-07-09 05:13:29,119.66004,32.215943333333335,6.4,239.2,,
2025-07-09 05:44:32,119.65777333333334,32.21490333333333,0.0,232.9,,
2025-07-09 06:14:32,119.65777333333334,32.21490333333333,0.0,232.9,,
2025-07-09 06:44:32,119.65777333333334,32.2149,0.0,232.9,,
2025-07-09 06:51:28,119.6578,32.21492666666666,2.2,47.4,,
2025-07-09 06:53:35,119.66008,32.213413333333335,6.0,156.6,,
2025-07-09 06:56:44,119.65882666666668,32.21080333333333,1.2,198.7,,
2025-07-09 07:00:05,119.65826666666666,32.20881,6.5,213.3,,
2025-07-09 07:03:05,119.65488,32.205553333333334,4.3,226.0,,
2025-07-09 07:06:05,119.6522,32.203496666666666,3.2,232.4,,
2025-07-09 07:09:05,119.64997333333334,32.20218,2.2,242.7,,
2025-07-09 07:12:15,119.64829333333331,32.201393333333336,1.7,242.0,,
2025-07-09 07:15:24,119.64657333333334,32.20050666666667,2.3,231.1,,
2025-07-09 07:18:24,119.64528,32.19856,2.6,204.0,,
2025-07-09 07:21:26,119.64418666666668,32.197246666666665,1.4,226.8,,
2025-07-09 07:24:45,119.64254666666666,32.196403333333336,2.1,244.2,,
2025-07-09 07:27:45,119.64082666666668,32.19574333333333,1.8,246.3,,
2025-07-09 07:30:45,119.63937333333334,32.195256666666666,1.4,244.1,,
2025-07-09 07:33:45,119.63817333333331,32.19463,1.6,242.6,,
2025-07-09 07:36:45,119.63684,32.194066666666664,1.1,243.3,,
2025-07-09 07:39:45,119.63606666666666,32.19370333333333,0.5,236.7,,
2025-07-09 07:46:35,119.63513333333331,32.1931,0.6,239.5,,
2025-07-09 08:16:45,119.63466666666666,32.19248,0.0,,,
2025-07-09 08:21:06,119.63472,32.19271666666667,3.4,20.1,,
2025-07-09 08:23:25,119.63110666666668,32.192143333333334,7.2,259.3,,
2025-07-09 08:25:25,119.62612,32.19106,8.2,260.5,,
2025-07-09 08:41:35,119.62242666666668,32.19030333333333,1.7,55.6,,
2025-07-09 08:43:37,119.62661333333334,32.19188,11.5,69.2,,
2025-07-09 08:44:56,119.63152,32.193666666666665,13.4,67.7,,
2025-07-09 08:46:05,119.63625333333331,32.19528666666667,13.6,67.6,,
2025-07-09 08:47:05,119.64034666666667,32.196753333333334,13.4,67.3,,
2025-07-09 08:48:05,119.6444,32.19835333333333,13.9,66.0,,
2025-07-09 08:49:05,119.64853333333332,32.1999,13.5,65.8,,
2025-07-09 08:50:08,119.6524,32.201933333333336,13.4,53.9,,
2025-07-09 08:51:08,119.65584,32.20424333333333,13.3,48.8,,
2025-07-09 08:52:12,119.65941333333332,32.20702,13.3,47.2,,
2025-07-09 08:53:25,119.6632,32.21011,13.4,45.8,,
2025-07-09 08:54:36,119.66524,32.213903333333334,13.0,6.7,,
2025-07-09 08:55:36,119.66608,32.21731,11.8,17.4,,
2025-07-09 08:57:36,119.66929333333331,32.22251,10.0,28.3,,
2025-07-09 08:59:36,119.67184,32.227486666666664,9.0,21.8,,
2025-07-09 09:02:36,119.67414666666669,32.23003333333333,2.0,156.1,,
2025-07-09 09:05:45,119.67346666666668,32.22737333333333,3.2,198.4,,
2025-07-09 09:08:46,119.67233333333331,32.22475333333333,3.4,210.5,,
2025-07-09 09:11:46,119.67032,32.222273333333334,3.5,214.1,,
2025-07-09 09:14:56,119.66822666666668,32.219593333333336,3.7,216.6,,
2025-07-09 09:17:56,119.66618666666666,32.217126666666665,3.4,216.0,,
2025-07-09 09:20:56,119.66426666666666,32.21472333333333,3.4,208.6,,
2025-07-09 09:24:05,119.66289333333332,32.21206333333333,3.2,188.8,,
2025-07-09 09:27:05,119.66310666666666,32.20934,3.2,173.0,,
2025-07-09 09:30:06,119.66310666666666,32.206736666666664,2.5,179.3,,
2025-07-09 09:33:15,119.66297333333333,32.20522,1.1,182.5,,
2025-07-09 09:36:16,119.66309333333334,32.204456666666665,0.7,186.3,,
2025-07-09 09:39:35,119.66318666666666,32.20385,0.3,189.8,,
2025-07-09 09:43:36,119.66316,32.20365,0.6,184.3,,
2025-07-09 09:59:22,119.66318666666666,32.20391333333333,2.3,316.9,,
2025-07-09 10:01:25,119.66026666666669,32.202553333333334,7.8,241.8,,
2025-07-09 10:03:25,119.65594666666668,32.20024333333333,7.9,242.9,,
2025-07-09 10:05:25,119.65114666666666,32.19823,8.3,245.7,,
2025-07-09 10:07:25,119.64666666666666,32.196713333333335,7.1,251.1,,
2025-07-09 10:09:25,119.64246666666666,32.195186666666665,7.0,250.8,,
2025-07-09 10:11:25,119.63817333333331,32.19376666666667,7.1,248.5,,
2025-07-09 10:13:25,119.63361333333332,32.192553333333336,7.3,257.2,,
2025-07-09 10:15:25,119.62890666666668,32.191633333333336,7.4,257.2,,
2025-07-09 10:17:25,119.62416,32.19090333333333,6.3,262.5,,
2025-07-09 10:48:45,119.62290666666668,32.19034333333333,0.0,,,
2025-07-09 11:18:55,119.62284,32.19032333333333,0.0,210.2,,
2025-07-09 11:51:45,119.62289333333334,32.19032,0.0,,,
2025-07-09 12:21:53,119.62282666666668,32.190326666666664,0.0,210.2,,
2025-07-09 12:51:53,119.6228,32.19033666666667,0.0,210.2,,
2025-07-09 13:24:43,119.62298666666666,32.19031,0.0,,,
2025-07-09 13:54:52,119.62281333333334,32.19032,0.0,210.2,,
2025-07-09 14:24:53,119.62282666666668,32.19034333333333,0.0,210.2,,
2025-07-09 14:57:42,119.62285333333334,32.190333333333335,0.0,,,
2025-07-09 15:30:43,119.62292,32.19034666666667,0.0,,,
2025-07-09 16:00:52,119.62282666666668,32.19032333333333,0.0,210.2,,
2025-07-09 16:32:45,119.62290666666668,32.19032,0.0,,,
2025-07-09 17:03:52,119.62282666666668,32.19034666666667,0.0,210.2,,
2025-07-09 17:33:52,119.62286666666668,32.19034333333333,0.0,210.2,,
2025-07-09 18:03:52,119.62281333333334,32.19031666666667,0.0,210.2,,
2025-07-09 18:33:52,119.62284,32.190333333333335,0.0,210.2,,
2025-07-09 19:03:52,119.62282666666668,32.19034333333333,0.0,210.2,,
2025-07-09 19:33:52,119.62282666666668,32.19034333333333,0.0,210.2,,
2025-07-09 20:06:43,119.62285333333334,32.19035,0.0,,,
2025-07-09 20:36:51,119.62284,32.19034333333333,0.0,210.2,,
2025-07-09 20:54:09,119.62332,32.19086333333333,2.0,74.0,,
2025-07-09 20:56:13,119.62852,32.19182333333333,8.7,77.8,,
2025-07-09 20:58:23,119.63462666666666,32.1933,9.2,70.9,,
2025-07-09 21:00:23,119.64048,32.19511333333333,9.8,68.5,,
2025-07-09 21:02:34,119.64710666666667,32.197563333333335,10.1,66.1,,
2025-07-09 21:04:34,119.653,32.19996,10.0,61.8,,
2025-07-09 21:06:34,119.65877333333331,32.20268,10.1,61.6,,
2025-07-09 21:08:34,119.66430666666666,32.205223333333336,6.6,64.1,,
2025-07-09 21:22:33,119.66586666666667,32.2057,1.1,293.7,,
2025-07-09 21:25:34,119.66530666666668,32.20646333333333,2.0,310.2,,
2025-07-09 21:28:53,119.66450666666668,32.20827,3.0,21.8,,
2025-07-09 21:31:05,119.66498666666666,32.20957666666666,6.9,39.7,,
2025-07-09 21:34:06,119.66788,32.21171666666667,2.7,152.9,,
2025-07-09 21:36:24,119.66277333333332,32.21198666666667,8.7,257.9,,
2025-07-09 21:38:24,119.65789333333332,32.20979666666667,8.2,230.6,,
2025-07-09 21:40:35,119.65338666666666,32.206723333333336,8.0,231.7,,
2025-07-09 21:42:35,119.64897333333332,32.20404333333333,7.9,235.7,,
2025-07-09 21:44:35,119.64445333333332,32.20178666666666,8.0,243.9,,
2025-07-09 21:46:43,119.63937333333334,32.19987,8.0,249.9,,
2025-07-09 21:48:43,119.63426666666666,32.19847333333333,8.1,252.7,,
2025-07-09 21:50:43,119.62917333333333,32.19707,8.2,251.6,,
2025-07-09 21:52:53,119.62358666666668,32.19579,8.2,254.1,,
2025-07-09 21:54:53,119.61858666666669,32.193826666666666,8.5,261.6,,
2025-07-09 21:57:05,119.61292,32.19279,7.8,256.3,,
2025-07-09 21:59:05,119.60784,32.19202333333333,7.6,263.1,,
2025-07-09 22:01:05,119.60278666666666,32.191473333333334,7.8,267.3,,
2025-07-09 22:03:06,119.59761333333331,32.19115333333333,7.8,262.6,,
2025-07-09 22:05:35,119.59121333333331,32.19094666666667,7.9,267.2,,
2025-07-09 22:07:35,119.58598666666668,32.19054,7.9,268.2,,
2025-07-09 22:09:35,119.58073333333331,32.190463333333334,8.0,269.6,,
2025-07-09 22:12:04,119.57444,32.19030333333333,7.6,273.6,,
2025-07-09 22:14:04,119.56957333333334,32.19122333333333,7.6,294.1,,
2025-07-09 22:16:04,119.56516,32.19325666666667,7.7,302.8,,
2025-07-09 22:18:05,119.56064,32.19542333333333,7.8,299.2,,
2025-07-09 22:20:24,119.55598666666668,32.198413333333335,7.7,319.3,,
2025-07-09 22:22:34,119.55344,32.201836666666665,6.2,333.1,,
2025-07-09 22:24:35,119.55244,32.20516333333333,6.4,346.2,,
2025-07-09 22:27:05,119.55157333333334,32.21026666666667,7.6,358.3,,
2025-07-09 22:29:05,119.55092,32.21458333333333,8.0,352.9,,
2025-07-09 22:31:05,119.55073333333333,32.21910333333334,8.1,356.8,,
2025-07-09 22:33:15,119.55010666666666,32.22396666666667,8.0,354.0,,
2025-07-09 22:35:23,119.54954666666669,32.22868,8.0,347.4,,
2025-07-09 22:37:33,119.54769333333331,32.232906666666665,7.2,329.5,,
2025-07-09 22:39:33,119.54468,32.23598,7.2,317.9,,
2025-07-09 22:41:34,119.54121333333332,32.23884,7.4,312.2,,
2025-07-10 00:03:04,119.54052,32.23657333333333,10.3,142.0,,
2025-07-10 00:05:04,119.54468,32.23195666666667,10.5,146.5,,
2025-07-10 00:07:14,119.54917333333331,32.22605333333333,12.2,160.8,,
2025-07-10 00:08:14,119.54997333333333,32.22258333333333,12.9,170.1,,
2025-07-10 00:09:14,119.55037333333334,32.219013333333336,12.9,179.7,,
2025-07-10 00:10:24,119.55026666666669,32.214843333333334,12.9,179.9,,
2025-07-10 00:11:24,119.55025333333332,32.2112,13.3,180.5,,
2025-07-10 00:12:24,119.55029333333331,32.207476666666665,13.2,177.7,,
2025-07-10 00:13:25,119.55022666666666,32.203833333333336,12.4,175.8,,
2025-07-10 00:14:43,119.55121333333334,32.19944666666667,11.6,158.2,,
2025-07-10 00:16:53,119.55594666666669,32.193823333333334,11.8,126.2,,
2025-07-10 00:18:23,119.5612,32.19179666666667,12.6,105.9,,
2025-07-10 00:19:25,119.56544,32.19069666666667,13.1,103.5,,
2025-07-10 00:20:25,119.56961333333334,32.189726666666665,13.1,105.0,,
2025-07-10 00:21:34,119.57434666666668,32.18864333333333,13.1,103.9,,
2025-07-10 00:23:03,119.58014666666666,32.187893333333335,11.6,98.3,,
2025-07-10 00:25:23,119.58869333333334,32.18758666666667,11.6,92.4,,
2025-07-10 00:26:43,119.59396,32.187706666666664,12.8,88.9,,
2025-07-10 00:27:54,119.59886666666668,32.188006666666666,12.5,76.6,,
2025-07-10 00:29:54,119.60534666666666,32.18962,11.7,60.8,,
2025-07-10 00:30:54,119.60918666666667,32.190403333333336,12.4,83.0,,
2025-07-10 00:31:56,119.61332,32.19099333333333,12.2,79.8,,
2025-07-10 00:33:04,119.61773333333332,32.19203,12.3,74.2,,
2025-07-10 00:35:04,119.62474666666668,32.19303,10.5,93.5,,
2025-07-10 00:37:13,119.63218666666668,32.19321333333333,10.8,74.4,,
2025-07-10 00:39:13,119.63890666666668,32.1954,11.2,67.1,,
2025-07-10 00:41:13,119.64572,32.19761333333334,11.0,69.8,,
2025-07-10 00:43:24,119.65284,32.20037666666666,10.9,60.7,,
2025-07-10 00:45:34,119.65885333333334,32.204163333333334,10.2,44.9,,
2025-07-10 00:47:35,119.6636,32.208216666666665,10.2,43.0,,
2025-07-10 00:49:43,119.6674,32.21342333333333,10.3,19.2,,
2025-07-10 00:52:43,119.66744,32.218426666666666,6.8,25.4,,
2025-07-10 00:55:43,119.66712,32.2189,2.3,227.9,,
2025-07-10 00:57:44,119.66537333333332,32.2151,8.9,212.7,,
2025-07-10 00:59:44,119.66202666666666,32.21166,7.7,224.0,,
2025-07-10 01:01:44,119.65844,32.20868333333333,7.7,225.8,,
2025-07-10 01:03:44,119.65492,32.20593,7.2,229.9,,
2025-07-10 01:05:54,119.65116,32.20328666666666,6.3,230.6,,
2025-07-10 01:09:05,119.64644,32.20013,5.1,230.0,,
2025-07-10 01:12:13,119.64273333333334,32.19755,4.3,233.1,,
2025-07-10 01:15:13,119.63926666666669,32.19572333333333,3.7,243.0,,
2025-07-10 01:18:13,119.63642666666668,32.19462,2.6,244.3,,
2025-07-10 01:21:14,119.63413333333334,32.19361333333333,2.4,243.4,,
2025-07-10 01:24:14,119.63268,32.19292,0.9,236.0,,
2025-07-10 01:28:34,119.63250666666669,32.19244333333334,0.5,126.6,,
2025-07-10 01:58:54,119.63304,32.192166666666665,0.0,,,
2025-07-10 02:09:34,119.63309333333332,32.19209333333333,0.5,206.0,,
2025-07-10 02:12:35,119.63104,32.19199,5.7,232.5,,
2025-07-10 02:14:35,119.62712,32.19110333333333,6.5,261.0,,
2025-07-10 02:45:09,119.62290666666668,32.190243333333335,0.1,,,
2025-07-10 03:15:58,119.62285333333334,32.19023,0.0,228.9,,
2025-07-10 03:45:58,119.62285333333334,32.19023,0.0,228.9,,
2025-07-10 04:18:10,119.62292,32.190203333333336,0.0,,,
2025-07-10 04:48:57,119.62285333333334,32.19022666666667,0.0,228.9,,
2025-07-10 04:54:54,119.62290666666668,32.19037,0.5,352.0,,
2025-07-10 04:57:37,119.62164,32.19228666666667,7.2,4.5,,
2025-07-10 04:59:38,119.61968,32.19436666666667,6.4,267.0,,
2025-07-10 05:02:44,119.61421333333334,32.19350333333333,4.7,248.9,,
2025-07-10 05:05:44,119.61002666666668,32.19246666666667,4.4,261.1,,
2025-07-10 05:08:44,119.60576,32.19218333333333,4.3,269.9,,
2025-07-10 05:11:44,119.60137333333331,32.19185,4.5,267.1,,
2025-07-10 05:14:55,119.59665333333334,32.19166,4.6,265.4,,
2025-07-10 05:18:03,119.59174666666668,32.19134666666667,4.7,263.6,,
2025-07-10 05:21:03,119.58709333333331,32.19084,4.7,261.1,,
2025-07-10 05:24:03,119.58234666666668,32.19057,4.8,269.9,,
2025-07-10 05:27:05,119.57773333333331,32.191136666666665,4.8,273.8,,
2025-07-10 05:30:07,119.57301333333334,32.19146333333333,4.4,285.2,,
2025-07-10 05:33:07,119.56874666666668,32.192886666666666,4.9,290.4,,
2025-07-10 05:36:07,119.56406666666666,32.19464,6.2,290.0,,
2025-07-10 05:38:07,119.56026666666666,32.19609333333333,6.2,298.4,,
2025-07-10 05:41:07,119.55581333333332,32.199236666666664,5.5,324.4,,
2025-07-10 05:44:07,119.55276,32.20323666666667,5.5,357.0,,
2025-07-10 05:47:07,119.55249333333332,32.207966666666664,5.8,1.0,,
2025-07-10 05:50:14,119.55244,32.21266,5.3,0.6,,
2025-07-10 05:53:14,119.55205333333332,32.216973333333335,4.9,347.2,,
2025-07-10 05:56:14,119.55162666666666,32.220843333333335,4.8,355.7,,
2025-07-10 05:59:15,119.55156,32.225033333333336,4.2,7.2,,
2025-07-10 06:02:15,119.55125333333334,32.22826333333333,4.4,10.3,,
2025-07-10 06:05:22,119.55088,32.22961333333333,5.2,298.1,,
2025-07-10 06:07:22,119.54897333333334,32.23359333333333,6.4,339.9,,
2025-07-10 06:10:22,119.5458,32.23689666666667,5.4,315.2,,
2025-07-10 06:13:22,119.54186666666666,32.23941666666666,4.8,304.6,,
2025-07-10 06:51:24,119.54086666666667,32.23511666666667,11.2,141.3,,
2025-07-10 06:53:24,119.54509333333333,32.23030333333333,10.5,144.9,,
2025-07-10 06:55:35,119.54806666666668,32.22478666666667,9.9,166.9,,
2025-07-10 06:57:35,119.54905333333332,32.21959666666667,9.1,175.4,,
2025-07-10 06:59:45,119.54993333333331,32.21406,9.6,174.9,,
2025-07-10 07:01:54,119.55006666666668,32.20793,10.7,178.0,,
2025-07-10 07:03:54,119.55072,32.20195,10.8,170.2,,
2025-07-10 07:05:54,119.55317333333332,32.19638666666667,10.5,145.5,,
2025-07-10 07:07:54,119.5582,32.19248666666667,10.3,120.9,,
2025-07-10 07:09:54,119.56457333333331,32.19009,10.9,106.2,,
2025-07-10 07:12:14,119.57282666666669,32.188266666666664,11.0,100.1,,
2025-07-10 07:14:14,119.57997333333331,32.18724,10.8,92.1,,
2025-07-10 07:16:14,119.58713333333333,32.18727333333333,10.8,87.0,,
2025-07-10 07:18:24,119.59481333333332,32.18774333333333,10.8,86.7,,
2025-07-10 07:20:24,119.60165333333332,32.18853,10.4,72.0,,
2025-07-10 07:22:35,119.60890666666668,32.19036666666667,10.9,78.8,,
2025-07-10 07:24:35,119.61592,32.19157333333333,10.7,80.2,,
2025-07-10 07:26:35,119.62125333333331,32.191806666666665,5.4,92.7,,
2025-07-10 07:57:14,119.62281333333334,32.19033666666667,0.0,195.0,,
2025-07-10 08:29:30,119.62289333333334,32.190353333333334,0.0,,,
2025-07-10 09:01:29,119.62297333333332,32.19029666666667,0.0,,,
2025-07-10 09:31:29,119.62286666666668,32.19034333333333,0.0,,,
2025-07-10 10:01:30,119.62289333333334,32.190326666666664,0.0,,,
2025-07-10 10:31:48,119.62289333333334,32.19034333333333,0.0,,,
2025-07-10 10:34:53,119.62282666666668,32.19036,2.2,46.8,,
2025-07-10 10:37:09,119.62729333333333,32.191876666666666,10.3,73.1,,
2025-07-10 10:39:17,119.63442666666668,32.19377,10.8,72.5,,
2025-07-10 10:41:17,119.64128,32.195676666666664,10.9,72.0,,
2025-07-10 10:43:17,119.64784,32.19792,10.6,77.4,,
2025-07-10 10:45:17,119.65433333333333,32.19905333333333,7.0,84.9,,
2025-07-10 10:59:57,119.65549333333334,32.19957,0.5,47.5,,
2025-07-10 11:30:09,119.6558,32.199436666666664,0.0,,,
2025-07-10 11:39:57,119.65576,32.19935666666667,0.7,236.6,,
2025-07-10 11:42:57,119.6554,32.19943333333333,2.4,249.6,,
2025-07-10 11:44:57,119.6518,32.19850666666667,6.0,255.5,,
2025-07-10 11:46:58,119.64796,32.19709666666667,7.7,247.5,,
2025-07-10 11:48:58,119.64397333333334,32.195636666666665,6.1,248.1,,
2025-07-10 11:51:07,119.63996,32.194293333333334,6.2,248.5,,
2025-07-10 11:53:07,119.63604,32.19319,6.5,253.4,,
2025-07-10 11:55:08,119.63193333333334,32.192146666666666,6.5,245.7,,
2025-07-10 11:57:08,119.62765333333331,32.19130333333333,6.8,262.7,,
2025-07-10 11:59:08,119.62346666666669,32.19082,3.4,256.0,,
2025-07-10 12:29:13,119.62290666666668,32.190236666666664,0.0,,,
2025-07-10 12:59:15,119.62292,32.19022666666667,0.0,,,
2025-07-10 13:29:16,119.62292,32.19023,0.0,,,
2025-07-10 13:59:48,119.62286666666668,32.19023,0.0,215.8,,
2025-07-10 14:32:47,119.62286666666668,32.19022666666667,0.0,215.8,,
2025-07-10 15:05:47,119.62285333333334,32.19022,0.0,215.8,,
2025-07-10 15:35:57,119.62286666666668,32.19022666666667,0.0,215.8,,
2025-07-10 16:08:13,119.62293333333334,32.190203333333336,0.0,,,
2025-07-10 16:38:47,119.62285333333334,32.1902,0.0,215.8,,
2025-07-10 17:11:15,119.62289333333334,32.190263333333334,0.0,,,
2025-07-10 17:41:48,119.62288,32.190216666666664,0.0,215.8,,
2025-07-10 18:14:15,119.62292,32.19023,0.0,,,
2025-07-10 18:44:47,119.62284,32.190236666666664,0.0,215.8,,
2025-07-10 19:14:47,119.62286666666668,32.19022666666667,0.0,215.8,,
2025-07-10 19:44:47,119.62288,32.19022666666667,0.0,215.8,,
2025-07-10 20:14:47,119.62285333333334,32.19021,0.0,215.8,,
2025-07-10 20:47:47,119.62285333333334,32.19022,0.0,215.8,,
2025-07-10 21:20:14,119.62290666666668,32.19024,0.0,,,
2025-07-10 21:53:15,119.62290666666668,32.19024,0.0,,,
2025-07-10 22:23:46,119.62285333333334,32.190236666666664,0.0,215.8,,
2025-07-10 22:43:11,119.62294666666666,32.19036,3.2,24.2,,
2025-07-10 22:44:41,119.62676,32.191403333333334,12.5,76.3,,
2025-07-10 22:46:01,119.63214666666669,32.19249333333333,12.9,75.9,,
2025-07-10 22:47:01,119.63633333333334,32.193416666666664,13.3,74.4,,
2025-07-10 22:48:01,119.64056,32.19457666666667,13.7,70.6,,
2025-07-10 22:49:01,119.64473333333332,32.19588666666667,13.4,69.2,,
2025-07-10 22:51:11,119.65162666666669,32.19853333333333,8.5,63.3,,
2025-07-10 22:53:11,119.65788,32.20121,11.0,59.9,,
2025-07-10 22:55:11,119.66374666666668,32.20502666666667,11.5,48.8,,
2025-07-10 22:57:52,119.66834666666666,32.20807333333333,6.5,57.2,,
2025-07-10 23:05:10,119.66953333333332,32.20872333333333,0.9,240.7,,
2025-07-10 23:10:39,119.66968,32.20897333333333,0.5,,,
2025-07-10 23:18:31,119.66970666666668,32.20898,1.0,253.0,,
2025-07-10 23:21:31,119.66822666666668,32.20939,1.6,249.2,,
2025-07-10 23:24:41,119.66641333333334,32.211376666666666,5.3,3.3,,
2025-07-10 23:27:10,119.66244,32.20989333333333,7.9,201.5,,
2025-07-10 23:29:11,119.66137333333332,32.20542666666667,8.2,189.1,,
2025-07-10 23:31:21,119.65904,32.20154,6.6,230.5,,
2025-07-11 00:01:21,119.65662666666668,32.199936666666666,0.0,,,
2025-07-11 00:19:40,119.6566,32.20014666666667,0.5,39.8,,
2025-07-11 00:22:40,119.65661333333334,32.200696666666666,0.6,335.1,,
2025-07-11 00:26:09,119.6562,32.20111333333333,2.1,66.3,,
2025-07-11 00:29:09,119.65837333333332,32.20231666666667,3.1,43.7,,
2025-07-11 00:32:09,119.66070666666668,32.204703333333335,4.0,40.7,,
2025-07-11 00:34:09,119.66366666666669,32.20793,10.0,36.3,,
2025-07-11 00:36:27,119.66684,32.21117666666667,10.1,38.1,,
2025-07-11 00:38:30,119.66796,32.21643666666667,7.9,301.4,,
2025-07-11 00:40:30,119.66356,32.216143333333335,5.8,242.1,,
2025-07-11 00:43:39,119.65853333333334,32.21335,6.0,231.9,,
2025-07-11 01:15:49,119.65617333333331,32.21176666666667,0.0,,,
2025-07-11 01:46:11,119.65612,32.21174666666667,0.0,202.8,,
2025-07-11 02:16:11,119.65610666666667,32.21175,0.0,202.8,,
2025-07-11 02:46:11,119.65612,32.21175,0.0,202.8,,
2025-07-11 03:19:11,119.65613333333332,32.21176,0.0,202.8,,
2025-07-11 03:31:47,119.65608,32.21176666666667,2.7,247.0,,
2025-07-11 03:33:47,119.65752,32.20939333333333,7.3,105.7,,
2025-07-11 03:35:48,119.66102666666669,32.20637,8.7,139.0,,
2025-07-11 03:38:30,119.66228,32.20506666666667,8.4,147.8,,
2025-07-11 03:43:58,119.6614,32.20247666666667,0.6,255.7,,
2025-07-11 03:54:58,119.66133333333332,32.202663333333334,0.7,269.4,,
2025-07-11 03:58:18,119.6612,32.20317,0.5,31.4,,
2025-07-11 04:01:18,119.66097333333332,32.20334666666667,1.6,322.7,,
2025-07-11 04:04:29,119.66162666666666,32.206266666666664,6.9,35.1,,
2025-07-11 04:06:29,119.66166666666666,32.20630333333333,7.0,35.4,,
2025-07-11 04:08:38,119.66066666666669,32.21208,7.8,285.2,,
2025-07-11 04:38:39,119.65664,32.21165333333333,0.4,42.6,,
2025-07-11 04:41:48,119.65768,32.21248666666666,1.8,42.5,,
2025-07-11 04:45:00,119.65844,32.21326666666667,1.0,34.6,,
2025-07-11 04:48:10,119.65937333333332,32.214286666666666,1.4,5.5,,
2025-07-11 04:51:18,119.65904,32.21513,2.2,295.3,,
2025-07-11 04:54:18,119.65752,32.21584,1.3,309.7,,
2025-07-11 05:02:26,119.65662666666668,32.216033333333336,3.3,86.5,,
2025-07-11 05:04:26,119.65853333333334,32.21424,7.7,212.3,,
2025-07-11 05:06:26,119.65497333333332,32.211016666666666,8.2,217.7,,
2025-07-11 05:08:26,119.65106666666668,32.2077,8.5,225.6,,
2025-07-11 05:10:29,119.64678666666669,32.20466,8.0,235.5,,
2025-07-11 05:12:29,119.64221333333332,32.20238,8.2,239.5,,
2025-07-11 05:14:56,119.63648,32.19939,8.2,232.8,,
2025-07-11 05:17:09,119.63205333333332,32.19612,7.9,226.7,,
2025-07-11 05:19:09,119.62838666666669,32.19295666666667,8.3,229.1,,
2025-07-11 05:21:09,119.62381333333332,32.19073,6.0,245.9,,
2025-07-11 05:51:21,119.62282666666668,32.19034666666667,0.0,246.3,,
2025-07-11 06:25:45,119.62289333333334,32.19035,0.0,,,
2025-07-11 06:58:43,119.62286666666668,32.190353333333334,0.0,,,
2025-07-11 07:28:46,119.62289333333334,32.190353333333334,0.0,,,
2025-07-11 07:34:50,119.62285333333334,32.19038333333334,2.1,46.2,,
2025-07-11 07:36:51,119.62618666666668,32.191403333333334,9.3,79.6,,
2025-07-11 07:38:51,119.63277333333332,32.19286666666667,10.9,69.6,,
2025-07-11 07:40:51,119.63942666666668,32.19531333333333,11.2,64.5,,
2025-07-11 07:42:51,119.64609333333334,32.19806666666667,11.1,61.6,,
2025-07-11 07:45:00,119.65336,32.200583333333334,11.2,65.8,,
2025-07-11 07:47:00,119.65921333333333,32.20425,11.1,44.0,,
2025-07-11 07:49:00,119.66390666666666,32.20862666666667,9.6,38.4,,
2025-07-11 07:51:02,119.66761333333334,32.213253333333334,10.4,31.4,,
2025-07-11 07:53:03,119.67112,32.21802666666667,9.7,27.9,,
2025-07-11 07:55:03,119.67426666666668,32.22284,9.9,30.1,,
2025-07-11 07:57:03,119.67708,32.227783333333335,9.8,19.7,,
2025-07-11 07:59:03,119.67912,32.23295666666667,9.7,18.3,,
2025-07-11 08:01:31,119.68208,32.2394,9.9,24.0,,
2025-07-11 09:49:30,119.6766,32.23713,8.8,197.2,,
2025-07-11 09:51:30,119.67464,32.23251,8.8,198.8,,
2025-07-11 09:53:41,119.67241333333334,32.22752666666667,8.7,210.9,,
2025-07-11 09:55:50,119.66913333333332,32.22312,8.8,214.2,,
2025-07-11 09:58:40,119.66361333333332,32.21787333333333,9.0,221.9,,
2025-07-11 10:00:40,119.65914666666669,32.214636666666664,8.9,226.7,,
2025-07-11 10:02:40,119.65498666666667,32.21108666666667,8.9,218.3,,
2025-07-11 10:04:50,119.65166666666669,32.20656,8.5,222.7,,
2025-07-11 10:06:51,119.64956,32.20499,8.5,230.9,,
2025-07-11 10:09:10,119.64142666666666,32.2011,8.6,243.3,,
2025-07-11 10:11:21,119.63594666666668,32.19884666666667,8.6,243.1,,
2025-07-11 10:14:10,119.62946666666669,32.195186666666665,8.6,219.5,,
2025-07-11 10:16:44,119.62432,32.19096666666667,7.5,250.6,,
2025-07-11 10:48:05,119.62284,32.190216666666664,0.0,221.8,,
2025-07-11 11:18:05,119.62285333333334,32.190236666666664,0.0,221.8,,
2025-07-11 11:55:29,119.62290666666668,32.19025,0.0,,,
2025-07-11 12:27:29,119.62290666666668,32.19022666666667,0.0,,,
2025-07-11 13:00:31,119.62292,32.19023,0.0,,,
2025-07-11 13:31:28,119.62289333333334,32.19022666666667,0.0,,,
2025-07-11 14:06:05,119.62282666666668,32.19022666666667,0.0,221.8,,
2025-07-11 14:39:04,119.62284,32.19023,0.0,221.8,,
2025-07-11 15:09:04,119.62285333333334,32.19021,0.0,221.8,,
2025-07-11 15:39:28,119.62289333333334,32.19022,0.0,,,
2025-07-11 16:10:28,119.62286666666668,32.19023,0.2,,,
2025-07-11 16:42:31,119.62292,32.19019333333333,0.0,,,
2025-07-11 17:15:04,119.62285333333334,32.190216666666664,0.0,221.8,,
2025-07-11 17:48:30,119.62289333333334,32.19023,0.0,,,
2025-07-11 18:19:29,119.62289333333334,32.19024,0.0,,,
2025-07-11 18:51:04,119.62285333333334,32.190203333333336,0.0,221.8,,
2025-07-11 19:21:04,119.62285333333334,32.19021,0.0,221.8,,
2025-07-11 19:51:04,119.62285333333334,32.19021333333333,0.0,221.8,,
2025-07-11 20:21:29,119.62290666666668,32.190176666666666,0.0,,,
2025-07-11 20:51:29,119.62289333333334,32.19019,0.0,,,
2025-07-11 21:24:03,119.62282666666668,32.19022666666667,0.0,221.8,,
2025-07-11 21:54:04,119.62285333333334,32.190223333333336,0.0,221.8,,
2025-07-11 22:27:03,119.62285333333334,32.190216666666664,0.0,221.8,,
2025-07-11 22:57:04,119.62285333333334,32.190223333333336,0.4,221.8,,
2025-07-11 23:07:17,119.62338666666666,32.190756666666665,0.6,98.4,,
2025-07-11 23:11:08,119.62418666666666,32.19091,0.8,64.0,,
2025-07-11 23:14:08,119.62512,32.19123666666667,1.1,75.3,,
2025-07-11 23:18:04,119.62682666666667,32.19119,1.1,102.5,,
2025-07-11 23:21:17,119.62726666666669,32.19177,0.6,355.4,,
2025-07-11 23:24:59,119.62630666666666,32.19179,1.0,80.4,,
2025-07-11 23:28:08,119.62852,32.19269,4.7,69.7,,
2025-07-11 23:30:08,119.63169333333332,32.19457,8.6,54.9,,
2025-07-11 23:33:28,119.63625333333331,32.19462333333333,4.5,57.9,,
2025-07-11 23:35:34,119.64082666666668,32.19627666666667,7.9,69.2,,
2025-07-11 23:37:34,119.6456,32.19808333333334,8.0,57.5,,
2025-07-11 23:39:37,119.65050666666669,32.19998,8.1,65.1,,
2025-07-11 23:41:48,119.65524,32.20274666666667,8.1,52.3,,
2025-07-11 23:43:48,119.66002666666668,32.205906666666664,9.3,45.3,,
2025-07-11 23:45:58,119.6646,32.209966666666666,9.5,37.3,,
2025-07-11 23:48:05,119.66884,32.214816666666664,11.4,36.3,,
2025-07-11 23:49:05,119.67106666666666,32.217643333333335,12.4,31.9,,
2025-07-11 23:50:08,119.67324,32.2208,12.5,30.2,,
2025-07-11 23:51:18,119.67549333333334,32.224446666666665,12.5,23.9,,
2025-07-11 23:52:18,119.67706666666666,32.22767,12.4,20.4,,
2025-07-11 23:53:18,119.67845333333334,32.23097,12.6,19.1,,
2025-07-11 23:55:28,119.68104,32.23757333333333,11.0,21.0,,
2025-07-12 01:11:04,119.87262666666666,32.23669,10.2,164.7,,
2025-07-12 01:13:16,119.87457333333332,32.229996666666665,11.8,167.3,,
2025-07-12 01:15:08,119.87626666666668,32.223956666666666,12.0,167.7,,
2025-07-12 01:16:08,119.87712,32.22069333333334,12.0,168.2,,
2025-07-12 01:17:28,119.87842666666668,32.21624,12.4,162.6,,
2025-07-12 01:18:28,119.87936,32.21278,13.0,169.6,,
2025-07-12 01:19:28,119.88001333333334,32.20910333333333,13.7,174.1,,
2025-07-12 01:20:28,119.88054666666666,32.20530333333333,13.9,172.2,,
2025-07-12 01:21:28,119.88125333333332,32.20134,14.5,173.3,,
2025-07-12 01:22:29,119.88184,32.19722333333333,14.4,173.4,,
2025-07-12 01:23:29,119.88250666666669,32.19320333333334,14.6,168.2,,
2025-07-12 01:24:35,119.88390666666666,32.188896666666665,14.5,165.5,,
2025-07-12 01:25:35,119.88484,32.184873333333336,14.7,168.8,,
2025-07-12 01:26:36,119.88544,32.180726666666665,14.8,175.3,,
2025-07-12 01:27:36,119.88569333333334,32.176696666666665,14.2,179.4,,
2025-07-12 01:28:47,119.88576,32.171996666666665,14.2,179.8,,
2025-07-12 01:29:54,119.88598666666668,32.16757666666667,14.1,175.6,,
2025-07-12 01:30:54,119.88646666666666,32.163713333333334,13.8,170.8,,
2025-07-12 01:32:22,119.88605333333334,32.16686333333333,14.1,176.4,,
2025-07-12 01:33:23,119.88893333333333,32.15430333333333,13.9,175.7,,
2025-07-12 01:34:23,119.88926666666669,32.15048,13.5,169.1,,
2025-07-12 01:35:30,119.88905333333334,32.151626666666665,13.7,174.3,,
2025-07-12 01:36:32,119.89010666666668,32.14796333333334,13.6,162.0,,
2025-07-12 01:37:32,119.8938,32.13915333333333,13.9,158.3,,
2025-07-12 01:39:04,119.8964,32.13368333333333,13.8,153.2,,
2025-07-12 01:40:11,119.89836,32.129826666666666,13.6,159.3,,
2025-07-12 01:41:52,119.90118666666666,32.12399666666666,13.3,160.7,,
2025-07-12 01:42:52,119.90266666666666,32.120423333333335,13.6,160.9,,
2025-07-12 01:44:01,119.90421333333332,32.11620666666666,13.8,163.5,,
2025-07-12 01:45:01,119.90545333333333,32.11251,13.6,163.9,,
2025-07-12 01:46:01,119.90653333333331,32.10885,13.5,167.7,,
2025-07-12 01:47:04,119.90730666666668,32.10496666666667,13.2,168.2,,
2025-07-12 01:48:11,119.9086,32.101056666666665,13.1,163.0,,
2025-07-12 01:49:11,119.90994666666668,32.09757,13.4,161.7,,
2025-07-12 01:50:11,119.91134666666666,32.09399333333333,13.7,161.9,,
2025-07-12 01:51:11,119.9128,32.09039666666666,13.7,158.0,,
2025-07-12 01:52:22,119.91461333333334,32.08626666666667,13.0,154.2,,
2025-07-12 01:53:22,119.91642666666668,32.082903333333334,13.4,154.3,,
2025-07-12 01:54:22,119.91804,32.07947,13.3,161.6,,
2025-07-12 01:55:22,119.91957333333332,32.07601666666667,13.2,156.6,,
2025-07-12 01:56:51,119.92188,32.07088666666667,13.4,158.3,,
2025-07-12 01:57:51,119.92361333333334,32.067463333333336,13.3,154.3,,
2025-07-12 01:58:51,119.92552,32.06413333333333,13.3,153.3,,
2025-07-12 02:00:02,119.9278,32.06018666666667,13.4,159.1,,
2025-07-12 02:01:42,119.93064,32.05448,13.3,155.0,,
2025-07-12 02:02:42,119.93250666666668,32.051136666666665,13.3,153.0,,
2025-07-12 02:03:42,119.93450666666666,32.04783666666667,13.3,152.7,,
2025-07-12 02:04:51,119.93673333333334,32.04399,13.4,154.0,,
2025-07-12 02:05:51,119.93864,32.04059,13.5,154.5,,
2025-07-12 02:06:51,119.94064,32.03719666666667,13.6,153.0,,
2025-07-12 02:07:51,119.94278666666666,32.033863333333336,13.5,151.2,,
2025-07-12 02:08:51,119.94488,32.030566666666665,13.3,150.0,,
2025-07-12 02:09:52,119.94488,32.030566666666665,13.3,150.0,,
2025-07-12 02:11:04,119.94986666666668,32.02353,13.1,146.7,,
2025-07-12 02:12:04,119.95232,32.02055,12.8,145.3,,
2025-07-12 02:13:04,119.95468,32.0177,12.3,143.2,,
2025-07-12 02:15:04,119.95922666666668,32.01269,10.5,140.7,,
2025-07-12 02:17:04,119.96402666666668,32.00859333333333,10.4,132.4,,
2025-07-12 02:19:04,119.96922666666669,32.00472666666667,10.5,127.3,,
2025-07-12 02:21:04,119.97468,32.00087,11.0,128.1,,
2025-07-12 02:22:04,119.97769333333332,31.99876666666667,12.8,132.1,,
2025-07-12 02:23:04,119.98084,31.99629333333333,13.2,135.3,,
2025-07-12 02:24:22,119.98496,31.993066666666667,13.3,133.1,,
2025-07-12 02:25:22,119.98817333333334,31.99052333333333,13.5,134.5,,
2025-07-12 02:26:22,119.99124,31.987863333333333,13.1,141.7,,
2025-07-12 02:27:22,119.99410666666668,31.984976666666668,13.7,138.0,,
2025-07-12 02:28:22,119.99728,31.98226333333333,13.7,132.0,,
2025-07-12 02:29:22,120.00068,31.97977333333333,13.5,129.5,,
2025-07-12 02:30:31,120.00477333333332,31.97722,13.5,122.1,,
2025-07-12 02:31:31,120.00848,31.97522333333333,13.3,121.9,,
2025-07-12 02:32:34,120.01237333333331,31.97309,13.3,123.4,,
2025-07-12 02:33:34,120.01602666666666,31.97115,13.1,122.4,,
2025-07-12 02:34:34,120.01972,31.969256666666663,13.1,118.8,,
2025-07-12 02:35:34,120.02364,31.967776666666666,13.1,111.4,,
2025-07-12 02:36:34,120.02766666666666,31.966356666666663,13.5,110.7,,
2025-07-12 02:37:34,120.03178666666666,31.96498,13.4,111.6,,
2025-07-12 02:38:34,120.03594666666666,31.96371333333333,13.6,109.9,,
2025-07-12 02:39:34,120.04010666666667,31.9625,13.5,106.7,,
2025-07-12 02:40:34,120.04438666666668,31.961456666666667,13.4,106.3,,
2025-07-12 02:41:41,120.04908,31.96023333333333,13.5,108.6,,
2025-07-12 02:42:41,120.05325333333332,31.959086666666668,13.4,106.4,,
2025-07-12 02:43:41,120.05752,31.95803666666667,13.6,106.0,,
2025-07-12 02:44:41,120.06181333333332,31.95707,13.7,102.8,,
2025-07-12 02:45:41,120.06629333333332,31.95619,14.2,100.2,,
2025-07-12 02:46:41,120.07070666666668,31.95509,13.9,118.9,,
2025-07-12 02:47:41,120.07498666666666,31.953616666666665,14.2,108.9,,
2025-07-12 02:48:41,120.07938666666666,31.952256666666667,14.0,109.2,,
2025-07-12 02:49:47,120.08412,31.950813333333333,14.0,108.4,,
2025-07-12 02:50:47,120.08846666666666,31.949716666666667,13.4,106.0,,
2025-07-12 02:51:47,120.09261333333332,31.94870333333333,13.1,105.3,,
2025-07-12 02:53:00,120.09756,31.947346666666668,13.1,108.0,,
2025-07-12 02:54:34,120.10382666666666,31.9457,12.8,107.1,,
2025-07-12 02:55:43,120.1084,31.94427,13.1,110.5,,
2025-07-12 02:56:43,120.11245333333332,31.94314333333333,13.1,106.3,,
2025-07-12 02:57:43,120.11656,31.94203,13.1,110.0,,
2025-07-12 02:58:52,120.12124,31.94058666666667,13.4,108.9,,
2025-07-12 03:00:12,120.12684,31.939263333333333,13.3,105.3,,
2025-07-12 03:01:22,120.13177333333331,31.938256666666668,13.2,101.7,,
2025-07-12 03:02:42,120.13749333333334,31.93729,13.2,110.7,,
2025-07-12 03:03:42,120.14153333333331,31.935946666666663,13.4,107.6,,
2025-07-12 03:05:42,120.15001333333332,31.93423,13.1,103.4,,
2025-07-12 03:06:52,120.15498666666667,31.933446666666665,13.4,101.6,,
2025-07-12 03:08:02,120.16004,31.93265,13.5,99.7,,
2025-07-12 03:09:32,120.16657333333332,31.93169,13.3,98.0,,
2025-07-12 03:10:32,120.17090666666668,31.93106,13.6,100.7,,
2025-07-12 03:11:43,120.17608,31.930263333333333,13.4,96.7,,
2025-07-12 03:12:53,120.18118666666666,31.929936666666663,13.4,96.1,,
2025-07-12 03:13:53,120.18558666666668,31.929506666666665,13.4,96.2,,
2025-07-12 03:14:53,120.18994666666669,31.929166666666667,13.5,94.2,,
2025-07-12 03:16:04,120.19517333333332,31.928833333333333,13.4,91.8,,
2025-07-12 03:17:04,120.19964,31.928636666666662,13.8,93.8,,
2025-07-12 03:18:04,120.20413333333332,31.92855,13.8,91.2,,
2025-07-12 03:19:11,120.20913333333333,31.9283,13.7,91.3,,
2025-07-12 03:20:11,120.21361333333331,31.92839,13.7,87.6,,
2025-07-12 03:21:11,120.21804,31.928676666666668,13.5,86.0,,
2025-07-12 03:22:11,120.22246666666666,31.92898333333333,13.6,84.1,,
2025-07-12 03:23:11,120.22690666666666,31.92936333333333,13.5,85.3,,
2025-07-12 03:24:11,120.23137333333334,31.92983,13.7,79.7,,
2025-07-12 03:25:11,120.23546666666668,31.930623333333333,12.2,73.5,,
2025-07-12 03:26:12,120.23936,31.931553333333333,12.0,74.5,,
2025-07-12 03:28:12,120.24669333333334,31.933733333333333,11.8,68.9,,
2025-07-12 03:30:12,120.25369333333332,31.9365,11.8,65.8,,
2025-07-12 03:32:12,120.26061333333334,31.939433333333334,11.7,63.6,,
2025-07-12 03:33:12,120.26416,31.94091333333333,12.1,62.1,,
2025-07-12 03:34:12,120.26774666666668,31.94244,12.6,63.4,,
2025-07-12 03:35:12,120.27146666666668,31.9441,12.9,61.6,,
2025-07-12 03:36:22,120.2758,31.94618,13.4,60.2,,
2025-07-12 03:37:22,120.27976,31.948093333333333,14.1,57.9,,
2025-07-12 03:38:38,120.28517333333332,31.94983333333333,13.9,74.1,,
2025-07-12 03:39:43,120.28993333333334,31.951016666666668,14.1,72.6,,
2025-07-12 03:40:43,120.29424,31.95227,13.3,70.1,,
2025-07-12 03:41:44,120.29828,31.953516666666665,12.6,66.9,,
2025-07-12 03:42:49,120.30222666666668,31.954986666666667,12.0,64.0,,
2025-07-12 03:44:50,120.30930666666669,31.95788,11.7,62.3,,
2025-07-12 03:46:50,120.31606666666669,31.960996666666663,11.6,61.1,,
2025-07-12 03:48:50,120.32236,31.964346666666668,11.2,56.4,,
2025-07-12 03:50:58,120.32852,31.96842,11.2,51.4,,
2025-07-12 03:52:58,120.33392,31.972563333333333,11.1,50.0,,
2025-07-12 03:54:38,120.33865333333334,31.97606,12.2,47.1,,
2025-07-12 03:56:03,120.34284,31.979416666666665,12.2,46.7,,
2025-07-12 03:58:04,120.34814666666666,31.983706666666667,10.0,46.7,,
2025-07-12 04:00:08,120.35277333333332,31.987223333333333,9.1,51.2,,
2025-07-12 04:02:17,120.35809333333331,31.990573333333334,10.4,54.6,,
2025-07-12 04:04:17,120.36369333333332,31.99380333333333,10.4,54.1,,
2025-07-12 04:06:17,120.37010666666669,31.996756666666663,11.9,63.4,,
2025-07-12 04:07:18,120.37344,31.99857,11.8,54.7,,
2025-07-12 04:09:18,120.3798,32.00232666666667,11.9,55.7,,
2025-07-12 04:10:18,120.38317333333332,32.00416,12.4,57.8,,
2025-07-12 04:11:18,120.38652,32.006116666666664,12.2,55.9,,
2025-07-12 04:12:38,120.39093333333334,32.00850333333333,12.0,58.3,,
2025-07-12 04:14:38,120.39742666666666,32.01219,12.0,55.6,,
2025-07-12 04:15:38,120.40068,32.01406,12.0,55.1,,
2025-07-12 04:17:38,120.40709333333334,32.017116666666666,10.6,64.3,,
2025-07-12 04:20:03,120.41482666666668,32.02025,10.7,63.8,,
2025-07-12 04:22:03,120.42113333333332,32.02282,10.7,70.4,,
2025-07-12 04:24:03,120.42802666666668,32.02430666666667,10.9,75.1,,
2025-07-12 04:26:03,120.43493333333332,32.026286666666664,11.3,69.1,,
2025-07-12 04:28:03,120.442,32.02831333333334,11.4,69.1,,
2025-07-12 04:30:03,120.44906666666668,32.03066666666667,11.7,70.2,,
2025-07-12 04:32:09,120.45622666666668,32.03202666666667,10.2,81.0,,
2025-07-12 04:34:09,120.46273333333332,32.03267,10.4,85.1,,
2025-07-12 04:36:47,120.47189333333333,32.03285,10.6,91.5,,
2025-07-12 04:38:57,120.47946666666668,32.03269,10.7,89.0,,
2025-07-12 04:40:57,120.48688,32.03221,11.6,95.1,,
2025-07-12 04:43:09,120.49505333333332,32.03150333333333,11.4,96.0,,
2025-07-12 04:45:38,120.50413333333331,32.03003,11.7,108.5,,
2025-07-12 04:47:28,120.51092,32.02806,12.0,108.8,,
2025-07-12 04:48:28,120.51461333333332,32.026873333333334,12.1,110.4,,
2025-07-12 04:50:33,120.52196,32.024226666666664,11.5,113.4,,
2025-07-12 04:53:03,120.53052,32.02104333333333,11.2,112.3,,
2025-07-12 04:55:03,120.53729333333334,32.018683333333335,11.1,111.6,,
2025-07-12 04:57:08,120.54416,32.01652,10.8,107.2,,
2025-07-12 04:59:57,120.55346666666668,32.013043333333336,11.0,116.8,,
2025-07-12 05:01:58,120.56008,32.01047666666667,11.4,114.1,,
2025-07-12 05:04:03,120.56729333333334,32.007846666666666,11.9,106.5,,
2025-07-12 05:05:17,120.57188,32.006456666666665,12.0,114.1,,
2025-07-12 05:06:28,120.57608,32.004673333333336,12.2,116.0,,
2025-07-12 05:07:33,120.57997333333331,32.003013333333335,12.0,118.1,,
2025-07-12 05:08:57,120.58504,32.0012,12.3,108.7,,
2025-07-12 05:09:57,120.58894666666669,31.999976666666665,13.1,109.5,,
2025-07-12 05:11:08,120.5938,31.99859333333333,13.2,108.7,,
2025-07-12 05:12:57,120.60121333333332,31.99661,12.9,106.4,,
2025-07-12 05:14:17,120.60662666666668,31.99542,12.5,100.1,,
2025-07-12 05:15:26,120.61112,31.994716666666665,11.8,101.4,,
2025-07-12 05:17:26,120.6186,31.99403,11.2,91.9,,
2025-07-12 05:19:26,120.62609333333332,31.99369,11.5,92.6,,
2025-07-12 05:21:27,120.63374666666668,31.99363333333333,11.5,89.2,,
2025-07-12 05:23:27,120.64122666666668,31.993836666666667,10.8,89.0,,
2025-07-12 05:25:37,120.64889333333332,31.99412,10.8,84.6,,
2025-07-12 05:28:08,120.65722666666667,31.994906666666665,9.4,84.4,,
2025-07-12 05:30:17,120.66372,31.99581,8.9,75.4,,
2025-07-12 05:32:17,120.66958666666666,31.996893333333333,9.0,81.2,,
2025-07-12 05:34:17,120.67602666666669,31.99774333333333,9.3,77.3,,
2025-07-12 05:36:17,120.68197333333332,31.998796666666667,9.9,78.8,,
2025-07-12 05:38:33,120.68938666666666,31.99998666666667,10.0,77.9,,
2025-07-12 05:40:33,120.69581333333332,32.001223333333336,9.9,79.8,,
2025-07-12 05:42:38,120.70226666666667,32.00230333333333,9.5,74.9,,
2025-07-12 05:44:38,120.70846666666668,32.00325333333333,9.5,80.3,,
2025-07-12 05:46:48,120.71437333333331,32.004016666666665,8.5,83.3,,
2025-07-12 05:48:48,120.72058666666666,32.00456333333333,11.1,86.3,,
2025-07-12 05:49:48,120.7246,32.00474333333333,12.7,88.8,,
2025-07-12 05:50:48,120.72881333333332,32.00505,13.1,87.5,,
2025-07-12 05:51:48,120.73304,32.005493333333334,13.0,81.1,,
2025-07-12 05:52:48,120.73728,32.00602,13.0,82.6,,
2025-07-12 05:53:48,120.74145333333334,32.00654333333333,12.8,82.6,,
2025-07-12 05:54:58,120.74642666666666,32.00695,13.3,86.0,,
2025-07-12 05:55:58,120.7508,32.00736666666667,13.4,82.7,,
2025-07-12 05:56:58,120.75516,32.00792,13.5,80.2,,
2025-07-12 05:57:58,120.75949333333334,32.008536666666664,13.3,79.9,,
2025-07-12 05:59:03,120.76424,32.008903333333336,13.2,90.9,,
2025-07-12 06:00:03,120.76852,32.008633333333336,12.8,95.0,,
2025-07-12 06:01:08,120.77290666666669,32.008493333333334,12.1,94.1,,
2025-07-12 06:03:08,120.78041333333331,32.00803666666667,11.2,96.6,,
2025-07-12 06:05:08,120.78730666666668,32.00746,10.1,99.1,,
2025-07-12 06:07:09,120.79348,32.00609333333333,9.2,108.7,,
2025-07-12 06:09:09,120.79944,32.00445666666667,9.6,106.8,,
2025-07-12 06:11:27,120.80637333333334,32.002543333333335,9.5,106.8,,
2025-07-12 06:13:27,120.81185333333332,31.99999333333333,9.8,128.2,,
2025-07-12 06:15:27,120.81689333333334,31.996756666666663,9.5,124.1,,
2025-07-12 06:17:36,120.82226666666666,31.99332,9.5,136.4,,
2025-07-12 06:19:36,120.82689333333332,31.98939333333333,10.4,134.3,,
2025-07-12 06:21:37,120.83182666666669,31.98514,10.6,139.5,,
2025-07-12 06:23:37,120.83673333333331,31.980733333333333,10.8,133.4,,
2025-07-12 06:25:37,120.84046666666669,31.975663333333333,10.6,150.8,,
2025-07-12 06:27:37,120.84444,31.970806666666668,10.4,142.2,,
2025-07-12 06:29:38,120.84850666666668,31.966386666666665,9.9,144.9,,
2025-07-12 06:31:38,120.85206666666669,31.961756666666663,9.8,154.4,,
2025-07-12 06:33:38,120.855,31.956946666666667,9.5,156.3,,
2025-07-12 06:35:38,120.85745333333334,31.95213,9.4,158.6,,
2025-07-12 06:37:38,120.86032,31.94739,9.8,152.5,,
2025-07-12 06:39:38,120.86318666666666,31.94242333333333,9.9,154.3,,
2025-07-12 06:41:48,120.86598666666669,31.936833333333333,10.3,161.6,,
2025-07-12 06:43:48,120.86837333333334,31.93144333333333,10.3,159.0,,
2025-07-12 06:45:48,120.87065333333334,31.926136666666668,10.1,155.9,,
2025-07-12 06:47:48,120.8736,31.920806666666667,11.2,159.0,,
2025-07-12 06:49:48,120.87606666666667,31.91478,11.7,163.8,,
2025-07-12 06:51:48,120.8774,31.908286666666665,11.7,170.5,,
2025-07-12 06:53:48,120.87881333333333,31.901746666666668,12.0,167.7,,
2025-07-12 06:54:48,120.87968,31.89847,12.1,164.8,,
2025-07-12 06:55:57,120.88081333333334,31.894706666666668,12.1,167.3,,
2025-07-12 06:56:58,120.8816,31.891326666666668,12.1,168.8,,
2025-07-12 06:58:38,120.88281333333332,31.88585,12.0,168.8,,
2025-07-12 07:00:47,120.88444,31.87888,11.7,170.1,,
2025-07-12 07:02:47,120.88569333333334,31.873026666666668,10.3,169.7,,
2025-07-12 07:04:48,120.88709333333334,31.86737,10.3,164.5,,
2025-07-12 07:06:48,120.88898666666668,31.86186333333333,9.9,163.8,,
2025-07-12 07:08:48,120.89042666666668,31.857116666666663,8.1,165.7,,
2025-07-12 07:10:57,120.89185333333332,31.85209333333333,9.4,165.0,,
2025-07-12 07:13:03,120.89382666666668,31.846636666666665,10.3,161.4,,
2025-07-12 07:15:03,120.89616,31.84123,10.7,157.8,,
2025-07-12 07:17:17,120.89961333333332,31.834633333333333,12.0,153.3,,
2025-07-12 07:19:28,120.90352,31.82818,11.8,151.1,,
2025-07-12 07:20:47,120.90641333333332,31.824566666666662,12.1,144.0,,
2025-07-12 07:21:47,120.90861333333334,31.82171333333333,12.3,148.4,,
2025-07-12 07:22:47,120.91088,31.81882333333333,12.3,147.0,,
2025-07-12 07:23:47,120.91312,31.815996666666667,12.1,153.4,,
2025-07-12 07:25:17,120.91566666666668,31.81139,12.1,154.3,,
2025-07-12 07:26:17,120.91746666666668,31.8084,12.2,151.7,,
2025-07-12 07:27:33,120.91993333333332,31.804546666666667,12.3,152.9,,
2025-07-12 07:28:48,120.92242666666668,31.80077333333333,12.7,150.4,,
2025-07-12 07:29:48,120.92454666666669,31.79778,12.3,144.8,,
2025-07-12 07:31:07,120.92777333333332,31.794173333333333,12.2,134.1,,
2025-07-12 07:32:28,120.93157333333332,31.79082,12.0,141.8,,
2025-07-12 07:34:28,120.93666666666668,31.786023333333333,11.4,130.7,,
2025-07-12 07:36:33,120.94313333333334,31.78245,10.7,119.1,,
2025-07-12 15:00:44,121.00130666666666,31.78022,8.3,274.4,,
2025-07-12 15:02:44,120.99586666666669,31.78073,8.2,275.4,,
2025-07-12 15:04:45,120.99046666666666,31.78125,8.2,278.8,,
2025-07-12 15:06:45,120.98506666666668,31.781276666666667,8.3,270.2,,
2025-07-12 15:08:45,120.97949333333334,31.78134,8.6,274.8,,
2025-07-12 15:10:55,120.97330666666667,31.781783333333333,9.0,276.1,,
2025-07-12 15:12:55,120.96746666666668,31.78213,9.0,275.8,,
2025-07-12 15:14:55,120.96172,31.78276,9.0,283.9,,
2025-07-12 15:16:55,120.95633333333332,31.784716666666668,9.0,302.0,,
2025-07-12 15:18:55,120.95165333333334,31.78773,8.9,313.7,,
2025-07-12 15:20:55,120.94778666666669,31.791273333333333,8.5,319.1,,
2025-07-12 15:23:14,120.94306666666668,31.794966666666667,8.4,314.6,,
2025-07-12 15:25:14,120.939,31.798286666666662,8.7,319.7,,
2025-07-12 15:27:23,120.93498666666666,31.802266666666668,8.7,313.5,,
2025-07-12 15:29:35,120.93066666666668,31.80618,8.7,317.7,,
2025-07-12 15:31:35,120.92668,31.809753333333333,8.9,317.9,,
2025-07-12 15:33:35,120.92316,31.81372,8.7,323.8,,
2025-07-12 15:35:35,120.91948,31.81762,8.9,318.6,,
2025-07-12 15:37:44,120.91604,31.82223,9.4,329.2,,
2025-07-12 15:39:44,120.91313333333332,31.826766666666668,8.9,333.6,,
2025-07-12 15:41:44,120.9104,31.831136666666666,9.0,331.4,,
2025-07-12 15:43:44,120.90773333333334,31.83565,9.1,336.1,,
2025-07-12 15:45:54,120.90581333333331,31.840923333333333,9.1,340.3,,
2025-07-12 15:47:54,120.90432,31.846026666666667,9.3,346.3,,
2025-07-12 15:49:54,120.90246666666668,31.851043333333333,9.4,341.8,,
2025-07-12 15:51:54,120.90070666666666,31.85605,9.4,346.4,,
2025-07-12 15:54:04,120.89894666666666,31.86152,9.3,346.2,,
2025-07-12 15:56:11,120.89776,31.86688,9.1,343.3,,
2025-07-12 15:58:11,120.89604,31.871806666666668,9.0,344.7,,
2025-07-12 16:00:15,120.89481333333332,31.87683333333333,8.9,351.4,,
2025-07-12 16:02:16,120.89370666666667,31.88176,9.0,344.8,,
2025-07-12 16:04:24,120.89193333333333,31.88692333333333,8.9,343.0,,
2025-07-12 16:06:24,120.89018666666666,31.89172,9.0,342.4,,
2025-07-12 16:08:24,120.88838666666666,31.896573333333333,9.2,341.3,,
2025-07-12 16:10:24,120.88662666666669,31.90153,9.4,340.3,,
2025-07-12 16:12:33,120.88462666666666,31.90696,9.5,335.8,,
2025-07-12 16:14:34,120.88258666666668,31.91196,9.5,343.7,,
2025-07-12 16:16:34,120.88058666666667,31.916996666666662,9.5,338.9,,
2025-07-12 16:18:34,120.87832,31.92194333333333,9.5,338.9,,
2025-07-12 16:20:40,120.87586666666668,31.927146666666665,9.4,338.9,,
2025-07-12 16:22:40,120.87377333333332,31.932026666666665,9.2,340.3,,
2025-07-12 16:24:40,120.87178666666668,31.936776666666667,8.9,339.3,,
2025-07-12 16:26:40,120.86972,31.94153,9.0,340.0,,
2025-07-12 16:28:40,120.86745333333332,31.946296666666665,9.1,343.4,,
2025-07-12 16:30:40,120.86509333333332,31.950486666666663,8.2,341.6,,
2025-07-12 16:32:40,120.86338666666668,31.954826666666666,7.9,337.8,,
2025-07-12 16:34:40,120.86138666666666,31.959096666666667,8.2,332.5,,
2025-07-12 16:36:40,120.85945333333332,31.96339333333333,8.6,341.4,,
2025-07-12 16:38:40,120.85752,31.9682,9.8,315.5,,
2025-07-12 16:40:40,120.85344,31.97239666666667,9.7,321.7,,
2025-07-12 16:42:40,120.84922666666668,31.97663333333333,10.0,315.1,,
2025-07-12 16:44:40,120.84516,31.980886666666667,9.8,320.0,,
2025-07-12 16:46:40,120.84093333333334,31.98498333333333,9.7,310.8,,
2025-07-12 16:48:40,120.83630666666669,31.98885333333333,10.4,311.9,,
2025-07-12 16:50:40,120.83134666666666,31.99288333333333,10.4,314.7,,
2025-07-12 16:52:40,120.82617333333332,31.996886666666665,10.6,312.0,,
2025-07-12 16:54:40,120.8212,32.000953333333335,10.8,325.9,,
2025-07-12 16:56:40,120.81750666666667,32.00515,8.1,301.8,,
2025-07-12 16:58:40,120.81162666666668,32.00766,10.1,294.8,,
2025-07-12 17:00:40,120.80554666666669,32.00962666666667,10.0,287.6,,
2025-07-12 17:02:40,120.79930666666668,32.01121666666667,9.8,288.7,,
2025-07-12 17:04:40,120.79318666666668,32.012946666666664,9.7,285.6,,
2025-07-12 17:06:40,120.78697333333334,32.01421,9.6,275.1,,
2025-07-12 17:08:40,120.78072,32.01458,9.6,269.3,,
2025-07-12 17:10:40,120.77430666666666,32.01477333333333,9.7,271.0,,
2025-07-12 17:12:40,120.76798666666669,32.014716666666665,9.5,267.1,,
2025-07-12 17:14:40,120.76166666666668,32.01467666666667,9.6,272.4,,
2025-07-12 17:16:40,120.75534666666668,32.01461333333334,9.7,269.5,,
2025-07-12 17:18:40,120.74896,32.0145,9.9,268.3,,
2025-07-12 17:20:40,120.74253333333333,32.014116666666666,9.9,262.5,,
2025-07-12 17:22:40,120.73602666666666,32.01368,10.0,266.7,,
2025-07-12 17:24:40,120.72945333333334,32.013333333333335,10.0,264.5,,
2025-07-12 17:26:40,120.72277333333334,32.012676666666664,10.6,262.2,,
2025-07-12 17:28:40,120.71582666666669,32.01186333333333,10.9,261.5,,
2025-07-12 17:30:40,120.70884,32.010706666666664,11.0,256.0,,
2025-07-12 17:32:40,120.70216,32.009146666666666,10.4,254.9,,
2025-07-12 17:34:40,120.69568,32.00746,10.4,253.2,,
2025-07-12 17:36:40,120.68905333333332,32.00614,10.5,259.4,,
2025-07-12 17:39:04,120.68061333333333,32.00461333333333,11.3,257.7,,
2025-07-12 17:41:04,120.67366666666666,32.00340666666666,10.7,256.8,,
2025-07-12 17:43:04,120.66673333333334,32.002343333333336,10.9,261.5,,
2025-07-12 17:45:13,120.65892,32.001153333333335,11.5,255.0,,
2025-07-12 17:46:40,120.65338666666666,32.00013333333333,12.0,261.3,,
2025-07-12 17:47:40,120.64941333333331,31.99983,12.1,265.9,,
2025-07-12 17:50:13,120.63988,31.99999,11.3,277.1,,
2025-07-12 17:52:13,120.63272,32.001083333333334,10.8,283.4,,
2025-07-12 17:54:13,120.62608,32.002966666666666,10.7,295.5,,
2025-07-12 17:56:24,120.61893333333332,32.00584333333333,11.4,294.8,,
2025-07-12 17:58:24,120.61262666666669,32.008646666666664,10.9,301.1,,
2025-07-12 18:00:24,120.60674666666668,32.01204333333333,10.8,305.3,,
2025-07-12 18:02:34,120.60028,32.01560666666666,10.8,304.1,,
2025-07-12 18:04:44,120.594,32.019306666666665,10.7,309.3,,
2025-07-12 18:07:03,120.58768,32.02377666666667,10.9,310.8,,
2025-07-12 18:09:03,120.58249333333332,32.02795,10.9,315.3,,
2025-07-12 18:11:03,120.57737333333333,32.03222,10.9,314.0,,
2025-07-12 18:13:10,120.57194666666666,32.03685,11.1,314.6,,
2025-07-12 18:15:15,120.56636,32.04121333333333,11.4,307.0,,
2025-07-12 18:17:24,120.56073333333332,32.04593333333333,10.8,310.0,,
2025-07-12 18:19:34,120.5548,32.04998,10.8,308.1,,
2025-07-12 18:21:34,120.54930666666668,32.053736666666666,11.1,305.2,,
2025-07-12 18:23:34,120.54293333333334,32.05702,11.0,302.4,,
2025-07-12 18:25:35,120.53690666666668,32.060673333333334,11.6,308.0,,
2025-07-12 18:26:44,120.53310666666668,32.06292333333333,12.7,308.3,,
2025-07-12 18:28:45,120.52682666666666,32.06641,11.0,299.5,,
2025-07-12 18:30:45,120.52069333333333,32.06928333333333,10.6,299.8,,
2025-07-12 18:32:53,120.51384,32.07163333333333,10.5,278.6,,
2025-07-12 18:35:05,120.50638666666669,32.072466666666664,10.3,284.4,,
2025-07-12 18:37:10,120.49937333333334,32.07317,10.2,271.8,,
2025-07-12 18:39:10,120.49278666666666,32.073076666666665,10.0,264.8,,
2025-07-12 18:41:10,120.48618666666668,32.07253,10.0,262.6,,
2025-07-12 18:43:15,120.47942666666668,32.0717,9.9,260.7,,
2025-07-12 18:45:15,120.47298666666669,32.07064333333334,10.0,253.4,,
2025-07-12 18:47:33,120.46582666666669,32.068493333333336,10.1,249.4,,
2025-07-12 18:50:15,120.45733333333334,32.065936666666666,10.3,249.3,,
2025-07-12 18:52:24,120.45065333333334,32.063563333333335,10.2,245.2,,
2025-07-12 18:54:55,120.44337333333333,32.05995333333333,10.2,237.3,,
2025-07-12 18:56:55,120.43806666666669,32.056536666666666,10.2,231.6,,
2025-07-12 18:59:03,120.43224,32.05291,10.2,237.6,,
2025-07-12 19:01:03,120.42661333333334,32.0499,10.2,233.0,,
2025-07-12 19:03:10,120.421,32.04599666666667,10.5,228.7,,
2025-07-12 19:05:13,120.416,32.04176666666667,10.7,225.8,,
2025-07-12 19:07:23,120.4104,32.03720666666667,10.9,224.8,,
2025-07-12 19:09:23,120.40536,32.03275,11.4,225.6,,
2025-07-12 19:11:24,120.39954666666668,32.02857,11.6,229.2,,
2025-07-12 19:13:24,120.39377333333331,32.02436333333333,11.6,228.5,,
2025-07-12 19:15:24,120.38809333333332,32.02009,11.5,229.6,,
2025-07-12 19:17:34,120.38193333333334,32.01543,11.5,226.9,,
2025-07-12 19:19:34,120.37621333333334,32.011136666666665,11.7,231.3,,
2025-07-12 19:21:34,120.37056,32.006813333333334,11.6,228.4,,
2025-07-12 19:23:40,120.36396,32.00297666666667,11.5,239.9,,
2025-07-12 19:25:40,120.35742666666668,31.99978,11.3,235.6,,
2025-07-12 19:27:40,120.35226666666668,31.995293333333333,11.4,222.6,,
2025-07-12 19:29:44,120.34712,31.99035,11.6,218.3,,
2025-07-12 19:31:44,120.34188,31.985746666666667,11.6,228.6,,
2025-07-12 19:34:04,120.33489333333333,31.980966666666667,11.8,232.3,,
2025-07-12 19:36:04,120.3288,31.97700333333333,11.7,238.5,,
2025-07-12 19:38:04,120.32224,31.97372,11.7,240.6,,
2025-07-12 19:40:05,120.31542666666668,31.97064333333333,11.5,244.0,,
2025-07-12 19:42:05,120.30861333333333,31.9679,11.5,245.9,,
2025-07-12 19:44:05,120.30202666666666,31.964916666666667,11.3,239.2,,
2025-07-12 19:46:05,120.29576,31.96142,11.5,233.6,,
2025-07-12 19:48:05,120.28952,31.95785,11.5,240.7,,
2025-07-12 19:50:05,120.28290666666666,31.95474,11.7,241.4,,
2025-07-12 19:52:05,120.27614666666666,31.9517,11.7,241.5,,
2025-07-12 19:54:10,120.26913333333331,31.94834,11.6,243.0,,
2025-07-12 19:56:10,120.26208,31.945866666666667,11.7,250.1,,
2025-07-12 19:58:25,120.25381333333333,31.94358,11.9,254.8,,
2025-07-12 20:00:34,120.24577333333332,31.942216666666667,11.7,266.8,,
2025-07-12 20:02:40,120.23764,31.94157,12.0,258.3,,
2025-07-12 20:04:40,120.23001333333332,31.94025333333333,11.7,265.7,,
2025-07-12 20:06:40,120.22241333333334,31.94045,11.7,273.4,,
2025-07-12 20:08:40,120.21477333333333,31.94081,11.7,277.2,,
2025-07-12 20:10:43,120.20701333333334,31.94162333333333,11.5,276.1,,
2025-07-12 20:12:43,120.19944,31.942166666666665,11.7,276.1,,
2025-07-12 20:14:45,120.19168,31.94261,11.7,274.9,,
2025-07-12 20:16:45,120.18410666666666,31.943246666666667,11.7,278.9,,
2025-07-12 20:19:04,120.1754,31.94458333333333,11.8,279.1,,
2025-07-12 20:21:04,120.16788,31.94561,11.5,278.5,,
2025-07-12 20:23:04,120.16036,31.946673333333333,11.7,279.2,,
2025-07-12 20:25:15,120.15214666666668,31.94787,11.4,279.3,,
2025-07-12 20:27:40,120.14330666666666,31.94951,11.5,282.2,,
2025-07-12 20:29:40,120.13596,31.95082,11.5,264.7,,
2025-07-12 20:31:44,120.12828,31.951396666666668,11.5,280.8,,
2025-07-12 20:34:03,120.11977333333331,31.95309,11.5,285.5,,
2025-07-12 20:36:10,120.11201333333334,31.95503,11.6,286.6,,
2025-07-12 20:38:40,120.1028,31.95717,11.7,285.6,,
2025-07-12 20:41:04,120.09389333333333,31.959036666666663,11.7,282.1,,
2025-07-12 20:43:04,120.08636,31.960426666666667,11.8,281.5,,
2025-07-12 20:45:04,120.07877333333332,31.96174333333333,11.8,279.2,,
2025-07-12 20:47:10,120.07070666666668,31.962976666666663,12.0,279.6,,
2025-07-12 20:48:14,120.06658666666668,31.963616666666667,12.0,283.0,,
2025-07-12 20:49:40,120.06101333333334,31.964146666666668,12.0,275.2,,
2025-07-12 20:50:40,120.05709333333331,31.964586666666666,12.1,279.2,,
2025-07-12 20:51:40,120.05324,31.96529,12.1,282.4,,
2025-07-12 20:52:40,120.04938666666666,31.96594333333333,11.9,281.8,,
2025-07-12 20:54:40,120.04186666666666,31.967793333333333,12.0,288.9,,
2025-07-12 20:55:40,120.03821333333332,31.969056666666667,11.9,293.1,,
2025-07-12 20:56:40,120.03456,31.970276666666667,12.0,291.7,,
2025-07-12 20:57:40,120.03092,31.97161333333333,12.0,295.2,,
2025-07-12 20:58:40,120.02733333333332,31.97305,12.1,295.0,,
2025-07-12 20:59:40,120.02374666666668,31.97449333333333,12.1,297.1,,
2025-07-12 21:00:40,120.02042666666668,31.97635,12.1,305.0,,
2025-07-12 21:01:40,120.01718666666666,31.97832333333333,12.2,309.2,,
2025-07-12 21:02:40,120.01412,31.98052,12.2,308.0,,
2025-07-12 21:03:40,120.01090666666668,31.98252,12.2,305.9,,
2025-07-12 21:04:40,120.00770666666666,31.98449,12.1,305.1,,
2025-07-12 21:05:40,120.00448,31.986426666666667,12.1,306.2,,
2025-07-12 21:06:40,120.00136,31.98847333333333,12.0,307.6,,
2025-07-12 21:07:40,119.99833333333332,31.99061,12.0,309.1,,
2025-07-12 21:08:40,119.99521333333334,31.992646666666666,11.9,306.2,,
2025-07-12 21:10:40,119.98918666666668,31.99679666666667,11.9,311.2,,
2025-07-12 21:11:44,119.98605333333332,31.99909,12.0,310.4,,
2025-07-12 21:12:55,119.98250666666668,32.00167,12.0,310.0,,
2025-07-12 21:14:55,119.97704,32.00562,9.9,312.3,,
2025-07-12 21:17:05,119.97245333333332,32.0096,8.0,317.1,,
2025-07-12 21:19:18,119.96828,32.01364,9.9,313.6,,
2025-07-12 21:21:24,119.96292,32.01821666666667,11.0,318.7,,
2025-07-12 21:23:39,119.95762666666668,32.02361,11.1,320.0,,
2025-07-12 21:25:40,119.95361333333334,32.02881333333333,11.2,329.2,,
2025-07-12 21:27:40,119.94961333333332,32.03405333333333,11.2,327.4,,
2025-07-12 21:29:40,119.94586666666666,32.03946666666667,11.3,331.2,,
2025-07-12 21:31:53,119.94222666666668,32.04579,11.5,336.9,,
2025-07-12 21:33:53,119.93901333333334,32.05160333333333,11.5,335.7,,
2025-07-12 21:35:53,119.93614666666667,32.05756,11.6,337.8,,
2025-07-12 21:37:56,119.93436,32.061416666666666,11.5,339.4,,
2025-07-12 21:40:09,119.93076,32.07045,11.3,347.5,,
2025-07-12 21:42:34,119.92846666666668,32.07776333333333,11.3,343.9,,
2025-07-12 21:44:34,119.92654666666668,32.08386333333333,11.3,345.8,,
2025-07-12 21:46:34,119.92489333333332,32.089983333333336,11.3,350.2,,
2025-07-12 21:48:39,119.92344,32.09654333333334,11.4,346.8,,
2025-07-12 21:50:39,119.92177333333332,32.102756666666664,11.4,349.6,,
2025-07-12 21:52:39,119.92045333333331,32.10909,11.6,347.2,,
2025-07-12 21:54:39,119.91886666666667,32.115473333333334,11.7,342.8,,
2025-07-12 21:57:13,119.91621333333332,32.12343,11.6,344.6,,
2025-07-12 21:59:25,119.91437333333332,32.13041,11.6,349.3,,
2025-07-12 22:01:39,119.91233333333334,32.13753,11.6,343.0,,
2025-07-12 22:03:54,119.91025333333332,32.14449333333334,11.6,343.7,,
2025-07-12 22:06:04,119.90874666666669,32.15137333333333,11.5,354.7,,
2025-07-12 22:08:09,119.90777333333334,32.157963333333335,11.4,351.6,,
2025-07-12 22:10:24,119.90637333333332,32.16502666666667,11.5,346.1,,
2025-07-12 22:12:26,119.9056,32.16822666666667,11.5,347.3,,
2025-07-12 22:14:35,119.90342666666666,32.17808,11.2,352.1,,
2025-07-12 22:16:35,119.90234666666667,32.184263333333334,11.3,344.6,,
2025-07-12 22:18:53,119.89985333333334,32.19115,11.1,346.5,,
2025-07-12 22:20:53,119.89878666666668,32.19725666666667,10.9,350.8,,
2025-07-12 22:22:53,119.89794666666668,32.20329666666667,10.9,358.5,,
2025-07-12 22:25:04,119.89704,32.209923333333336,10.9,347.5,,
2025-07-12 22:27:04,119.89488,32.215756666666664,11.0,343.3,,
2025-07-12 22:29:04,119.89306666666668,32.22161,10.9,352.4,,
2025-07-12 22:31:04,119.892,32.227623333333334,10.9,348.7,,
2025-07-12 22:33:05,119.89116,32.23058,10.9,342.3,,
2025-07-12 22:35:09,119.88746666666668,32.23956333333334,11.1,340.4,,
2025-07-13 00:09:43,119.67618666666668,32.237593333333336,9.8,196.4,,
2025-07-13 00:11:44,119.67437333333334,32.23206,10.0,196.6,,
2025-07-13 00:13:44,119.67225333333332,32.22672333333333,10.1,205.0,,
2025-07-13 00:15:44,119.66877333333332,32.22187666666667,10.3,209.6,,
2025-07-13 00:17:45,119.66473333333332,32.21734,10.3,220.2,,
2025-07-13 00:19:55,119.66029333333331,32.21245666666667,9.9,223.1,,
2025-07-13 00:21:55,119.65544,32.208796666666665,9.8,229.7,,
2025-07-13 00:24:05,119.64998666666666,32.20516666666666,9.8,238.4,,
2025-07-13 00:26:05,119.64424,32.20263666666666,9.9,245.9,,
2025-07-13 00:28:05,119.63828,32.200543333333336,9.2,248.9,,
2025-07-13 00:30:14,119.63297333333334,32.198573333333336,7.7,234.0,,
2025-07-13 00:32:34,119.62816,32.19446666666666,9.6,228.0,,
2025-07-13 00:34:39,119.6244,32.19076,6.4,246.0,,
2025-07-13 01:05:09,119.62326666666668,32.1903,0.0,237.7,,
2025-07-13 01:35:09,119.62326666666668,32.19031,0.0,237.7,,
2025-07-13 02:05:09,119.62325333333334,32.190306666666665,0.0,237.7,,
2025-07-13 02:35:09,119.62326666666668,32.19029,0.0,237.7,,
2025-07-13 03:05:09,119.62328,32.19028,0.0,237.7,,
2025-07-13 03:35:09,119.62326666666668,32.19029,0.0,237.7,,
2025-07-13 04:07:42,119.62326666666668,32.1903,0.0,237.7,,
2025-07-13 04:37:42,119.62326666666668,32.190306666666665,0.0,237.7,,
2025-07-13 05:07:42,119.62326666666668,32.19031666666667,0.0,237.7,,
2025-07-13 05:40:41,119.62322666666668,32.19029333333334,0.0,237.7,,
2025-07-13 06:10:41,119.62328,32.19034333333333,0.0,237.7,,
2025-07-13 06:40:41,119.62326666666668,32.19030333333333,0.0,237.7,,
2025-07-13 07:10:41,119.62325333333334,32.19031,0.0,237.7,,
2025-07-13 07:40:41,119.62324,32.19030333333333,0.0,237.7,,
2025-07-13 08:10:41,119.62325333333334,32.190333333333335,0.0,237.7,,
2025-07-13 08:41:22,119.62329333333334,32.19029666666667,0.0,,,
2025-07-13 09:11:22,119.62330666666666,32.19030333333333,0.0,,,
2025-07-13 09:43:41,119.62324,32.19031,0.0,237.7,,
2025-07-13 10:13:41,119.62324,32.19028333333333,0.0,237.7,,
2025-07-13 10:43:41,119.62328,32.190306666666665,0.0,237.7,,
2025-07-13 11:13:41,119.62328,32.190306666666665,0.0,237.7,,
2025-07-13 11:43:41,119.62326666666668,32.19027666666667,0.0,237.7,,
2025-07-13 12:14:19,119.62328,32.190313333333336,0.0,,,
2025-07-13 12:44:23,119.62334666666666,32.19027,0.1,,,
2025-07-13 13:16:40,119.62328,32.19029,0.0,237.7,,
2025-07-13 13:47:22,119.62329333333334,32.190326666666664,0.0,,,
2025-07-13 14:19:40,119.62324,32.19029666666667,0.0,237.7,,
2025-07-13 14:49:40,119.62329333333334,32.1903,0.0,237.7,,
2025-07-13 15:19:40,119.62325333333334,32.19030333333333,0.0,237.7,,
2025-07-13 15:49:40,119.62326666666668,32.19029,0.0,237.7,,
2025-07-13 16:22:39,119.62328,32.190306666666665,0.0,237.7,,
2025-07-13 16:52:39,119.62325333333334,32.19031666666667,0.0,237.7,,
2025-07-13 17:22:39,119.62326666666668,32.19033,0.0,237.7,,
2025-07-13 17:52:39,119.62326666666668,32.19029666666667,0.0,237.7,,
2025-07-13 18:22:39,119.62326666666668,32.19032,0.0,237.7,,
2025-07-13 18:52:39,119.62325333333334,32.190306666666665,0.0,237.7,,
2025-07-13 19:22:39,119.62325333333334,32.19031666666667,0.0,237.7,,
2025-07-13 19:52:39,119.62326666666668,32.190306666666665,0.0,237.7,,
2025-07-13 20:22:39,119.62328,32.190306666666665,0.0,237.7,,
2025-07-13 20:52:39,119.62328,32.19029666666667,0.0,237.7,,
2025-07-13 21:22:39,119.62326666666668,32.19032333333333,0.0,237.7,,
2025-07-13 21:53:22,119.62332,32.190286666666665,0.0,,,
2025-07-13 22:23:47,119.62328,32.19028333333333,0.0,237.7,,
2025-07-13 22:56:21,119.62330666666666,32.190313333333336,0.0,,,
2025-07-13 23:26:23,119.62332,32.19027333333333,0.0,,,
2025-07-13 23:45:16,119.62324,32.19035,0.6,300.9,,
2025-07-13 23:47:26,119.62668,32.191336666666665,9.9,70.2,,
2025-07-13 23:49:26,119.6336,32.19322,12.0,69.5,,
2025-07-13 23:50:36,119.63798666666666,32.19471,12.2,65.2,,
2025-07-13 23:51:38,119.64165333333334,32.196333333333335,12.2,68.0,,
2025-07-13 23:52:38,119.64532,32.197783333333334,12.3,66.0,,
2025-07-13 23:54:08,119.64532,32.197783333333334,12.3,66.0,,
2025-07-13 23:55:15,119.65538666666669,32.200723333333336,12.4,64.6,,
2025-07-13 23:56:43,119.65493333333332,32.20053333333333,12.5,66.5,,
2025-07-13 23:58:06,119.66125333333332,32.202263333333335,0.3,111.5,,
2025-07-13 23:59:25,119.66112,32.20225666666666,0.1,,,
2025-07-14 00:11:34,119.66104,32.202533333333335,0.7,19.1,,
2025-07-14 00:14:37,119.65952,32.20198333333333,2.8,243.7,,
2025-07-14 00:17:37,119.65853333333334,32.201546666666665,4.1,243.3,,
2025-07-14 00:21:02,119.65362666666668,32.19953666666667,2.7,241.0,,
2025-07-14 00:24:54,119.65141333333334,32.19858333333333,1.4,220.4,,
2025-07-14 00:27:54,119.65130666666668,32.19793,0.2,259.7,,
2025-07-14 00:46:04,119.65118666666666,32.19795666666667,2.5,338.2,,
2025-07-14 00:48:33,119.65592,32.199996666666664,8.7,63.8,,
2025-07-14 00:51:56,119.65945333333332,32.20147,0.5,61.1,,
2025-07-14 00:55:15,119.65998666666668,32.20155666666667,1.0,70.9,,
2025-07-14 01:21:34,119.66046666666666,32.201573333333336,1.7,42.9,,
2025-07-14 01:25:10,119.66172,32.20330666666667,6.8,42.5,,
2025-07-14 01:27:15,119.66372,32.20721666666667,7.1,1.6,,
2025-07-14 01:30:34,119.66409333333333,32.21123,3.5,23.6,,
2025-07-14 01:33:40,119.66469333333332,32.21462,6.8,351.9,,
2025-07-14 01:36:40,119.66666666666669,32.21718,8.9,206.8,,
2025-07-14 01:38:43,119.66598666666668,32.21611,8.2,212.9,,
2025-07-14 01:40:54,119.66013333333332,32.210573333333336,6.7,229.3,,
2025-07-14 01:42:54,119.65689333333331,32.208146666666664,6.4,227.4,,
2025-07-14 01:45:02,119.65564,32.20720333333333,6.4,226.3,,
2025-07-14 01:47:04,119.65074666666666,32.203023333333334,6.2,226.2,,
2025-07-14 01:49:05,119.64793333333331,32.20054666666667,5.9,218.7,,
2025-07-14 01:52:05,119.64469333333334,32.1971,4.3,227.1,,
2025-07-14 01:55:06,119.64264,32.19616,2.8,240.2,,
2025-07-14 01:58:14,119.64034666666667,32.19528,1.1,213.8,,
2025-07-14 02:01:14,119.64026666666666,32.19474,0.5,143.1,,
2025-07-14 02:06:14,119.64052,32.194253333333336,0.5,48.5,,
2025-07-14 02:23:45,119.64069333333332,32.19442333333333,2.7,278.9,,
2025-07-14 02:25:55,119.63448,32.19269333333333,11.0,250.0,,
2025-07-14 02:27:55,119.62732,32.19113,10.0,268.0,,
2025-07-14 02:31:55,119.62246666666668,32.190313333333336,1.4,298.4,,
2025-07-14 02:33:55,119.61732,32.193416666666664,11.1,277.0,,
2025-07-14 02:36:15,119.60893333333334,32.1923,10.9,260.8,,
2025-07-14 02:38:25,119.60116,32.19146333333333,11.1,263.6,,
2025-07-14 02:40:25,119.59393333333334,32.19104333333333,10.8,269.7,,
2025-07-14 02:42:29,119.58685333333334,32.19087666666667,10.1,265.7,,
2025-07-14 02:44:29,119.58078666666668,32.190596666666664,7.6,272.7,,
2025-07-14 02:46:54,119.57568,32.19092333333333,6.9,285.0,,
2025-07-14 02:48:59,119.57089333333332,32.19162,5.4,278.7,,
2025-07-14 02:50:59,119.56714666666667,32.19077,7.3,260.4,,
2025-07-14 02:53:00,119.56278666666668,32.18992333333333,5.8,267.7,,
2025-07-14 02:56:07,119.55938666666668,32.19067,5.1,284.0,,
2025-07-14 02:59:21,119.55604,32.19141333333334,2.8,287.9,,
2025-07-14 03:02:34,119.55421333333334,32.19154666666667,0.1,,,
2025-07-14 03:09:21,119.55458666666668,32.191536666666664,2.2,82.0,,
2025-07-14 03:12:21,119.55534666666668,32.19116666666667,1.0,127.6,,
2025-07-14 03:29:37,119.5558,32.190963333333336,2.1,356.6,,
2025-07-14 03:31:37,119.55369333333331,32.194253333333336,8.2,325.9,,
2025-07-14 03:33:37,119.55398666666666,32.198813333333334,7.8,348.7,,
2025-07-14 03:35:47,119.55370666666668,32.19988333333333,7.7,342.3,,
2025-07-14 03:37:49,119.55217333333331,32.20397666666667,7.6,348.6,,
2025-07-14 03:40:23,119.55217333333331,32.21324,8.1,356.6,,
2025-07-14 03:42:33,119.55153333333334,32.218176666666665,8.5,359.6,,
2025-07-14 03:44:33,119.55121333333334,32.22282666666667,8.5,354.4,,
2025-07-14 03:46:33,119.55077333333334,32.227486666666664,8.4,356.1,,
2025-07-14 03:48:33,119.55073333333333,32.228883333333336,8.5,2.1,,
2025-07-14 03:50:40,119.54878666666669,32.23482666666666,9.2,325.3,,
2025-07-14 06:38:26,119.53809333333334,32.236826666666666,11.0,137.5,,
2025-07-14 06:40:26,119.54269333333332,32.232366666666664,10.5,140.3,,
2025-07-14 06:42:26,119.54657333333331,32.227646666666665,10.0,149.3,,
2025-07-14 06:44:26,119.54870666666666,32.222476666666665,9.5,171.7,,
2025-07-14 06:46:26,119.54889333333334,32.21736333333333,8.8,178.1,,
2025-07-14 06:48:45,119.54966666666668,32.21134333333333,10.1,177.6,,
2025-07-14 06:50:45,119.55005333333334,32.205513333333336,10.8,174.4,,
2025-07-14 06:52:45,119.55126666666666,32.19960666666667,10.7,166.3,,
2025-07-14 06:54:45,119.55436,32.19456,10.1,122.5,,
2025-07-14 06:57:47,119.55749333333333,32.19462333333333,3.5,147.8,,
2025-07-14 07:00:26,119.5626,32.19074333333333,9.4,108.0,,
2025-07-14 07:02:46,119.56918666666668,32.188986666666665,7.2,104.7,,
2025-07-14 07:05:46,119.575,32.187803333333335,5.4,102.6,,
2025-07-14 07:08:47,119.57990666666667,32.18694,4.5,96.1,,
2025-07-14 07:11:47,119.5842,32.18675,4.3,91.8,,
2025-07-14 07:14:47,119.58830666666668,32.186656666666664,3.9,86.7,,
2025-07-14 07:17:56,119.59222666666666,32.186546666666665,3.8,94.3,,
2025-07-14 07:21:17,119.59638666666666,32.186146666666666,3.6,90.7,,
2025-07-14 07:24:17,119.59978666666666,32.186523333333334,3.2,78.1,,
2025-07-14 07:27:17,119.60282666666669,32.18710333333333,3.0,71.5,,
2025-07-14 07:30:37,119.60668,32.188916666666664,4.6,74.7,,
2025-07-14 07:33:41,119.60768,32.18912666666667,4.5,75.2,,
2025-07-14 07:37:09,119.61252,32.19033666666667,5.3,54.9,,
2025-07-14 07:40:14,119.61748,32.19252,4.4,65.5,,
2025-07-14 07:43:37,119.61508,32.193616666666664,3.0,243.6,,
2025-07-14 07:45:55,119.61238666666668,32.1923,6.3,240.7,,
2025-07-14 07:48:55,119.60729333333332,32.19041333333333,5.5,239.1,,
2025-07-14 07:52:11,119.60337333333334,32.1874,3.7,219.1,,
2025-07-14 07:55:11,119.6006,32.186753333333336,2.9,263.6,,
2025-07-14 07:58:11,119.59822666666666,32.18633,2.1,256.8,,
2025-07-14 08:01:25,119.59697333333334,32.18618,0.9,235.3,,
2025-07-14 08:05:38,119.59645333333332,32.185743333333335,0.5,247.0,,
2025-07-14 08:08:38,119.59649333333331,32.185583333333334,0.2,,,
2025-07-14 08:14:39,119.59697333333334,32.18554,2.0,79.6,,
2025-07-14 08:18:06,119.59824,32.18585,2.4,107.3,,
2025-07-14 08:20:06,119.60244,32.18821,10.4,68.7,,
2025-07-14 08:22:07,119.60930666666668,32.19014,11.2,75.7,,
2025-07-14 08:24:07,119.61657333333332,32.19167,11.2,78.8,,
2025-07-14 08:26:07,119.62305333333332,32.1909,4.9,141.9,,
2025-07-14 08:28:16,119.62328,32.19034333333333,0.3,171.0,,
2025-07-14 09:01:30,119.62328,32.1903,0.0,180.3,,
2025-07-14 09:31:30,119.62326666666668,32.19029333333334,0.0,180.3,,
2025-07-14 10:01:30,119.62324,32.19031,0.0,180.3,,
2025-07-14 10:31:30,119.62326666666668,32.19031666666667,0.0,180.3,,
2025-07-14 11:01:35,119.62329333333334,32.19028333333333,0.0,,,
2025-07-14 11:32:35,119.62330666666666,32.19029333333334,0.0,,,
2025-07-14 12:02:39,119.62324,32.19031,0.0,180.3,,
2025-07-14 12:34:30,119.62328,32.190306666666665,0.0,180.3,,
2025-07-14 13:07:33,119.62336,32.19028333333333,0.0,,,
2025-07-14 13:40:29,119.62326666666668,32.19029333333334,0.0,180.3,,
2025-07-14 14:10:33,119.62330666666666,32.19030333333333,0.0,,,
2025-07-14 14:40:34,119.62329333333334,32.19031,0.0,,,
2025-07-14 15:13:32,119.62328,32.1903,0.0,180.3,,
2025-07-14 15:46:29,119.62328,32.19030333333333,0.0,180.3,,
2025-07-14 16:16:33,119.62329333333334,32.19032,0.0,,,
2025-07-14 16:49:29,119.62328,32.19030333333333,0.0,180.3,,
2025-07-14 17:19:29,119.62328,32.19028333333333,0.0,180.3,,
2025-07-14 17:49:29,119.62326666666668,32.19029666666667,0.0,180.3,,
2025-07-14 18:22:33,119.62332,32.190286666666665,0.0,,,
2025-07-14 18:55:34,119.62330666666666,32.19031,0.0,,,
2025-07-14 19:28:28,119.62326666666668,32.19030333333333,0.0,180.3,,
2025-07-14 19:58:28,119.62324,32.1903,0.0,180.3,,
2025-07-14 20:28:28,119.62326666666668,32.190266666666666,0.0,180.3,,
2025-07-14 20:46:51,119.62666666666668,32.19155,10.2,81.3,,
2025-07-14 20:49:20,119.63349333333332,32.192746666666665,9.6,78.1,,
2025-07-14 20:57:12,119.63533333333334,32.19249,0.5,80.1,,
2025-07-14 21:13:51,119.63529333333334,32.192726666666665,0.6,348.2,,
2025-07-14 21:16:54,119.63629333333331,32.19442,4.8,66.8,,
2025-07-14 21:20:22,119.64004,32.194873333333334,0.7,177.9,,
2025-07-14 21:22:25,119.64485333333332,32.19669,11.1,55.0,,
2025-07-14 21:24:54,119.65254666666668,32.20099666666667,11.0,53.3,,
2025-07-14 21:27:02,119.65849333333334,32.20524,11.3,46.4,,
2025-07-14 21:29:02,119.66210666666667,32.21031333333333,10.6,15.4,,
2025-07-14 21:31:03,119.66201333333332,32.21589,7.5,325.3,,
2025-07-14 21:34:12,119.66142666666669,32.215466666666664,1.9,237.0,,
2025-07-14 22:04:25,119.66121333333334,32.21539666666666,0.0,239.3,,
2025-07-14 22:35:49,119.66124,32.21546,0.0,,,
2025-07-14 23:05:50,119.66126666666666,32.21543,0.0,,,
2025-07-14 23:35:54,119.66126666666666,32.21543333333333,0.0,,,
2025-07-14 23:38:07,119.65986666666667,32.21406,7.3,228.9,,
2025-07-15 00:09:08,119.65708,32.21214333333333,0.0,250.7,,
2025-07-15 00:35:34,119.65721333333332,32.21220666666667,1.5,57.8,,
2025-07-15 00:37:36,119.66025333333332,32.21256,8.1,64.8,,
2025-07-15 00:39:42,119.66448,32.216213333333336,9.9,40.0,,
2025-07-15 00:41:42,119.66850666666669,32.21982333333333,3.9,140.8,,
2025-07-15 00:43:42,119.66681333333334,32.21577333333333,8.6,212.4,,
2025-07-15 00:45:42,119.66410666666668,32.21232,6.3,213.2,,
2025-07-15 00:48:42,119.661,32.20865333333333,4.8,212.9,,
2025-07-15 00:51:42,119.65944,32.20511666666667,4.4,189.6,,
2025-07-15 00:54:43,119.65870666666666,32.20248333333333,2.1,200.0,,
2025-07-15 00:58:05,119.65816,32.20129333333333,0.8,204.3,,
2025-07-15 01:01:06,119.65772,32.200783333333334,0.8,212.9,,
2025-07-15 01:04:35,119.65753333333332,32.20043666666667,0.5,238.3,,
2025-07-15 01:08:56,119.65742666666668,32.20024,0.5,52.1,,
2025-07-15 01:16:36,119.65753333333332,32.200313333333334,0.8,3.8,,
2025-07-15 01:18:36,119.65486666666666,32.19953666666667,6.6,246.3,,
2025-07-15 01:20:36,119.65090666666669,32.19795666666667,6.7,252.7,,
2025-07-15 01:22:38,119.64692,32.196603333333336,7.0,254.6,,
2025-07-15 01:24:46,119.64258666666667,32.19566666666667,5.9,254.4,,
2025-07-15 01:26:54,119.63849333333332,32.19478,6.1,257.8,,
2025-07-15 01:29:34,119.63377333333334,32.192906666666666,6.2,243.5,,
2025-07-15 01:31:34,119.62990666666668,32.191673333333334,6.3,254.1,,
2025-07-15 01:33:34,119.62585333333334,32.19098666666667,6.3,260.4,,
2025-07-15 02:05:32,119.62330666666666,32.19043333333333,0.0,,,
2025-07-15 02:12:26,119.62313333333331,32.19052,2.0,274.4,,
2025-07-15 02:14:26,119.62069333333334,32.19300333333333,7.2,324.7,,
2025-07-15 02:16:29,119.61585333333332,32.19404,8.7,256.2,,
2025-07-15 02:18:29,119.61062666666666,32.19281333333333,8.2,264.8,,
2025-07-15 02:20:40,119.6048,32.19220333333333,8.3,260.6,,
2025-07-15 02:22:50,119.59901333333332,32.19157333333333,8.3,265.9,,
2025-07-15 02:24:56,119.59329333333334,32.19112666666667,8.2,264.0,,
2025-07-15 02:26:56,119.58805333333332,32.19036,7.8,258.9,,
2025-07-15 02:29:09,119.58221333333331,32.19041333333333,8.2,267.7,,
2025-07-15 02:31:09,119.57692,32.190353333333334,7.9,277.6,,
2025-07-15 02:33:18,119.57137333333333,32.190963333333336,8.0,277.3,,
2025-07-15 02:35:19,119.56624,32.19166666666667,7.8,282.9,,
2025-07-15 02:37:20,119.56104,32.19228,8.1,277.2,,
2025-07-15 02:39:30,119.55526666666668,32.19153,7.0,261.4,,
2025-07-15 03:00:56,119.55421333333334,32.19147,1.6,346.2,,
2025-07-15 03:04:09,119.55573333333334,32.191806666666665,2.0,108.6,,
2025-07-15 03:06:19,119.55696,32.19083,6.2,292.7,,
2025-07-15 03:36:46,119.55450666666668,32.191143333333336,0.0,,,
2025-07-15 04:06:47,119.55449333333334,32.19109,0.0,,,
2025-07-15 04:09:48,119.55452,32.19112666666667,2.1,100.6,,
2025-07-15 04:12:07,119.55808,32.19062666666667,7.2,94.4,,
2025-07-15 04:14:07,119.56341333333332,32.190236666666664,8.8,96.6,,
2025-07-15 04:16:07,119.56930666666666,32.18938,9.4,103.2,,
2025-07-15 04:18:07,119.57526666666666,32.18837666666667,8.1,91.4,,
2025-07-15 04:21:07,119.57830666666666,32.18947333333333,3.8,356.1,,
2025-07-15 04:24:12,119.57668,32.19067,2.2,287.0,,
2025-07-15 04:27:18,119.57638666666666,32.190553333333334,1.8,148.6,,
2025-07-15 04:29:25,119.57341333333332,32.18977666666667,6.0,270.5,,
2025-07-15 04:32:26,119.56844,32.18964666666667,4.7,271.3,,
2025-07-15 04:35:35,119.56350666666668,32.19016333333333,5.0,281.1,,
2025-07-15 04:38:36,119.55957333333332,32.19103,3.0,285.1,,
2025-07-15 04:41:36,119.557,32.19159,2.5,286.3,,
2025-07-15 04:44:36,119.55532,32.191826666666664,1.6,275.6,,
2025-07-15 05:05:16,119.55429333333332,32.19149,1.2,22.7,,
2025-07-15 05:07:16,119.55801333333334,32.190646666666666,7.8,99.9,,
2025-07-15 05:09:17,119.56414666666667,32.18962,10.4,101.7,,
2025-07-15 05:11:17,119.57102666666668,32.18878333333333,10.8,95.5,,
2025-07-15 05:13:17,119.57822666666668,32.1881,11.0,95.6,,
2025-07-15 05:15:17,119.58544,32.18784,10.8,92.1,,
2025-07-15 05:17:36,119.59357333333334,32.18791,10.7,87.1,,
2025-07-15 05:19:36,119.60041333333334,32.188653333333335,10.3,79.8,,
2025-07-15 05:21:36,119.60714666666668,32.18976,10.6,79.1,,
2025-07-15 05:23:36,119.61404,32.19104333333333,10.8,72.4,,
2025-07-15 05:25:36,119.62084,32.19163,9.8,109.9,,
2025-07-15 05:28:38,119.62285333333334,32.19049666666667,0.6,194.0,,
2025-07-15 05:48:42,119.62249333333334,32.19038666666667,2.3,55.3,,
2025-07-15 05:50:42,119.62608,32.19145,9.6,77.0,,
2025-07-15 05:52:45,119.63258666666668,32.19273333333334,10.0,74.8,,
2025-07-15 05:55:53,119.63874666666666,32.19392333333333,1.0,145.0,,
2025-07-15 06:21:54,119.63856,32.193776666666665,1.6,14.8,,
2025-07-15 06:24:54,119.63890666666668,32.19483666666667,1.9,20.4,,
2025-07-15 06:28:02,119.64074666666669,32.19709,4.5,61.3,,
2025-07-15 06:31:14,119.64524,32.198993333333334,5.6,69.9,,
2025-07-15 06:34:14,119.65041333333332,32.20012,4.5,64.5,,
2025-07-15 06:36:23,119.65569333333332,32.20247333333333,8.6,56.8,,
2025-07-15 06:39:24,119.66070666666668,32.20536666666667,6.7,33.3,,
2025-07-15 06:42:33,119.65944,32.20838,6.1,256.2,,
2025-07-15 06:44:33,119.65546666666668,32.20738,6.3,244.2,,
2025-07-15 06:46:44,119.65185333333334,32.20494,7.7,226.8,,
2025-07-15 06:48:44,119.64750666666669,32.20355,6.2,260.5,,
2025-07-15 06:50:44,119.6436,32.202376666666666,6.4,247.3,,
2025-07-15 06:53:01,119.63918666666666,32.20066,6.5,245.8,,
2025-07-15 06:55:04,119.6354,32.199133333333336,6.6,250.1,,
2025-07-15 06:57:14,119.63110666666668,32.19798333333333,6.4,251.0,,
2025-07-15 06:59:23,119.62946666666669,32.194136666666665,8.9,180.5,,
2025-07-15 07:01:23,119.62674666666666,32.191563333333335,7.1,255.2,,
2025-07-15 07:31:30,119.62292,32.190243333333335,0.1,,,
2025-07-15 08:01:31,119.62289333333334,32.19024666666667,0.0,,,
2025-07-15 08:34:31,119.62290666666668,32.19023,0.0,,,
2025-07-15 09:04:31,119.62292,32.190263333333334,0.0,,,
2025-07-15 09:34:33,119.62292,32.19024,0.0,,,
2025-07-15 09:37:48,119.62336,32.190846666666665,7.3,75.6,,
2025-07-15 09:39:48,119.63013333333332,32.19202666666666,11.6,75.4,,
2025-07-15 09:40:48,119.63390666666666,32.19303,12.4,72.3,,
2025-07-15 09:41:48,119.63776,32.19411,12.5,73.3,,
2025-07-15 09:42:48,119.64168,32.19531666666666,12.6,70.3,,
2025-07-15 09:43:55,119.64428,32.196153333333335,12.5,67.4,,
2025-07-15 09:44:58,119.64994666666666,32.19812666666667,12.2,65.7,,
2025-07-15 09:45:58,119.65357333333333,32.19967,12.3,61.5,,
2025-07-15 09:47:14,119.65357333333333,32.19967,12.3,61.5,,
2025-07-15 10:08:37,119.66128,32.20254333333333,1.6,331.7,,
2025-07-15 10:11:37,119.66088,32.20295333333333,0.5,347.6,,
2025-07-15 10:14:47,119.66066666666669,32.2034,2.0,44.0,,
2025-07-15 10:17:48,119.66110666666668,32.204213333333335,3.1,39.8,,
2025-07-15 10:21:05,119.66269333333334,32.205573333333334,5.9,42.5,,
2025-07-15 10:24:08,119.66694666666666,32.2112,4.2,18.3,,
2025-07-15 10:26:08,119.66604,32.214796666666665,5.7,299.0,,
2025-07-15 10:29:08,119.66121333333334,32.21445333333333,4.6,254.6,,
2025-07-15 10:32:14,119.65708,32.21264333333333,2.5,226.5,,
2025-07-15 11:02:14,119.65681333333332,32.21225666666667,0.0,209.9,,
2025-07-15 11:24:27,119.65692,32.212363333333336,1.0,34.3,,
2025-07-15 11:26:38,119.66016,32.21322333333333,9.2,52.7,,
2025-07-15 11:30:07,119.66465333333332,32.21746,3.7,49.6,,
2025-07-15 11:33:07,119.66702666666669,32.21965,3.5,38.5,,
2025-07-15 11:36:16,119.66913333333332,32.22207,3.2,33.1,,
2025-07-15 11:38:16,119.67193333333331,32.2254,3.5,54.8,,
2025-07-15 11:40:16,119.67042666666669,32.22124,9.3,202.8,,
2025-07-15 11:42:16,119.6674,32.21724,8.0,213.6,,
2025-07-15 11:44:27,119.66429333333332,32.21342333333333,6.9,214.3,,
2025-07-15 11:47:28,119.66126666666666,32.20914666666667,4.8,206.1,,
2025-07-15 11:50:28,119.66112,32.20601,3.0,170.5,,
2025-07-15 11:53:37,119.66105333333331,32.203963333333334,1.8,184.7,,
2025-07-15 11:56:48,119.66096,32.202803333333335,1.3,227.6,,
2025-07-15 11:59:57,119.66094666666666,32.20236666666667,0.4,167.8,,
2025-07-15 12:29:58,119.65973333333334,32.201883333333335,7.1,235.7,,
2025-07-15 12:32:59,119.65616,32.200136666666666,4.1,231.5,,
2025-07-15 12:35:58,119.64724,32.196843333333334,7.8,246.9,,
2025-07-15 12:38:07,119.64222666666667,32.19504666666667,7.7,253.7,,
2025-07-15 12:40:16,119.63721333333334,32.19363,7.4,253.2,,
2025-07-15 12:42:16,119.63273333333332,32.19233666666667,7.1,252.8,,
2025-07-15 12:44:17,119.62802666666668,32.191586666666666,7.4,263.6,,
2025-07-15 12:46:54,119.62457333333332,32.19100666666667,6.7,257.9,,
2025-07-15 13:18:14,119.62289333333334,32.19029,0.0,,,
2025-07-15 13:49:09,119.62285333333334,32.19033666666667,0.0,220.5,,
2025-07-15 14:19:09,119.62281333333334,32.19031,0.0,220.5,,
2025-07-15 14:49:09,119.62282666666668,32.190326666666664,0.0,220.5,,
2025-07-15 15:21:16,119.62286666666668,32.190313333333336,0.0,,,
2025-07-15 15:52:08,119.62281333333334,32.19031666666667,0.0,220.5,,
2025-07-15 16:22:09,119.6228,32.19032,0.0,220.5,,
2025-07-15 16:52:10,119.62281333333334,32.190326666666664,0.0,220.5,,
2025-07-15 17:24:13,119.62284,32.19035,0.2,,,
2025-07-15 17:54:13,119.62289333333334,32.19033,0.0,,,
2025-07-15 18:24:15,119.62286666666668,32.19032,0.0,,,
2025-07-15 18:55:14,119.62281333333334,32.190326666666664,0.0,220.5,,
2025-07-15 19:27:13,119.62285333333334,32.19032,0.0,,,
2025-07-15 19:57:13,119.62285333333334,32.19034333333333,0.0,,,
2025-07-15 20:28:08,119.62281333333334,32.19033,0.0,220.5,,
2025-07-15 21:00:13,119.62286666666668,32.19032333333333,0.0,,,
2025-07-15 21:31:13,119.62286666666668,32.19033,0.0,,,
2025-07-15 22:03:16,119.62289333333334,32.19032,0.0,,,
2025-07-15 22:33:04,119.62286666666668,32.19039,2.1,50.9,,
2025-07-15 22:35:04,119.62638666666666,32.19153333333333,9.4,72.4,,
2025-07-15 22:37:12,119.63322666666669,32.193373333333334,10.7,70.0,,
2025-07-15 22:39:32,119.64122666666668,32.19609,11.8,65.2,,
2025-07-15 22:41:41,119.64861333333332,32.19938,11.7,59.0,,
2025-07-15 22:43:41,119.655,32.20278666666667,11.3,56.2,,
2025-07-15 22:46:11,119.66258666666668,32.20741666666667,11.1,49.0,,
2025-07-15 22:48:11,119.6682,32.20946,7.4,113.1,,
2025-07-15 23:04:04,119.66962666666667,32.2088,0.9,291.8,,
2025-07-15 23:07:04,119.66865333333334,32.20914333333333,1.4,293.8,,
2025-07-15 23:10:12,119.66784,32.21064666666667,3.0,6.4,,
2025-07-15 23:13:12,119.66850666666669,32.21182,4.6,162.1,,
2025-07-15 23:15:21,119.66741333333331,32.20842,6.5,210.4,,
2025-07-15 23:17:30,119.66476,32.20485333333333,4.3,216.2,,
2025-07-15 23:47:31,119.66453333333334,32.20448666666667,0.0,,,
2025-07-15 23:55:22,119.66426666666666,32.204676666666664,0.7,343.9,,
2025-07-15 23:58:22,119.66394666666666,32.20484666666667,1.4,262.0,,
2025-07-16 00:01:46,119.66394666666666,32.20717333333333,3.6,26.2,,
2025-07-16 00:03:52,119.66518666666668,32.210456666666666,9.2,0.8,,
2025-07-16 00:07:02,119.66749333333334,32.21427666666666,3.5,31.4,,
2025-07-16 00:09:02,119.66948,32.21631,7.7,50.7,,
2025-07-16 00:11:08,119.67468,32.219166666666666,8.6,70.4,,
2025-07-16 00:14:11,119.67732,32.220076666666664,0.9,253.5,,
2025-07-16 00:18:52,119.67702666666666,32.22006,0.5,37.7,,
2025-07-16 00:22:12,119.67744,32.220686666666666,0.9,26.6,,
2025-07-16 00:25:22,119.67778666666666,32.22161,1.2,16.5,,
2025-07-16 00:28:22,119.67804,32.22252,1.0,357.6,,
2025-07-16 00:31:22,119.67808,32.22353,1.5,11.5,,
2025-07-16 00:33:22,119.67624,32.2257,7.0,298.0,,
2025-07-16 00:35:22,119.6744,32.22884,6.8,340.7,,
2025-07-16 00:37:22,119.67390666666668,32.23249666666667,6.3,24.8,,
2025-07-16 00:39:22,119.67692,32.23535,6.6,64.9,,
2025-07-16 00:41:22,119.67796,32.23238,7.4,184.2,,
2025-07-16 00:44:22,119.67808,32.22797333333333,4.2,178.6,,
2025-07-16 00:47:22,119.67784,32.22498,3.9,189.3,,
2025-07-16 00:50:22,119.67690666666668,32.22199666666667,3.0,196.5,,
2025-07-16 00:53:22,119.67613333333334,32.219856666666665,2.2,201.9,,
2025-07-16 00:56:31,119.67644,32.21962,1.2,72.0,,
2025-07-16 01:00:31,119.67710666666666,32.220076666666664,0.7,75.9,,
2025-07-16 01:03:42,119.67761333333333,32.22040333333333,0.4,41.9,,
2025-07-16 01:11:02,119.67761333333333,32.22058666666667,1.6,293.7,,
2025-07-16 01:13:12,119.67490666666669,32.22130333333333,7.4,289.7,,
2025-07-16 01:15:12,119.67036,32.22133,6.9,246.7,,
2025-07-16 01:17:12,119.66674666666668,32.21917666666667,6.9,232.6,,
2025-07-16 01:19:12,119.6622,32.21661,8.5,256.6,,
2025-07-16 01:21:21,119.65878666666669,32.21453,6.0,223.5,,
2025-07-16 01:51:27,119.65770666666668,32.214166666666664,0.0,,,
2025-07-16 02:21:53,119.65768,32.214133333333336,0.0,263.4,,
2025-07-16 02:53:16,119.65768,32.21413,0.0,263.4,,
2025-07-16 03:24:31,119.65774666666668,32.21415666666667,0.0,,,
2025-07-16 03:40:11,119.65788,32.21419,1.3,59.3,,
2025-07-16 03:43:11,119.66069333333331,32.213476666666665,3.5,89.4,,
2025-07-16 03:46:11,119.66216,32.21404666666667,1.7,40.0,,
2025-07-16 03:49:11,119.66324,32.21491,1.4,51.0,,
2025-07-16 03:52:11,119.66417333333334,32.215743333333336,1.5,35.0,,
2025-07-16 03:55:21,119.66572,32.21635666666667,4.0,136.0,,
2025-07-16 03:58:23,119.66465333333332,32.213973333333335,3.0,230.0,,
2025-07-16 04:01:23,119.66268,32.212073333333336,3.2,229.0,,
2025-07-16 04:04:33,119.66092,32.21064666666667,3.8,224.9,,
2025-07-16 04:07:34,119.65838666666669,32.208333333333336,3.9,223.2,,
2025-07-16 04:10:53,119.65444,32.20522666666667,3.4,221.3,,
2025-07-16 04:13:53,119.65217333333334,32.20312,3.2,228.2,,
2025-07-16 04:16:53,119.64974666666669,32.20151666666667,3.1,225.0,,
2025-07-16 04:19:54,119.64856,32.200026666666666,3.5,204.6,,
2025-07-16 04:23:00,119.64704,32.1978,2.5,229.1,,
2025-07-16 04:26:24,119.64457333333333,32.19677,2.1,253.7,,
2025-07-16 04:29:25,119.64312,32.196223333333336,1.5,247.7,,
2025-07-16 04:33:22,119.64130666666668,32.19536333333333,1.1,233.3,,
2025-07-16 04:37:21,119.64070666666667,32.19484,0.6,243.3,,
2025-07-16 05:08:01,119.64041333333331,32.19423666666667,0.0,,,
2025-07-16 05:17:52,119.64046666666668,32.1944,2.4,272.0,,
2025-07-16 05:20:22,119.63601333333334,32.19303,6.5,250.8,,
2025-07-16 05:22:32,119.63149333333334,32.19189,6.9,253.9,,
2025-07-16 05:24:52,119.62612,32.19101,7.1,262.9,,
2025-07-16 05:26:52,119.62618666666668,32.19103333333333,7.1,261.1,,
2025-07-16 05:57:35,119.62326666666668,32.19031,0.0,232.7,,
2025-07-16 06:27:35,119.62328,32.19030333333333,0.0,232.7,,
2025-07-16 06:58:00,119.62334666666666,32.19033,0.0,,,
2025-07-16 07:28:58,119.62334666666666,32.19032,0.0,,,
2025-07-16 08:02:00,119.62330666666666,32.190333333333335,0.0,,,
2025-07-16 08:33:02,119.62326666666668,32.19031,0.0,232.7,,
2025-07-16 09:06:02,119.62329333333334,32.19030333333333,0.0,232.7,,
2025-07-16 09:33:08,119.62328,32.190353333333334,2.0,25.2,,
2025-07-16 09:35:13,119.62414666666666,32.19087666666667,7.1,77.1,,
2025-07-16 09:37:14,119.63341333333334,32.192766666666664,10.4,72.5,,
2025-07-16 09:39:14,119.64012,32.19476,11.1,69.9,,
2025-07-16 09:41:15,119.64705333333332,32.197003333333335,11.1,65.5,,
2025-07-16 09:43:32,119.65029333333334,32.19828666666667,10.9,66.8,,
2025-07-16 09:45:34,119.6604,32.20284,10.0,57.2,,
2025-07-16 09:48:44,119.66596,32.205776666666665,0.8,30.4,,
2025-07-16 09:54:24,119.66598666666668,32.20585333333333,1.9,37.7,,
2025-07-16 10:01:14,119.66634666666668,32.20625,0.6,227.3,,
2025-07-16 10:23:03,119.66618666666666,32.20623333333333,1.3,270.7,,
2025-07-16 10:26:15,119.66538666666666,32.20664,1.2,3.1,,
2025-07-16 10:29:15,119.6652,32.20677,0.7,281.1,,
2025-07-16 10:32:19,119.66469333333332,32.206696666666666,0.5,260.3,,
2025-07-16 10:35:34,119.66388,32.207096666666665,1.4,305.0,,
2025-07-16 10:39:13,119.66332,32.20718,1.0,334.7,,
2025-07-16 10:42:14,119.66397333333332,32.20963,4.6,46.8,,
2025-07-16 10:45:14,119.66641333333334,32.21227666666667,6.4,37.1,,
2025-07-16 10:47:25,119.66946666666666,32.21547666666667,7.6,31.8,,
2025-07-16 10:49:30,119.6698,32.21595333333333,7.2,31.0,,
2025-07-16 10:51:34,119.66910666666666,32.21832666666667,6.2,240.7,,
2025-07-16 10:53:34,119.66574666666666,32.21630666666667,6.5,233.1,,
2025-07-16 10:55:34,119.66245333333332,32.213966666666664,6.3,230.0,,
2025-07-16 10:57:35,119.65918666666668,32.21183666666666,6.4,235.6,,
2025-07-16 10:59:35,119.65604,32.20930666666667,6.7,222.2,,
2025-07-16 11:01:43,119.65288,32.206563333333335,6.3,241.4,,
2025-07-16 11:03:47,119.65205333333331,32.20614666666667,6.2,241.6,,
2025-07-16 11:05:53,119.64510666666666,32.20305333333334,6.6,244.2,,
2025-07-16 11:07:53,119.64105333333332,32.201373333333336,6.9,246.0,,
2025-07-16 11:09:53,119.63690666666666,32.19997,6.6,249.5,,
2025-07-16 11:11:53,119.63341333333334,32.19788,6.8,218.8,,
2025-07-16 11:14:04,119.63146666666668,32.19375,8.0,187.4,,
2025-07-16 11:16:04,119.62781333333334,32.19154666666667,7.6,251.2,,
2025-07-16 11:18:05,119.62336,32.19061333333333,5.0,259.0,,
2025-07-16 11:49:22,119.62289333333334,32.190353333333334,0.0,,,
2025-07-16 12:22:18,119.62289333333334,32.190326666666664,0.0,,,
2025-07-16 12:52:27,119.62284,32.19033666666667,0.0,231.0,,
2025-07-16 13:23:23,119.62285333333334,32.190356666666666,0.0,,,
2025-07-16 13:54:21,119.62286666666668,32.190313333333336,0.0,,,
2025-07-16 14:26:51,119.62282666666668,32.190326666666664,0.0,231.0,,
2025-07-16 14:58:21,119.62290666666668,32.19030333333333,0.0,,,
2025-07-16 15:28:26,119.62284,32.19036,0.0,231.0,,
2025-07-16 15:58:26,119.62282666666668,32.19032,0.0,231.0,,
2025-07-16 16:28:27,119.62282666666668,32.19031,0.0,231.0,,
2025-07-16 17:01:19,119.62289333333334,32.190333333333335,0.0,,,
2025-07-16 17:31:27,119.62282666666668,32.19033,0.0,231.0,,
2025-07-16 18:01:27,119.62284,32.190333333333335,0.0,231.0,,
2025-07-16 18:31:27,119.62284,32.19035,0.0,231.0,,
2025-07-16 19:01:28,119.62282666666668,32.190353333333334,0.0,231.0,,
2025-07-16 19:34:22,119.62290666666668,32.19035,0.0,,,
2025-07-16 20:04:22,119.62286666666668,32.19032333333333,0.0,,,
2025-07-16 20:34:26,119.62285333333334,32.19033666666667,0.0,231.0,,
2025-07-16 21:07:26,119.62285333333334,32.19035,0.0,231.0,,
2025-07-16 21:37:26,119.62282666666668,32.19032333333333,0.0,231.0,,
2025-07-16 21:42:40,119.62316,32.19051666666667,5.2,45.6,,
2025-07-16 21:44:50,119.62886666666668,32.191916666666664,12.1,66.3,,
2025-07-16 21:46:01,119.63362666666669,32.19353,14.1,66.7,,
2025-07-16 21:47:10,119.6388,32.195236666666666,14.7,71.7,,
2025-07-16 21:48:17,119.64388,32.196693333333336,14.4,69.0,,
2025-07-16 21:49:22,119.64841333333334,32.198636666666665,14.4,58.5,,
2025-07-16 21:50:22,119.65228,32.20089333333333,14.6,53.3,,
2025-07-16 21:51:27,119.65654666666669,32.20363,14.9,51.5,,
2025-07-16 21:52:27,119.66024,32.20638,14.8,46.7,,
2025-07-16 21:53:33,119.66392,32.20968333333333,14.9,40.6,,
2025-07-16 21:54:33,119.66688,32.213053333333335,15.4,34.4,,
2025-07-16 21:55:35,119.66990666666666,32.21655666666667,14.7,33.4,,
2025-07-16 21:56:40,119.67257333333332,32.22041,15.0,27.8,,
2025-07-16 21:57:40,119.67465333333334,32.22426333333333,14.8,22.6,,
2025-07-16 21:58:40,119.67664,32.22807,14.9,21.8,,
2025-07-16 21:59:40,119.67836,32.23199,15.1,19.9,,
2025-07-16 22:00:40,119.67994666666668,32.235973333333334,15.1,18.9,,
2025-07-16 22:01:40,119.68168,32.23988,15.2,21.4,,
2025-07-17 02:55:51,119.87224,32.23632,9.3,166.7,,
2025-07-17 02:57:51,119.87390666666668,32.23094666666667,10.4,165.2,,
2025-07-17 02:59:51,119.87468,32.22545,9.2,177.8,,
2025-07-17 03:01:52,119.876,32.22031,9.4,162.7,,
2025-07-17 03:04:10,119.87776,32.21438,9.4,165.7,,
2025-07-17 03:06:11,119.87872,32.20923666666667,9.5,167.3,,
2025-07-17 03:08:26,119.87869333333332,32.20921333333333,9.6,166.7,,
2025-07-17 03:10:31,119.88974666666668,32.20684333333333,11.3,42.7,,
2025-07-17 03:12:40,119.89332,32.21261333333333,10.3,9.0,,
2025-07-17 03:14:40,119.89341333333331,32.217976666666665,9.0,358.0,,
2025-07-17 03:16:51,119.89288,32.22342666666667,9.1,355.6,,
2025-07-17 03:18:51,119.89189333333331,32.228433333333335,9.1,340.9,,
2025-07-17 03:20:51,119.88976,32.233223333333335,9.2,337.1,,
2025-07-18 01:15:09,119.67710666666666,32.23476,10.2,191.7,,
2025-07-18 01:17:09,119.67569333333331,32.22940666666667,9.4,194.7,,
2025-07-18 01:19:09,119.67326666666666,32.224516666666666,9.9,205.8,,
2025-07-18 01:21:39,119.66965333333332,32.218963333333335,8.6,213.1,,
2025-07-18 01:23:39,119.66649333333334,32.21534666666667,7.8,223.3,,
2025-07-18 01:25:39,119.66328,32.2124,6.9,225.0,,
2025-07-18 01:27:39,119.66006666666668,32.20985666666667,6.5,228.2,,
2025-07-18 01:29:39,119.65698666666668,32.20745333333333,6.2,226.8,,
2025-07-18 01:31:39,119.65409333333334,32.20509,6.1,226.9,,
2025-07-18 01:34:39,119.65038666666666,32.2015,5.0,215.7,,
2025-07-18 01:37:39,119.64813333333332,32.198483333333336,4.1,228.8,,
2025-07-18 01:41:06,119.64541333333334,32.19657333333333,2.5,269.5,,
2025-07-18 01:44:06,119.64362666666666,32.19619,1.4,250.5,,
2025-07-18 01:47:15,119.64252,32.19596333333333,1.0,286.1,,
2025-07-18 01:50:15,119.64210666666666,32.19564333333334,0.6,180.3,,
2025-07-18 01:53:45,119.64217333333332,32.19511333333333,0.6,176.5,,
2025-07-18 02:02:26,119.64182666666666,32.19456,1.3,231.1,,
2025-07-18 02:13:05,119.64172,32.19470333333334,0.5,36.0,,
2025-07-18 02:15:05,119.63802666666666,32.19426333333333,7.4,243.7,,
2025-07-18 02:17:05,119.63361333333332,32.19259,7.4,241.6,,
2025-07-18 02:19:15,119.62854666666668,32.191336666666665,7.6,262.7,,
2025-07-18 02:21:36,119.62301333333332,32.190333333333335,3.2,251.7,,
2025-07-18 02:24:36,119.62490666666666,32.19105666666667,7.7,76.8,,
2025-07-18 02:27:01,119.63168,32.19262666666667,9.3,71.4,,
2025-07-18 02:29:02,119.63762666666666,32.19414,9.2,70.0,,
2025-07-18 02:31:31,119.64466666666668,32.196616666666664,9.2,72.0,,
2025-07-18 02:33:56,119.65129333333331,32.19854333333333,8.3,66.1,,
2025-07-18 02:36:01,119.65645333333332,32.20052666666667,8.3,53.2,,
2025-07-18 02:38:02,119.66094666666666,32.20316,7.6,55.1,,
2025-07-18 02:40:06,119.66488,32.20592,7.5,46.5,,
2025-07-18 02:43:25,119.66846666666666,32.21030666666667,3.7,31.0,,
2025-07-18 02:46:25,119.67,32.21264,3.1,26.2,,
2025-07-18 02:49:25,119.67116,32.214843333333334,2.7,25.3,,
2025-07-18 02:52:26,119.67294666666666,32.21709333333333,6.2,33.5,,
2025-07-18 02:55:31,119.67669333333332,32.22051666666667,2.0,62.5,,
2025-07-18 02:58:31,119.67714666666669,32.22067,0.6,96.9,,
2025-07-18 03:02:25,119.67732,32.22078666666667,0.6,174.1,,
2025-07-18 03:06:08,119.67713333333332,32.22053666666667,2.0,308.5,,
2025-07-18 03:09:08,119.67674666666667,32.22405333333333,8.2,5.6,,
2025-07-18 03:11:08,119.67688,32.228973333333336,9.1,351.8,,
2025-07-18 03:13:08,119.67509333333334,32.22880333333333,7.6,191.4,,
2025-07-18 03:16:08,119.673,32.22406,5.6,209.8,,
2025-07-18 03:19:08,119.67121333333333,32.22050333333333,4.0,195.5,,
2025-07-18 03:22:08,119.67078666666669,32.21752333333333,3.1,186.5,,
2025-07-18 03:25:25,119.67058666666668,32.214713333333336,2.7,193.5,,
2025-07-18 03:28:26,119.66982666666668,32.213366666666666,0.8,227.4,,
2025-07-18 03:31:36,119.6694,32.212936666666664,0.8,179.9,,
2025-07-18 03:34:36,119.67,32.21215,1.5,145.8,,
2025-07-18 03:55:50,119.67042666666669,32.21183333333333,2.0,341.0,,
2025-07-18 03:57:55,119.66778666666669,32.21307,7.6,294.6,,
2025-07-18 03:59:56,119.66297333333333,32.21425,7.6,278.7,,
2025-07-18 04:02:06,119.65821333333334,32.213366666666666,7.0,237.1,,
2025-07-18 04:05:35,119.65638666666666,32.212163333333336,5.6,244.6,,
2025-07-18 04:07:35,119.65502666666669,32.2086,7.7,185.2,,
2025-07-18 04:09:36,119.65488,32.20425,7.5,188.2,,
2025-07-18 04:11:36,119.65493333333332,32.19994,6.7,216.6,,
2025-07-18 04:32:16,119.65126666666669,32.198006666666664,1.2,182.4,,
2025-07-18 04:35:35,119.64996,32.19794666666667,6.4,244.4,,
2025-07-18 04:38:05,119.64484,32.19597,6.8,250.6,,
2025-07-18 04:40:19,119.64064,32.194736666666664,6.6,249.4,,
2025-07-18 04:42:35,119.63549333333332,32.19289,7.1,250.9,,
2025-07-18 04:45:05,119.62964,32.191493333333334,7.5,257.5,,
2025-07-18 04:47:26,119.62390666666668,32.190596666666664,6.9,260.1,,
2025-07-18 05:19:33,119.62290666666668,32.19021,0.0,,,
2025-07-18 05:50:21,119.62285333333334,32.19023,0.0,230.1,,
2025-07-18 06:20:21,119.62281333333334,32.190216666666664,0.0,230.1,,
2025-07-18 06:50:21,119.62282666666668,32.190216666666664,0.0,230.1,,
2025-07-18 06:56:56,119.62473333333334,32.190886666666664,9.7,77.8,,
2025-07-18 06:58:19,119.62982666666667,32.19197333333334,12.7,74.5,,
2025-07-18 06:59:26,119.63446666666668,32.19313666666667,13.5,72.3,,
2025-07-18 07:00:26,119.63870666666666,32.19450333333333,14.1,67.8,,
2025-07-18 07:01:55,119.645,32.19682,14.2,72.4,,
2025-07-18 07:02:55,119.64945333333333,32.19793333333333,13.8,71.8,,
2025-07-18 07:04:08,119.65029333333334,32.19817666666667,13.7,69.8,,
2025-07-18 07:05:21,119.65573333333332,32.20015,14.0,65.2,,
2025-07-18 07:06:39,119.66130666666666,32.20328666666666,13.2,50.7,,
2025-07-18 07:24:30,119.66444,32.20471666666667,0.5,222.3,,
2025-07-18 07:29:20,119.66412,32.20540333333334,1.0,281.9,,
2025-07-18 07:32:29,119.6638,32.205236666666664,0.6,188.0,,
2025-07-18 07:35:29,119.66364,32.20567,2.1,11.3,,
2025-07-18 07:38:39,119.66510666666667,32.20900666666667,5.7,13.5,,
2025-07-18 07:41:10,119.66692,32.21325,8.7,25.7,,
2025-07-18 07:43:14,119.67021333333334,32.21801,9.4,31.9,,
2025-07-18 07:45:29,119.67241333333334,32.22331333333333,8.6,1.7,,
2025-07-18 07:48:31,119.67232,32.22638,0.9,101.7,,
2025-07-18 07:51:40,119.67036,32.22123333333333,5.2,205.7,,
2025-07-18 07:54:40,119.66825333333334,32.21734,4.9,203.0,,
2025-07-18 07:57:44,119.66649333333334,32.21367333333333,3.8,201.2,,
2025-07-18 08:00:50,119.66552,32.21131666666667,2.5,190.8,,
2025-07-18 08:04:00,119.66528,32.209363333333336,2.0,190.6,,
2025-07-18 08:07:00,119.66476,32.20764333333333,2.0,199.0,,
2025-07-18 08:10:00,119.66397333333332,32.206,2.1,209.1,,
2025-07-18 08:13:01,119.66294666666668,32.20466,2.1,237.0,,
2025-07-18 08:16:30,119.6624,32.20383666666667,0.4,111.9,,
2025-07-18 08:31:10,119.66301333333334,32.20348666666667,0.6,22.2,,
2025-07-18 08:46:36,119.66306666666668,32.20358,2.0,320.1,,
2025-07-18 08:48:36,119.65872,32.20169333333333,9.7,241.9,,
2025-07-18 08:50:59,119.65598666666666,32.20053,9.1,242.1,,
2025-07-18 08:53:06,119.64634666666667,32.19637,9.2,249.7,,
2025-07-18 08:55:30,119.63993333333332,32.19452,6.7,252.2,,
2025-07-18 08:58:00,119.63405333333333,32.19237666666667,6.6,257.2,,
2025-07-18 09:00:06,119.62821333333332,32.191296666666666,9.3,257.1,,
2025-07-18 09:05:49,119.6256,32.191066666666664,8.3,79.3,,
2025-07-18 09:07:49,119.63124,32.19185,5.9,76.4,,
2025-07-18 09:14:30,119.63244,32.191716666666665,0.7,250.4,,
2025-07-18 09:18:20,119.63272,32.19182333333333,0.6,69.3,,
2025-07-18 09:26:30,119.63262666666668,32.19177333333333,1.5,250.3,,
2025-07-18 09:47:10,119.63234666666666,32.19181666666667,1.0,57.4,,
2025-07-18 09:55:19,119.63273333333332,32.191943333333334,0.7,83.3,,
2025-07-18 09:59:19,119.63230666666666,32.19235,0.7,348.5,,
2025-07-18 10:04:08,119.63272,32.19281333333333,0.6,336.7,,
2025-07-18 10:07:45,119.63377333333334,32.19450333333333,4.5,67.5,,
2025-07-18 10:10:15,119.63722666666666,32.19562,6.3,59.2,,
2025-07-18 10:12:45,119.64273333333334,32.19690666666666,6.5,80.6,,
2025-07-18 10:14:45,119.64645333333333,32.19789,7.9,65.7,,
2025-07-18 10:17:20,119.65382666666666,32.20097666666667,9.5,57.3,,
2025-07-18 10:19:20,119.65874666666669,32.20426333333333,10.1,31.8,,
2025-07-18 10:21:20,119.66198666666666,32.209313333333334,10.6,23.5,,
2025-07-18 10:23:20,119.66438666666669,32.214906666666664,10.6,18.1,,
2025-07-18 10:26:32,119.6662,32.21764,2.0,171.6,,
2025-07-18 10:28:32,119.66409333333333,32.21396333333333,8.9,213.4,,
2025-07-18 10:30:32,119.66068,32.21022,7.7,213.0,,
2025-07-18 10:32:40,119.6582,32.20644333333333,6.8,206.8,,
2025-07-18 10:36:02,119.65529333333332,32.201746666666665,4.5,217.2,,
2025-07-18 10:39:10,119.65277333333331,32.19958666666667,2.8,230.9,,
2025-07-18 10:42:10,119.65064,32.19817333333334,2.0,232.9,,
2025-07-18 10:45:32,119.64964,32.19747,0.4,243.8,,
2025-07-18 11:07:57,119.64965333333332,32.19745666666667,3.5,234.7,,
2025-07-18 11:10:57,119.64442666666666,32.19584,5.0,251.8,,
2025-07-18 11:13:57,119.63993333333332,32.194586666666666,4.9,251.3,,
2025-07-18 11:16:57,119.63526666666668,32.19322666666667,5.1,255.0,,
2025-07-18 11:19:57,119.6302,32.19157333333333,5.9,261.0,,
2025-07-18 11:22:50,119.62476,32.190936666666666,6.0,258.6,,
2025-07-18 11:55:35,119.62329333333334,32.19041333333333,0.0,,,
2025-07-18 12:25:39,119.62330666666666,32.19038666666667,0.0,,,
2025-07-18 12:58:40,119.62325333333334,32.19040666666667,0.0,231.8,,
2025-07-18 13:31:37,119.62328,32.190403333333336,0.0,,,
2025-07-18 13:56:26,119.62381333333332,32.19072666666667,1.5,33.9,,
2025-07-18 14:26:32,119.62373333333332,32.19045666666667,0.0,,,
2025-07-18 14:56:34,119.62374666666666,32.190446666666666,0.2,,,
2025-07-18 15:29:10,119.62368,32.19045,0.0,47.1,,
2025-07-18 15:59:35,119.62374666666666,32.19047,0.0,,,
2025-07-18 16:32:09,119.62372,32.190466666666666,0.0,47.1,,
2025-07-18 17:02:09,119.62372,32.19044,0.0,47.1,,
2025-07-18 17:32:32,119.62373333333332,32.190486666666665,0.0,,,
2025-07-18 18:07:35,119.62378666666666,32.19043333333333,0.0,,,
2025-07-18 18:38:09,119.62370666666666,32.19043333333333,0.0,47.1,,
2025-07-18 19:08:09,119.62369333333334,32.19046,0.0,47.1,,
2025-07-18 19:41:08,119.62369333333334,32.19045333333333,0.0,47.1,,
2025-07-18 20:17:08,119.62369333333334,32.19046,0.0,47.1,,
2025-07-18 20:47:08,119.62370666666666,32.19045,0.0,47.1,,
2025-07-18 21:17:08,119.62370666666666,32.19045,0.0,47.1,,
2025-07-18 21:50:08,119.62370666666666,32.19045,0.0,47.1,,
2025-07-18 22:23:08,119.62370666666666,32.190443333333334,0.0,47.1,,
2025-07-18 22:56:08,119.62372,32.19043666666666,0.0,47.1,,
2025-07-18 23:26:08,119.62370666666666,32.190443333333334,0.0,47.1,,
2025-07-18 23:56:08,119.62369333333334,32.19043666666666,0.0,47.1,,
2025-07-19 00:26:08,119.62370666666666,32.19044,0.0,47.1,,
2025-07-19 00:50:00,119.62370666666666,32.190466666666666,1.0,46.9,,
2025-07-19 00:52:10,119.6272,32.19179,10.0,76.6,,
2025-07-19 00:54:10,119.63370666666668,32.19362666666667,10.8,70.0,,
2025-07-19 00:56:10,119.64038666666669,32.195933333333336,11.3,63.5,,
2025-07-19 00:58:20,119.64754666666668,32.19893,10.5,51.2,,
2025-07-19 01:00:30,119.65393333333331,32.202556666666666,10.8,55.5,,
2025-07-19 01:02:40,119.65952,32.206446666666665,9.3,45.9,,
2025-07-19 01:05:20,119.66274666666666,32.210323333333335,6.8,8.2,,
2025-07-19 01:08:30,119.6642,32.21515333333333,4.4,38.7,,
2025-07-19 01:11:30,119.66674666666668,32.21776666666667,3.2,43.7,,
2025-07-19 01:14:30,119.66813333333332,32.21985333333333,2.0,38.0,,
2025-07-19 01:16:31,119.667,32.21672,8.1,208.4,,
2025-07-19 01:18:50,119.66329333333331,32.21294,7.3,229.9,,
2025-07-19 01:21:01,119.65936,32.210186666666665,7.4,229.4,,
2025-07-19 01:23:01,119.65566666666666,32.20744333333333,7.6,227.8,,
2025-07-19 01:25:01,119.65198666666667,32.20460666666666,7.1,228.0,,
2025-07-19 01:27:39,119.64718666666668,32.20112666666667,7.1,231.5,,
2025-07-19 01:29:39,119.64374666666669,32.19874,6.2,231.3,,
2025-07-19 01:32:39,119.63946666666666,32.19616,4.2,240.4,,
2025-07-19 01:35:41,119.63650666666666,32.194763333333334,2.7,242.6,,
2025-07-19 01:38:41,119.63441333333331,32.193933333333334,2.1,243.9,,
2025-07-19 01:41:50,119.63294666666668,32.19316,0.9,222.5,,
2025-07-19 01:45:10,119.63238666666666,32.19267333333333,0.6,205.1,,
2025-07-19 01:48:31,119.63258666666668,32.19224333333333,0.3,138.4,,
2025-07-19 02:18:31,119.63289333333331,32.19211333333333,0.0,,,
2025-07-19 02:29:51,119.633,32.19206666666667,1.1,169.3,,
2025-07-19 02:31:51,119.63113333333334,32.19190666666667,6.4,276.4,,
2025-07-19 02:34:00,119.62685333333332,32.1912,6.3,250.2,,
2025-07-19 03:06:06,119.62330666666666,32.1903,0.0,,,
2025-07-19 03:36:08,119.62330666666666,32.19032,0.0,,,
2025-07-19 04:07:43,119.62326666666668,32.19031666666667,0.0,236.1,,
2025-07-19 04:38:07,119.62330666666666,32.19034333333333,0.0,,,
2025-07-19 05:10:43,119.62325333333334,32.19029666666667,0.0,236.1,,
2025-07-19 05:40:43,119.62328,32.19032,0.0,236.1,,
2025-07-19 06:11:06,119.62330666666666,32.1903,0.0,,,
2025-07-19 06:41:09,119.62336,32.190313333333336,0.0,,,
2025-07-19 07:12:08,119.62332,32.19035,0.0,,,
2025-07-19 07:48:05,119.62332,32.19032333333333,0.0,,,
2025-07-19 08:18:06,119.62336,32.19029,0.0,,,
2025-07-19 08:48:08,119.62332,32.19034333333333,0.0,,,
2025-07-19 09:01:30,119.62328,32.19037333333333,2.0,43.2,,
2025-07-19 09:03:47,119.62684,32.191696666666665,9.6,78.6,,
2025-07-19 09:05:47,119.63317333333332,32.19336333333333,10.6,65.6,,
2025-07-19 09:07:56,119.64018666666666,32.196036666666664,11.1,65.8,,
2025-07-19 09:09:56,119.6468,32.198463333333336,10.7,65.7,,
2025-07-19 09:11:56,119.65294666666668,32.20142,10.6,55.4,,
2025-07-19 09:13:57,119.65837333333332,32.20487,9.5,50.3,,
2025-07-19 09:15:57,119.66304,32.208333333333336,9.3,44.6,,
2025-07-19 09:17:57,119.66701333333332,32.21299666666667,11.2,32.5,,
2025-07-19 09:19:57,119.67086666666668,32.21839,11.1,28.6,,
2025-07-19 09:22:00,119.6728,32.22423666666667,10.4,0.2,,
2025-07-19 09:24:56,119.67461333333334,32.229326666666665,7.9,189.7,,
2025-07-19 09:26:56,119.67349333333334,32.22563,6.3,204.7,,
2025-07-19 09:29:56,119.67125333333334,32.22135,5.2,211.1,,
2025-07-19 09:32:57,119.66873333333334,32.217486666666666,5.4,208.4,,
2025-07-19 09:35:57,119.66606666666668,32.21364,4.8,218.3,,
2025-07-19 09:38:57,119.66505333333332,32.21089,2.4,161.0,,
2025-07-19 09:42:06,119.66596,32.20950666666667,1.1,154.9,,
2025-07-19 09:45:06,119.66636,32.20883,0.7,152.8,,
2025-07-19 09:48:07,119.66668,32.208013333333334,0.8,181.1,,
2025-07-19 09:51:37,119.66688,32.20759666666667,0.8,266.0,,
2025-07-19 09:54:58,119.66697333333332,32.20748666666667,0.7,204.0,,
2025-07-19 10:24:37,119.66734666666666,32.20733666666667,1.1,200.9,,
2025-07-19 10:27:37,119.66553333333331,32.20594,3.4,236.3,,
2025-07-19 10:29:37,119.66292,32.20892333333333,8.8,343.3,,
2025-07-19 10:31:37,119.66001333333334,32.21227666666667,6.8,308.5,,
2025-07-19 11:01:46,119.65690666666669,32.212273333333336,0.0,,,
2025-07-19 11:34:45,119.65686666666667,32.21229666666667,0.0,,,
2025-07-19 11:39:59,119.65694666666668,32.212383333333335,1.7,28.2,,
2025-07-19 11:42:10,119.65838666666669,32.21118333333333,6.5,153.1,,
2025-07-19 11:44:10,119.66184,32.20835666666667,7.6,130.0,,
2025-07-19 11:46:10,119.66464,32.205376666666666,4.5,189.8,,
2025-07-19 12:06:39,119.66445333333331,32.204546666666666,0.9,257.3,,
2025-07-19 12:21:10,119.66430666666666,32.204813333333334,0.5,26.8,,
2025-07-19 12:24:19,119.66422666666666,32.20511666666667,0.5,0.7,,
2025-07-19 12:27:19,119.66408,32.205603333333336,1.0,334.2,,
2025-07-19 12:30:29,119.66486666666668,32.20822666666667,7.0,11.4,,
2025-07-19 12:32:29,119.66618666666666,32.21144,8.4,18.8,,
2025-07-19 12:34:29,119.6682,32.21552,6.6,31.7,,
2025-07-19 12:36:29,119.66957333333332,32.21857333333333,7.2,334.4,,
2025-07-19 12:39:29,119.66556,32.21925,4.9,246.9,,
2025-07-19 12:41:29,119.66253333333331,32.21732333333333,6.1,230.9,,
2025-07-19 12:44:39,119.65833333333332,32.21368,5.4,211.6,,
2025-07-19 12:47:39,119.65509333333334,32.21012,5.3,223.4,,
2025-07-19 12:49:40,119.65256,32.20763,6.1,218.8,,
2025-07-19 12:52:48,119.64764,32.20435,5.9,241.9,,
2025-07-19 12:55:08,119.64381333333333,32.202333333333335,6.1,247.0,,
2025-07-19 12:57:18,119.63968,32.200723333333336,6.3,238.6,,
2025-07-19 12:59:18,119.63606666666666,32.19921333333333,6.3,250.4,,
2025-07-19 13:02:28,119.63138666666669,32.196333333333335,7.1,193.3,,
2025-07-19 13:04:39,119.63045333333334,32.192463333333336,5.7,230.6,,
2025-07-19 13:06:48,119.62621333333334,32.19127,6.1,258.0,,
2025-07-19 13:10:29,119.6228,32.190506666666664,0.1,,,
2025-07-19 13:40:48,119.6228,32.19043666666666,0.0,237.2,,
2025-07-19 14:10:48,119.62278666666668,32.19044,0.0,237.2,,
2025-07-19 14:40:48,119.6228,32.19045,0.0,237.2,,
2025-07-19 15:12:17,119.62286666666668,32.19043333333333,0.0,,,
2025-07-19 15:43:49,119.6228,32.19044,0.0,237.2,,
2025-07-19 16:15:15,119.62285333333334,32.190416666666664,0.0,,,
2025-07-19 16:45:17,119.62282666666668,32.19048333333333,0.0,,,
2025-07-19 17:16:48,119.62281333333334,32.190396666666665,0.0,237.2,,
2025-07-19 17:49:48,119.62277333333331,32.19043,0.0,237.2,,
2025-07-19 18:21:14,119.62285333333334,32.19044,0.0,,,
2025-07-19 18:52:48,119.6228,32.19045666666667,0.0,237.2,,
2025-07-19 19:24:17,119.62289333333334,32.19044,0.0,,,
2025-07-19 19:55:49,119.62278666666668,32.19045333333333,0.0,237.2,,
2025-07-19 20:27:14,119.62284,32.19043333333333,0.0,,,
2025-07-19 20:57:15,119.62286666666668,32.19043,0.0,,,
2025-07-19 21:28:46,119.62284,32.19045333333333,0.0,237.2,,
2025-07-19 21:58:46,119.62281333333334,32.19044,0.0,237.2,,
2025-07-19 22:27:21,119.62270666666667,32.19056,2.2,286.6,,
2025-07-19 22:29:21,119.62077333333332,32.19329,6.1,305.9,,
2025-07-19 22:32:34,119.6148,32.19326,5.8,262.4,,
2025-07-19 22:34:34,119.61081333333334,32.19266666666667,6.4,264.5,,
2025-07-19 22:36:34,119.60684,32.192053333333334,6.3,259.5,,
2025-07-19 22:38:51,119.60189333333334,32.191536666666664,6.6,264.7,,
2025-07-19 22:41:03,119.59738666666668,32.1906,6.9,231.4,,
2025-07-19 22:43:04,119.59484,32.18747333333334,6.1,209.9,,
2025-07-19 22:48:23,119.59372,32.18564333333333,0.9,278.9,,
2025-07-19 23:03:14,119.5936,32.18571333333333,0.8,346.0,,
2025-07-19 23:13:53,119.59350666666668,32.18595666666667,1.3,19.3,,
2025-07-19 23:16:53,119.59374666666666,32.18602666666666,1.2,346.7,,
2025-07-19 23:19:53,119.59350666666668,32.18609333333333,1.3,302.5,,
2025-07-19 23:22:44,119.59436,32.187083333333334,7.7,82.8,,
2025-07-19 23:24:56,119.60137333333331,32.187893333333335,10.0,78.8,,
2025-07-19 23:27:03,119.60816,32.18934333333333,10.3,71.4,,
2025-07-19 23:29:24,119.61590666666666,32.191446666666664,10.5,76.7,,
2025-07-19 23:31:26,119.62274666666669,32.19162,8.9,99.0,,
2025-07-19 23:34:54,119.62888,32.19184666666666,3.6,73.0,,
2025-07-19 23:37:54,119.63212,32.19257,3.2,76.5,,
2025-07-19 23:40:56,119.63510666666669,32.1935,2.8,70.6,,
2025-07-19 23:43:56,119.63764,32.19430666666667,2.6,70.6,,
2025-07-19 23:47:04,119.63656,32.19364,1.9,253.5,,
2025-07-19 23:50:04,119.63818666666668,32.194356666666664,4.2,65.7,,
2025-07-19 23:53:04,119.64128,32.195593333333335,3.0,60.9,,
2025-07-19 23:56:04,119.64269333333333,32.19596333333333,2.5,206.6,,
2025-07-19 23:59:04,119.64053333333334,32.195026666666664,0.5,224.1,,
2025-07-20 00:02:04,119.64133333333334,32.195436666666666,1.4,64.3,,
2025-07-20 00:05:11,119.64164,32.19559,2.7,242.4,,
2025-07-20 00:08:14,119.63864,32.19457666666667,3.2,237.9,,
2025-07-20 00:11:14,119.63648,32.19353666666667,0.7,285.4,,
2025-07-20 00:14:15,119.63661333333332,32.193733333333334,0.7,67.8,,
2025-07-20 00:17:15,119.63656,32.19386333333333,1.6,277.4,,
2025-07-20 00:20:25,119.63582666666667,32.19387,0.2,,,
2025-07-20 00:24:34,119.63618666666666,32.193783333333336,0.5,229.7,,
2025-07-20 00:27:34,119.636,32.19378,0.5,310.9,,
2025-07-20 00:30:45,119.63648,32.193963333333336,1.1,67.6,,
2025-07-20 00:33:45,119.63758666666666,32.19433333333333,1.8,187.1,,
2025-07-20 00:37:05,119.63721333333334,32.19399333333333,0.7,295.8,,
2025-07-20 00:40:14,119.63725333333332,32.193733333333334,0.5,160.0,,
2025-07-20 00:43:16,119.63889333333331,32.19421666666667,2.0,28.8,,
2025-07-20 00:46:23,119.63985333333332,32.19691,5.0,39.9,,
2025-07-20 00:49:24,119.64330666666666,32.19918666666667,3.6,14.1,,
2025-07-20 00:51:24,119.64057333333334,32.19994333333333,6.7,274.8,,
2025-07-20 00:54:24,119.63466666666666,32.20058,5.0,251.2,,
2025-07-20 01:01:24,119.63089333333332,32.19954,1.0,104.0,,
2025-07-20 01:11:25,119.63112,32.19944666666667,1.6,165.8,,
2025-07-20 01:14:35,119.63117333333334,32.19886,0.5,117.9,,
2025-07-20 01:18:13,119.63096,32.19849,2.4,191.1,,
2025-07-20 01:21:13,119.63272,32.19800333333333,2.6,16.3,,
2025-07-20 01:24:14,119.63577333333332,32.19792,4.7,88.0,,
2025-07-20 01:26:44,119.64030666666666,32.19824,6.0,83.1,,
2025-07-20 01:29:04,119.64510666666666,32.19927,7.5,53.7,,
2025-07-20 01:31:14,119.64944,32.20141,9.9,55.7,,
2025-07-20 01:33:24,119.65513333333334,32.20544666666667,10.0,30.6,,
2025-07-20 01:35:24,119.65733333333333,32.21070666666667,9.9,13.9,,
2025-07-20 01:38:24,119.65733333333333,32.21070666666667,9.9,13.9,,
2025-07-20 02:09:28,119.65686666666667,32.21228,0.0,,,
2025-07-20 02:39:30,119.65686666666667,32.21229,0.0,,,
2025-07-20 02:57:05,119.65694666666668,32.21236,0.8,56.1,,
2025-07-20 02:59:14,119.65870666666666,32.21219333333333,6.9,76.9,,
2025-07-20 03:01:14,119.66386666666666,32.213123333333336,6.1,91.4,,
2025-07-20 03:04:14,119.66756,32.2157,4.2,41.4,,
2025-07-20 03:07:35,119.6698,32.21877666666666,3.2,19.1,,
2025-07-20 03:10:35,119.67018666666668,32.22106333333333,2.1,357.6,,
2025-07-20 03:13:35,119.6702,32.222723333333334,1.7,15.5,,
2025-07-20 03:16:35,119.66896,32.22194,4.1,188.3,,
2025-07-20 03:18:35,119.66733333333332,32.21889,8.6,206.0,,
2025-07-20 03:20:35,119.66394666666666,32.21427,9.7,215.9,,
2025-07-20 03:22:45,119.65954666666669,32.20994,9.5,226.7,,
2025-07-20 03:24:45,119.65573333333332,32.20675333333333,7.4,228.5,,
2025-07-20 03:26:45,119.65229333333332,32.20410666666667,6.7,227.3,,
2025-07-20 03:29:54,119.64792,32.20027666666667,5.3,223.9,,
2025-07-20 03:33:15,119.64432,32.19724,3.8,227.8,,
2025-07-20 03:36:19,119.64168,32.19564666666667,2.7,238.4,,
2025-07-20 03:39:26,119.64010666666668,32.19493,1.2,238.6,,
2025-07-20 03:42:26,119.63932,32.19450666666667,0.0,,,
2025-07-20 03:48:34,119.63937333333334,32.19414,0.5,243.7,,
2025-07-20 03:55:44,119.63901333333334,32.19397333333333,0.7,263.1,,
2025-07-20 04:08:05,119.63914666666666,32.19412666666667,3.3,77.8,,
2025-07-20 04:11:23,119.63932,32.19472,7.8,248.2,,
2025-07-20 04:13:23,119.63428,32.19295,7.4,258.3,,
2025-07-20 04:15:23,119.62869333333332,32.191446666666664,9.7,260.7,,
2025-07-20 04:18:53,119.62301333333332,32.190286666666665,0.2,136.1,,
2025-07-20 04:21:23,119.62470666666668,32.191563333333335,10.3,80.8,,
2025-07-20 04:23:43,119.63282666666667,32.193596666666664,11.4,65.9,,
2025-07-20 04:25:52,119.64050666666668,32.196243333333335,11.8,68.1,,
2025-07-20 04:28:25,119.64937333333332,32.1993,11.6,68.3,,
2025-07-20 04:30:52,119.65704,32.20379666666667,11.4,44.9,,
2025-07-20 04:32:52,119.66228,32.20826,11.3,46.1,,
2025-07-20 04:34:52,119.66749333333334,32.21273333333333,11.7,43.4,,
2025-07-20 04:36:52,119.67226666666669,32.217863333333334,11.6,30.5,,
2025-07-20 04:38:52,119.67576,32.22353,11.5,24.1,,
2025-07-20 04:39:55,119.67733333333334,32.22658,12.0,21.1,,
2025-07-20 04:41:55,119.68001333333332,32.232483333333334,10.4,21.3,,
2025-07-20 04:43:55,119.68229333333332,32.237806666666664,10.1,21.1,,
2025-07-20 05:36:22,119.67590666666666,32.23528666666667,9.4,203.4,,
2025-07-20 05:38:22,119.67344,32.23047666666667,9.3,203.2,,
2025-07-20 05:40:22,119.67090666666668,32.22571333333333,9.4,203.6,,
2025-07-20 05:42:22,119.66884,32.22076666666667,9.1,208.3,,
2025-07-20 05:44:22,119.66530666666668,32.21675,9.3,232.7,,
2025-07-20 05:46:22,119.66074666666668,32.21335333333333,9.1,229.2,,
2025-07-20 05:48:22,119.65613333333332,32.20986666666667,9.4,223.7,,
2025-07-20 05:50:22,119.65153333333332,32.20657666666666,9.1,234.2,,
2025-07-20 05:52:22,119.64652,32.2038,9.1,240.1,,
2025-07-20 05:54:22,119.64098666666666,32.20174333333333,9.0,248.5,,
2025-07-20 05:56:23,119.63565333333334,32.19953,9.6,233.3,,
2025-07-20 05:58:43,119.63016,32.195766666666664,9.0,243.4,,
2025-07-20 06:00:43,119.62644,32.192056666666666,9.3,215.6,,
2025-07-20 06:30:54,119.62282666666668,32.190333333333335,0.0,238.4,,
2025-07-20 07:03:42,119.62289333333334,32.19036666666667,0.0,,,
2025-07-20 07:35:43,119.62289333333334,32.190376666666666,0.0,,,
2025-07-20 08:06:42,119.62289333333334,32.1903,0.0,,,
2025-07-20 08:36:54,119.62281333333334,32.190326666666664,0.0,238.4,,
2025-07-20 09:06:54,119.62282666666668,32.19032333333333,0.0,238.4,,
2025-07-20 09:36:54,119.6228,32.19032333333333,0.0,238.4,,
2025-07-20 10:09:41,119.62285333333334,32.19038333333334,0.0,,,
2025-07-20 10:39:55,119.62281333333334,32.19032333333333,0.0,238.4,,
2025-07-20 11:12:43,119.62286666666668,32.19034333333333,0.0,,,
2025-07-20 11:45:54,119.62281333333334,32.19033666666667,0.0,238.4,,
2025-07-20 12:18:40,119.62286666666668,32.190326666666664,0.0,,,
2025-07-20 12:48:52,119.62281333333334,32.190326666666664,0.0,238.4,,
2025-07-20 13:18:52,119.62281333333334,32.190326666666664,0.0,238.4,,
2025-07-20 13:50:17,119.62281333333334,32.19032,0.0,238.4,,
2025-07-20 14:21:39,119.62286666666668,32.19034333333333,0.0,,,
2025-07-20 14:51:40,119.62290666666668,32.190326666666664,0.0,,,
2025-07-20 15:21:42,119.62285333333334,32.190353333333334,0.0,,,
2025-07-20 15:51:42,119.62285333333334,32.190333333333335,0.0,,,
2025-07-20 16:26:15,119.62281333333334,32.19031,0.0,238.4,,
2025-07-20 16:56:15,119.62282666666668,32.19029333333334,0.0,238.4,,
2025-07-20 17:26:15,119.62282666666668,32.19032333333333,0.0,238.4,,
2025-07-20 17:56:42,119.62286666666668,32.190326666666664,0.0,,,
2025-07-20 18:27:40,119.62285333333334,32.19034333333333,0.0,,,
2025-07-20 18:59:14,119.62281333333334,32.190326666666664,0.0,238.4,,
2025-07-20 19:29:14,119.62282666666668,32.19031,0.0,238.4,,
2025-07-20 19:59:14,119.62286666666668,32.19034666666667,0.0,238.4,,
2025-07-20 20:29:15,119.62282666666668,32.19033,0.0,238.4,,
2025-07-20 20:59:15,119.62282666666668,32.19032,0.0,238.4,,
2025-07-20 21:29:15,119.62282666666668,32.190333333333335,0.0,238.4,,
2025-07-20 21:59:15,119.62281333333334,32.190326666666664,0.0,238.4,,
2025-07-20 22:29:16,119.62282666666668,32.19033,0.0,238.4,,
2025-07-20 22:36:41,119.62318666666668,32.19058,3.9,33.3,,
2025-07-20 22:38:41,119.62698666666668,32.191426666666665,9.2,85.8,,
2025-07-20 22:40:54,119.63384,32.19426,11.6,49.7,,
2025-07-20 22:42:25,119.63892,32.19665666666667,10.8,65.4,,
2025-07-20 22:44:25,119.64506666666666,32.19937,10.3,58.7,,
2025-07-20 22:46:31,119.65166666666669,32.20165,10.3,70.4,,
2025-07-20 22:48:32,119.65733333333333,32.20502666666667,10.6,47.4,,
2025-07-20 22:50:51,119.66261333333334,32.20956,9.2,42.3,,
2025-07-20 22:52:54,119.66654666666666,32.2137,9.5,37.9,,
2025-07-20 22:54:54,119.67026666666666,32.21787666666667,6.3,6.5,,
2025-07-20 22:56:54,119.66806666666666,32.21725,7.0,226.6,,
2025-07-20 22:58:54,119.6652,32.21418333333333,6.9,221.1,,
2025-07-20 23:00:54,119.66210666666667,32.211443333333335,6.7,227.6,,
2025-07-20 23:03:01,119.65876,32.20879,6.5,227.5,,
2025-07-20 23:05:03,119.65564,32.206356666666665,6.2,229.3,,
2025-07-20 23:07:03,119.65256,32.20403666666667,6.3,225.6,,
2025-07-20 23:10:03,119.64806666666668,32.201033333333335,5.2,239.6,,
2025-07-20 23:13:42,119.64313333333334,32.19924666666667,3.5,259.9,,
2025-07-20 23:16:52,119.64005333333331,32.19886,2.3,263.1,,
2025-07-20 23:20:01,119.63804,32.19877,1.8,269.4,,
2025-07-20 23:23:01,119.63636,32.198966666666664,1.5,285.9,,
2025-07-20 23:26:01,119.63472,32.19929,1.8,272.0,,
2025-07-20 23:29:12,119.63281333333332,32.19923333333333,1.3,279.8,,
2025-07-20 23:32:51,119.63161333333332,32.19934,0.7,274.2,,
2025-07-21 00:00:21,119.63104,32.19927666666667,1.5,98.9,,
2025-07-21 00:02:32,119.62905333333332,32.19654,6.1,210.2,,
2025-07-21 00:04:51,119.62729333333333,32.19291,5.8,202.2,,
2025-07-21 00:06:51,119.6244,32.190936666666666,6.7,258.7,,
2025-07-21 00:37:32,119.62282666666668,32.19022,0.0,218.6,,
2025-07-21 01:07:32,119.62285333333334,32.19021,0.0,218.6,,
2025-07-21 01:41:36,119.62290666666668,32.19021333333333,0.0,,,
2025-07-21 02:13:32,119.62282666666668,32.19024666666667,0.0,218.6,,
2025-07-21 02:46:31,119.62285333333334,32.190236666666664,0.0,218.6,,
2025-07-21 03:19:38,119.62290666666668,32.19022,0.0,,,
2025-07-21 03:52:31,119.62282666666668,32.19021333333333,0.0,218.6,,
2025-07-21 04:26:37,119.62286666666668,32.19026,0.0,,,
2025-07-21 04:51:42,119.62285333333334,32.190513333333335,0.6,2.1,,
2025-07-21 04:54:42,119.62297333333332,32.19093,0.5,53.6,,
2025-07-21 04:57:43,119.62376,32.19119666666667,1.3,70.2,,
2025-07-21 05:00:43,119.62501333333331,32.191363333333335,1.4,87.3,,
2025-07-21 05:03:43,119.62624,32.191473333333334,1.3,78.3,,
2025-07-21 05:06:53,119.6274,32.19181666666667,1.5,63.4,,
2025-07-21 05:09:53,119.62884,32.19245,1.6,65.3,,
2025-07-21 05:12:53,119.63041333333334,32.192753333333336,1.6,82.4,,
2025-07-21 05:15:55,119.63208,32.19281333333333,1.0,96.2,,
2025-07-21 05:19:13,119.63013333333332,32.192456666666665,3.5,277.9,,
2025-07-21 05:26:24,119.6292,32.192523333333334,0.5,61.2,,
2025-07-21 05:29:24,119.63026666666669,32.191806666666665,4.6,92.2,,
2025-07-21 05:32:32,119.63213333333331,32.19237666666667,2.3,352.3,,
2025-07-21 05:35:34,119.63314666666666,32.19553,5.0,41.4,,
2025-07-21 05:38:41,119.63769333333332,32.19683333333333,4.5,84.9,,
2025-07-21 05:40:41,119.6412,32.19799,9.7,78.7,,
2025-07-21 05:42:41,119.64765333333334,32.198836666666665,10.1,68.4,,
2025-07-21 05:44:42,119.6536,32.201213333333335,10.1,62.4,,
2025-07-21 05:46:42,119.65941333333332,32.204026666666664,10.0,58.1,,
2025-07-21 05:48:42,119.66392,32.20801,10.1,37.8,,
2025-07-21 05:50:42,119.66749333333334,32.21273333333333,10.2,30.5,,
2025-07-21 05:52:12,119.67054666666668,32.21672,12.2,32.4,,
2025-07-21 05:53:33,119.67322666666666,32.22083666666666,12.8,25.9,,
2025-07-21 05:54:33,119.675,32.22409666666667,12.8,25.9,,
2025-07-21 05:55:41,119.67692,32.228026666666665,13.6,20.4,,
2025-07-21 05:56:41,119.67832,32.231633333333335,13.5,17.5,,
2025-07-21 05:57:41,119.67976,32.235236666666665,13.7,22.5,,
2025-07-21 05:58:41,119.68149333333334,32.23876333333333,13.9,20.5,,
2025-07-21 07:14:11,119.87150666666666,32.23719333333333,10.2,166.2,,
2025-07-21 07:16:19,119.87332,32.23069,11.8,166.0,,
2025-07-21 07:17:41,119.87493333333332,32.226283333333335,12.2,163.0,,
2025-07-21 07:18:50,119.87610666666669,32.222426666666664,12.8,166.4,,
2025-07-21 07:19:50,119.87726666666669,32.21893333333333,13.3,163.7,,
2025-07-21 07:20:50,119.8784,32.21535,13.5,170.8,,
2025-07-21 07:21:50,119.87898666666666,32.21161333333333,13.6,170.9,,
2025-07-21 07:22:50,119.87993333333333,32.20791,13.7,165.9,,
2025-07-21 07:23:50,119.88116,32.20424666666667,13.9,168.3,,
2025-07-21 07:24:50,119.88182666666668,32.20039666666667,14.0,170.1,,
2025-07-21 07:25:51,119.88257333333334,32.19652333333333,13.9,175.8,,
2025-07-21 07:26:57,119.88330666666668,32.192296666666664,13.9,169.8,,
2025-07-21 07:28:03,119.88422666666666,32.18816,14.1,173.5,,
2025-07-21 07:29:09,119.88413333333334,32.18382,14.1,183.6,,
2025-07-21 07:30:09,119.88452,32.17993333333333,14.0,169.1,,
2025-07-21 07:31:27,119.88592,32.17501,14.0,164.7,,
2025-07-21 07:32:39,119.88669333333333,32.17039333333334,14.0,180.3,,
2025-07-21 07:33:50,119.88618666666666,32.16579,14.0,175.7,,
2025-07-21 07:34:56,119.88817333333331,32.161903333333335,14.2,128.6,,
2025-07-21 07:35:56,119.89017333333334,32.15869333333333,12.5,173.7,,
2025-07-21 07:36:57,119.89116,32.15533,12.2,168.1,,
2025-07-21 07:38:03,119.8916,32.151603333333334,12.3,174.9,,
2025-07-21 07:40:10,119.89230666666668,32.149503333333335,10.8,155.4,,
2025-07-21 07:41:11,119.89461333333334,32.14217333333333,13.9,167.3,,
2025-07-21 07:42:14,119.89572,32.13832333333333,12.8,165.8,,
2025-07-21 07:43:26,119.89721333333334,32.13438333333333,11.7,160.8,,
2025-07-21 07:45:30,119.89996,32.12816,10.9,158.5,,
2025-07-21 07:47:51,119.90258666666666,32.12181,9.7,162.6,,
2025-07-21 07:49:51,119.90424,32.11718,8.3,163.0,,
2025-07-21 07:52:22,119.90458666666666,32.11610666666667,8.0,165.8,,
2025-07-21 07:54:30,119.90614666666669,32.11107,7.3,164.8,,
2025-07-21 07:57:41,119.90889333333334,32.10254333333334,5.5,154.8,,
2025-07-21 08:00:41,119.91210666666667,32.100253333333335,3.5,100.0,,
2025-07-21 08:03:51,119.91413333333334,32.10066,1.1,44.2,,
2025-07-21 08:07:11,119.91489333333334,32.09998,1.0,152.3,,
2025-07-21 08:10:12,119.91496,32.099,1.6,171.4,,
2025-07-21 08:13:29,119.91510666666667,32.09856,0.5,164.7,,
2025-07-21 08:17:42,119.91562666666668,32.09816,0.5,31.2,,
2025-07-21 08:49:19,119.91584,32.09841,0.1,161.7,,
2025-07-21 09:19:57,119.91588,32.09836333333333,0.0,161.7,,
2025-07-21 09:49:57,119.91593333333331,32.09844666666667,0.0,161.7,,
2025-07-21 10:19:57,119.91598666666668,32.09846,0.0,161.7,,
2025-07-21 10:49:57,119.91604,32.09845333333333,0.0,161.7,,
2025-07-21 11:19:57,119.91608,32.09835,0.0,161.7,,
2025-07-21 11:49:59,119.91609333333334,32.09834,0.0,161.7,,
2025-07-21 12:20:28,119.916,32.09857,0.0,,,
2025-07-21 12:52:57,119.91616,32.098463333333335,0.1,161.7,,
2025-07-21 13:22:57,119.91616,32.098436666666665,0.1,161.7,,
2025-07-21 13:55:56,119.91622666666666,32.098436666666665,0.0,161.7,,
2025-07-21 14:25:56,119.91616,32.098463333333335,0.1,161.7,,
2025-07-21 14:55:56,119.91613333333332,32.09853666666667,0.0,161.7,,
2025-07-21 15:25:56,119.916,32.09864,0.0,161.7,,
2025-07-21 15:55:56,119.91566666666668,32.098803333333336,0.0,161.7,,
2025-07-21 16:26:23,119.91514666666669,32.09926,0.1,161.7,,
2025-07-21 16:58:56,119.91448,32.10019,0.0,161.7,,
2025-07-21 17:28:56,119.91454666666668,32.10053333333333,0.0,161.7,,
2025-07-21 17:58:56,119.91441333333331,32.10059,0.0,161.7,,
2025-07-21 18:28:56,119.9144,32.10061666666667,0.0,161.7,,
2025-07-21 18:58:56,119.91424,32.10026666666667,0.1,161.7,,
2025-07-21 19:29:27,119.91494666666668,32.09941,0.2,,,
2025-07-21 19:59:29,119.91556,32.098526666666665,0.0,,,
2025-07-21 20:29:30,119.91610666666666,32.098486666666666,0.0,,,
2025-07-21 21:02:04,119.91618666666666,32.09845333333333,0.0,161.7,,
2025-07-21 21:32:27,119.91621333333332,32.098443333333336,0.0,,,
2025-07-21 22:03:59,119.91626666666669,32.098366666666664,0.0,161.7,,
2025-07-21 22:34:55,119.91625333333332,32.09834333333333,0.0,161.7,,
2025-07-21 23:04:55,119.91624,32.09834,0.0,161.7,,
2025-07-21 23:36:15,119.91624,32.098256666666664,0.0,161.7,,
2025-07-22 00:07:55,119.91622666666666,32.098263333333335,0.0,161.7,,
2025-07-22 00:38:30,119.91622666666666,32.09823333333333,0.0,,,
2025-07-22 01:08:30,119.91629333333331,32.09842666666667,0.1,,,
2025-07-22 01:40:54,119.91625333333332,32.09822,0.1,161.7,,
2025-07-22 02:10:54,119.91624,32.09822,0.0,161.7,,
2025-07-22 02:40:54,119.91622666666666,32.09824666666667,0.0,161.7,,
2025-07-22 03:10:54,119.91628,32.09823333333333,0.1,161.7,,
2025-07-22 03:40:54,119.91629333333331,32.09825,0.0,161.7,,
2025-07-22 04:10:54,119.91616,32.09811666666667,0.0,161.7,,
2025-07-22 04:40:54,119.91624,32.09833666666667,0.1,161.7,,
2025-07-22 05:10:54,119.91617333333332,32.09863333333333,0.0,161.7,,
2025-07-22 05:40:54,119.91613333333332,32.09851,0.0,161.7,,
2025-07-22 06:10:54,119.91606666666668,32.098463333333335,0.1,161.7,,
2025-07-22 06:14:49,119.91566666666668,32.098616666666665,0.7,320.3,,
2025-07-22 06:17:49,119.91490666666668,32.09887,4.6,334.9,,
2025-07-22 06:20:05,119.91626666666669,32.100453333333334,3.6,134.8,,
2025-07-22 06:23:10,119.91561333333334,32.09995,0.5,355.2,,
2025-07-22 06:28:39,119.91530666666668,32.10067333333333,0.5,352.5,,
2025-07-22 06:31:40,119.91530666666668,32.101193333333335,0.6,352.2,,
2025-07-22 06:34:49,119.91517333333331,32.10185,0.4,319.7,,
2025-07-22 06:37:49,119.91384,32.10163,2.4,239.0,,
2025-07-22 06:40:50,119.91253333333331,32.100413333333336,3.1,205.0,,
2025-07-22 06:43:55,119.91226666666668,32.09826666666667,3.8,171.8,,
2025-07-22 06:46:09,119.91190666666668,32.09165333333333,8.9,154.4,,
2025-07-22 06:48:10,119.91449333333334,32.08733,9.0,162.0,,
2025-07-22 06:50:50,119.91764,32.0811,9.0,153.4,,
2025-07-22 06:52:50,119.92017333333334,32.076523333333334,9.1,156.6,,
2025-07-22 06:54:50,119.92298666666667,32.07116333333333,11.9,154.9,,
2025-07-22 06:55:51,119.92298666666667,32.07116333333333,11.9,154.9,,
2025-07-22 06:57:06,119.9274,32.06382,13.8,156.0,,
2025-07-22 06:58:06,119.92866666666669,32.0602,13.7,163.1,,
2025-07-22 06:59:09,119.93042666666666,32.05652333333333,13.7,155.9,,
2025-07-22 07:00:09,119.93226666666666,32.053023333333336,13.6,155.6,,
2025-07-22 07:01:20,119.93442666666668,32.04893333333333,13.6,164.0,,
2025-07-22 07:02:29,119.93652,32.04496666666667,13.5,152.3,,
2025-07-22 07:03:29,119.93865333333332,32.04167,13.5,151.3,,
2025-07-22 07:04:29,119.94062666666666,32.03830333333333,13.4,152.9,,
2025-07-22 07:05:29,119.94292,32.03512333333333,13.5,144.6,,
2025-07-22 07:06:36,119.94570666666668,32.03155666666667,13.8,147.0,,
2025-07-22 07:07:36,119.94769333333332,32.02825,12.9,162.5,,
2025-07-22 07:08:36,119.94937333333333,32.02498,12.2,147.9,,
2025-07-22 07:10:36,119.95370666666666,32.01965333333333,11.4,145.1,,
2025-07-22 07:12:36,119.95805333333334,32.01446,11.4,143.6,,
2025-07-22 07:14:36,119.96264,32.009856666666664,9.4,132.7,,
2025-07-22 07:16:36,119.96702666666668,32.00662333333333,8.8,129.7,,
2025-07-22 07:18:36,119.97222666666669,32.00298,10.5,129.9,,
2025-07-22 07:20:36,119.97772,31.999216666666666,11.3,128.7,,
2025-07-22 07:22:36,119.98310666666669,31.99471,11.9,137.2,,
2025-07-22 07:23:36,119.98593333333334,31.99220333333333,12.5,135.8,,
2025-07-22 07:24:36,119.98884,31.989733333333334,12.6,134.2,,
2025-07-22 07:25:36,119.99177333333331,31.987266666666667,12.6,137.9,,
2025-07-22 07:26:39,119.99445333333334,31.984516666666668,12.2,138.7,,
2025-07-22 07:27:39,119.99717333333334,31.98202333333333,12.0,136.7,,
2025-07-22 07:28:39,120.00006666666668,31.979783333333334,12.1,130.8,,
2025-07-22 07:29:39,120.00325333333332,31.97770333333333,12.4,124.3,,
2025-07-22 07:30:39,120.00669333333332,31.975843333333334,12.4,123.0,,
2025-07-22 07:31:39,120.01010666666669,31.974026666666667,12.4,121.8,,
2025-07-22 07:32:40,120.01370666666666,31.97225333333333,12.4,119.1,,
2025-07-22 07:33:40,120.01737333333334,31.97055,13.5,118.9,,
2025-07-22 07:34:40,120.02117333333334,31.96875,13.1,118.7,,
2025-07-22 07:35:40,120.02506666666666,31.96716,13.2,112.8,,
2025-07-22 07:36:49,120.02969333333331,31.9656,13.2,111.2,,
2025-07-22 07:37:50,120.03384,31.964346666666668,13.2,107.2,,
2025-07-22 07:38:50,120.03798666666668,31.96325,13.1,104.8,,
2025-07-22 07:39:50,120.04221333333334,31.962436666666665,13.3,101.1,,
2025-07-22 07:40:50,120.04638666666666,31.96139,13.3,110.5,,
2025-07-22 07:42:06,120.05158666666668,31.959776666666667,13.1,109.7,,
2025-07-22 07:43:06,120.05561333333333,31.95853333333333,13.1,107.9,,
2025-07-22 07:44:06,120.05968,31.957283333333333,13.5,107.7,,
2025-07-22 07:45:06,120.06388,31.956043333333334,13.6,109.0,,
2025-07-22 07:46:06,120.06808,31.95477,13.6,110.3,,
2025-07-22 07:47:19,120.07316,31.9533,13.4,108.0,,
2025-07-22 07:48:30,120.07810666666668,31.95203,13.3,107.1,,
2025-07-22 07:49:50,120.08364,31.95054333333333,13.2,108.0,,
2025-07-22 07:50:50,120.08773333333332,31.94948,12.9,106.6,,
2025-07-22 07:52:06,120.09292,31.9481,13.1,107.7,,
2025-07-22 07:53:10,120.09728,31.947006666666667,13.1,107.9,,
2025-07-22 07:55:06,120.10526666666668,31.94507,13.1,109.1,,
2025-07-22 07:56:31,120.11481333333332,31.94190333333333,13.0,106.7,,
2025-07-22 07:57:36,120.11524,31.94176333333333,13.1,106.6,,
2025-07-22 07:59:36,120.12265333333332,31.939956666666667,11.5,106.6,,
2025-07-22 08:01:39,120.13013333333332,31.938306666666666,11.6,102.6,,
2025-07-22 08:03:40,120.13752,31.936696666666663,11.5,104.2,,
2025-07-22 08:06:05,120.14654666666668,31.93512,11.6,97.6,,
2025-07-22 08:08:05,120.15392,31.93377,11.6,99.7,,
2025-07-22 08:10:05,120.16144,31.932906666666668,11.6,96.0,,
2025-07-22 08:12:05,120.16906666666668,31.93145,12.5,101.5,,
2025-07-22 08:13:20,120.17425333333334,31.93063666666667,13.4,101.3,,
2025-07-22 08:14:35,120.17977333333332,31.929873333333333,13.6,94.4,,
2025-07-22 08:15:35,120.18416,31.929526666666668,13.5,95.5,,
2025-07-22 08:16:39,120.18878666666669,31.92926,13.4,92.2,,
2025-07-22 08:17:39,120.19321333333332,31.92895333333333,13.7,94.6,,
2025-07-22 08:18:39,120.19769333333332,31.929066666666667,13.9,87.5,,
2025-07-22 08:20:05,120.20386666666668,31.92868,11.8,102.9,,
2025-07-22 08:21:52,120.21065333333334,31.92834,12.0,90.7,,
2025-07-22 08:22:58,120.21502666666666,31.92841333333333,12.0,86.4,,
2025-07-22 08:24:01,120.21925333333331,31.92878333333333,13.4,81.7,,
2025-07-22 08:25:01,120.2236,31.929426666666668,13.4,80.2,,
2025-07-22 08:26:01,120.22790666666668,31.930053333333333,13.1,81.6,,
2025-07-22 08:27:01,120.23216,31.93068,13.1,79.0,,
2025-07-22 08:28:01,120.2364,31.93149333333333,13.3,75.8,,
2025-07-22 08:29:01,120.24070666666668,31.932503333333333,13.9,73.6,,
2025-07-22 08:30:01,120.24509333333332,31.933566666666668,13.8,78.7,,
2025-07-22 08:31:02,120.24952,31.93424,13.7,71.2,,
2025-07-22 08:32:05,120.25392,31.93590333333333,13.8,64.0,,
2025-07-22 08:33:05,120.25786666666669,31.937816666666667,14.0,61.5,,
2025-07-22 08:34:05,120.26190666666666,31.93961,14.1,59.2,,
2025-07-22 08:35:05,120.26597333333332,31.94155,14.2,61.4,,
2025-07-22 08:36:05,120.27004,31.94345333333333,14.6,61.3,,
2025-07-22 08:37:05,120.27422666666666,31.945246666666662,14.2,65.7,,
2025-07-22 08:38:05,120.27834666666666,31.947043333333333,14.1,62.6,,
2025-07-22 08:39:09,120.28274666666668,31.94892,14.2,64.4,,
2025-07-22 08:40:09,120.287,31.95047333333333,13.7,68.7,,
2025-07-22 08:41:16,120.29158666666666,31.952223333333333,13.8,64.3,,
2025-07-22 08:42:28,120.29645333333332,31.954256666666662,13.7,61.9,,
2025-07-22 08:43:33,120.30066666666669,31.956326666666666,13.8,61.6,,
2025-07-22 08:44:35,120.30476,31.95804333333333,12.9,64.2,,
2025-07-22 08:45:35,120.30853333333332,31.959656666666667,12.9,63.0,,
2025-07-22 08:46:38,120.31230666666669,31.961486666666666,12.7,58.0,,
2025-07-22 08:47:47,120.31636,31.96368333333333,12.6,60.2,,
2025-07-22 08:48:48,120.31994666666668,31.96552,12.5,54.9,,
2025-07-22 08:50:05,120.32453333333332,31.967756666666663,12.6,59.3,,
2025-07-22 08:51:05,120.328,31.969616666666667,12.4,58.0,,
2025-07-22 08:52:05,120.33150666666668,31.971406666666667,12.4,60.6,,
2025-07-22 08:53:05,120.33489333333333,31.973323333333333,12.5,51.6,,
2025-07-22 08:54:28,120.33932,31.97628,12.5,52.4,,
2025-07-22 08:55:28,120.34249333333334,31.97846,12.4,48.0,,
2025-07-22 08:56:28,120.34564,31.98066,12.4,54.2,,
2025-07-22 08:57:28,120.34896,31.982686666666662,12.4,51.2,,
2025-07-22 08:58:48,120.35309333333332,31.98571,12.4,47.9,,
2025-07-22 08:59:48,120.35626666666668,31.987883333333333,12.2,52.7,,
2025-07-22 09:00:48,120.35948,31.98991333333333,12.2,53.7,,
2025-07-22 09:01:48,120.36277333333334,31.991896666666666,12.3,56.5,,
2025-07-22 09:02:48,120.36614666666668,31.9938,12.2,56.2,,
2025-07-22 09:03:58,120.37006666666667,31.996016666666662,12.3,54.1,,
2025-07-22 09:05:08,120.37378666666666,31.9985,12.3,51.9,,
2025-07-22 09:06:08,120.37696,32.00062666666667,12.4,51.7,,
2025-07-22 09:07:08,120.38014666666666,32.00274666666667,12.3,52.0,,
2025-07-22 09:08:08,120.38334666666668,32.00488,12.4,51.2,,
2025-07-22 09:09:28,120.38766666666666,32.007713333333335,12.4,53.8,,
2025-07-22 09:10:28,120.39096,32.00975666666667,12.4,54.3,,
2025-07-22 09:11:28,120.39425333333334,32.01175666666666,12.4,55.6,,
2025-07-22 09:12:38,120.39821333333332,32.01404333333333,12.5,55.7,,
2025-07-22 09:14:05,120.40344,32.01648,12.6,63.4,,
2025-07-22 09:15:05,120.4072,32.01794,12.7,66.3,,
2025-07-22 09:16:05,120.41098666666667,32.019416666666665,12.5,66.6,,
2025-07-22 09:17:05,120.41474666666667,32.02088,12.7,65.4,,
2025-07-22 09:18:05,120.41858666666668,32.02213,12.4,69.0,,
2025-07-22 09:19:05,120.42241333333334,32.02327,12.4,72.6,,
2025-07-22 09:20:05,120.42626666666666,32.024346666666666,12.4,71.1,,
2025-07-22 09:21:05,120.43012,32.025463333333335,12.4,71.4,,
2025-07-22 09:22:28,120.43554666666668,32.02697333333333,12.8,72.3,,
2025-07-22 09:23:28,120.43956,32.028013333333334,12.7,74.4,,
2025-07-22 09:24:28,120.44358666666666,32.02894,12.6,75.9,,
2025-07-22 09:25:35,120.44805333333332,32.02988,12.3,74.0,,
2025-07-22 09:27:35,120.45574666666668,32.03111333333333,11.8,81.9,,
2025-07-22 09:29:35,120.46346666666666,32.03151666666667,11.9,85.5,,
2025-07-22 09:30:48,120.46821333333334,32.0318,12.0,86.8,,
2025-07-22 09:32:48,120.47481333333332,32.03206333333333,9.4,89.8,,
2025-07-22 09:34:48,120.4818,32.03172333333333,11.5,97.2,,
2025-07-22 09:36:48,120.48936,32.03080666666666,11.6,98.8,,
2025-07-22 09:39:05,120.49785333333334,32.02976,10.7,102.2,,
2025-07-22 09:41:05,120.50458666666668,32.028353333333335,10.2,105.3,,
2025-07-22 09:43:07,120.51104,32.02692,9.4,107.1,,
2025-07-22 09:45:07,120.51710666666666,32.025036666666665,9.9,110.0,,
2025-07-22 09:47:27,120.52433333333332,32.02242,10.7,113.8,,
2025-07-22 09:50:07,120.53325333333332,32.019416666666665,11.2,105.8,,
2025-07-22 09:52:35,120.54196,32.016796666666664,11.4,111.6,,
2025-07-22 09:54:35,120.54889333333334,32.01428333333333,11.6,114.2,,
2025-07-22 09:56:35,120.55562666666668,32.01123333333334,11.7,121.0,,
2025-07-22 09:58:35,120.56248,32.008426666666665,11.7,113.8,,
2025-07-22 10:00:29,120.56918666666668,32.00581666666667,12.3,113.9,,
2025-07-22 10:01:48,120.57416,32.00396,12.8,113.2,,
2025-07-22 10:02:48,120.57802666666667,32.00248666666667,13.0,114.1,,
2025-07-22 10:03:48,120.582,32.00106,13.2,111.4,,
2025-07-22 10:05:17,120.58813333333332,31.99934,13.5,105.0,,
2025-07-22 10:06:39,120.594,31.997986666666662,13.7,104.2,,
2025-07-22 10:07:39,120.59837333333331,31.99705,13.9,103.0,,
2025-07-22 10:08:48,120.60346666666666,31.996156666666668,13.9,100.5,,
2025-07-22 10:09:54,120.60844,31.995466666666665,13.9,98.0,,
2025-07-22 10:11:18,120.61482666666669,31.99489,14.1,95.0,,
2025-07-22 10:12:18,120.61945333333334,31.994576666666667,14.2,92.9,,
2025-07-22 10:13:54,120.62692,31.994276666666668,14.3,90.7,,
2025-07-22 10:15:01,120.63209333333332,31.994333333333334,14.4,88.9,,
2025-07-22 10:16:05,120.63725333333332,31.99447,14.5,87.8,,
2025-07-22 10:17:05,120.64193333333333,31.99475333333333,14.3,86.7,,
2025-07-22 10:18:11,120.64698666666666,31.99505333333333,14.0,85.5,,
2025-07-22 10:19:18,120.65189333333332,31.995383333333333,12.9,84.3,,
2025-07-22 10:20:30,120.65697333333334,31.995853333333333,12.9,82.9,,
2025-07-22 10:21:30,120.6612,31.99635,13.1,82.7,,
2025-07-22 10:22:35,120.66585333333332,31.996736666666667,13.1,84.5,,
2025-07-22 10:23:50,120.67117333333331,31.99729333333333,13.2,81.6,,
2025-07-22 10:24:50,120.67549333333334,31.99785333333333,13.3,81.7,,
2025-07-22 10:26:10,120.68125333333332,31.99841333333333,13.2,82.1,,
2025-07-22 10:27:20,120.68626666666668,31.9991,13.2,79.5,,
2025-07-22 10:29:20,120.69366666666669,32.00034,10.4,80.4,,
2025-07-22 10:32:05,120.70301333333332,32.00168333333333,10.5,79.4,,
2025-07-22 10:34:19,120.71050666666666,32.00261,10.2,84.6,,
2025-07-22 10:36:19,120.71712,32.00307333333333,10.1,84.2,,
2025-07-22 10:38:19,120.72374666666668,32.00354,10.0,88.3,,
2025-07-22 10:40:19,120.73021333333334,32.00410333333333,9.8,80.1,,
2025-07-22 10:42:29,120.73781333333334,32.005073333333335,11.5,82.0,,
2025-07-22 10:44:29,120.74506666666667,32.00601,11.0,80.4,,
2025-07-22 10:46:29,120.75256,32.00689333333333,11.7,82.6,,
2025-07-22 10:48:35,120.76028,32.00776666666667,10.6,83.4,,
2025-07-22 10:50:49,120.76792,32.008163333333336,10.0,89.4,,
2025-07-22 10:52:50,120.77466666666666,32.00816,10.4,92.2,,
2025-07-22 10:54:50,120.78170666666666,32.007983333333335,11.3,91.4,,
2025-07-22 10:56:50,120.78901333333332,32.00727333333333,11.4,97.5,,
2025-07-22 10:59:05,120.79732,32.005873333333334,11.3,97.2,,
2025-07-22 11:01:05,120.80432,32.003703333333334,11.5,121.8,,
2025-07-22 11:03:05,120.81057333333334,32.00002333333333,11.9,124.6,,
2025-07-22 11:04:05,120.8138,31.998076666666663,12.1,126.1,,
2025-07-22 11:05:05,120.81698666666666,31.99609,12.0,127.3,,
2025-07-22 11:06:05,120.82013333333332,31.99399333333333,12.3,131.3,,
2025-07-22 11:07:05,120.82316,31.991723333333333,12.5,132.2,,
2025-07-22 11:08:05,120.82626666666668,31.98928666666667,13.3,131.7,,
2025-07-22 11:09:05,120.82948,31.986726666666662,13.6,133.9,,
2025-07-22 11:10:05,120.83272,31.9841,14.1,131.9,,
2025-07-22 11:11:05,120.83610666666668,31.981393333333333,14.1,145.1,,
2025-07-22 11:12:05,120.83884,31.978186666666662,14.4,142.3,,
2025-07-22 11:13:05,120.84169333333334,31.97497333333333,14.5,142.8,,
2025-07-22 11:14:05,120.84450666666666,31.97182,14.3,142.5,,
2025-07-22 11:15:05,120.8472,31.96869,14.5,144.0,,
2025-07-22 11:16:05,120.85009333333332,31.965353333333333,14.4,142.8,,
2025-07-22 11:17:05,120.85262666666668,31.96199,14.1,152.2,,
2025-07-22 11:18:05,120.85473333333331,31.958486666666666,13.8,151.9,,
2025-07-22 11:19:05,120.85676,31.95497333333333,14.0,155.3,,
2025-07-22 11:20:05,120.85853333333333,31.951406666666667,13.9,157.6,,
2025-07-22 11:21:05,120.8602,31.947883333333333,12.8,158.7,,
2025-07-22 11:22:05,120.86174666666666,31.94457333333333,12.5,156.9,,
2025-07-22 11:23:05,120.86322666666666,31.94128,12.5,158.7,,
2025-07-22 11:24:05,120.86469333333334,31.937986666666667,12.6,159.7,,
2025-07-22 11:25:06,120.86605333333333,31.93468,12.2,160.7,,
2025-07-22 11:26:06,120.86746666666669,31.93147,12.3,156.2,,
2025-07-22 11:27:37,120.86962666666666,31.92666,12.3,159.2,,
2025-07-22 11:28:37,120.87105333333334,31.92344333333333,12.1,159.2,,
2025-07-22 11:29:37,120.87254666666666,31.920226666666668,12.5,156.5,,
2025-07-22 11:30:37,120.8738,31.916946666666668,12.3,164.8,,
2025-07-22 11:31:37,120.87512,31.91366333333333,12.2,159.8,,
2025-07-22 11:32:37,120.87650666666669,31.910433333333334,12.4,154.9,,
2025-07-22 11:33:37,120.87770666666668,31.907173333333333,12.3,164.9,,
2025-07-22 11:34:37,120.87881333333333,31.903883333333333,12.3,162.5,,
2025-07-22 11:35:37,120.87990666666668,31.90056333333333,12.3,166.0,,
2025-07-22 11:36:37,120.88081333333334,31.897186666666663,12.3,167.9,,
2025-07-22 11:37:37,120.8818,31.89364,13.4,168.3,,
2025-07-22 11:38:37,120.88264,31.88998,13.1,170.7,,
2025-07-22 11:39:37,120.88348,31.88633,13.7,169.2,,
2025-07-22 11:41:05,120.88510666666669,31.88087,13.7,168.1,,
2025-07-22 11:42:05,120.88596,31.87712,13.9,168.7,,
2025-07-22 11:43:06,120.88684,31.87330333333333,13.8,165.2,,
2025-07-22 11:44:15,120.8884,31.86908333333333,12.7,167.0,,
2025-07-22 11:45:15,120.88956,31.865693333333333,13.6,171.0,,
2025-07-22 11:46:15,120.89052,31.86206,13.0,163.7,,
2025-07-22 11:47:20,120.89158666666668,31.85843333333333,12.0,166.9,,
2025-07-22 11:49:31,120.89408,31.851736666666667,11.6,165.1,,
2025-07-22 11:51:31,120.89625333333332,31.846216666666667,9.2,160.7,,
2025-07-22 11:53:43,120.89914666666668,31.840533333333333,10.8,157.9,,
2025-07-22 11:55:51,120.90156,31.83482,10.0,158.2,,
2025-07-22 11:58:05,120.90438666666668,31.829173333333333,9.6,155.8,,
2025-07-22 12:00:13,120.90728,31.823923333333333,9.6,155.1,,
2025-07-22 12:02:42,120.91124,31.817706666666663,11.6,154.4,,
2025-07-22 12:05:04,120.91522666666668,31.81069,11.7,154.8,,
2025-07-22 12:06:42,120.9182,31.806066666666663,12.0,150.4,,
2025-07-22 12:07:52,120.92058666666668,31.80251,12.9,145.9,,
2025-07-22 12:08:52,120.92308,31.799516666666666,13.6,144.7,,
2025-07-22 12:10:23,120.92698666666666,31.79506,12.9,141.6,,
2025-07-22 12:11:23,120.92984,31.79240666666667,12.9,135.3,,
2025-07-22 12:12:34,120.93334666666668,31.78926333333333,12.6,133.9,,
2025-07-22 12:13:34,120.93637333333334,31.78700333333333,12.3,128.7,,
2025-07-22 12:14:34,120.93974666666666,31.785166666666665,12.5,120.8,,
2025-07-22 12:15:34,120.94321333333332,31.78345333333333,12.1,116.7,,
2025-07-22 16:14:27,121.00450666666669,31.780376666666665,13.0,278.4,,
2025-07-22 16:15:47,120.99876,31.780976666666668,13.7,276.1,,
2025-07-22 16:16:47,120.99424,31.78119333333333,14.0,273.3,,
2025-07-22 16:17:47,120.98968,31.78148,14.0,272.8,,
2025-07-22 16:18:47,120.98508,31.78149,14.1,268.8,,
2025-07-22 16:19:53,120.98005333333332,31.782026666666667,14.0,282.8,,
2025-07-22 16:20:53,120.9756,31.782856666666667,14.0,283.0,,
2025-07-22 16:21:53,120.97125333333334,31.783766666666665,13.6,284.0,,
2025-07-22 16:22:53,120.96689333333332,31.78458333333333,13.7,285.1,,
2025-07-22 16:24:04,120.96182666666668,31.78587,13.2,286.1,,
2025-07-22 16:25:29,120.95605333333332,31.787613333333333,13.3,297.5,,
2025-07-22 16:26:29,120.95229333333332,31.789473333333333,13.4,300.1,,
2025-07-22 16:27:29,120.94872,31.79165666666667,13.6,308.6,,
2025-07-22 16:28:34,120.94516,31.79438333333333,13.1,312.9,,
2025-07-22 16:29:34,120.94202666666666,31.796966666666663,13.4,314.5,,
2025-07-22 16:30:50,120.93828,31.800326666666667,13.3,317.6,,
2025-07-22 16:31:50,120.9354,31.803093333333333,13.3,318.3,,
2025-07-22 16:32:50,120.93249333333333,31.805856666666667,13.2,319.6,,
2025-07-22 16:33:50,120.92990666666668,31.80878333333333,13.0,325.3,,
2025-07-22 16:34:50,120.9274,31.81170333333333,13.0,322.1,,
2025-07-22 16:35:50,120.92472,31.81455,13.2,321.8,,
2025-07-22 16:37:04,120.92145333333332,31.818196666666665,13.0,327.2,,
2025-07-22 16:38:10,120.91908,31.821566666666666,13.0,329.1,,
2025-07-22 16:39:20,120.91656,31.82526,13.2,331.0,,
2025-07-22 16:40:20,120.91436,31.82846,13.3,329.3,,
2025-07-22 16:41:20,120.91216,31.831676666666667,13.4,328.8,,
2025-07-22 16:42:30,120.90957333333331,31.83545,13.5,329.5,,
2025-07-22 16:43:34,120.90710666666666,31.838953333333333,13.3,321.4,,
2025-07-22 16:44:34,120.90461333333332,31.84203,13.6,330.9,,
2025-07-22 16:45:34,120.90276,31.84547333333333,13.5,337.3,,
2025-07-22 16:46:50,120.90092,31.84992,13.6,341.2,,
2025-07-22 16:47:50,120.89970666666666,31.85354333333333,13.7,344.8,,
2025-07-22 16:48:50,120.89868,31.85726,13.6,345.6,,
2025-07-22 16:50:04,120.8972,31.86175666666667,13.2,349.7,,
2025-07-22 16:51:04,120.89628,31.86535333333333,13.3,348.3,,
2025-07-22 16:52:30,120.89512,31.8705,13.2,347.1,,
2025-07-22 16:53:30,120.89432,31.874113333333334,13.0,350.2,,
2025-07-22 16:54:30,120.89348,31.877693333333333,13.1,346.2,,
2025-07-22 16:55:30,120.89245333333334,31.881266666666665,13.1,343.3,,
2025-07-22 16:56:30,120.89130666666668,31.88481,13.3,345.5,,
2025-07-22 16:57:30,120.89009333333334,31.888326666666668,13.1,344.6,,
2025-07-22 16:58:30,120.88926666666669,31.89189,12.9,350.2,,
2025-07-22 16:59:34,120.88801333333332,31.895656666666667,13.1,339.8,,
2025-07-22 17:00:34,120.88658666666667,31.899083333333333,13.0,346.8,,
2025-07-22 17:01:50,120.88522666666668,31.90346,13.0,343.3,,
2025-07-22 17:02:50,120.88392,31.906893333333333,13.0,344.2,,
2025-07-22 17:03:50,120.88270666666666,31.910353333333333,12.9,339.3,,
2025-07-22 17:04:50,120.88125333333332,31.913736666666665,12.9,340.3,,
2025-07-22 17:06:01,120.87957333333334,31.91766,12.7,336.8,,
2025-07-22 17:07:04,120.87781333333334,31.9212,12.8,339.6,,
2025-07-22 17:08:04,120.87621333333334,31.924486666666667,12.8,335.1,,
2025-07-22 17:09:04,120.87464,31.92783333333333,13.0,345.8,,
2025-07-22 17:10:04,120.87334666666666,31.931286666666665,13.2,341.7,,
2025-07-22 17:11:04,120.87205333333333,31.93474,13.0,339.6,,
2025-07-22 17:12:04,120.87041333333332,31.93811333333333,13.0,334.9,,
2025-07-22 17:13:04,120.86854666666666,31.941366666666667,13.1,329.4,,
2025-07-22 17:14:04,120.86674666666669,31.944676666666663,13.0,343.7,,
2025-07-22 17:15:04,120.8658,31.948156666666662,12.7,345.5,,
2025-07-22 17:16:04,120.86454666666668,31.951563333333333,12.7,340.5,,
2025-07-22 17:17:04,120.86326666666666,31.954996666666663,13.1,341.1,,
2025-07-22 17:18:04,120.86230666666668,31.958493333333333,12.5,348.8,,
2025-07-22 17:19:04,120.86113333333331,31.96188,12.8,335.3,,
2025-07-22 17:20:04,120.85917333333332,31.965106666666667,12.9,322.3,,
2025-07-22 17:21:04,120.85654666666667,31.96796,13.1,322.0,,
2025-07-22 17:22:19,120.85310666666666,31.971396666666667,13.0,317.8,,
2025-07-22 17:23:19,120.85026666666668,31.97413333333333,13.1,316.6,,
2025-07-22 17:24:19,120.84733333333334,31.976796666666665,13.0,316.6,,
2025-07-22 17:25:19,120.84444,31.97946333333333,13.0,317.9,,
2025-07-22 17:26:19,120.84149333333332,31.982136666666666,13.1,314.2,,
2025-07-22 17:27:20,120.83846666666666,31.98482333333333,13.1,318.3,,
2025-07-22 17:28:20,120.83550666666666,31.98747333333333,13.0,314.0,,
2025-07-22 17:29:33,120.83173333333332,31.990656666666663,12.9,315.0,,
2025-07-22 17:30:33,120.82862666666666,31.99316333333333,13.0,312.5,,
2025-07-22 17:31:33,120.82541333333332,31.995563333333333,13.1,311.9,,
2025-07-22 17:32:33,120.82216,31.99795,13.0,310.1,,
2025-07-22 17:33:33,120.81892,32.00032,13.0,311.4,,
2025-07-22 17:34:33,120.81569333333331,32.00268333333333,13.1,309.8,,
2025-07-22 17:35:34,120.81232,32.00491666666667,13.0,306.1,,
2025-07-22 17:36:39,120.80853333333332,32.00714333333333,12.9,301.8,,
2025-07-22 17:37:39,120.80490666666668,32.00895,12.8,293.6,,
2025-07-22 17:38:39,120.80102666666669,32.01028,12.7,292.2,,
2025-07-22 17:39:39,120.79717333333332,32.01163666666667,12.7,290.9,,
2025-07-22 17:40:39,120.79325333333334,32.01287666666666,12.7,291.7,,
2025-07-22 17:41:39,120.78924,32.01371,12.6,282.9,,
2025-07-22 17:42:39,120.78518666666666,32.01432333333333,12.6,274.8,,
2025-07-22 17:43:39,120.78105333333332,32.01463,12.7,272.8,,
2025-07-22 17:44:39,120.77689333333332,32.014763333333335,12.7,274.5,,
2025-07-22 17:45:39,120.77274666666666,32.01499666666667,12.7,275.6,,
2025-07-22 17:46:39,120.7686,32.01535666666667,12.7,271.8,,
2025-07-22 17:47:39,120.76444,32.01549,12.7,270.2,,
2025-07-22 17:49:40,120.75678666666668,32.01502,11.0,263.3,,
2025-07-22 17:51:40,120.74966666666668,32.01448333333333,10.9,264.9,,
2025-07-22 17:53:40,120.74256,32.01375,10.9,261.0,,
2025-07-22 17:55:40,120.73546666666668,32.01299,10.9,261.1,,
2025-07-22 17:57:50,120.72777333333332,32.01219,11.2,263.5,,
2025-07-22 18:00:03,120.71954666666667,32.01148666666667,11.2,266.8,,
2025-07-22 18:02:03,120.71224,32.011073333333336,11.8,256.5,,
2025-07-22 18:03:03,120.70829333333332,32.01013666666667,12.6,254.3,,
2025-07-22 18:04:10,120.70394666666668,32.00908,12.7,253.8,,
2025-07-22 18:05:10,120.69993333333332,32.00808,12.7,254.5,,
2025-07-22 18:06:33,120.6942,32.00704666666667,12.7,259.3,,
2025-07-22 18:07:33,120.69013333333334,32.00631333333333,12.7,257.6,,
2025-07-22 18:08:39,120.68573333333332,32.00554666666667,12.8,259.6,,
2025-07-22 18:09:39,120.6816,32.00481333333333,12.9,257.6,,
2025-07-22 18:11:10,120.67542666666668,32.003476666666664,12.9,257.6,,
2025-07-22 18:12:33,120.66961333333332,32.00248,13.0,261.1,,
2025-07-22 18:14:10,120.66302666666668,32.00145666666667,12.8,254.1,,
2025-07-22 18:15:10,120.65893333333334,32.000553333333336,12.9,261.5,,
2025-07-22 18:16:30,120.65336,32.00037666666667,12.8,268.2,,
2025-07-22 18:17:33,120.6488,32.000323333333334,12.7,268.2,,
2025-07-22 18:18:33,120.64464,32.00011,12.7,264.0,,
2025-07-22 18:20:19,120.63738666666669,32.000206666666664,12.9,279.2,,
2025-07-22 18:21:30,120.63245333333332,32.000793333333334,12.9,280.7,,
2025-07-22 18:22:40,120.62777333333334,32.00205666666667,12.8,288.2,,
2025-07-22 18:24:09,120.62188,32.003746666666665,12.9,293.2,,
2025-07-22 18:25:09,120.61850666666666,32.00579666666667,12.7,306.5,,
2025-07-22 18:26:33,120.61368,32.008646666666664,12.3,302.4,,
2025-07-22 18:27:34,120.61032,32.01056,12.4,306.5,,
2025-07-22 18:28:40,120.60682666666666,32.01288,12.3,308.4,,
2025-07-22 18:29:40,120.60369333333334,32.01505,12.4,307.1,,
2025-07-22 18:30:40,120.60057333333332,32.017266666666664,12.4,312.0,,
2025-07-22 18:31:40,120.59746666666666,32.019463333333334,12.3,314.0,,
2025-07-22 18:32:40,120.59436,32.02160333333333,12.3,308.7,,
2025-07-22 18:33:40,120.59110666666666,32.02363,12.2,306.4,,
2025-07-22 18:34:40,120.58772,32.02549666666667,12.3,300.7,,
2025-07-22 18:36:03,120.58238666666666,32.02720333333333,12.4,292.9,,
2025-07-22 18:37:03,120.57908,32.02915333333333,12.2,318.9,,
2025-07-22 18:38:03,120.57654666666669,32.03180666666667,12.2,320.6,,
2025-07-22 18:39:10,120.57364,32.03456333333333,12.2,315.7,,
2025-07-22 18:40:10,120.57090666666669,32.03706666666667,12.2,313.4,,
2025-07-22 18:41:33,120.56685333333331,32.040396666666666,12.2,315.2,,
2025-07-22 18:42:33,120.56385333333333,32.04267,12.3,308.3,,
2025-07-22 18:43:33,120.56072,32.04482333333333,12.2,313.3,,
2025-07-22 18:44:33,120.55773333333332,32.04712333333333,12.2,313.6,,
2025-07-22 18:45:33,120.55474666666667,32.049393333333335,12.3,311.4,,
2025-07-22 18:46:50,120.55102666666669,32.05235,12.2,308.6,,
2025-07-22 18:48:00,120.54725333333332,32.054696666666665,12.1,304.0,,
2025-07-22 18:49:00,120.54392,32.05645666666667,12.1,299.4,,
2025-07-22 18:51:00,120.53745333333332,32.06017,11.9,304.9,,
2025-07-22 18:53:03,120.53110666666667,32.06419666666667,11.2,312.7,,
2025-07-22 18:55:20,120.52441333333331,32.06823,11.1,299.4,,
2025-07-22 18:57:30,120.51733333333334,32.07129333333334,11.2,292.6,,
2025-07-22 18:59:30,120.51016,32.07266666666667,11.3,278.3,,
2025-07-22 19:01:30,120.50278666666668,32.07339,11.2,275.2,,
2025-07-22 19:03:40,120.49489333333334,32.07306666666667,11.1,264.7,,
2025-07-22 19:05:40,120.48774666666668,32.07261666666667,10.8,262.5,,
2025-07-22 19:08:04,120.47924,32.07140666666667,10.9,254.4,,
2025-07-22 19:10:20,120.47142666666667,32.0696,10.5,256.9,,
2025-07-22 19:12:33,120.4644,32.06773,10.3,252.1,,
2025-07-22 19:15:03,120.45610666666668,32.06519333333333,10.7,250.4,,
2025-07-22 19:17:03,120.44990666666666,32.06262666666667,10.3,240.7,,
2025-07-22 19:19:09,120.44357333333332,32.05972,10.6,239.2,,
2025-07-22 19:21:09,120.43786666666666,32.05629,10.7,238.4,,
2025-07-22 19:23:09,120.43222666666666,32.05278666666667,10.6,234.2,,
2025-07-22 19:25:09,120.42681333333331,32.04908,10.6,234.4,,
2025-07-22 19:27:33,120.42033333333332,32.04444,10.6,223.2,,
2025-07-22 19:29:33,120.41537333333332,32.0403,10.6,226.8,,
2025-07-22 19:31:33,120.41004,32.03631333333333,11.0,229.4,,
2025-07-22 19:33:49,120.4042,32.031643333333335,10.9,230.2,,
2025-07-22 19:36:03,120.39784,32.02753,10.9,230.2,,
2025-07-22 19:38:03,120.39226666666669,32.02373,10.8,231.8,,
2025-07-22 19:40:03,120.38677333333334,32.01989666666667,10.8,229.5,,
2025-07-22 19:42:03,120.38101333333331,32.01635666666667,10.9,234.1,,
2025-07-22 19:44:30,120.37441333333334,32.01161666666667,10.7,229.0,,
2025-07-22 19:46:30,120.36909333333334,32.00767333333334,10.7,228.6,,
2025-07-22 19:48:30,120.36378666666668,32.003706666666666,10.7,228.9,,
2025-07-22 19:50:30,120.35876,31.99953,10.6,224.7,,
2025-07-22 19:52:30,120.35382666666666,31.99528,10.7,225.6,,
2025-07-22 19:54:30,120.34828,31.991703333333334,10.7,229.9,,
2025-07-22 19:56:30,120.34374666666666,31.98718333333333,10.5,229.4,,
2025-07-22 19:58:30,120.33849333333332,31.983336666666663,10.6,229.0,,
2025-07-22 20:00:30,120.33318666666666,31.979506666666666,10.6,234.0,,
2025-07-22 20:02:30,120.32732,31.976323333333333,10.6,241.0,,
2025-07-22 20:04:33,120.32109333333334,31.9733,10.6,241.4,,
2025-07-22 20:06:33,120.315,31.970416666666665,10.6,245.1,,
2025-07-22 20:08:33,120.30861333333333,31.96795333333333,10.6,246.6,,
2025-07-22 20:10:33,120.30254666666669,31.965053333333334,10.6,239.2,,
2025-07-22 20:12:33,120.29664,31.96200333333333,10.6,238.5,,
2025-07-22 20:14:33,120.29076,31.95894333333333,10.4,238.3,,
2025-07-22 20:16:33,120.28473333333334,31.95609333333333,10.5,243.6,,
2025-07-22 20:18:33,120.27876,31.9533,10.4,236.9,,
2025-07-22 20:20:33,120.2728,31.95043666666667,10.5,242.5,,
2025-07-22 20:22:33,120.26674666666666,31.94772333333333,10.2,243.1,,
2025-07-22 20:24:33,120.26069333333334,31.94511333333333,10.3,250.4,,
2025-07-22 20:26:33,120.25425333333334,31.94332,10.4,251.5,,
2025-07-22 20:28:40,120.24753333333334,31.94159,10.3,253.8,,
2025-07-22 20:30:40,120.24081333333334,31.94073,10.4,266.0,,
2025-07-22 20:32:40,120.234,31.940273333333334,10.3,265.0,,
2025-07-22 20:34:40,120.22737333333332,31.94015,10.1,275.1,,
2025-07-22 20:37:03,120.21944,31.94016,10.1,269.2,,
2025-07-22 20:39:03,120.21288,31.94031333333333,10.1,275.6,,
2025-07-22 20:41:03,120.20642666666669,31.94134333333333,10.0,281.5,,
2025-07-22 20:43:03,120.20042666666669,31.94233,9.7,275.0,,
2025-07-22 20:46:03,120.19078666666668,31.94302666666667,9.9,275.5,,
2025-07-22 20:48:20,120.18345333333332,31.94373333333333,9.8,275.0,,
2025-07-22 20:50:30,120.17653333333334,31.944503333333333,9.8,280.2,,
2025-07-22 20:52:33,120.17004,31.945426666666663,9.7,280.2,,
2025-07-22 20:54:33,120.16373333333334,31.946366666666663,9.7,280.0,,
2025-07-22 20:56:33,120.15742666666668,31.94731,9.8,280.1,,
2025-07-22 20:58:33,120.15110666666666,31.948373333333333,9.8,277.7,,
2025-07-22 21:00:33,120.14477333333332,31.94938,9.9,280.4,,
2025-07-22 21:04:03,120.13606666666666,31.950606666666665,9.6,280.6,,
2025-07-22 21:06:29,120.12850666666668,31.952,9.8,281.9,,
2025-07-22 21:08:29,120.1222,31.95316333333333,9.7,283.1,,
2025-07-22 21:10:30,120.11592,31.954363333333333,9.7,286.4,,
2025-07-22 21:12:40,120.10913333333332,31.955493333333333,9.7,282.1,,
2025-07-22 21:15:09,120.10136,31.956793333333334,9.7,282.5,,
2025-07-22 21:17:09,120.0952,31.95789,9.6,280.6,,
2025-07-22 21:19:09,120.08901333333333,31.958973333333333,9.6,277.8,,
2025-07-22 21:21:29,120.08190666666668,31.960103333333333,9.4,282.2,,
2025-07-22 21:23:33,120.07553333333334,31.96119333333333,9.5,281.3,,
2025-07-22 21:25:33,120.06945333333331,31.962176666666668,9.4,282.5,,
2025-07-22 21:27:33,120.06349333333333,31.96319,9.3,282.3,,
2025-07-22 21:29:33,120.05765333333332,31.964386666666663,9.1,285.9,,
2025-07-22 21:31:33,120.05197333333334,31.96583,9.0,284.8,,
2025-07-22 21:33:50,120.04553333333334,31.96762333333333,9.2,290.4,,
2025-07-22 21:35:50,120.03974666666667,31.96908,9.3,285.8,,
2025-07-22 21:38:03,120.03318666666668,31.970693333333333,9.1,289.8,,
2025-07-22 21:40:03,120.0276,31.972653333333334,9.2,293.2,,
2025-07-22 21:42:03,120.02258666666668,31.975336666666667,9.1,307.9,,
2025-07-22 21:44:03,120.01793333333332,31.978546666666663,9.3,308.4,,
2025-07-22 21:46:03,120.01302666666666,31.98173333333333,9.4,302.6,,
2025-07-22 21:48:03,120.00778666666666,31.98462,9.6,300.6,,
2025-07-22 21:50:03,120.00262666666669,31.9875,9.2,308.3,,
2025-07-22 21:52:03,119.99798666666666,31.990746666666663,9.1,311.6,,
2025-07-22 21:54:03,119.99336,31.99402,9.1,308.7,,
2025-07-22 21:56:03,119.98866666666666,31.997216666666667,9.1,309.4,,
2025-07-22 21:58:03,119.98414666666666,32.00054333333333,8.9,311.3,,
2025-07-22 22:00:03,119.97965333333332,32.00369333333333,9.0,311.0,,
2025-07-22 22:02:03,119.97537333333334,32.00712333333333,9.0,315.1,,
2025-07-22 22:04:03,119.97112,32.01065,8.9,314.5,,
2025-07-22 22:06:03,119.96701333333333,32.01425666666667,9.0,315.8,,
2025-07-22 22:08:09,119.96288,32.01813666666666,8.8,319.2,,
2025-07-22 22:10:09,119.95957333333334,32.02214,8.8,317.0,,
2025-07-22 22:12:10,119.95589333333334,32.02601,9.0,321.2,,
2025-07-22 22:14:10,119.95269333333331,32.03014,8.8,322.8,,
2025-07-22 22:16:10,119.94946666666668,32.03419,8.8,324.9,,
2025-07-22 22:18:10,119.94638666666668,32.03833,8.7,328.3,,
2025-07-22 22:20:10,119.94358666666666,32.0426,8.8,332.6,,
2025-07-22 22:22:19,119.941,32.047466666666665,8.9,334.7,,
2025-07-22 22:24:19,119.93868,32.05201,9.0,337.8,,
2025-07-22 22:26:19,119.93664,32.05668333333333,9.0,337.6,,
2025-07-22 22:28:48,119.93532,32.05954333333333,9.1,335.8,,
2025-07-22 22:31:09,119.93170666666668,32.067946666666664,8.9,339.0,,
2025-07-22 22:33:33,119.92965333333332,32.07367,9.1,343.1,,
2025-07-22 22:35:39,119.92776,32.07872666666667,9.0,343.4,,
2025-07-22 22:38:03,119.92582666666668,32.08457666666666,9.1,348.4,,
2025-07-22 22:40:03,119.92477333333332,32.08961333333333,9.2,350.8,,
2025-07-22 22:42:03,119.92373333333332,32.0947,9.2,349.2,,
2025-07-22 22:44:24,119.92294666666666,32.098573333333334,9.3,350.2,,
2025-07-22 22:47:03,119.92110666666666,32.10756333333333,9.4,350.9,,
2025-07-22 22:49:28,119.92030666666666,32.11266666666667,9.2,347.4,,
2025-07-22 22:51:30,119.91893333333331,32.11875666666667,9.3,351.5,,
2025-07-22 22:53:30,119.91774666666667,32.123803333333335,9.2,348.4,,
2025-07-22 22:55:30,119.91633333333333,32.12885,9.2,345.4,,
2025-07-22 22:57:30,119.91468,32.13377,9.0,347.1,,
2025-07-22 22:59:33,119.91326666666669,32.13891666666667,9.2,349.2,,
2025-07-22 23:01:48,119.91210666666667,32.14385,8.9,348.1,,
2025-07-22 23:04:10,119.91025333333332,32.15029333333333,8.9,346.6,,
2025-07-22 23:06:10,119.90896,32.15518,9.0,348.2,,
2025-07-22 23:08:10,119.9078,32.16012,9.0,350.9,,
2025-07-22 23:10:11,119.90694666666668,32.1651,9.0,355.0,,
2025-07-22 23:12:20,119.90605333333332,32.17048,9.0,351.3,,
2025-07-22 23:14:30,119.90508,32.17589666666667,9.1,353.6,,
2025-07-22 23:16:30,119.9042,32.180856666666664,8.9,348.5,,
2025-07-22 23:18:30,119.903,32.18569333333333,8.9,344.2,,
2025-07-22 23:20:33,119.90161333333332,32.19062,8.8,350.8,,
2025-07-22 23:22:56,119.90112,32.193043333333335,8.7,349.7,,
2025-07-22 23:25:33,119.89865333333331,32.20268333333333,8.9,353.6,,
2025-07-22 23:27:33,119.89750666666669,32.20748,8.7,344.2,,
2025-07-22 23:29:35,119.89621333333334,32.21226,8.8,346.9,,
2025-07-22 23:31:39,119.89477333333332,32.217236666666665,8.8,345.2,,
2025-07-22 23:33:40,119.89332,32.22198,8.8,348.3,,
2025-07-22 23:35:49,119.89178666666666,32.22717333333333,8.9,348.0,,
2025-07-22 23:37:49,119.88998666666669,32.23199,9.1,346.7,,
2025-07-22 23:39:49,119.88788,32.23672,9.1,338.4,,
2025-07-23 07:36:35,119.67574666666668,32.23733333333333,9.4,195.4,,
2025-07-23 07:38:36,119.67408,32.23224333333334,9.4,196.7,,
2025-07-23 07:40:36,119.67176,32.22746333333333,9.6,208.5,,
2025-07-23 07:42:37,119.66846666666666,32.22309333333333,9.3,215.1,,
2025-07-23 07:44:50,119.66514666666669,32.21866,9.5,212.9,,
2025-07-23 07:46:56,119.66068,32.213946666666665,9.3,222.6,,
2025-07-23 07:48:56,119.65625333333334,32.210343333333334,9.2,228.5,,
2025-07-23 07:51:05,119.65466666666669,32.20921,9.2,231.1,,
2025-07-23 07:53:06,119.64668,32.20462,8.5,224.5,,
2025-07-23 07:55:06,119.64237333333334,32.201,9.4,227.6,,
2025-07-23 07:57:06,119.63732,32.197743333333335,9.8,235.6,,
2025-07-23 07:59:06,119.63241333333332,32.194273333333335,9.5,217.3,,
2025-07-23 08:01:06,119.628,32.191343333333336,8.8,256.8,,
2025-07-23 08:04:16,119.62289333333334,32.190313333333336,0.2,177.8,,
2025-07-23 08:30:17,119.62298666666666,32.19048333333333,1.9,210.8,,
2025-07-23 09:01:35,119.62284166666667,32.19022833333333,0.0,203.8,,
2025-07-23 09:32:59,119.62285333333334,32.19023,0.0,203.8,,
2025-07-23 10:02:59,119.62285333333334,32.19022666666667,0.0,203.8,,
2025-07-23 10:32:59,119.62284,32.19023,0.0,203.8,,
2025-07-23 11:02:59,119.62284,32.19023,0.0,203.8,,
2025-07-23 11:32:59,119.62282666666668,32.19022666666667,0.0,203.8,,
2025-07-23 12:02:59,119.62282666666668,32.190216666666664,0.0,203.8,,
2025-07-23 12:34:48,119.62283666666669,32.19023333333333,0.0,203.8,,
2025-07-23 13:05:58,119.62282666666668,32.19023,0.0,203.8,,
2025-07-23 13:35:58,119.62285333333334,32.19022,0.0,203.8,,
2025-07-23 14:06:13,119.62289333333334,32.19023,0.0,,,
2025-07-23 14:36:13,119.62290666666668,32.190243333333335,0.0,,,
2025-07-23 15:06:49,119.622855,32.190245,0.0,203.8,,
2025-07-23 15:38:57,119.62282666666668,32.19021333333333,0.0,203.8,,
2025-07-23 16:09:04,119.62286666666668,32.19021333333333,0.0,203.8,,
2025-07-23 16:39:14,119.62290666666668,32.19022,0.0,,,
2025-07-23 17:10:27,119.62286,32.19025333333333,0.0,203.8,,
2025-07-23 17:41:58,119.62284,32.190223333333336,0.0,203.8,,
2025-07-23 18:11:58,119.62282666666668,32.19022666666667,0.0,203.8,,
2025-07-23 18:42:16,119.62292,32.19026,0.0,,,
2025-07-23 19:14:58,119.62285333333334,32.19024666666667,0.0,203.8,,
2025-07-23 19:45:08,119.62284666666666,32.190218333333334,0.0,203.8,,
2025-07-23 20:15:13,119.62290666666668,32.19022666666667,0.0,,,
2025-07-23 20:45:15,119.62290666666668,32.19022,0.0,,,
2025-07-23 21:15:38,119.62285333333334,32.19025,0.0,,,
2025-07-23 21:45:44,119.62290666666668,32.19023,0.0,,,
2025-07-23 22:15:48,119.62284666666666,32.190203333333336,0.0,203.8,,
2025-07-23 22:47:57,119.62284,32.19022,0.0,203.8,,
2025-07-23 23:17:57,119.62284,32.190216666666664,0.0,203.8,,
2025-07-23 23:44:41,119.623,32.190356666666666,3.5,54.2,,
2025-07-23 23:46:51,119.62697333333334,32.19142333333333,9.3,76.9,,
2025-07-23 23:48:51,119.63305333333334,32.1926,8.2,79.8,,
2025-07-23 23:57:11,119.63514666666669,32.192456666666665,0.6,75.5,,
2025-07-24 00:27:11,119.63522666666668,32.192523333333334,0.1,,,
2025-07-24 00:40:31,119.63513333333331,32.19257,0.5,272.8,,
2025-07-24 00:50:31,119.635,32.19259,0.8,309.2,,
2025-07-24 00:53:32,119.63507333333334,32.193075,0.5,328.3,,
2025-07-24 00:56:41,119.63525333333334,32.193783333333336,2.2,25.0,,
2025-07-24 00:59:40,119.63833333333334,32.19472666666667,8.3,73.1,,
2025-07-24 01:02:40,119.64397333333334,32.19663333333333,4.4,61.3,,
2025-07-24 01:04:40,119.64737333333332,32.198206666666664,8.6,59.2,,
2025-07-24 01:06:40,119.65241333333331,32.20070666666667,8.9,56.7,,
2025-07-24 01:08:41,119.65724,32.203806666666665,9.2,33.5,,
2025-07-24 01:10:41,119.65778666666668,32.20876666666667,8.4,344.5,,
2025-07-24 01:13:42,119.65757333333332,32.212453333333336,0.8,317.9,,
2025-07-24 01:44:37,119.65682666666666,32.21225666666667,0.0,214.9,,
2025-07-24 01:58:34,119.65697333333334,32.212406666666666,2.0,43.1,,
2025-07-24 02:01:34,119.65937333333332,32.212666666666664,6.7,85.1,,
2025-07-24 02:04:34,119.664,32.216316666666664,4.8,39.0,,
2025-07-24 02:07:52,119.66665333333331,32.21942333333333,6.1,39.7,,
2025-07-24 02:09:58,119.67002666666669,32.22367,10.2,31.5,,
2025-07-24 02:12:24,119.67232,32.22476,6.0,197.3,,
2025-07-24 02:15:34,119.67021333333334,32.22050333333333,5.1,203.0,,
2025-07-24 02:18:34,119.66877333333332,32.21644333333333,5.0,193.0,,
2025-07-24 02:21:34,119.66752,32.213096666666665,3.4,209.0,,
2025-07-24 02:24:34,119.66636,32.21089666666666,2.7,195.5,,
2025-07-24 02:27:34,119.66554666666669,32.2085,2.7,191.3,,
2025-07-24 02:30:44,119.66538666666666,32.207013333333336,1.5,192.3,,
2025-07-24 02:33:44,119.66557333333331,32.20601333333333,1.0,152.9,,
2025-07-24 02:50:27,119.66606666666668,32.205733333333335,2.0,318.6,,
2025-07-24 02:52:27,119.66728,32.209936666666664,11.8,15.1,,
2025-07-24 02:53:34,119.66865333333334,32.21371,13.2,12.9,,
2025-07-24 02:54:34,119.66933333333331,32.217166666666664,12.2,7.3,,
2025-07-24 02:57:26,119.67074666666667,32.22125333333334,6.2,199.0,,
2025-07-24 02:59:26,119.66892,32.21812666666667,5.9,204.8,,
2025-07-24 03:02:26,119.66713333333334,32.21342,5.3,194.8,,
2025-07-24 03:05:26,119.66609333333334,32.21017333333333,3.0,181.4,,
2025-07-24 03:08:34,119.66762666666666,32.20881,0.7,79.7,,
2025-07-24 03:11:34,119.66833333333334,32.20845333333333,0.6,112.5,,
2025-07-24 03:29:41,119.66930666666669,32.20859,2.1,314.8,,
2025-07-24 03:31:43,119.66712,32.207523333333334,7.1,224.6,,
2025-07-24 03:33:44,119.6638,32.20459,7.2,222.3,,
2025-07-24 03:35:44,119.66010666666666,32.20208,7.1,238.0,,
2025-07-24 03:37:53,119.65566666666666,32.19998,7.2,247.4,,
2025-07-24 03:39:54,119.65125333333332,32.19832,7.1,249.9,,
2025-07-24 03:41:54,119.64697333333334,32.19698,6.4,251.9,,
2025-07-24 03:43:55,119.64326666666666,32.19544666666667,6.8,240.9,,
2025-07-24 03:46:03,119.63885333333332,32.19381,6.9,248.0,,
2025-07-24 03:48:14,119.63398666666669,32.19242333333333,7.3,256.0,,
2025-07-24 03:50:20,119.62889666666666,32.19132666666667,7.6,259.8,,
2025-07-24 03:52:24,119.62366666666668,32.19064,6.3,250.9,,
2025-07-24 04:22:42,119.62281333333334,32.190236666666664,0.0,242.9,,
2025-07-24 04:52:42,119.62282666666668,32.19023,0.0,242.9,,
2025-07-24 05:22:42,119.62281333333334,32.190223333333336,0.0,242.9,,
2025-07-24 05:47:56,119.62289333333334,32.19029666666667,0.7,15.9,,
2025-07-24 05:50:25,119.62698666666668,32.19174,9.7,71.7,,
2025-07-24 05:52:25,119.6322,32.19451333333333,6.1,23.3,,
2025-07-24 05:55:35,119.63326666666669,32.19598,1.5,61.3,,
2025-07-24 05:58:35,119.63216,32.19709,3.1,267.5,,
2025-07-24 06:00:35,119.62872,32.19642,6.8,250.1,,
2025-07-24 06:02:39,119.62371166666668,32.19475333333333,9.5,247.8,,
2025-07-24 06:04:44,119.61796,32.19354666666667,8.8,254.9,,
2025-07-24 06:06:44,119.61206666666666,32.19197333333334,9.5,264.1,,
2025-07-24 06:08:45,119.60709333333334,32.19177666666667,7.7,271.2,,
2025-07-24 06:10:45,119.60205333333332,32.19138,7.7,259.5,,
2025-07-24 06:12:45,119.59754666666667,32.19048,6.8,256.7,,
2025-07-24 06:14:50,119.59196,32.189146666666666,10.4,263.3,,
2025-07-24 06:16:54,119.58474666666666,32.18908,10.8,275.2,,
2025-07-24 06:18:54,119.57776,32.18956333333333,10.6,272.9,,
2025-07-24 06:21:02,119.57040166666668,32.19036333333333,10.6,286.6,,
2025-07-24 06:23:04,119.56384,32.19247,10.6,301.2,,
2025-07-24 06:25:05,119.55750666666668,32.19535333333334,10.8,303.1,,
2025-07-24 06:27:05,119.55302666666668,32.19978666666667,10.7,338.7,,
2025-07-24 06:29:16,119.55148,32.20619666666666,11.1,354.4,,
2025-07-24 06:31:19,119.55130666666666,32.21272333333334,11.8,359.6,,
2025-07-24 06:33:19,119.55112,32.21886,8.4,351.0,,
2025-07-24 06:35:19,119.54994666666668,32.219833333333334,9.7,193.6,,
2025-07-24 06:37:19,119.54957333333331,32.21394333333333,10.9,183.1,,
2025-07-24 06:39:19,119.54974666666666,32.20773,11.4,177.2,,
2025-07-24 06:41:19,119.55030666666669,32.20136,11.5,172.5,,
2025-07-24 06:43:19,119.55317333333332,32.195856666666664,11.2,136.9,,
2025-07-24 06:45:24,119.55896,32.19164,11.3,120.7,,
2025-07-24 06:47:36,119.56674666666666,32.18925,11.8,102.0,,
2025-07-24 06:48:49,119.57129333333332,32.188156666666664,12.0,104.6,,
2025-07-24 06:49:49,119.57514666666668,32.18739,12.1,102.9,,
2025-07-24 06:51:49,119.58272,32.18681333333333,11.3,89.4,,
2025-07-24 06:53:49,119.59022666666668,32.186726666666665,11.3,92.8,,
2025-07-24 06:55:55,119.5976,32.186683333333335,9.9,92.0,,
2025-07-24 07:27:12,119.60078333333334,32.18563,0.0,146.1,,
2025-07-24 07:40:54,119.60070666666668,32.185673333333334,2.1,359.1,,
2025-07-24 07:43:00,119.60404,32.18781333333333,9.5,52.2,,
2025-07-24 07:45:00,119.60921333333332,32.18997666666667,7.7,64.9,,
2025-07-24 07:48:00,119.61414666666668,32.1917,4.0,72.4,,
2025-07-24 07:51:09,119.61710666666669,32.192746666666665,2.5,8.0,,
2025-07-24 07:54:20,119.61257333333332,32.19249666666666,6.6,246.9,,
2025-07-24 07:57:24,119.60758666666666,32.19071666666667,4.3,241.3,,
2025-07-24 08:00:28,119.6042,32.1888,4.1,212.0,,
2025-07-24 08:03:36,119.60161833333332,32.186688333333336,2.2,249.0,,
2025-07-24 08:07:17,119.60059666666666,32.18602,0.8,243.1,,
2025-07-24 08:10:49,119.59984,32.18575,0.6,228.5,,
2025-07-24 08:17:04,119.60152,32.18668,8.2,59.8,,
2025-07-24 08:19:34,119.60824,32.18944666666667,9.7,69.6,,
2025-07-24 08:21:59,119.61587,32.19092166666667,9.6,79.6,,
2025-07-24 08:24:18,119.62264,32.19118,5.4,127.7,,
2025-07-24 08:54:33,119.62277333333331,32.190353333333334,0.0,197.8,,
2025-07-24 09:18:56,119.62289333333334,32.190416666666664,0.9,27.7,,
2025-07-24 09:21:45,119.62505333333333,32.19128,8.1,78.4,,
2025-07-24 09:24:16,119.63185333333334,32.1933,9.4,69.8,,
2025-07-24 09:26:45,119.63908,32.1954,9.4,62.6,,
2025-07-24 09:28:45,119.64468,32.19766666666667,9.4,63.2,,
2025-07-24 09:30:45,119.65021333333334,32.19991666666667,9.2,64.0,,
2025-07-24 09:32:45,119.6556,32.20231,9.3,59.2,,
2025-07-24 09:34:45,119.66082666666668,32.20484666666667,8.6,74.7,,
2025-07-24 10:04:55,119.66345333333334,32.20393,0.1,,,
2025-07-24 10:08:15,119.66269333333334,32.20459,1.7,343.2,,
2025-07-24 10:11:15,119.66349333333334,32.206273333333336,2.6,55.4,,
2025-07-24 10:13:21,119.66417333333334,32.20568,6.7,180.8,,
2025-07-24 10:15:21,119.66089333333332,32.202576666666666,7.7,237.0,,
2025-07-24 10:17:21,119.6566,32.200316666666666,7.8,240.4,,
2025-07-24 10:19:21,119.65188,32.198573333333336,7.8,243.5,,
2025-07-24 10:21:21,119.64870666666668,32.197226666666666,7.6,237.1,,
2025-07-24 10:23:21,119.64412,32.19526666666667,7.9,253.6,,
2025-07-24 10:25:21,119.63928,32.194113333333334,6.8,240.3,,
2025-07-24 10:27:21,119.63481333333333,32.192836666666665,6.9,246.5,,
2025-07-24 10:29:22,119.63018666666666,32.19143666666667,7.8,261.3,,
2025-07-24 10:31:34,119.62490666666666,32.190873333333336,7.1,262.7,,
2025-07-24 11:05:22,119.62328,32.19032,0.0,225.8,,
2025-07-24 11:36:50,119.62325166666666,32.19029666666667,0.0,225.8,,
2025-07-24 12:08:22,119.62328,32.19027666666667,0.0,225.8,,
2025-07-24 12:38:22,119.62329333333334,32.19028333333333,0.0,225.8,,
2025-07-24 13:08:22,119.62328,32.19028333333333,0.0,225.8,,
2025-07-24 13:38:22,119.62324,32.19029666666667,0.0,225.8,,
2025-07-24 14:08:22,119.62326666666668,32.19032,0.0,225.8,,
2025-07-24 14:38:22,119.62326666666668,32.1903,0.0,225.8,,
2025-07-24 15:10:06,119.62328833333332,32.190306666666665,0.0,225.8,,
2025-07-24 15:41:21,119.62326666666668,32.190306666666665,0.0,225.8,,
2025-07-24 16:12:35,119.62327,32.190311666666666,0.0,225.8,,
2025-07-24 16:45:12,119.62329333333334,32.19033,0.1,,,
2025-07-24 17:15:14,119.62330666666666,32.1903,0.0,,,
2025-07-24 17:45:14,119.62330666666666,32.190333333333335,0.0,,,
2025-07-24 18:17:21,119.62329333333334,32.19029666666667,0.0,225.8,,
2025-07-24 18:48:12,119.62332,32.19027333333333,0.0,,,
2025-07-24 19:18:14,119.62332,32.19034333333333,0.0,,,
2025-07-24 19:48:15,119.62330666666666,32.190333333333335,0.0,,,
2025-07-24 20:18:55,119.62324666666666,32.1903,0.0,225.8,,
2025-07-24 20:51:11,119.62332,32.1903,0.0,,,
2025-07-24 21:21:12,119.62332,32.19032333333333,0.0,,,
2025-07-24 21:51:14,119.62330666666666,32.19031666666667,0.0,,,
2025-07-24 22:23:56,119.62325666666666,32.190305,0.0,225.8,,
2025-07-24 22:54:12,119.62336,32.190313333333336,0.0,,,
2025-07-24 23:26:19,119.62328,32.19029,0.0,225.8,,
2025-07-24 23:57:14,119.62330666666666,32.19032,0.0,,,
2025-07-25 00:28:57,119.62326,32.19029166666667,0.0,225.8,,
2025-07-25 00:59:19,119.62326666666668,32.19029,0.0,225.8,,
2025-07-25 01:29:19,119.62326666666668,32.19029333333334,0.0,225.8,,
2025-07-25 01:59:19,119.62326666666668,32.19029333333334,0.0,225.8,,
2025-07-25 02:29:19,119.62326666666668,32.1903,0.0,225.8,,
2025-07-25 03:00:03,119.623255,32.19032166666667,0.0,225.8,,
2025-07-25 03:30:12,119.62332,32.190313333333336,0.0,,,
2025-07-25 04:02:19,119.62326666666668,32.19030333333333,0.0,225.8,,
2025-07-25 04:32:57,119.62330666666666,32.190313333333336,0.0,,,
2025-07-25 04:38:47,119.62341333333332,32.19048333333333,3.8,45.0,,
2025-07-25 04:41:09,119.62798666666669,32.192083333333336,9.9,76.3,,
2025-07-25 04:43:18,119.63488,32.19398666666667,10.4,70.4,,
2025-07-25 04:45:18,119.64137333333332,32.1964,11.0,63.8,,
2025-07-25 04:47:18,119.64774666666666,32.19901,10.8,64.6,,
2025-07-25 04:49:18,119.65374666666666,32.20216666666666,10.8,51.0,,
2025-07-25 04:51:18,119.65912,32.206156666666665,10.4,45.4,,
2025-07-25 04:53:18,119.66393333333332,32.21029333333333,10.5,42.2,,
2025-07-25 04:55:18,119.66828,32.21494666666667,11.0,39.2,,
2025-07-25 04:57:18,119.67244,32.21988666666667,10.8,30.6,,
2025-07-25 04:59:37,119.67312,32.22576333333333,8.2,347.4,,
2025-07-25 05:02:27,119.67397333333334,32.22882666666667,8.4,182.7,,
2025-07-25 05:04:37,119.67246666666666,32.2242,7.2,209.9,,
2025-07-25 05:06:38,119.67246666666666,32.2242,7.2,209.9,,
2025-07-25 05:09:38,119.66732,32.2172,5.3,204.3,,
2025-07-25 05:12:48,119.66542666666666,32.212936666666664,4.2,201.1,,
2025-07-25 05:15:48,119.66450666666668,32.20997333333333,3.6,194.0,,
2025-07-25 05:18:48,119.66417333333334,32.20726666666667,2.9,189.8,,
2025-07-25 05:21:48,119.66301333333334,32.20520666666667,2.6,221.6,,
2025-07-25 05:24:57,119.66144,32.20364,1.7,218.8,,
2025-07-25 05:27:57,119.66104,32.20288333333333,1.0,170.7,,
2025-07-25 05:31:48,119.66121333333334,32.202376666666666,0.1,,,
2025-07-25 05:51:58,119.66112,32.20246,0.8,340.9,,
2025-07-25 05:57:38,119.66126666666666,32.20243333333333,0.6,182.2,,
2025-07-25 06:00:38,119.66074666666668,32.20251666666667,5.2,243.3,,
2025-07-25 06:02:38,119.65729333333331,32.20088333333333,6.4,237.7,,
2025-07-25 06:04:38,119.65346666666667,32.19911666666667,7.1,246.3,,
2025-07-25 06:06:38,119.64946666666668,32.19763,6.9,245.4,,
2025-07-25 06:08:39,119.64584,32.19623333333333,6.1,245.0,,
2025-07-25 06:11:57,119.64008,32.19432333333334,5.4,248.4,,
2025-07-25 06:14:57,119.63485333333334,32.19296,5.8,252.9,,
2025-07-25 06:16:57,119.63109333333334,32.19191333333333,6.2,252.3,,
2025-07-25 06:19:17,119.62646666666669,32.19116,6.1,263.8,,
2025-07-25 06:50:42,119.62324,32.1903,0.0,229.7,,
2025-07-25 07:20:47,119.62324,32.19030333333333,0.0,229.6,,
2025-07-25 07:52:04,119.62332,32.19029333333334,0.0,,,
2025-07-25 08:10:39,119.62329333333334,32.19038333333334,1.2,30.9,,
2025-07-25 08:12:42,119.626045,32.19159333333333,8.5,56.1,,
2025-07-25 08:14:45,119.63196,32.193553333333334,9.9,71.2,,
2025-07-25 08:17:10,119.63924,32.19667333333334,10.4,72.5,,
2025-07-25 08:19:15,119.64606666666668,32.19829333333333,10.2,73.4,,
2025-07-25 08:21:15,119.65228,32.20019,10.0,64.5,,
2025-07-25 08:23:15,119.65768,32.20336,9.9,48.8,,
2025-07-25 08:25:15,119.66254666666669,32.20706333333333,9.9,48.4,,
2025-07-25 08:27:15,119.66630666666669,32.21135,9.6,27.0,,
2025-07-25 08:29:15,119.66941333333334,32.21625,9.9,27.3,,
2025-07-25 08:31:15,119.67193333333331,32.221313333333335,9.5,10.5,,
2025-07-25 08:34:15,119.67230666666669,32.224783333333335,9.8,202.2,,
2025-07-25 08:36:15,119.66989333333332,32.22018333333333,7.8,210.5,,
2025-07-25 08:38:15,119.6672,32.21665333333333,7.2,212.5,,
2025-07-25 08:40:16,119.66474666666667,32.21347,6.6,211.8,,
2025-07-25 08:42:41,119.66257333333331,32.20965666666667,6.0,198.1,,
2025-07-25 08:45:41,119.66066666666669,32.205463333333334,3.8,207.1,,
2025-07-25 08:48:45,119.65906666666666,32.20303333333333,2.3,214.7,,
2025-07-25 08:51:50,119.65789333333332,32.20192,1.1,224.4,,
2025-07-25 08:55:09,119.65728,32.20091333333333,1.0,210.7,,
2025-07-25 09:22:35,119.65777333333334,32.20060333333333,2.0,327.9,,
2025-07-25 09:24:35,119.65486666666666,32.20085,7.0,305.3,,
2025-07-25 09:27:35,119.65028,32.203183333333335,5.4,257.7,,
2025-07-25 09:30:49,119.64476,32.20173,4.2,255.8,,
2025-07-25 09:34:20,119.64221333333332,32.20100333333333,1.5,249.9,,
2025-07-25 09:37:29,119.640845,32.200343333333336,3.4,233.6,,
2025-07-25 09:40:35,119.63708,32.19921,2.0,257.1,,
2025-07-25 09:43:35,119.63561333333334,32.198883333333335,1.2,257.7,,
2025-07-25 09:46:36,119.63456,32.198613333333334,1.0,243.1,,
2025-07-25 09:49:41,119.63364,32.19828666666667,0.9,245.4,,
2025-07-25 09:52:41,119.63273333333332,32.19808333333334,1.0,256.0,,
2025-07-25 09:55:41,119.6316,32.19783666666667,1.4,257.8,,
2025-07-25 09:58:41,119.63021333333332,32.19756666666667,1.4,255.0,,
2025-07-25 10:01:41,119.62874666666669,32.19727,1.3,250.8,,
2025-07-25 10:05:00,119.62617333333333,32.19690333333333,1.5,256.4,,
2025-07-25 10:08:09,119.62498666666669,32.19645,0.9,244.7,,
2025-07-25 10:11:10,119.62422666666669,32.19599,2.6,153.4,,
2025-07-25 10:14:12,119.62885166666666,32.196463333333334,1.3,115.3,,
2025-07-25 10:17:19,119.62793333333332,32.19566,2.0,243.9,,
2025-07-25 10:20:19,119.62474666666668,32.19486333333333,4.2,256.3,,
2025-07-25 10:22:19,119.62152,32.19404,6.2,251.3,,
2025-07-25 10:24:30,119.61673333333331,32.19287666666666,7.1,257.0,,
2025-07-25 10:27:40,119.61066666666666,32.191516666666665,5.3,254.1,,
2025-07-25 10:30:40,119.60649333333332,32.19053666666667,3.5,253.7,,
2025-07-25 10:33:41,119.60377333333334,32.189906666666666,2.3,255.1,,
2025-07-25 10:36:50,119.60037333333334,32.189236666666666,3.6,251.8,,
2025-07-25 10:39:50,119.59750666666666,32.18807,3.7,243.7,,
2025-07-25 10:43:00,119.59448,32.186996666666666,2.0,250.9,,
2025-07-25 10:46:00,119.593,32.18653666666667,1.4,259.1,,
2025-07-25 10:49:29,119.59221333333332,32.18620333333333,0.5,191.1,,
2025-07-25 10:52:29,119.59205333333334,32.18608,0.3,191.1,,
2025-07-25 11:01:59,119.59161333333331,32.185946666666666,2.5,326.6,,
2025-07-25 11:03:59,119.59504,32.18703333333333,8.3,66.9,,
2025-07-25 11:05:59,119.60046666666666,32.188316666666665,8.7,75.7,,
2025-07-25 11:08:11,119.6066,32.189553333333336,8.8,74.7,,
2025-07-25 11:10:11,119.61216,32.19087666666667,8.9,72.1,,
2025-07-25 11:12:28,119.61909333333334,32.192173333333336,10.8,96.3,,
2025-07-25 11:15:30,119.62286666666668,32.19068,0.8,173.8,,
2025-07-25 11:45:46,119.62283166666668,32.19036833333333,0.0,185.8,,
2025-07-25 12:17:31,119.62282666666668,32.190356666666666,0.0,185.9,,
2025-07-25 12:48:17,119.62282333333332,32.190353333333334,0.0,185.8,,
2025-07-25 13:19:17,119.62286666666668,32.19032,0.0,,,
2025-07-25 13:49:18,119.62286666666668,32.190356666666666,0.0,,,
2025-07-25 14:20:12,119.62282,32.19035,0.0,185.8,,
2025-07-25 14:50:28,119.62281333333334,32.19033666666667,0.0,185.9,,
2025-07-25 15:20:28,119.6228,32.190333333333335,0.0,185.9,,
2025-07-25 15:50:28,119.62284,32.190333333333335,0.0,185.9,,
2025-07-25 16:20:28,119.62282666666668,32.19034333333333,0.0,185.9,,
2025-07-25 16:50:28,119.62281333333334,32.19034333333333,0.0,185.9,,
2025-07-25 17:20:28,119.62281333333334,32.190333333333335,0.0,185.9,,
2025-07-25 17:50:28,119.62282666666668,32.19033666666667,0.0,185.9,,
2025-07-25 18:20:28,119.62284,32.19033666666667,0.0,185.9,,
2025-07-25 18:50:29,119.62282666666668,32.190333333333335,0.0,185.9,,
2025-07-25 19:21:43,119.62282666666668,32.190335,0.0,185.8,,
2025-07-25 19:52:17,119.62285333333334,32.19032333333333,0.0,,,
2025-07-25 20:24:12,119.62281,32.19033,0.0,185.8,,
2025-07-25 20:55:17,119.62285333333334,32.19037333333333,0.0,,,
2025-07-25 21:26:28,119.62282666666668,32.19034666666667,0.0,185.9,,
2025-07-25 21:56:33,119.62292,32.19029666666667,0.0,,,
2025-07-25 22:04:33,119.62286666666668,32.190376666666666,0.8,311.6,,
2025-07-25 22:06:33,119.61954666666666,32.192096666666664,8.5,307.4,,
2025-07-25 22:08:33,119.6142,32.19316,8.9,257.9,,
2025-07-25 22:10:40,119.60816,32.19190666666667,8.5,258.7,,
2025-07-25 22:12:40,119.60253333333333,32.19137666666666,8.6,266.7,,
2025-07-25 22:14:40,119.5968,32.19112,8.7,265.6,,
2025-07-25 22:16:40,119.59113333333332,32.19063666666667,8.5,264.5,,
2025-07-25 22:18:40,119.58562666666668,32.19009,8.4,270.5,,
2025-07-25 22:20:40,119.58005333333334,32.190416666666664,8.8,270.8,,
2025-07-25 22:22:40,119.57436,32.19093,8.7,283.5,,
2025-07-25 22:24:40,119.5688,32.19234,8.8,287.8,,
2025-07-25 22:26:40,119.56342666666669,32.194026666666666,8.7,297.4,,
2025-07-25 22:28:44,119.55841333333332,32.19653,8.7,303.1,,
2025-07-25 22:30:44,119.55442666666669,32.19996,8.8,325.7,,
2025-07-25 22:32:53,119.55245333333332,32.20465,8.1,1.1,,
2025-07-25 22:34:53,119.55213333333332,32.208576666666666,6.0,357.4,,
2025-07-25 22:37:10,119.55176,32.213053333333335,7.9,353.5,,
2025-07-25 22:39:10,119.55146666666668,32.217483333333334,8.0,0.5,,
2025-07-25 22:41:10,119.55110666666668,32.22187666666667,7.7,355.9,,
2025-07-25 22:43:11,119.55049333333334,32.22623333333333,8.2,347.4,,
2025-07-25 22:45:12,119.54888,32.23097333333333,9.0,341.4,,
2025-07-25 22:47:12,119.54610666666666,32.23542666666667,9.2,324.3,,
2025-07-25 23:28:33,119.53405333333332,32.23920666666667,6.5,130.9,,
2025-07-25 23:30:33,119.5374,32.23661666666667,5.6,131.9,,
2025-07-25 23:33:33,119.53978666666669,32.23429333333333,2.6,145.7,,
2025-07-25 23:35:33,119.54254666666668,32.23201666666667,7.0,128.1,,
2025-07-25 23:37:33,119.54577333333332,32.22923,7.1,152.5,,
2025-07-25 23:39:36,119.54757333333332,32.22565,5.4,158.9,,
2025-07-25 23:41:36,119.54818666666668,32.22302666666667,6.3,170.7,,
2025-07-25 23:43:36,119.54889333333334,32.21893333333333,7.9,173.5,,
2025-07-25 23:45:36,119.54942666666666,32.21438333333333,8.4,172.9,,
2025-07-25 23:47:36,119.54976,32.209633333333336,8.6,178.1,,
2025-07-25 23:49:43,119.55057333333332,32.204566666666665,8.5,167.6,,
2025-07-25 23:51:43,119.55176,32.19987,8.6,166.8,,
2025-07-25 23:53:54,119.55444,32.19537,8.4,138.2,,
2025-07-25 23:56:03,119.55925333333332,32.19237,8.5,115.2,,
2025-07-25 23:58:03,119.56441333333332,32.19056,8.5,108.6,,
2025-07-26 00:00:03,119.56994666666668,32.18931,8.6,104.7,,
2025-07-26 00:02:05,119.57566666666666,32.18801,8.7,101.6,,
2025-07-26 00:04:12,119.58164,32.187113333333336,8.8,100.7,,
2025-07-26 00:07:23,119.58753333333334,32.18627333333333,3.0,101.4,,
2025-07-26 00:10:23,119.58932,32.18586,1.2,125.8,,
2025-07-26 00:40:32,119.5898,32.18578,0.0,,,
2025-07-26 01:10:42,119.58986666666668,32.185703333333336,0.0,,,
2025-07-26 01:31:32,119.5898,32.186,0.9,6.6,,
2025-07-26 01:34:32,119.59028,32.18672333333333,2.8,60.9,,
2025-07-26 01:37:32,119.59248,32.18678333333333,1.8,174.4,,
2025-07-26 01:39:53,119.5986,32.186976666666666,9.5,85.1,,
2025-07-26 01:41:53,119.60465333333332,32.18804333333333,9.4,74.2,,
2025-07-26 01:44:02,119.61106833333334,32.18966833333333,9.5,73.5,,
2025-07-26 01:46:03,119.61733333333332,32.19104,9.9,75.5,,
2025-07-26 01:49:13,119.62286666666668,32.19036666666667,0.4,169.7,,
2025-07-26 02:19:58,119.62290666666668,32.19024666666667,0.0,,,
2025-07-26 02:50:12,119.62285666666666,32.190218333333334,0.0,191.0,,
2025-07-26 03:21:19,119.62285333333334,32.19022,0.0,191.0,,
2025-07-26 03:51:19,119.62285333333334,32.190223333333336,0.0,191.0,,
2025-07-26 04:21:20,119.62285333333334,32.19022666666667,0.0,191.0,,
2025-07-26 04:51:20,119.62285333333334,32.19023,0.0,191.0,,
2025-07-26 05:21:20,119.62285333333334,32.190243333333335,0.0,191.0,,
2025-07-26 05:51:20,119.62285333333334,32.190203333333336,0.0,191.0,,
2025-07-26 06:21:20,119.62286666666668,32.190243333333335,0.0,191.0,,
2025-07-26 06:51:20,119.62285333333334,32.19021333333333,0.0,191.0,,
2025-07-26 07:21:20,119.62288,32.19022,0.0,191.0,,
2025-07-26 07:51:20,119.62285333333334,32.19023,0.0,191.0,,
2025-07-26 08:21:33,119.62285833333334,32.19021333333333,0.0,191.0,,
2025-07-26 08:53:02,119.62293333333334,32.190236666666664,0.0,,,
2025-07-26 09:23:46,119.62286666666668,32.190235,0.0,191.0,,
2025-07-26 09:29:54,119.62285333333334,32.190306666666665,2.1,22.5,,
2025-07-26 09:31:59,119.6194,32.192296666666664,9.9,306.8,,
2025-07-26 09:33:59,119.61334666666669,32.19228666666667,9.6,259.0,,
2025-07-26 09:35:59,119.60692,32.191763333333334,9.7,264.3,,
2025-07-26 09:38:08,119.60004,32.19121666666667,10.0,268.4,,
2025-07-26 09:40:08,119.59346666666669,32.19091,10.0,264.9,,
2025-07-26 09:42:08,119.58673333333331,32.19056,10.4,271.5,,
2025-07-26 09:44:08,119.57973333333334,32.19029666666667,11.7,266.2,,
2025-07-26 09:46:08,119.57264,32.19023,9.1,268.4,,
2025-07-26 09:48:17,119.56652,32.192283333333336,9.8,298.3,,
2025-07-26 09:50:17,119.56088,32.195103333333336,9.9,302.7,,
2025-07-26 09:52:17,119.55574666666666,32.19842333333333,9.7,310.3,,
2025-07-26 09:54:17,119.55254666666669,32.20281333333333,9.2,341.2,,
2025-07-26 09:56:17,119.5518,32.20794,9.1,359.1,,
2025-07-26 09:58:17,119.55165333333332,32.21315666666667,9.5,356.6,,
2025-07-26 10:00:27,119.55117333333334,32.21902,10.0,356.3,,
2025-07-26 10:02:37,119.55028,32.22496666666667,9.5,353.4,,
2025-07-26 10:04:37,119.54941333333332,32.230086666666665,9.2,338.5,,
2025-07-26 10:06:37,119.54678666666666,32.23472,9.4,318.4,,
2025-07-26 10:08:59,119.54129333333331,32.23931,10.2,307.9,,
2025-07-26 11:07:29,119.39282666666666,32.23804333333333,10.2,218.3,,
2025-07-26 11:09:29,119.38882666666667,32.23341666666666,10.3,212.8,,
2025-07-26 11:11:29,119.38522666666668,32.2286,9.9,212.8,,
2025-07-26 11:13:29,119.38164,32.22408333333333,8.8,207.5,,
2025-07-26 11:15:29,119.38101333333331,32.21946333333333,8.4,158.7,,
2025-07-26 11:46:05,119.38112,32.21782,0.0,,,
2025-07-26 12:16:37,119.38108833333334,32.21778,0.0,207.1,,
2025-07-26 12:47:03,119.38109333333334,32.21778333333334,0.0,207.2,,
2025-07-26 13:17:03,119.38109333333334,32.21778333333334,0.0,207.2,,
2025-07-26 13:47:03,119.38112,32.21779333333333,0.0,207.2,,
2025-07-26 14:17:03,119.38110666666668,32.2178,0.0,207.2,,
2025-07-26 14:47:03,119.38109333333334,32.21779,0.0,207.2,,
2025-07-26 15:17:03,119.38109333333334,32.21779333333333,0.0,207.2,,
2025-07-26 15:49:04,119.38113333333334,32.2178,0.0,,,
2025-07-26 16:19:06,119.38117333333334,32.21777,0.0,,,
2025-07-26 16:49:07,119.38109166666666,32.217778333333335,0.0,207.1,,
2025-07-26 17:20:03,119.38109333333334,32.217756666666666,0.0,207.2,,
2025-07-26 17:51:38,119.38111166666668,32.217785,0.0,207.1,,
2025-07-26 18:22:05,119.38122666666666,32.21779,0.0,,,
2025-07-26 18:53:03,119.38110666666668,32.21778333333334,0.0,207.2,,
2025-07-26 19:23:14,119.38110666666668,32.21778666666667,0.0,207.1,,
2025-07-26 19:55:03,119.38109333333334,32.21784,0.0,,,
2025-07-26 20:25:44,119.381095,32.217776666666666,0.0,207.1,,
2025-07-26 20:56:03,119.38110666666668,32.21778,0.0,207.2,,
2025-07-26 21:28:04,119.38117333333334,32.21781333333333,0.0,,,
2025-07-26 21:59:02,119.38109333333334,32.217773333333334,0.0,207.2,,
2025-07-26 22:28:49,119.38081333333334,32.21765333333333,5.2,234.1,,
2025-07-26 22:30:49,119.37618666666668,32.217513333333336,6.8,258.3,,
2025-07-26 22:32:49,119.3722,32.21514666666667,8.4,226.4,,
2025-07-26 22:34:49,119.36797333333334,32.21205,8.6,229.0,,
2025-07-26 22:36:49,119.36392,32.20873666666667,8.4,224.7,,
2025-07-26 22:39:05,119.35954666666666,32.204903333333334,8.4,222.9,,
2025-07-26 22:41:05,119.35510666666669,32.20086666666667,10.6,211.3,,
2025-07-26 22:43:05,119.3522,32.195836666666665,8.4,232.7,,
2025-07-26 22:58:29,119.35006666666666,32.19445,0.6,51.2,,
2025-07-26 23:01:29,119.35004,32.194903333333336,0.8,189.8,,
2025-07-26 23:04:39,119.34864,32.19475333333333,2.5,282.1,,
2025-07-26 23:06:39,119.34521333333332,32.196083333333334,10.1,265.2,,
2025-07-26 23:08:48,119.33792,32.195233333333334,10.4,259.1,,
2025-07-26 23:10:48,119.33112,32.19450333333333,10.3,261.5,,
2025-07-26 23:12:48,119.32470666666669,32.193803333333335,9.8,263.3,,
2025-07-26 23:14:49,119.31829333333332,32.19322666666667,9.6,272.9,,
2025-07-26 23:16:49,119.31190666666669,32.193373333333334,9.8,270.7,,
2025-07-26 23:18:49,119.30544,32.19329666666667,9.8,271.5,,
2025-07-26 23:20:49,119.29901333333332,32.19331,9.8,269.7,,
2025-07-26 23:22:53,119.29236,32.19381666666666,9.7,279.0,,
2025-07-26 23:24:53,119.28605333333331,32.194653333333335,9.7,281.1,,
2025-07-26 23:26:53,119.27982666666666,32.195773333333335,9.7,281.9,,
2025-07-26 23:28:54,119.27421333333334,32.19809333333333,9.6,303.7,,
2025-07-26 23:31:23,119.26872,32.20088333333333,7.0,297.7,,
2025-07-26 23:33:23,119.26468,32.20275,6.9,297.0,,
2025-07-26 23:35:23,119.26070666666666,32.20464666666667,6.9,298.7,,
2025-07-26 23:37:23,119.25621333333332,32.20500666666667,7.3,255.0,,
2025-07-26 23:39:28,119.25065333333332,32.204296666666664,8.3,271.8,,
2025-07-26 23:45:09,119.24797333333332,32.204633333333334,1.5,154.4,,
2025-07-26 23:59:58,119.24829333333334,32.2046,1.0,18.5,,
2025-07-27 00:03:03,119.24873166666669,32.20514333333333,1.1,56.6,,
2025-07-27 00:06:08,119.24910666666666,32.206736666666664,2.1,46.0,,
2025-07-27 00:09:09,119.24764,32.21004,5.6,326.7,,
2025-07-27 00:11:18,119.24653333333332,32.20836333333333,6.8,163.0,,
2025-07-27 00:13:23,119.24945333333334,32.20520666666667,6.9,132.4,,
2025-07-27 00:15:29,119.25298666666669,32.20262,6.9,119.8,,
2025-07-27 00:17:29,119.25657333333334,32.200496666666666,6.6,123.8,,
2025-07-27 00:20:49,119.26117333333332,32.1974,3.0,131.3,,
2025-07-27 00:23:50,119.26238666666669,32.19656,0.5,148.2,,
2025-07-27 00:30:23,119.26218666666666,32.19641,0.7,146.1,,
2025-07-27 01:00:29,119.26190666666666,32.19647,0.0,,,
2025-07-27 01:18:18,119.26213333333334,32.19654333333333,0.8,304.8,,
2025-07-27 01:33:53,119.26210666666668,32.19661333333333,2.5,13.8,,
2025-07-27 01:37:29,119.26205333333333,32.19715333333333,0.5,356.3,,
2025-07-27 01:42:20,119.26266666666666,32.19753,0.6,54.9,,
2025-07-27 01:45:20,119.26388,32.197493333333334,2.1,113.3,,
2025-07-27 01:48:30,119.26605333333332,32.19645666666667,7.0,129.0,,
2025-07-27 01:50:30,119.27109333333334,32.19439333333333,9.1,108.0,,
2025-07-27 01:52:38,119.27702666666669,32.192566666666664,8.9,108.1,,
2025-07-27 01:54:38,119.28285333333334,32.19141666666667,9.0,97.7,,
2025-07-27 01:56:39,119.28878666666668,32.190686666666664,9.0,99.3,,
2025-07-27 01:58:45,119.29510666666668,32.18986,9.4,97.3,,
2025-07-27 02:00:46,119.30122666666666,32.18948666666667,9.3,86.6,,
2025-07-27 02:02:49,119.30774666666667,32.189593333333335,10.7,88.5,,
2025-07-27 02:04:49,119.31416,32.18924333333333,9.3,89.3,,
2025-07-27 02:06:59,119.32078666666666,32.18950666666667,9.4,81.9,,
2025-07-27 02:09:08,119.32744,32.19024,8.9,82.6,,
2025-07-27 02:11:08,119.33264,32.19128333333333,7.9,73.2,,
2025-07-27 02:13:08,119.33769333333332,32.192326666666666,7.9,74.0,,
2025-07-27 02:15:08,119.34274666666668,32.19391,9.2,60.2,,
2025-07-27 02:17:08,119.34857333333332,32.19565333333333,9.6,78.1,,
2025-07-27 02:19:08,119.35448,32.19735,9.5,61.3,,
2025-07-27 02:21:08,119.3598,32.20005666666667,9.4,59.9,,
2025-07-27 02:23:09,119.36472,32.20307666666667,9.2,41.4,,
2025-07-27 02:25:09,119.36832,32.207283333333336,9.7,28.8,,
2025-07-27 02:27:09,119.37282666666668,32.21226333333333,11.2,37.8,,
2025-07-27 02:29:09,119.37729333333333,32.21755666666667,12.5,28.8,,
2025-07-27 02:31:18,119.38258666666668,32.22292,11.8,40.5,,
2025-07-27 02:33:19,119.38724,32.228183333333334,11.4,40.3,,
2025-07-27 02:34:39,119.39052,32.231523333333335,12.4,43.1,,
2025-07-27 02:35:39,119.39318666666668,32.23421666666667,12.4,40.3,,
2025-07-27 02:36:39,119.39585333333332,32.23684333333333,12.6,41.5,,
2025-07-27 02:37:39,119.39846666666666,32.239446666666666,12.3,39.6,,
2025-07-27 03:30:39,119.53566666666669,32.23945666666667,9.7,135.1,,
2025-07-27 03:32:39,119.53978666666669,32.23556333333333,9.4,139.9,,
2025-07-27 03:34:39,119.54384,32.23164,9.4,139.5,,
2025-07-27 03:36:39,119.54726666666669,32.22761,8.5,145.9,,
2025-07-27 03:38:39,119.54945333333332,32.22340666666667,8.1,168.8,,
2025-07-27 03:40:39,119.54986666666667,32.21900333333333,8.1,177.9,,
2025-07-27 03:42:40,119.54992,32.21408666666667,9.3,184.9,,
2025-07-27 03:44:40,119.55005333333334,32.20816666666666,11.1,181.3,,
2025-07-27 03:46:40,119.55116,32.20231666666667,10.3,169.9,,
2025-07-27 03:48:40,119.55361333333332,32.19705,9.8,144.9,,
2025-07-27 03:50:45,119.55848,32.192946666666664,10.1,126.3,,
2025-07-27 03:52:45,119.56445333333332,32.190713333333335,9.7,106.0,,
2025-07-27 03:54:38,119.57092,32.18921,12.3,102.1,,
2025-07-27 03:55:38,119.575,32.188606666666665,12.5,99.5,,
2025-07-27 03:57:15,119.58112,32.187756666666665,12.2,96.9,,
2025-07-27 03:58:15,119.58522666666668,32.18734,12.8,92.3,,
2025-07-27 04:00:14,119.59302666666666,32.18754333333333,12.0,85.9,,
2025-07-27 04:02:14,119.60045333333332,32.18822,11.3,85.1,,
2025-07-27 04:04:14,119.60746666666668,32.18951,10.5,75.6,,
2025-07-27 04:06:14,119.61408,32.19109666666667,10.8,77.0,,
2025-07-27 04:08:14,119.62109333333332,32.192433333333334,11.0,77.6,,
2025-07-27 04:10:18,119.62816,32.1937,10.7,74.4,,
2025-07-27 04:12:29,119.63576,32.19538,11.0,75.9,,
2025-07-27 04:14:44,119.64348,32.19741333333333,10.8,70.4,,
2025-07-27 04:16:45,119.65023,32.19948333333333,11.6,66.6,,
2025-07-27 04:19:09,119.65757333333332,32.203916666666665,11.4,48.7,,
2025-07-27 04:20:09,119.66046666666666,32.20619,12.0,45.5,,
2025-07-27 04:21:09,119.66312,32.20865333333333,12.0,42.0,,
2025-07-27 04:22:10,119.66046666666666,32.20619,12.0,45.5,,
2025-07-27 04:23:14,119.66812,32.2145,12.1,34.5,,
2025-07-27 04:24:14,119.67052,32.21727,12.7,34.6,,
2025-07-27 04:25:14,119.67277333333334,32.22037,12.6,25.7,,
2025-07-27 04:26:15,119.67473333333334,32.22358,13.1,26.9,,
2025-07-27 04:27:26,119.67696,32.227486666666664,12.6,20.6,,
2025-07-27 04:28:28,119.67824,32.23101,12.6,15.3,,
2025-07-27 04:29:45,119.67966666666666,32.2354,12.9,14.6,,
2025-07-27 04:30:48,119.6812,32.23901,12.7,17.4,,
2025-07-27 22:24:28,119.87312,32.23725666666667,9.9,167.3,,
2025-07-27 22:26:37,119.87482666666666,32.231426666666664,10.1,167.7,,
2025-07-27 22:28:37,119.87594666666666,32.22591333333333,10.1,175.7,,
2025-07-27 22:30:37,119.87661333333334,32.22031666666667,10.0,170.8,,
2025-07-27 22:32:37,119.878,32.21489,10.1,166.6,,
2025-07-27 22:34:37,119.87936,32.2094,10.1,168.3,,
2025-07-27 22:36:48,119.87949333333331,32.20889,10.1,168.3,,
2025-07-27 22:38:58,119.882,32.19728333333333,10.2,168.4,,
2025-07-27 22:40:58,119.88344,32.19167,10.4,166.4,,
2025-07-27 22:43:07,119.88410666666668,32.18547,10.3,178.5,,
2025-07-27 22:45:27,119.8854,32.178873333333335,10.5,168.9,,
2025-07-27 22:47:27,119.88666666666668,32.17311333333333,10.6,167.9,,
2025-07-27 22:49:27,119.88806666666666,32.167316666666665,10.5,171.1,,
2025-07-27 22:51:27,119.88885333333332,32.16150666666667,10.4,172.6,,
2025-07-27 22:53:28,119.88994333333332,32.155743333333334,10.3,167.3,,
2025-07-27 22:55:32,119.8918,32.149953333333336,10.4,163.5,,
2025-07-27 22:57:56,119.89232,32.14858,10.3,161.9,,
2025-07-27 22:59:58,119.89617333333334,32.138146666666664,7.9,166.7,,
2025-07-27 23:02:26,119.89648,32.136923333333336,7.6,168.7,,
2025-07-27 23:04:47,119.89910666666668,32.12903,7.3,160.0,,
2025-07-27 23:07:07,119.90070666666666,32.12444333333333,7.1,143.2,,
2025-07-27 23:09:15,119.90132,32.12379,7.0,155.9,,
2025-07-27 23:13:49,119.90122666666667,32.11759,1.1,141.8,,
2025-07-27 23:17:08,119.89909333333334,32.11702666666667,3.7,263.8,,
2025-07-27 23:20:08,119.89762666666668,32.116726666666665,1.4,255.8,,
2025-07-27 23:50:09,119.89617333333334,32.11644666666667,0.0,,,
2025-07-27 23:53:38,119.89650666666668,32.11655,0.5,82.9,,
2025-07-27 23:56:49,119.89713333333331,32.11672,0.6,84.3,,
2025-07-27 23:59:51,119.89791833333334,32.11683166666667,0.8,77.1,,
2025-07-28 00:02:58,119.89905333333331,32.11707,1.4,82.5,,
2025-07-28 00:06:06,119.89934333333332,32.11711,0.8,78.8,,
2025-07-28 00:09:07,119.90133333333333,32.11743,1.4,78.3,,
2025-07-28 00:12:27,119.90229333333332,32.11685,0.6,277.4,,
2025-07-28 00:15:28,119.90197333333332,32.11723666666666,1.5,344.9,,
2025-07-28 00:18:37,119.90106666666668,32.11878,1.7,346.8,,
2025-07-28 00:21:39,119.90078666666666,32.119706666666666,1.6,349.4,,
2025-07-28 00:24:48,119.90044,32.121046666666665,0.8,336.7,,
2025-07-28 00:28:08,119.89998666666666,32.121826666666664,0.6,326.7,,
2025-07-28 00:31:08,119.89972,32.1222,0.4,328.0,,
2025-07-28 00:34:08,119.89968,32.12210666666667,1.0,209.1,,
2025-07-28 00:37:27,119.89952,32.12213666666667,0.8,225.1,,
2025-07-28 00:40:38,119.89944,32.12227,0.5,344.4,,
2025-07-28 01:10:48,119.89945333333333,32.12222666666667,0.0,,,
2025-07-28 01:41:08,119.89945333333333,32.122233333333334,0.0,,,
2025-07-28 02:07:06,119.89946666666668,32.122233333333334,2.0,100.0,,
2025-07-28 02:09:11,119.89946666666668,32.122233333333334,2.0,100.0,,
2025-07-28 02:11:36,119.90018666666668,32.13216666666667,9.4,341.0,,
2025-07-28 02:13:41,119.90018666666668,32.13216666666667,9.4,341.0,,
2025-07-28 02:15:57,119.89622666666666,32.142896666666665,9.3,343.0,,
2025-07-28 02:17:58,119.89432,32.14782666666667,9.4,344.1,,
2025-07-28 02:20:17,119.8926,32.15365,9.2,350.5,,
2025-07-28 02:22:27,119.89138666666666,32.15906666666667,9.1,348.3,,
2025-07-28 02:24:37,119.89161333333334,32.15823,9.0,347.0,,
2025-07-28 02:27:06,119.88970666666668,32.16825,6.5,352.2,,
2025-07-28 02:29:10,119.88952,32.16916333333333,6.6,349.2,,
2025-07-28 02:32:18,119.88869333333334,32.17672,5.6,353.4,,
2025-07-28 02:35:18,119.88790666666668,32.18142,5.7,350.2,,
2025-07-28 02:38:29,119.88716666666669,32.186546666666665,5.6,355.4,,
2025-07-28 02:41:58,119.88584,32.19203,5.6,346.4,,
2025-07-28 02:45:06,119.88488,32.19682,5.4,353.5,,
2025-07-28 02:48:06,119.88446666666668,32.20136333333333,5.4,10.5,,
2025-07-28 02:51:08,119.88736,32.20469333333333,4.8,44.4,,
2025-07-28 02:54:08,119.89096,32.207546666666666,5.1,44.4,,
2025-07-28 02:57:36,119.89418666666668,32.21122,4.2,24.8,,
2025-07-28 03:00:36,119.89506666666666,32.21447,3.8,343.7,,
2025-07-28 03:03:36,119.89354666666668,32.21751666666667,4.0,341.1,,
2025-07-28 03:06:36,119.89242666666668,32.220663333333334,3.9,339.1,,
2025-07-28 03:09:36,119.89129333333334,32.22382666666667,4.0,351.8,,
2025-07-28 03:12:37,119.89072,32.22720666666667,4.0,342.3,,
2025-07-28 03:15:37,119.8898,32.23052333333333,4.2,347.8,,
2025-07-28 03:18:46,119.88965333333331,32.23113,4.0,347.2,,
2025-07-28 03:21:49,119.88877333333332,32.23399666666667,4.1,340.7,,
2025-07-28 05:23:59,119.67604,32.23818333333333,10.0,196.4,,
2025-07-28 05:26:05,119.67410666666666,32.23258333333333,9.9,198.0,,
2025-07-28 05:28:06,119.672,32.227853333333336,8.9,203.5,,
2025-07-28 05:30:08,119.66886666666667,32.223436666666665,9.3,212.2,,
2025-07-28 05:32:17,119.66488,32.219213333333336,9.1,218.6,,
2025-07-28 05:34:17,119.66044,32.215736666666665,9.0,228.4,,
2025-07-28 05:37:17,119.65653333333331,32.21208333333333,0.7,193.3,,
2025-07-28 06:07:17,119.65654666666669,32.21208,0.0,,,
2025-07-28 06:26:37,119.65654666666669,32.21212333333333,1.3,259.6,,
2025-07-28 06:28:37,119.65413333333332,32.210006666666665,8.4,220.8,,
2025-07-28 06:30:37,119.65114666666666,32.20682333333333,8.0,219.5,,
2025-07-28 06:33:37,119.64661333333332,32.2037,5.1,241.6,,
2025-07-28 06:36:37,119.64181333333332,32.20205,5.5,261.8,,
2025-07-28 06:39:38,119.63633333333334,32.20109,5.9,251.6,,
2025-07-28 06:45:48,119.63450666666668,32.20074,0.7,218.5,,
2025-07-28 06:58:07,119.63449333333334,32.200673333333334,0.5,207.8,,
2025-07-28 07:01:07,119.63516,32.200073333333336,1.7,114.3,,
2025-07-28 07:04:07,119.63721333333334,32.198926666666665,4.4,115.1,,
2025-07-28 07:06:18,119.64028,32.197876666666666,7.8,113.9,,
2025-07-28 07:08:18,119.64492,32.19822,5.7,73.2,,
2025-07-28 07:10:37,119.64697333333334,32.197473333333335,8.1,216.3,,
2025-07-28 07:12:37,119.64202666666668,32.19520333333333,8.5,250.5,,
2025-07-28 07:14:37,119.63677333333334,32.19364,8.2,245.8,,
2025-07-28 07:16:47,119.63104,32.19194666666667,8.9,255.9,,
2025-07-28 07:18:58,119.62485333333332,32.190976666666664,8.1,258.9,,
2025-07-28 07:48:58,119.62332,32.190423333333335,0.0,,,
2025-07-28 08:19:08,119.62330666666666,32.190396666666665,0.0,,,
2025-07-28 08:49:19,119.62329333333334,32.190403333333336,0.0,,,
2025-07-28 09:20:07,119.62336,32.19043333333333,0.0,,,
2025-07-28 09:50:32,119.623235,32.19036333333333,0.0,225.1,,
2025-07-28 10:22:28,119.62324,32.19039,0.0,225.2,,
2025-07-28 10:52:28,119.62322666666668,32.19041,0.0,225.2,,
2025-07-28 11:22:45,119.62323,32.1904,0.0,225.1,,
2025-07-28 11:55:28,119.62322666666668,32.190403333333336,0.0,225.2,,
2025-07-28 12:25:45,119.62329333333334,32.190423333333335,0.0,,,
2025-07-28 12:58:26,119.62322666666668,32.19039,0.0,225.2,,
2025-07-28 13:28:26,119.62322666666668,32.190423333333335,0.0,225.2,,
2025-07-28 13:59:42,119.62329333333334,32.19041333333333,0.0,,,
2025-07-28 14:29:43,119.62329333333334,32.19041333333333,0.0,,,
2025-07-28 15:00:13,119.62322833333332,32.190418333333334,0.0,225.1,,
2025-07-28 15:31:27,119.62322666666668,32.190416666666664,0.0,225.2,,
