postTime,lon,lat,sog,cog,heading,rot
2025-07-01 01:45:07,121.00766166666666,31.780148333333333,3.2,279.0,279.0,
2025-07-01 01:48:07,121.00441666666669,31.780155,3.2,269.6,269.0,
2025-07-01 01:51:18,121.001105,31.780686666666668,3.3,285.0,285.0,
2025-07-01 01:54:18,120.99798,31.78073833333333,3.3,265.0,265.0,
2025-07-01 01:57:19,120.99447,31.78093833333333,3.7,282.0,282.0,
2025-07-01 02:01:00,120.9903,31.781448333333334,3.5,276.0,276.0,
2025-07-01 02:05:00,120.98575333333334,31.78152833333333,3.5,269.6,269.0,
2025-07-01 02:08:00,120.98236833333333,31.781511666666667,3.5,273.2,273.0,
2025-07-01 02:11:12,120.97867333333332,31.78165333333333,3.6,271.2,271.0,
2025-07-01 02:14:12,120.975115,31.78237,3.6,280.7,280.0,
2025-07-01 02:17:12,120.97158,31.782625,3.6,270.2,270.0,
2025-07-01 02:21:24,120.96642666666666,31.78266333333333,3.7,267.2,267.0,
2025-07-01 02:24:24,120.96300666666669,31.782985,3.5,280.6,280.0,
2025-07-01 02:27:24,120.95952166666666,31.78345333333333,3.7,282.7,282.0,
2025-07-01 02:30:24,120.95637833333332,31.784966666666666,3.5,298.0,298.0,
2025-07-01 02:33:36,120.952945,31.78628,3.7,297.7,297.0,
2025-07-01 02:36:36,120.94981833333334,31.78760833333333,3.5,290.6,290.0,
2025-07-01 02:39:36,120.94670333333332,31.788915,3.6,299.8,299.0,
2025-07-01 02:42:47,120.94359666666666,31.79068833333333,3.6,310.9,310.0,
2025-07-01 02:45:48,120.94121166666666,31.792956666666665,3.6,322.8,322.0,
2025-07-01 02:48:48,120.93909666666669,31.795256666666667,3.4,323.4,323.0,
2025-07-01 02:51:59,120.93668333333332,31.79743,3.6,315.9,315.0,
2025-07-01 02:54:59,120.93444166666669,31.799781666666668,3.7,322.0,322.0,
2025-07-01 02:57:59,120.93188333333332,31.80206,3.8,315.4,315.0,
2025-07-01 03:01:30,120.92937666666668,31.805046666666662,3.7,322.0,322.0,
2025-07-01 03:04:36,120.92705166666669,31.807621666666662,3.8,321.5,321.0,
2025-07-01 03:07:37,120.92475666666668,31.81013,3.9,322.3,322.0,
2025-07-01 03:10:37,120.9226,31.812685,3.7,325.4,325.0,
2025-07-01 03:13:48,120.920355,31.815608333333333,4.0,329.0,329.0,
2025-07-01 03:16:48,120.91810666666667,31.818341666666665,4.0,325.0,325.0,
2025-07-01 03:20:07,120.91548166666666,31.82098166666667,3.6,318.5,318.0,
2025-07-01 03:23:37,120.912845,31.823578333333334,3.7,319.7,319.0,
2025-07-01 03:26:37,120.91050833333334,31.82593,3.7,325.9,325.0,
2025-07-01 03:29:37,120.90907333333334,31.828781666666668,3.6,345.1,345.0,
2025-07-01 03:32:37,120.90842333333332,31.83146,2.8,352.8,352.0,
2025-07-01 03:35:48,120.9077,31.834231666666668,3.5,344.9,344.0,
2025-07-01 03:39:22,120.906245,31.837626666666665,3.7,338.2,338.0,
2025-07-01 03:43:06,120.90457,31.84112,3.7,339.6,339.0,
2025-07-01 03:46:07,120.90364,31.844151666666665,3.8,346.2,346.0,
2025-07-01 03:49:37,120.90214833333332,31.84771,4.2,338.1,338.0,
2025-07-01 03:52:37,120.90076333333332,31.85084,3.9,337.3,337.0,
2025-07-01 03:55:37,120.899445,31.85395,3.9,346.6,346.0,
2025-07-01 03:58:48,120.89864333333334,31.857246666666665,3.7,343.3,343.0,
2025-07-01 04:01:49,120.897415,31.86017,3.7,344.3,344.0,
2025-07-01 04:04:49,120.89687666666669,31.863188333333333,3.6,352.1,352.0,
2025-07-01 04:08:01,120.8961,31.866281666666666,3.6,338.7,338.0,
2025-07-01 04:11:08,120.89526833333332,31.869231666666668,3.4,351.5,351.0,
2025-07-01 04:14:08,120.89461833333333,31.872035,3.5,346.9,346.0,
2025-07-01 04:17:08,120.894285,31.87490833333333,3.3,357.0,357.0,
2025-07-01 04:20:08,120.89361166666669,31.877746666666667,3.5,349.0,349.0,
2025-07-01 04:23:19,120.893285,31.88076,3.5,358.1,358.0,
2025-07-01 04:26:19,120.89271333333332,31.883726666666668,3.6,343.3,343.0,
2025-07-01 04:29:20,120.89228166666666,31.886636666666668,3.5,355.8,355.0,
2025-07-01 04:32:31,120.89146833333334,31.88972,3.6,342.3,342.0,
2025-07-01 04:35:31,120.89041833333332,31.892645,3.7,346.3,346.0,
2025-07-01 04:39:03,120.88931166666669,31.89614333333333,3.7,340.2,340.0,
2025-07-01 04:42:13,120.88774666666669,31.89920333333333,3.9,339.0,339.0,
2025-07-01 04:45:13,120.88674166666668,31.90223,3.8,348.5,348.0,
2025-07-01 04:48:13,120.88570666666666,31.90526833333333,3.5,340.4,340.0,
2025-07-01 04:51:25,120.88440333333334,31.90841333333333,3.8,340.8,340.0,
2025-07-01 04:54:25,120.88291833333334,31.911311666666663,3.9,332.0,332.0,
2025-07-01 04:57:25,120.88143833333334,31.914396666666665,4.0,343.8,343.0,
2025-07-01 05:00:25,120.88035333333332,31.917555,4.0,344.1,344.0,
2025-07-01 05:03:36,120.87889166666666,31.92084,3.9,336.3,336.0,
2025-07-01 05:06:37,120.87776166666669,31.92385833333333,3.8,347.5,347.0,
2025-07-01 05:09:37,120.876905,31.926945,3.7,346.8,346.0,
2025-07-01 05:12:48,120.87538666666669,31.929781666666667,3.5,336.0,336.0,
2025-07-01 05:15:48,120.87449166666669,31.932521666666663,3.4,347.1,347.0,
2025-07-01 05:18:49,120.87348666666666,31.93513833333333,3.1,334.8,334.0,
2025-07-01 05:22:00,120.87196666666668,31.937391666666667,3.0,325.3,325.0,
2025-07-01 05:25:00,120.870525,31.93963,3.3,335.6,335.0,
2025-07-01 05:28:00,120.869135,31.942256666666665,3.4,328.8,328.0,
2025-07-01 05:31:01,120.86768833333332,31.944871666666668,3.4,337.9,337.0,
2025-07-01 05:34:12,120.86659666666668,31.94725833333333,2.5,348.5,348.0,
2025-07-01 05:37:12,120.86607333333332,31.949335,2.8,333.1,333.0,
2025-07-01 05:40:12,120.86464833333334,31.951463333333333,3.1,318.4,318.0,
2025-07-01 05:43:24,120.86287333333334,31.95343,2.7,325.7,325.0,
2025-07-01 05:46:24,120.86167666666668,31.955266666666667,2.4,330.7,330.0,
2025-07-01 05:49:24,120.86138333333334,31.957386666666668,2.9,2.1,2.0,
2025-07-01 05:52:36,120.86126,31.960265,3.6,352.1,352.0,
2025-07-01 05:55:36,120.86079,31.963351666666668,3.7,347.9,347.0,
2025-07-01 05:58:36,120.85905166666667,31.966321666666666,4.3,326.3,326.0,
2025-07-01 06:01:36,120.85657,31.96930833333333,4.4,326.7,326.0,
2025-07-01 06:04:48,120.85409666666666,31.972146666666667,4.0,320.1,320.0,
2025-07-01 06:07:48,120.85151333333332,31.97479833333333,4.1,318.4,318.0,
2025-07-01 06:11:18,120.84835333333334,31.97780333333333,4.1,321.7,321.0,
2025-07-01 06:14:38,120.84557833333334,31.980775,4.1,321.6,321.0,
2025-07-01 06:17:38,120.842585,31.983156666666662,4.3,310.5,310.0,
2025-07-01 06:20:38,120.83936166666666,31.98538,4.3,311.7,311.0,
2025-07-01 06:23:49,120.83592666666668,31.98797833333333,4.6,313.5,313.0,
2025-07-01 06:26:50,120.83240166666668,31.9907,4.8,315.7,315.0,
2025-07-01 06:29:50,120.82933,31.99357833333333,4.6,323.8,323.0,
2025-07-01 06:33:08,120.82584166666666,31.996503333333333,4.8,307.8,307.0,
2025-07-01 06:36:08,120.82222,31.99877333333333,4.3,311.2,311.0,
2025-07-01 06:39:08,120.81992,32.00145833333333,4.2,324.0,324.0,
2025-07-01 06:42:08,120.81624833333332,32.00398666666667,5.1,304.8,304.0,
2025-07-01 06:46:08,120.81059833333332,32.00575333333333,4.4,291.9,291.0,
2025-07-01 06:49:08,120.80710833333332,32.00757333333333,3.9,308.2,308.0,
2025-07-01 06:52:08,120.80432666666668,32.009575,3.7,305.9,305.0,
2025-07-01 06:55:08,120.80078333333331,32.011305,4.6,295.1,295.0,
2025-07-01 06:58:20,120.795815,32.01315,5.4,292.9,292.0,
2025-07-01 07:01:20,120.791035,32.014781666666664,5.1,288.6,288.0,
2025-07-01 07:04:20,120.78614666666668,32.01512833333334,5.3,270.4,270.0,
2025-07-01 07:07:31,120.78093333333334,32.01549333333333,4.7,275.4,275.0,
2025-07-01 07:11:02,120.77609666666666,32.015818333333335,4.3,268.4,268.0,
2025-07-01 07:14:08,120.77170833333334,32.01531833333333,4.2,260.6,260.0,
2025-07-01 07:17:08,120.76768,32.01475833333333,4.1,266.8,266.0,
2025-07-01 07:20:20,120.76353166666668,32.01448833333333,3.9,262.9,262.0,
2025-07-01 07:23:38,120.75937333333331,32.01406333333333,3.9,268.2,268.0,
2025-07-01 07:26:38,120.75546,32.014293333333335,4.1,273.0,273.0,
2025-07-01 07:29:51,120.75118833333332,32.014541666666666,4.1,275.2,275.0,
2025-07-01 07:33:08,120.74662666666669,32.015005,4.4,275.0,275.0,
2025-07-01 07:36:38,120.74147666666668,32.015056666666666,4.5,272.8,272.0,
2025-07-01 07:39:38,120.73686833333332,32.015146666666666,4.8,270.4,270.0,
2025-07-01 07:43:50,120.72993666666666,32.01470666666667,5.6,264.5,264.0,
2025-07-01 07:47:20,120.723365,32.01372166666667,6.0,258.2,258.0,
2025-07-01 07:49:20,120.71944833333332,32.01299,6.1,255.7,255.0,
2025-07-01 07:51:31,120.71513833333331,32.01208,6.4,254.5,254.0,
2025-07-01 07:53:42,120.71061333333331,32.011163333333336,6.6,256.5,256.0,
2025-07-01 07:56:08,120.70554166666666,32.00980166666667,6.5,251.9,251.0,
2025-07-01 07:59:08,120.7,32.00872833333333,5.4,259.7,259.0,
2025-07-01 08:02:36,120.69420833333334,32.00779166666667,4.8,250.5,250.0,
2025-07-01 08:05:37,120.68969833333334,32.006503333333335,4.8,252.8,252.0,
2025-07-01 08:08:37,120.685095,32.005825,4.8,253.8,253.0,
2025-07-01 08:11:48,120.68049833333332,32.00420833333333,4.5,248.6,248.0,
2025-07-01 08:15:19,120.67605333333331,32.00351166666667,3.7,270.6,270.0,
2025-07-01 08:18:49,120.67186333333332,32.003038333333336,3.9,257.1,257.0,
2025-07-01 08:22:00,120.66732333333331,32.00239,4.9,259.0,259.0,
2025-07-01 08:25:30,120.66135,32.001423333333335,5.4,253.6,253.0,
2025-07-01 08:28:31,120.65663,32.000733333333336,4.6,262.9,262.0,
2025-07-01 08:31:42,120.65191666666666,32.0005,4.6,273.9,273.0,
2025-07-01 08:35:36,120.64628,32.00045166666666,4.4,265.3,265.0,
2025-07-01 08:38:37,120.64178333333334,32.000236666666666,4.6,268.7,268.0,
2025-07-01 08:41:37,120.63748666666666,32.00029333333333,4.2,276.8,276.0,
2025-07-01 08:45:18,120.63246666666667,32.000935,4.5,277.1,277.0,
2025-07-01 08:50:37,120.62479333333332,32.00154666666667,3.9,270.7,270.0,
2025-07-01 08:54:36,120.61875833333332,32.001628333333336,5.0,272.5,272.0,
2025-07-01 08:58:07,120.61304333333334,32.002161666666666,5.0,274.7,274.0,
2025-07-01 09:01:07,120.60821333333334,32.002005,4.9,266.6,266.0,
2025-07-01 09:04:07,120.60359333333334,32.00228,4.5,284.7,284.0,
2025-07-01 09:07:37,120.59865333333332,32.003431666666664,4.5,284.8,284.0,
2025-07-01 09:10:48,120.59397333333334,32.00443166666667,4.6,284.7,284.0,
2025-07-01 09:13:48,120.58978,32.00574833333334,4.7,291.9,291.0,
2025-07-01 09:16:49,120.58537166666666,32.00705,4.8,285.3,285.0,
2025-07-01 09:20:30,120.57910833333334,32.008356666666664,5.8,285.7,285.0,
2025-07-01 09:23:30,120.57338166666666,32.00987,6.3,289.4,289.0,
2025-07-01 09:25:30,120.56951166666668,32.01109,6.4,291.7,291.0,
2025-07-01 09:27:30,120.56553166666669,32.012406666666664,6.5,291.4,291.0,
2025-07-01 09:30:12,120.56019,32.014235,6.7,293.3,293.0,
2025-07-01 09:32:12,120.55642833333332,32.015773333333335,6.1,298.9,298.0,
2025-07-01 09:35:14,120.55140333333334,32.017961666666665,5.7,299.6,299.0,
2025-07-01 09:38:42,120.54566,32.020285,5.3,286.7,286.0,
2025-07-01 09:41:54,120.54019666666667,32.02129333333333,5.5,286.7,286.0,
2025-07-01 09:46:24,120.53246833333333,32.023763333333335,5.8,292.2,292.0,
2025-07-01 09:48:24,120.52881666666669,32.02501,6.0,292.9,292.0,
2025-07-01 09:51:36,120.52301166666666,32.027348333333336,6.3,294.7,294.0,
2025-07-01 09:54:06,120.51822833333334,32.029158333333335,6.4,292.4,292.0,
2025-07-01 09:58:06,120.510645,32.03215,6.3,294.1,294.0,
2025-07-01 10:00:06,120.50694333333334,32.033395,6.2,290.0,290.0,
2025-07-01 10:02:17,120.50275666666668,32.03445333333333,6.1,283.5,283.0,
2025-07-01 10:04:18,120.49886,32.035133333333334,6.1,280.9,280.0,
2025-07-01 10:06:48,120.49394833333334,32.03599666666667,6.1,284.9,284.0,
2025-07-01 10:09:18,120.48925166666666,32.03734166666667,6.1,286.6,286.0,
2025-07-01 10:15:16,120.47763166666668,32.038241666666664,5.9,269.4,269.0,
2025-07-01 10:18:37,120.47155166666668,32.037951666666665,5.5,266.5,266.0,
2025-07-01 10:21:37,120.46558166666668,32.03720166666667,6.9,255.9,255.0,
2025-07-01 10:23:46,120.46087666666666,32.03582,7.1,246.7,246.0,
2025-07-01 10:26:07,120.45601833333332,32.03363,7.1,236.9,236.0,
2025-07-01 10:28:07,120.45204,32.03139,7.4,235.4,235.0,
2025-07-01 10:31:07,120.44616833333332,32.02738166666666,7.7,226.8,226.0,
2025-07-01 10:33:07,120.44366166666669,32.024321666666665,6.2,204.9,204.0,
2025-07-01 10:36:18,120.44288,32.01923333333333,5.9,179.1,179.0,
2025-07-01 10:39:19,120.44454333333331,32.014536666666665,6.1,157.0,157.0,
2025-07-01 10:41:49,120.44649833333334,32.010578333333335,6.2,157.5,157.0,
2025-07-01 10:45:30,120.44950666666666,32.00463,6.5,153.9,153.0,
2025-07-01 10:48:00,120.451995,32.000555,6.5,152.7,152.0,
2025-07-01 10:50:01,120.453535,31.997325,6.0,167.6,167.0,
2025-07-01 10:52:31,120.45339833333334,31.99304,6.1,183.3,183.0,
2025-07-01 10:55:36,120.45227166666666,31.98779333333333,6.3,202.3,202.0,
2025-07-01 10:57:37,120.450485,31.98474333333333,6.1,205.7,205.0,
2025-07-01 10:59:37,120.44861,31.98168666666667,6.3,208.5,208.0,
2025-07-01 11:02:07,120.44545833333332,31.97827333333333,6.2,224.5,224.0,
2025-07-01 11:04:07,120.44242833333334,31.976085,6.2,231.0,231.0,
2025-07-01 11:07:03,120.43742,31.973305,6.2,240.1,240.0,
2025-07-01 11:09:07,120.433745,31.97155,6.3,243.9,243.0,
2025-07-01 11:11:07,120.42984833333334,31.97034333333333,6.5,250.7,250.0,
2025-07-01 11:14:01,120.42470666666668,31.968995,4.1,258.9,258.0,
2025-07-01 11:20:42,120.42115833333334,31.968285,1.2,258.0,258.0,
2025-07-01 11:25:43,120.42050666666668,31.968261666666667,0.1,95.3,95.0,
2025-07-01 12:12:44,120.42055333333332,31.968198333333333,0.0,110.7,110.0,
2025-07-01 12:43:41,120.42055666666668,31.968216666666667,0.0,338.1,338.0,
2025-07-01 13:10:38,120.41888,31.96848,1.3,273.4,273.0,
2025-07-01 13:15:44,120.41778333333332,31.968125,0.2,247.7,247.0,
2025-07-01 13:45:57,120.41753333333334,31.968106666666667,0.1,121.9,121.0,
2025-07-01 14:16:17,120.41696166666668,31.96849333333333,0.2,292.6,292.0,
2025-07-01 14:48:43,120.41743666666666,31.967983333333333,0.1,218.5,218.0,
2025-07-01 15:18:44,120.41743166666669,31.967991666666663,0.2,330.4,330.0,
2025-07-01 15:50:44,120.41742833333332,31.967975,0.1,8.4,8.0,
2025-07-01 16:02:13,120.41598666666668,31.969045,3.7,297.6,297.0,
2025-07-01 16:05:54,120.41085333333334,31.97047,4.5,282.1,282.0,
2025-07-01 16:08:54,120.40661833333333,31.970621666666663,4.3,273.1,273.0,
2025-07-01 16:12:25,120.40167166666669,31.97093,4.3,272.4,272.0,
2025-07-01 16:15:25,120.39754166666668,31.97107833333333,4.2,270.4,270.0,
2025-07-01 16:18:36,120.39321166666667,31.97098833333333,4.1,264.0,264.0,
2025-07-01 16:23:07,120.3874,31.97082,3.7,275.3,275.0,
2025-07-01 16:26:07,120.38373,31.97065,3.7,262.0,262.0,
2025-07-01 16:29:07,120.38037,31.970441666666662,3.3,265.2,265.0,
2025-07-01 16:32:36,120.37641666666669,31.97000333333333,3.7,261.3,261.0,
2025-07-01 16:35:37,120.372675,31.969563333333333,4.0,263.3,263.0,
2025-07-01 16:38:37,120.36887166666666,31.969041666666666,4.0,259.3,259.0,
2025-07-01 16:41:48,120.36475666666666,31.968331666666668,4.1,258.6,258.0,
2025-07-01 16:44:48,120.36076666666666,31.96764,4.3,260.8,260.0,
2025-07-01 16:47:48,120.3567,31.96696833333333,4.3,254.7,254.0,
2025-07-01 16:50:49,120.35264333333332,31.966201666666667,3.9,250.6,250.0,
2025-07-01 16:54:30,120.34805833333331,31.965176666666668,4.1,257.3,257.0,
2025-07-01 16:57:30,120.34444333333332,31.96406,3.9,246.4,246.0,
2025-07-01 17:01:02,120.34013,31.963138333333333,3.9,259.8,259.0,
2025-07-01 17:04:07,120.33624166666668,31.962613333333334,3.8,258.2,258.0,
2025-07-01 17:07:07,120.33275666666668,31.961828333333333,3.5,254.3,254.0,
2025-07-01 17:11:37,120.32769833333332,31.961071666666665,3.5,269.2,269.0,
2025-07-01 17:15:07,120.32386833333334,31.960543333333334,3.5,249.7,249.0,
2025-07-01 17:18:07,120.31980666666666,31.959941666666666,4.7,275.7,275.0,
2025-07-01 17:22:37,120.31251833333332,31.962815,6.0,307.2,307.0,
2025-07-01 17:25:37,120.30838666666666,31.96381833333333,3.4,263.1,263.0,
2025-07-01 17:30:18,120.30390833333334,31.962776666666667,3.3,270.2,270.0,
2025-07-01 17:33:24,120.300075,31.964405,4.3,288.7,288.0,
2025-07-01 17:36:37,120.29628166666669,31.96386833333333,3.6,246.7,246.0,
2025-07-01 17:39:37,120.29311666666666,31.96236,3.9,247.6,247.0,
2025-07-01 17:42:38,120.28950833333332,31.96114833333333,3.9,246.3,246.0,
2025-07-01 17:45:48,120.28618833333331,31.958965,4.2,223.6,223.0,
2025-07-01 17:49:19,120.28200333333334,31.95680833333333,4.4,240.1,240.0,
2025-07-01 17:52:49,120.277775,31.954315,4.6,235.5,235.0,
2025-07-01 17:56:02,120.27389,31.952023333333333,4.5,234.1,234.0,
2025-07-01 17:59:30,120.269575,31.949798333333334,4.5,242.2,242.0,
2025-07-01 18:05:07,120.26259,31.947108333333333,4.0,245.5,245.0,
2025-07-01 18:08:37,120.25835,31.945941666666663,3.7,247.0,247.0,
2025-07-01 18:11:37,120.25506666666666,31.944766666666663,3.4,258.4,258.0,
2025-07-01 18:14:49,120.25166,31.94416,3.3,258.1,258.0,
2025-07-01 18:18:25,120.247835,31.94337833333333,3.4,256.9,256.0,
2025-07-01 18:21:37,120.24430666666666,31.94263,3.5,254.9,254.0,
2025-07-01 18:24:37,120.24100666666666,31.94187,3.5,260.4,260.0,
2025-07-01 18:27:37,120.23730166666668,31.94167333333333,3.8,261.3,261.0,
2025-07-01 18:30:48,120.233385,31.94120333333333,3.8,265.3,265.0,
2025-07-01 18:33:49,120.229825,31.9409,3.5,269.4,269.0,
2025-07-01 18:36:49,120.22645833333333,31.94129,3.5,272.0,272.0,
2025-07-01 18:40:02,120.22266,31.94158333333333,3.9,274.1,274.0,
2025-07-01 18:43:07,120.21877,31.94161,3.9,273.3,273.0,
2025-07-01 18:46:07,120.21521166666666,31.94152,3.7,269.3,269.0,
2025-07-01 18:49:07,120.211915,31.94190333333333,3.4,287.5,287.0,
2025-07-01 18:52:37,120.20822666666666,31.942516666666663,3.5,276.2,276.0,
2025-07-01 18:56:24,120.20365833333334,31.94266333333333,3.7,277.2,277.0,
2025-07-01 18:59:37,120.199805,31.94313333333333,3.8,277.7,277.0,
2025-07-01 19:03:07,120.195445,31.943516666666667,3.9,275.6,275.0,
2025-07-01 19:06:07,120.19152,31.94390333333333,4.2,275.4,275.0,
2025-07-01 19:09:13,120.18727,31.94415,4.2,269.5,269.0,
2025-07-01 19:12:37,120.182705,31.94446,4.1,276.2,276.0,
2025-07-01 19:15:37,120.17869166666668,31.94467,4.1,273.2,273.0,
2025-07-01 19:18:37,120.17480166666668,31.94469,3.9,273.3,273.0,
2025-07-01 19:22:19,120.17047666666669,31.945431666666668,3.5,281.0,281.0,
2025-07-01 19:26:49,120.165135,31.946,3.6,280.5,280.0,
2025-07-01 19:30:00,120.16114333333331,31.946525,4.3,281.0,281.0,
2025-07-01 19:33:28,120.15606333333334,31.947455,4.7,282.1,282.0,
2025-07-01 19:36:37,120.15136333333334,31.948446666666666,4.5,284.0,284.0,
2025-07-01 19:39:37,120.14763666666668,31.949728333333333,4.1,292.5,292.0,
2025-07-01 19:42:37,120.143605,31.950556666666667,4.4,274.0,274.0,
2025-07-01 19:45:37,120.139165,31.95071833333333,4.5,276.0,276.0,
2025-07-01 19:48:37,120.13502833333334,31.951245,4.1,280.8,280.0,
2025-07-01 19:51:37,120.13126833333334,31.9524,4.1,289.3,289.0,
2025-07-01 19:55:05,120.126635,31.953278333333333,4.2,283.7,283.0,
2025-07-01 19:58:48,120.12161166666668,31.954055,4.0,285.2,285.0,
2025-07-01 20:02:08,120.11752666666666,31.95509333333333,3.9,282.9,282.0,
2025-07-01 20:06:08,120.11255333333334,31.95629,4.0,281.4,281.0,
2025-07-01 20:09:08,120.108585,31.956995,4.1,285.7,285.0,
2025-07-01 20:12:34,120.10409166666666,31.958156666666667,4.1,282.9,282.0,
2025-07-01 20:15:38,120.10004833333332,31.958838333333333,4.1,285.0,285.0,
2025-07-01 20:18:38,120.09629,31.959865,4.0,289.2,289.0,
2025-07-01 20:22:19,120.09144333333332,31.96065833333333,4.1,280.6,280.0,
2025-07-01 20:25:20,120.08744333333334,31.96099333333333,4.1,273.7,273.0,
2025-07-01 20:29:20,120.08238166666666,31.96187833333333,3.9,281.0,281.0,
2025-07-01 20:32:31,120.07845833333332,31.962486666666667,3.9,282.0,282.0,
2025-07-01 20:35:40,120.0746,31.963418333333333,3.9,283.9,283.0,
2025-07-01 20:39:38,120.06955666666668,31.96461333333333,4.0,284.1,284.0,
2025-07-01 20:42:38,120.065585,31.965296666666667,4.2,283.4,283.0,
2025-07-01 20:46:08,120.06096,31.96654833333333,4.2,288.7,288.0,
2025-07-01 20:49:18,120.05660833333332,31.96755333333333,4.5,283.3,283.0,
2025-07-01 20:52:38,120.05179666666666,31.968651666666663,4.5,284.9,284.0,
2025-07-01 20:56:00,120.04693,31.969665,4.5,281.1,281.0,
2025-07-01 20:59:08,120.04261333333334,31.97067,4.3,288.7,288.0,
2025-07-01 21:02:08,120.03861833333332,31.971813333333333,4.3,289.7,289.0,
2025-07-01 21:06:08,120.03323666666668,31.973326666666665,4.3,288.5,288.0,
2025-07-01 21:09:08,120.02944333333332,31.97470833333333,4.2,295.1,295.0,
2025-07-01 21:12:08,120.02570333333334,31.976358333333334,4.3,299.0,299.0,
2025-07-01 21:16:20,120.02046666666666,31.978651666666668,4.1,299.7,299.0,
2025-07-01 21:19:20,120.01722166666669,31.98070333333333,4.2,311.7,311.0,
2025-07-01 21:22:20,120.014105,31.98299,4.3,308.3,308.0,
2025-07-01 21:25:20,120.01072,31.985105,4.3,304.1,304.0,
2025-07-01 21:28:31,120.00703,31.98740833333333,4.5,310.0,310.0,
2025-07-01 21:31:32,120.00362833333334,31.989733333333334,4.5,307.3,307.0,
2025-07-01 21:34:38,119.99986666666666,31.992013333333333,4.8,303.6,303.0,
2025-07-01 21:37:38,119.99598333333331,31.993865,4.3,301.9,301.0,
2025-07-01 21:40:38,119.99268333333332,31.995855,4.0,308.1,308.0,
2025-07-01 21:43:38,119.98985166666668,31.99806833333333,4.3,314.9,314.0,
2025-07-01 21:46:38,119.98650166666668,32.000625,4.7,310.7,310.0,
2025-07-01 21:49:49,119.98252,32.00344166666667,5.0,305.0,305.0,
2025-07-01 21:52:50,119.97852833333332,32.00561833333333,4.4,303.7,303.0,
2025-07-01 21:55:50,119.975195,32.00753666666667,3.9,307.8,307.0,
2025-07-01 21:59:01,119.97235833333332,32.00988666666667,3.8,316.1,316.0,
2025-07-01 22:02:01,119.96994333333332,32.012276666666665,3.8,321.1,321.0,
2025-07-01 22:05:01,119.96756333333332,32.01469,3.8,315.6,315.0,
2025-07-01 22:08:02,119.96487,32.01697,4.0,318.0,318.0,
2025-07-01 22:11:13,119.96238833333334,32.019731666666665,4.0,322.2,322.0,
2025-07-01 22:14:13,119.95979,32.022256666666664,4.1,317.8,317.0,
2025-07-01 22:18:08,119.956555,32.025661666666664,4.1,323.5,323.0,
2025-07-01 22:21:08,119.95442666666666,32.02858833333333,4.2,334.5,334.0,
2025-07-01 22:24:08,119.95235666666666,32.031571666666665,4.3,325.0,325.0,
2025-07-01 22:27:20,119.95002833333334,32.034868333333335,4.4,333.4,333.0,
2025-07-01 22:30:44,119.94784666666666,32.03861,4.5,333.5,333.0,
2025-07-01 22:34:56,119.94506333333334,32.043398333333336,4.7,332.8,332.0,
2025-07-01 22:38:38,119.94236333333332,32.04754,4.7,329.5,329.0,
2025-07-01 22:42:19,119.93969333333334,32.051851666666664,4.8,334.9,334.0,
2025-07-01 22:45:38,119.93747166666668,32.05587833333333,5.0,337.3,337.0,
2025-07-01 22:48:38,119.93635333333332,32.060091666666665,5.1,345.9,345.0,
2025-07-01 22:51:38,119.93465333333332,32.06411166666667,5.1,340.2,340.0,
2025-07-01 22:54:38,119.933515,32.06844666666667,5.3,349.5,349.0,
2025-07-01 22:57:49,119.93184833333332,32.072905,5.3,339.4,339.0,
2025-07-01 23:00:50,119.93044833333332,32.077196666666666,5.4,345.8,345.0,
2025-07-01 23:04:40,119.92940333333334,32.080875,5.5,347.6,347.0,
2025-07-01 23:07:42,119.927795,32.086171666666665,5.6,345.7,345.0,
2025-07-01 23:11:03,119.92581,32.0926,5.8,343.8,343.0,
2025-07-01 23:15:44,119.92408833333332,32.099671666666666,5.9,349.7,349.0,
2025-07-01 23:18:08,119.923125,32.103883333333336,6.1,350.4,350.0,
2025-07-01 23:21:00,119.92196833333334,32.10861166666667,6.0,345.4,345.0,
2025-07-01 23:25:20,119.92058166666666,32.113461666666666,6.2,347.5,347.0,
2025-07-01 23:27:38,119.91860833333334,32.11975833333333,6.3,345.1,345.0,
2025-07-01 23:29:38,119.91775166666666,32.12318166666667,6.3,347.7,347.0,
2025-07-01 23:32:23,119.91729166666669,32.12495,6.3,346.8,346.0,
2025-07-01 23:34:48,119.91554333333332,32.129846666666666,6.1,343.9,343.0,
2025-07-01 23:39:07,119.91378833333331,32.13469666666666,6.3,342.9,342.0,
2025-07-01 23:41:38,119.91173333333332,32.143123333333335,6.4,349.7,349.0,
2025-07-01 23:44:38,119.91107833333334,32.148316666666666,6.3,354.4,354.0,
2025-07-01 23:46:50,119.91041,32.15218,6.4,352.0,352.0,
2025-07-01 23:48:50,119.90962833333332,32.155611666666665,6.3,348.7,348.0,
2025-07-01 23:50:50,119.90911666666666,32.159035,6.2,355.0,355.0,
2025-07-01 23:53:50,119.90772166666666,32.16410666666667,6.2,340.0,340.0,
2025-07-01 23:56:31,119.90591333333332,32.16855833333333,6.3,348.2,348.0,
2025-07-01 23:58:32,119.90538833333332,32.171985,6.3,352.1,352.0,
2025-07-02 00:00:49,119.90573666666668,32.16943666666667,6.2,350.9,350.0,
2025-07-02 00:03:31,119.903965,32.18033833333333,5.9,352.4,352.0,
2025-07-02 00:05:31,119.90341166666668,32.18369833333333,6.2,351.7,351.0,
2025-07-02 00:07:42,119.90294666666668,32.187398333333334,6.1,354.8,354.0,
2025-07-02 00:10:43,119.90229,32.19249333333333,6.2,357.9,357.0,
2025-07-02 00:13:12,119.90184,32.196731666666665,6.2,351.8,351.0,
2025-07-02 00:15:37,119.90113,32.20081666666667,6.2,351.3,351.0,
2025-07-02 00:17:37,119.90025,32.20422,6.3,347.2,347.0,
2025-07-02 00:20:03,119.900945,32.201685,6.1,349.5,349.0,
2025-07-02 00:22:18,119.900015,32.205063333333335,6.2,347.3,347.0,
2025-07-02 00:24:48,119.89548666666668,32.215845,6.1,333.6,333.0,
2025-07-02 00:26:48,119.89396166666668,32.219005,6.1,340.2,340.0,
2025-07-02 00:29:07,119.89264,32.22264666666667,5.9,344.6,344.0,
2025-07-02 00:32:07,119.891395,32.22744,5.9,350.1,350.0,
2025-07-02 00:35:37,119.890085,32.233018333333334,5.9,343.8,343.0,
2025-07-02 00:38:07,119.888355,32.237183333333334,6.6,334.9,334.0,
2025-07-02 03:28:08,119.67530666666669,32.23652166666667,5.5,202.3,202.0,
2025-07-02 03:31:08,119.67370333333334,32.23224166666667,5.4,193.0,193.0,
2025-07-02 03:34:08,119.672295,32.22786333333333,5.4,202.6,202.0,
2025-07-02 03:37:08,119.669535,32.224075,5.2,216.9,216.0,
2025-07-02 03:40:37,119.66575833333332,32.21980333333333,5.7,214.8,214.0,
2025-07-02 03:43:38,119.66231333333332,32.21608,5.7,218.4,218.0,
2025-07-02 03:47:07,119.65787666666668,32.21192333333333,5.8,225.5,225.0,
2025-07-02 03:50:19,119.65328166666669,32.20870333333333,5.5,233.9,233.0,
2025-07-02 03:53:54,119.648105,32.205513333333336,5.5,231.7,231.0,
2025-07-02 03:57:07,119.64316166666669,32.20287166666667,5.6,239.1,239.0,
2025-07-02 04:00:07,119.637655,32.20046833333333,6.4,241.5,241.0,
2025-07-02 04:03:07,119.632385,32.19820166666667,5.8,251.8,251.0,
2025-07-02 04:06:58,119.62872833333331,32.197425,5.5,256.5,256.0,
2025-07-02 04:10:07,119.62070833333334,32.195405,4.9,266.0,266.0,
2025-07-02 04:12:37,119.616025,32.194716666666665,6.4,251.2,251.0,
2025-07-02 04:15:07,119.61116333333334,32.193891666666666,5.5,274.0,274.0,
2025-07-02 04:18:49,119.60498166666666,32.19404333333333,4.9,263.5,263.0,
2025-07-02 04:21:49,119.600175,32.193706666666664,4.9,263.5,263.0,
2025-07-02 04:24:49,119.59537666666668,32.193151666666665,4.9,262.0,262.0,
2025-07-02 04:30:13,119.58676166666666,32.191961666666664,4.9,260.4,260.0,
2025-07-02 04:33:37,119.58147666666666,32.19117166666667,4.6,263.8,263.0,
2025-07-02 04:36:37,119.57725333333332,32.19143833333333,4.1,274.9,274.0,
2025-07-02 04:39:37,119.57325,32.19215833333333,4.4,288.6,288.0,
2025-07-02 04:42:37,119.56890333333334,32.19358666666667,5.4,290.3,290.0,
2025-07-02 04:46:07,119.56296833333332,32.19582166666667,5.7,300.6,300.0,
2025-07-02 04:49:08,119.55916333333332,32.197743333333335,4.3,299.3,299.0,
2025-07-02 04:52:19,119.55544833333332,32.199776666666665,4.0,310.6,310.0,
2025-07-02 04:56:07,119.55265166666666,32.20343666666667,4.4,334.7,334.0,
2025-07-02 04:59:37,119.55188666666666,32.20763,4.6,357.8,357.0,
2025-07-02 05:03:07,119.55185333333333,32.21221833333333,4.9,352.9,352.0,
2025-07-02 05:06:22,119.55149333333334,32.21673833333333,5.2,358.1,358.0,
2025-07-02 05:09:28,119.55099333333334,32.22131,5.4,353.6,353.0,
2025-07-02 05:12:37,119.55050666666666,32.22619,5.7,,,
2025-07-02 05:15:37,119.55067833333334,32.23097,5.7,2.1,2.0,
2025-07-02 05:18:37,119.54971333333332,32.235155,5.0,333.2,333.0,
2025-07-02 05:21:49,119.54623333333332,32.23821,4.8,304.0,304.0,
2025-07-02 07:22:38,119.39106666666666,32.23822166666667,4.9,212.8,212.0,
2025-07-02 07:26:07,119.38757166666667,32.23458,4.9,220.7,220.0,
2025-07-02 07:29:37,119.38410833333332,32.23048333333333,5.4,210.0,210.0,
2025-07-02 07:32:37,119.38135166666666,32.227153333333334,4.8,216.4,216.0,
2025-07-02 07:36:19,119.377755,32.223103333333334,5.5,222.8,222.0,
2025-07-02 07:39:19,119.37436333333332,32.21960166666667,5.7,218.6,218.0,
2025-07-02 07:42:19,119.37062166666666,32.21590166666667,5.8,224.5,224.0,
2025-07-02 07:46:01,119.365445,32.212226666666666,5.4,231.6,231.0,
2025-07-02 07:51:01,119.358695,32.20775,5.4,235.9,235.0,
2025-07-02 07:54:32,119.35342833333333,32.20458,5.3,235.2,235.0,
2025-07-02 07:57:43,119.34937833333332,32.20171333333333,4.9,232.9,232.0,
2025-07-02 08:00:43,119.34545333333334,32.19967833333333,4.6,243.5,243.0,
2025-07-02 08:04:07,119.340935,32.19806166666667,4.3,249.3,249.0,
2025-07-02 08:07:16,119.33663666666666,32.19705166666667,4.3,255.9,255.0,
2025-07-02 08:10:37,119.33203333333331,32.196125,4.3,258.9,258.0,
2025-07-02 08:13:37,119.32781333333334,32.19575666666667,4.2,262.4,262.0,
2025-07-02 08:16:37,119.323685,32.19504333333333,4.3,259.7,259.0,
2025-07-02 08:19:49,119.31921833333334,32.19474833333334,4.3,265.3,265.0,
2025-07-02 08:22:49,119.31494333333332,32.19451,4.4,267.4,267.0,
2025-07-02 08:25:49,119.310645,32.194545,4.3,270.6,270.0,
2025-07-02 08:30:31,119.30386666666666,32.194273333333335,4.5,261.4,261.0,
2025-07-02 08:33:31,119.29956666666666,32.19379333333333,4.2,265.3,265.0,
2025-07-02 08:37:07,119.29466166666668,32.19385,4.2,270.0,270.0,
2025-07-02 08:40:37,119.28980166666666,32.19399833333333,4.2,275.2,275.0,
2025-07-02 08:43:37,119.285905,32.19493333333333,4.1,286.5,286.0,
2025-07-02 08:47:49,119.28052,32.19644,4.1,285.4,285.0,
2025-07-02 08:50:49,119.27677666666666,32.19741833333333,3.8,293.0,293.0,
2025-07-02 08:53:49,119.27340166666669,32.19887833333333,3.8,297.7,297.0,
2025-07-02 08:57:31,119.26942333333334,32.20095,3.9,301.4,301.0,
2025-07-02 09:01:31,119.26496833333331,32.203208333333336,3.9,300.2,300.0,
2025-07-02 09:04:31,119.26169333333333,32.204895,3.9,299.4,299.0,
2025-07-02 09:08:13,119.25751,32.20663666666667,3.8,291.1,291.0,
2025-07-02 09:11:13,119.25419,32.20804833333333,3.6,300.0,300.0,
2025-07-02 09:14:13,119.25126,32.209775,3.7,312.5,312.0,
2025-07-02 09:17:24,119.24835666666668,32.21193,3.7,308.4,308.0,
2025-07-02 09:20:37,119.24546333333332,32.214075,3.8,316.4,316.0,
2025-07-02 09:23:37,119.24273333333332,32.21618,3.8,311.1,311.0,
2025-07-02 09:26:37,119.23978833333334,32.21814,3.8,304.5,304.0,
2025-07-02 09:29:49,119.23656666666666,32.22022333333334,4.0,310.9,310.0,
2025-07-02 09:33:19,119.232885,32.2225,3.9,305.9,305.0,
2025-07-02 09:36:19,119.22988666666669,32.22445833333333,3.8,306.3,306.0,
2025-07-02 09:41:31,119.22439,32.2277,3.9,303.6,303.0,
2025-07-02 09:44:31,119.22114833333332,32.22926666666667,3.7,294.2,294.0,
2025-07-02 09:47:31,119.21765666666668,32.230198333333334,3.6,285.1,285.0,
2025-07-02 09:50:43,119.21438,32.23178166666667,3.7,310.3,310.0,
2025-07-02 09:53:43,119.21129166666668,32.23334666666667,3.8,289.3,289.0,
2025-07-02 09:56:43,119.20780666666668,32.234355,3.7,288.3,288.0,
2025-07-02 09:59:43,119.20433166666666,32.23531833333333,3.7,289.7,289.0,
2025-07-02 10:02:54,119.20073166666668,32.236155,3.5,277.0,277.0,
2025-07-02 10:05:55,119.197485,32.236958333333334,3.4,291.4,291.0,
2025-07-02 10:09:07,119.194035,32.238033333333334,3.5,286.5,286.0,
2025-07-02 10:12:07,119.19089666666666,32.23903833333333,3.4,290.6,290.0,
2025-07-02 11:50:37,119.07387,32.239695,4.1,226.2,226.0,
2025-07-02 11:53:37,119.07083833333331,32.237003333333334,4.7,221.8,221.0,
2025-07-02 11:56:49,119.067965,32.23337333333333,5.1,211.2,211.0,
2025-07-02 11:59:49,119.065745,32.23001,4.3,203.5,203.0,
2025-07-02 12:02:49,119.06366166666666,32.22708166666666,4.0,210.5,210.0,
2025-07-02 12:05:50,119.061585,32.22444,3.8,213.3,213.0,
2025-07-02 12:09:01,119.059485,32.22161,3.7,217.3,217.0,
2025-07-02 12:13:08,119.05632,32.218158333333335,4.0,221.0,221.0,
2025-07-02 12:16:08,119.05393333333332,32.21527,4.4,212.0,212.0,
2025-07-02 12:19:08,119.05127,32.212176666666664,4.6,215.1,215.0,
2025-07-02 12:22:08,119.04866666666666,32.209176666666664,4.4,215.3,215.0,
2025-07-02 12:25:57,119.04549,32.20545666666667,4.3,213.4,213.0,
2025-07-02 12:29:08,119.04274166666669,32.202398333333335,4.3,221.9,221.0,
2025-07-02 12:32:38,119.03946166666668,32.199423333333336,4.2,227.6,227.0,
2025-07-02 12:35:51,119.03578,32.19737333333333,4.1,236.1,236.0,
2025-07-02 12:39:08,119.03237666666666,32.1948,4.2,229.8,229.0,
2025-07-02 12:42:08,119.02925,32.19243,4.2,229.3,229.0,
2025-07-02 12:45:08,119.02618333333334,32.19024666666667,3.8,228.0,228.0,
2025-07-02 12:48:20,119.02323333333334,32.18795166666666,3.7,226.9,226.0,
2025-07-02 12:51:20,119.02061,32.185986666666665,3.4,231.3,231.0,
2025-07-02 12:54:20,119.01807166666669,32.18423333333333,3.4,228.6,228.0,
2025-07-02 12:57:31,119.01517166666666,32.183035,3.1,244.7,244.0,
2025-07-02 13:00:32,119.01235,32.18197833333333,3.2,239.7,239.0,
2025-07-02 13:03:32,119.00954166666666,32.180571666666665,3.4,237.4,237.0,
2025-07-02 13:06:32,119.00667333333334,32.17930333333333,3.3,243.1,243.0,
2025-07-02 13:09:44,119.00358,32.17821166666667,3.1,249.3,249.0,
2025-07-02 13:13:08,119.00015166666668,32.17778333333333,3.1,260.5,260.0,
2025-07-02 13:16:08,118.99700833333333,32.17747166666667,3.4,264.6,264.0,
2025-07-02 13:19:08,118.99346166666666,32.17709166666667,3.5,265.2,265.0,
2025-07-02 13:22:08,118.99000333333332,32.176721666666666,3.4,265.9,265.0,
2025-07-02 13:25:20,118.98646166666668,32.17657333333333,3.4,267.0,267.0,
2025-07-02 13:28:20,118.98304666666668,32.176505,3.5,267.3,267.0,
2025-07-02 13:31:38,118.97929,32.176186666666666,3.6,264.4,264.0,
2025-07-02 13:34:38,118.97588333333331,32.175913333333334,3.4,268.9,268.0,
2025-07-02 13:37:38,118.97269833333333,32.17588333333333,3.1,274.2,274.0,
2025-07-02 13:40:50,118.96931666666669,32.175846666666665,3.4,269.1,269.0,
2025-07-02 13:44:08,118.96560333333332,32.1758,3.5,264.4,264.0,
2025-07-02 13:47:08,118.962135,32.17544,3.4,264.8,264.0,
2025-07-02 13:50:27,118.958455,32.175441666666664,3.3,273.6,273.0,
2025-07-02 13:53:38,118.95509833333334,32.175505,3.4,267.5,267.0,
2025-07-02 13:56:38,118.95192,32.17563166666667,3.0,273.3,273.0,
2025-07-02 13:59:38,118.949295,32.175943333333336,2.5,280.4,280.0,
2025-07-02 14:02:49,118.94700333333331,32.17641666666667,2.3,283.4,283.0,
2025-07-02 14:05:50,118.94443333333334,32.176838333333336,2.8,276.4,276.0,
2025-07-02 14:08:50,118.94167166666666,32.177301666666665,2.7,285.4,285.0,
2025-07-02 14:12:01,118.938975,32.17795666666667,2.5,289.2,289.0,
2025-07-02 14:15:01,118.93639833333332,32.178243333333334,2.9,273.5,273.0,
2025-07-02 14:18:03,118.93340666666668,32.17816666666667,3.0,270.3,270.0,
2025-07-02 14:21:32,118.929735,32.178385,3.2,272.2,272.0,
2025-07-02 14:24:43,118.92619666666668,32.17876166666667,3.4,276.1,276.0,
2025-07-02 14:29:08,118.92148666666668,32.17946,3.1,276.4,276.0,
2025-07-02 14:32:08,118.91828833333334,32.17977833333333,3.5,269.3,269.0,
2025-07-02 14:35:08,118.91542666666666,32.180823333333336,3.4,303.6,303.0,
2025-07-02 14:38:08,118.912725,32.181758333333335,2.8,288.2,288.0,
2025-07-02 14:41:09,118.90991,32.18236,3.1,277.3,277.0,
2025-07-02 14:44:38,118.90640666666668,32.18297666666667,3.2,282.3,282.0,
2025-07-02 14:47:38,118.90313333333332,32.183175,3.2,271.8,271.0,
2025-07-02 14:50:38,118.90002333333334,32.18371333333333,3.1,273.0,273.0,
2025-07-02 14:53:38,118.89660166666668,32.183585,3.9,261.1,261.0,
2025-07-02 14:56:38,118.89272666666666,32.18329,4.0,280.3,280.0,
2025-07-02 14:59:38,118.88906833333331,32.183078333333334,3.8,256.2,256.0,
2025-07-02 15:02:38,118.885435,32.18259333333334,3.8,266.9,266.0,
2025-07-02 15:05:50,118.88153666666666,32.1826,3.7,260.5,260.0,
2025-07-02 15:08:50,118.877825,32.181805,3.7,256.9,256.0,
2025-07-02 15:12:20,118.87416666666668,32.18029166666667,3.5,249.8,249.0,
2025-07-02 15:15:20,118.87066333333334,32.1797,3.7,259.4,259.0,
2025-07-02 15:18:32,118.86735666666668,32.17883333333333,3.0,248.3,248.0,
2025-07-02 15:21:32,118.864355,32.178145,3.3,249.5,249.0,
2025-07-02 15:24:32,118.86135333333333,32.17693,3.4,241.6,241.0,
2025-07-02 15:28:13,118.85801,32.17510166666667,3.3,244.5,244.0,
2025-07-02 15:31:13,118.85524,32.173565,3.3,234.5,234.0,
2025-07-02 15:34:14,118.85247666666666,32.17189166666667,3.4,241.5,241.0,
2025-07-02 15:37:55,118.84910333333332,32.170118333333335,3.3,235.5,235.0,
2025-07-02 15:40:55,118.84681333333332,32.168225,3.3,225.8,225.0,
2025-07-02 15:43:55,118.84421333333331,32.166805,3.3,247.7,247.0,
2025-07-02 15:47:07,118.84119666666666,32.165623333333336,3.1,240.1,240.0,
2025-07-02 15:50:07,118.83828333333334,32.16477666666667,3.3,259.0,259.0,
2025-07-02 15:53:07,118.83504833333332,32.16439166666667,3.1,261.2,261.0,
2025-07-02 15:56:07,118.83190666666668,32.16337333333333,3.6,236.2,236.0,
2025-07-02 15:59:19,118.82884,32.16178,3.5,250.9,250.0,
2025-07-02 16:02:19,118.82533833333332,32.161606666666664,3.7,265.9,265.0,
2025-07-02 16:05:19,118.82193833333334,32.16100333333333,3.7,263.2,263.0,
2025-07-02 16:08:30,118.81818166666666,32.160198333333334,3.7,247.5,247.0,
2025-07-02 16:11:30,118.81505666666666,32.15851333333333,3.7,233.3,233.0,
2025-07-02 16:14:31,118.812,32.15689833333333,3.8,243.4,243.0,
2025-07-02 16:17:37,118.808615,32.15533666666666,3.8,237.5,237.0,
2025-07-02 16:20:38,118.80484333333334,32.15421166666667,4.1,257.6,257.0,
2025-07-02 16:23:38,118.800995,32.15274,5.0,240.3,240.0,
2025-07-02 16:26:49,118.79657833333331,32.14998833333333,5.3,224.9,224.0,
2025-07-02 16:29:49,118.79349833333332,32.146535,5.1,219.7,219.0,
2025-07-02 16:33:20,118.79016666666666,32.14349,3.8,224.3,224.0,
2025-07-02 16:36:31,118.78712666666668,32.14168166666666,3.3,232.0,232.0,
2025-07-02 16:39:31,118.78479166666666,32.140233333333335,2.9,234.3,234.0,
2025-07-02 16:42:32,118.78246166666666,32.13857,3.4,231.0,231.0,
2025-07-02 16:45:32,118.779445,32.13702166666667,3.7,243.5,243.0,
2025-07-02 16:48:44,118.775585,32.135911666666665,3.9,257.5,257.0,
2025-07-02 16:52:13,118.77123666666668,32.134971666666665,3.9,258.6,258.0,
2025-07-02 16:55:13,118.76746166666666,32.13489833333333,3.7,271.0,271.0,
2025-07-02 16:58:25,118.76295166666668,32.134343333333334,4.6,255.5,255.0,
2025-07-02 17:01:25,118.75927666666666,32.133435,3.5,250.2,250.0,
2025-07-02 17:04:25,118.75593,32.132351666666665,3.9,247.3,247.0,
2025-07-02 17:07:37,118.75207833333332,32.13081833333333,4.0,255.1,255.0,
2025-07-02 17:10:37,118.74839666666666,32.129356666666666,4.4,235.2,235.0,
2025-07-02 17:13:37,118.74526666666668,32.12666333333333,4.7,219.1,219.0,
2025-07-02 17:16:48,118.74202833333334,32.123441666666665,4.7,221.4,221.0,
2025-07-02 17:19:48,118.73878,32.120533333333334,5.1,224.3,224.0,
2025-07-02 17:23:08,118.73527833333333,32.11637,5.5,215.1,215.0,
2025-07-02 17:26:08,118.73162166666668,32.11351833333333,4.9,233.0,233.0,
2025-07-05 02:46:25,118.73118,32.105865,9.9,33.9,33.0,
2025-07-05 02:48:25,118.734865,32.11051833333333,10.2,33.4,33.0,
2025-07-05 02:51:06,118.73993666666668,32.11704833333334,10.4,36.1,36.0,
2025-07-05 02:53:06,118.74492833333332,32.12013,9.0,62.3,62.0,
2025-07-05 02:55:07,118.74988333333332,32.12236166666667,8.5,62.6,62.0,
2025-07-05 02:57:07,118.75475,32.124365,8.1,63.8,63.0,
2025-07-05 02:59:07,118.75952333333332,32.126191666666664,8.0,65.9,65.0,
2025-07-05 03:01:18,118.76463833333334,32.128323333333334,7.8,65.3,65.0,
2025-07-05 03:03:18,118.76933,32.12992833333333,7.7,68.6,68.0,
2025-07-05 03:05:18,118.77409166666666,32.13135833333333,7.6,73.3,73.0,
2025-07-05 03:07:19,118.77882666666666,32.13284,7.7,66.5,66.0,
2025-07-05 03:10:00,118.784755,32.13561833333333,7.7,56.1,56.0,
2025-07-05 03:12:30,118.79013333333332,32.13877,8.1,54.2,54.0,
2025-07-05 03:14:30,118.79430333333332,32.14161166666667,8.1,50.6,50.0,
2025-07-05 03:16:30,118.79843833333334,32.14449,8.3,50.0,50.0,
2025-07-05 03:18:30,118.80269,32.14754166666667,8.5,48.7,48.0,
2025-07-05 03:20:42,118.80738833333334,32.150895,8.6,51.8,51.0,
2025-07-05 03:22:42,118.81205,32.15366,8.7,60.0,60.0,
2025-07-05 03:25:12,118.81848666666669,32.155923333333334,8.4,70.4,70.0,
2025-07-05 03:27:12,118.82363833333334,32.15758,8.4,69.9,69.0,
2025-07-05 03:29:12,118.828955,32.15920333333333,8.5,69.4,69.0,
2025-07-05 03:31:24,118.83459,32.161051666666665,8.5,68.6,68.0,
2025-07-05 03:33:24,118.83961666666669,32.162955,8.5,63.7,63.0,
2025-07-05 03:35:24,118.84444333333332,32.165215,8.4,60.2,60.0,
2025-07-05 03:37:24,118.84924833333334,32.167658333333335,8.5,57.7,57.0,
2025-07-05 03:39:24,118.85404333333334,32.17034,8.7,55.2,55.0,
2025-07-05 03:41:37,118.85935,32.173323333333336,8.9,58.0,58.0,
2025-07-05 03:43:37,118.86450666666668,32.175795,9.1,62.6,62.0,
2025-07-05 03:45:37,118.86998,32.177816666666665,9.2,69.9,69.0,
2025-07-05 03:48:08,118.87719333333334,32.179415,9.0,79.0,79.0,
2025-07-05 03:50:08,118.88303666666668,32.180235,9.1,80.8,80.0,
2025-07-05 03:52:19,118.8895,32.180841666666666,9.0,87.0,87.0,
2025-07-05 03:54:37,118.89613,32.18062833333333,8.7,94.2,94.0,
2025-07-05 03:56:37,118.90172833333334,32.18029166666667,8.7,95.2,95.0,
2025-07-05 03:58:37,118.90741333333334,32.17954,8.8,102.0,102.0,
2025-07-05 04:00:38,118.91304666666667,32.178538333333336,8.8,101.4,101.0,
2025-07-05 04:02:38,118.918775,32.17767666666666,8.9,100.1,100.0,
2025-07-05 04:04:49,118.92498166666668,32.176715,8.8,100.4,100.0,
2025-07-05 04:07:07,118.93152333333332,32.17583666666667,8.6,98.6,98.0,
2025-07-05 04:09:07,118.93715,32.17500166666667,8.8,100.1,100.0,
2025-07-05 04:11:07,118.94305166666666,32.17418333333333,9.5,98.2,98.0,
2025-07-05 04:13:08,118.94965666666668,32.17349,10.6,97.5,97.0,
2025-07-05 04:15:08,118.95662833333331,32.172558333333335,10.9,99.1,99.0,
2025-07-05 04:17:19,118.96424333333331,32.17167666666667,10.5,94.5,94.0,
2025-07-05 04:19:19,118.97098666666666,32.17177,10.1,87.7,87.0,
2025-07-05 04:21:19,118.97769,32.171883333333334,10.3,90.6,90.0,
2025-07-05 04:23:19,118.98450833333334,32.172016666666664,10.4,86.0,86.0,
2025-07-05 04:25:19,118.99111333333332,32.17279666666666,10.2,80.0,80.0,
2025-07-05 04:27:31,118.99827333333332,32.174258333333334,10.2,76.7,76.0,
2025-07-05 04:29:31,119.004585,32.17584333333333,10.2,70.8,70.0,
2025-07-05 04:31:31,119.01065,32.178331666666665,10.2,62.4,62.0,
2025-07-05 04:33:31,119.01661166666666,32.18112333333333,10.3,59.5,59.0,
2025-07-05 04:35:31,119.02251666666666,32.18407,10.6,59.4,59.0,
2025-07-05 04:37:43,119.02857,32.18769666666667,10.0,52.2,52.0,
2025-07-05 04:39:43,119.033425,32.19118666666667,9.6,48.0,48.0,
2025-07-05 04:41:43,119.03792833333333,32.19475166666667,9.5,45.9,45.0,
2025-07-05 04:43:43,119.04252,32.19831666666666,9.5,48.5,48.0,
2025-07-05 04:45:43,119.047145,32.201858333333334,9.6,48.0,48.0,
2025-07-05 04:47:54,119.051895,32.20611666666667,9.6,39.4,39.0,
2025-07-05 04:49:55,119.05570666666668,32.210343333333334,9.4,34.1,34.0,
2025-07-05 04:51:55,119.05909,32.214731666666665,9.4,33.7,33.0,
2025-07-05 04:53:55,119.06226333333332,32.219078333333336,9.3,29.0,29.0,
2025-07-05 04:55:55,119.06531,32.22354333333333,9.2,32.6,32.0,
2025-07-05 04:58:06,119.069145,32.228136666666664,9.2,38.1,38.0,
2025-07-05 05:00:07,119.07317333333332,32.231985,9.1,43.6,43.0,
2025-07-05 05:02:37,119.07860833333334,32.23628,9.1,50.5,50.0,
2025-07-05 05:04:37,119.083355,32.239135,8.9,56.9,56.0,
2025-07-05 05:38:20,119.178545,32.239956666666664,8.9,107.5,107.0,
2025-07-05 05:40:31,119.18442833333332,32.23821,8.8,110.1,110.0,
2025-07-05 05:42:31,119.18988166666666,32.23658833333333,8.6,108.2,108.0,
2025-07-05 05:44:31,119.19518833333332,32.23491,8.6,113.5,113.0,
2025-07-05 05:46:31,119.20028833333332,32.23287333333333,8.5,116.1,116.0,
2025-07-05 05:48:32,119.20534666666668,32.230725,8.6,116.2,116.0,
2025-07-05 05:50:43,119.21074333333334,32.22848666666667,8.4,117.2,117.0,
2025-07-05 05:52:43,119.21573,32.22639,8.5,115.3,115.0,
2025-07-05 05:55:12,119.22182,32.223765,8.3,117.7,117.0,
2025-07-05 05:57:37,119.227355,32.220938333333336,8.2,124.4,124.0,
2025-07-05 05:59:38,119.23191333333334,32.21821833333333,8.7,128.1,128.0,
2025-07-05 06:01:38,119.23590166666666,32.215001666666666,8.4,138.2,138.0,
2025-07-05 06:03:46,119.23977833333332,32.21148,7.9,132.4,132.0,
2025-07-05 06:06:07,119.244585,32.20858666666667,7.6,123.4,123.0,
2025-07-05 06:08:08,119.24859166666668,32.206228333333335,7.5,126.3,126.0,
2025-07-05 06:10:08,119.25271333333332,32.20389333333333,7.5,120.8,120.0,
2025-07-05 06:12:08,119.25701666666669,32.201816666666666,7.5,121.7,121.0,
2025-07-05 06:14:19,119.26154166666667,32.199205,7.8,125.1,125.0,
2025-07-05 06:16:19,119.26576333333334,32.19689,7.8,121.3,121.0,
2025-07-05 06:18:19,119.27026166666668,32.19457666666667,8.0,121.7,121.0,
2025-07-05 06:20:19,119.2749,32.19260833333333,7.9,112.8,112.0,
2025-07-05 06:22:20,119.27980833333334,32.191273333333335,7.8,104.1,104.0,
2025-07-05 06:24:31,119.28523333333334,32.19024666666667,7.9,101.6,101.0,
2025-07-05 06:26:31,119.290535,32.18957666666667,8.1,96.7,96.0,
2025-07-05 06:28:31,119.295905,32.189166666666665,8.3,94.2,94.0,
2025-07-05 06:30:31,119.30125,32.18906833333333,8.2,89.3,89.0,
2025-07-05 06:32:31,119.30681333333334,32.18915333333333,8.4,89.5,89.0,
2025-07-05 06:34:43,119.31291,32.189245,8.4,89.2,89.0,
2025-07-05 06:36:43,119.31840166666667,32.189645,8.4,82.9,82.0,
2025-07-05 06:38:43,119.32388,32.190263333333334,8.5,82.1,82.0,
2025-07-05 06:40:43,119.32937,32.19097,8.4,78.4,78.0,
2025-07-05 06:43:13,119.33605333333334,32.192303333333335,8.4,75.6,75.0,
2025-07-05 06:45:25,119.34180666666668,32.193785,8.2,71.7,71.0,
2025-07-05 06:47:25,119.34690166666668,32.19526,8.4,71.5,71.0,
2025-07-05 06:49:25,119.35218166666668,32.1967,8.4,71.1,71.0,
2025-07-05 06:51:25,119.35707333333332,32.198635,8.2,58.8,58.0,
2025-07-05 06:53:25,119.361315,32.20133333333333,8.0,49.9,49.0,
2025-07-05 06:56:06,119.366615,32.20543,8.2,45.8,45.0,
2025-07-05 06:58:07,119.37007166666666,32.20896833333333,8.4,35.8,35.0,
2025-07-05 07:00:07,119.37344666666668,32.212715,8.6,39.3,39.0,
2025-07-05 07:02:07,119.37698,32.21644166666667,8.7,38.0,38.0,
2025-07-05 07:04:07,119.38071833333332,32.22011166666667,8.7,42.4,42.0,
2025-07-05 07:06:18,119.3849,32.22423,8.9,38.0,38.0,
2025-07-05 07:08:18,119.38835833333331,32.22806833333333,8.8,38.2,38.0,
2025-07-05 07:10:18,119.39212166666668,32.23195833333333,9.0,41.2,41.0,
2025-07-05 07:12:19,119.395915,32.23569166666667,9.0,38.2,38.0,
2025-07-05 08:08:05,119.53604666666666,32.23911833333333,9.8,134.0,134.0,
2025-07-05 08:10:35,119.54160666666668,32.23437,9.4,137.1,137.0,
2025-07-05 08:12:36,119.54568833333332,32.230425,9.3,141.7,141.0,
2025-07-05 08:14:36,119.54809833333331,32.22595,8.5,164.7,164.0,
2025-07-05 08:17:17,119.54933,32.22002,7.7,172.9,172.0,
2025-07-05 08:19:17,119.54994166666668,32.21590833333333,7.2,175.5,175.0,
2025-07-05 08:21:47,119.54959666666667,32.21084,7.4,184.8,184.0,
2025-07-05 08:23:47,119.54943,32.20671,7.6,177.4,177.0,
2025-07-05 08:25:59,119.55045,32.20221333333333,7.5,164.2,164.0,
2025-07-05 08:28:06,119.55239,32.19806166666667,7.6,150.4,150.0,
2025-07-05 08:30:06,119.55581166666668,32.19481666666667,8.1,130.4,130.0,
2025-07-05 08:32:36,119.561795,32.19193,8.7,114.0,114.0,
2025-07-05 08:34:36,119.56730333333331,32.190215,9.3,108.8,108.0,
2025-07-05 08:36:36,119.57340666666668,32.18872,9.7,103.7,103.0,
2025-07-05 08:38:36,119.57974333333334,32.18795166666666,9.8,95.0,95.0,
2025-07-05 08:40:37,119.58603666666669,32.187646666666666,9.3,92.5,92.0,
2025-07-05 08:42:37,119.59188166666668,32.187533333333334,8.6,90.2,90.0,
2025-07-05 08:45:18,119.599015,32.18788333333333,7.8,82.3,82.0,
2025-07-05 08:47:18,119.60388166666668,32.18873166666667,7.3,76.7,76.0,
2025-07-05 08:50:19,119.610815,32.190313333333336,7.4,75.4,75.0,
2025-07-05 08:53:19,119.61786833333332,32.191898333333334,7.6,77.0,77.0,
2025-07-05 08:55:30,119.62353333333331,32.192951666666666,8.6,78.7,78.0,
2025-07-05 08:57:30,119.6292,32.19392333333333,9.0,77.9,77.0,
2025-07-05 08:59:30,119.63512333333334,32.195143333333334,9.3,74.1,74.0,
2025-07-05 09:03:06,119.64534166666668,32.198953333333336,9.6,65.8,65.0,
2025-07-05 09:06:36,119.65441,32.202825,8.7,58.6,58.0,
2025-07-05 09:08:36,119.65923833333332,32.20565,9.0,52.2,52.0,
2025-07-05 09:11:07,119.66468166666668,32.210095,9.3,40.0,40.0,
2025-07-05 09:13:31,119.66910666666666,32.215338333333335,9.8,36.4,36.0,
2025-07-05 09:15:36,119.672825,32.219998333333336,9.6,30.7,30.0,
2025-07-05 09:17:37,119.67556666666668,32.224825,9.7,23.6,23.0,
2025-07-05 09:19:37,119.67790833333332,32.22982833333333,9.8,19.5,19.0,
2025-07-05 09:21:37,119.67984833333334,32.23497833333333,9.5,15.1,15.0,
2025-07-05 11:16:42,119.87275666666666,32.239785,7.1,164.2,164.0,
2025-07-05 11:18:55,119.87419333333334,32.23555,7.3,165.4,165.0,
2025-07-05 11:21:07,119.87533333333332,32.23122166666667,7.4,167.3,167.0,
2025-07-05 11:23:07,119.87641166666668,32.227133333333335,7.6,168.5,168.0,
2025-07-05 11:25:37,119.87780166666668,32.221945,7.7,167.7,167.0,
2025-07-05 11:27:37,119.87876166666666,32.21776666666667,7.9,169.1,169.0,
2025-07-05 11:29:37,119.87966666666668,32.213455,7.9,169.9,169.0,
2025-07-05 11:31:37,119.88069,32.209225,7.9,169.5,169.0,
2025-07-05 11:33:48,119.88158,32.20448666666667,7.9,170.1,170.0,
2025-07-05 11:36:12,119.88228,32.20121,8.0,170.1,170.0,
2025-07-05 11:38:19,119.88354666666666,32.194655,8.1,169.8,169.0,
2025-07-05 11:40:19,119.88434333333332,32.190241666666665,8.2,171.1,171.0,
2025-07-05 11:42:22,119.88525166666666,32.185716666666664,8.2,170.3,170.0,
2025-07-05 11:44:30,119.88608833333332,32.18080333333333,8.3,172.8,172.0,
2025-07-05 11:46:30,119.88664666666666,32.176208333333335,8.4,174.0,174.0,
2025-07-05 11:48:31,119.88730166666669,32.17160333333333,8.3,173.3,173.0,
2025-07-05 11:50:39,119.88767333333334,32.16712166666667,8.2,179.3,179.0,
2025-07-05 11:53:12,119.88757833333334,32.16108666666667,8.1,178.0,178.0,
2025-07-05 11:55:16,119.88837,32.15665,8.0,169.1,169.0,
2025-07-05 11:57:42,119.88989,32.15128,7.9,164.9,164.0,
2025-07-05 11:59:42,119.89143666666666,32.14709666666667,7.8,161.6,161.0,
2025-07-05 12:01:43,119.89305333333331,32.143006666666665,7.9,161.8,161.0,
2025-07-05 12:04:24,119.89538333333331,32.137431666666664,8.0,160.0,160.0,
2025-07-05 12:06:55,119.89768166666668,32.132223333333336,7.9,159.5,159.0,
2025-07-05 12:08:55,119.89934833333334,32.12809333333333,7.7,163.1,163.0,
2025-07-05 12:10:55,119.901,32.124015,7.8,160.9,160.0,
2025-07-05 12:12:55,119.902685,32.11989166666667,8.0,161.9,161.0,
2025-07-05 12:15:07,119.904375,32.11521166666667,8.0,163.3,163.0,
2025-07-05 12:17:07,119.90592666666667,32.11096666666667,8.1,162.2,162.0,
2025-07-05 12:19:07,119.90749166666669,32.10679,7.9,163.4,163.0,
2025-07-05 12:21:37,119.909405,32.101526666666665,7.7,158.4,158.0,
2025-07-05 12:23:48,119.91156,32.097115,7.9,159.3,159.0,
2025-07-05 12:25:48,119.91333,32.093065,8.0,159.5,159.0,
2025-07-05 12:29:19,119.916565,32.085675,8.1,157.5,157.0,
2025-07-05 12:31:19,119.91870166666666,32.081625,8.0,159.6,159.0,
2025-07-05 12:33:19,119.92048666666666,32.07749,7.9,159.2,159.0,
2025-07-05 12:37:08,119.92434166666666,32.069633333333336,8.1,159.2,159.0,
2025-07-05 12:39:08,119.92634,32.06545333333333,8.0,155.5,155.0,
2025-07-05 12:41:38,119.929065,32.06041666666667,8.0,158.4,158.0,
2025-07-05 12:43:38,119.93123,32.05636666666667,7.9,154.1,154.0,
2025-07-05 12:46:37,119.93464666666668,32.050398333333334,8.1,153.0,153.0,
2025-07-05 12:49:08,119.93742,32.04526666666667,8.2,155.5,155.0,
2025-07-05 12:51:08,119.939755,32.04118666666667,8.1,154.3,154.0,
2025-07-05 12:53:08,119.94228833333334,32.03718666666666,8.2,149.3,149.0,
2025-07-05 12:56:49,119.94718166666668,32.02988166666667,8.2,149.9,149.0,
2025-07-05 12:58:49,119.95014166666668,32.02603333333333,8.2,146.7,146.0,
2025-07-05 13:00:49,119.95301833333332,32.02228,8.1,145.8,145.0,
2025-07-05 13:03:30,119.95710666666666,32.01743,7.9,143.9,143.0,
2025-07-05 13:07:07,119.962935,32.011435,7.6,137.6,137.0,
2025-07-05 13:09:08,119.96646166666666,32.008496666666666,7.5,133.0,133.0,
2025-07-05 13:11:08,119.96993833333332,32.005635,7.5,134.0,134.0,
2025-07-05 13:13:08,119.97358333333334,32.00279833333333,7.6,130.9,130.0,
2025-07-05 13:15:08,119.97739833333333,32.000125,7.7,129.2,129.0,
2025-07-05 13:17:20,119.98161833333332,31.997146666666666,7.7,128.6,128.0,
2025-07-05 13:19:20,119.985435,31.99421333333333,7.8,134.4,134.0,
2025-07-05 13:21:37,119.98955666666669,31.99071333333333,7.9,135.6,135.0,
2025-07-05 13:23:38,119.99279333333334,31.98736,7.6,142.8,142.0,
2025-07-05 13:25:38,119.99582,31.984068333333333,7.5,140.1,140.0,
2025-07-05 13:27:38,119.99920833333331,31.981061666666665,7.5,133.2,133.0,
2025-07-05 13:29:38,120.00278333333333,31.97827833333333,7.4,133.2,133.0,
2025-07-05 13:31:49,120.006985,31.975735,7.1,121.3,121.0,
2025-07-05 13:34:49,120.013135,31.972763333333333,7.2,119.6,119.0,
2025-07-05 13:36:49,120.01731333333332,31.970805,7.3,118.2,118.0,
2025-07-05 13:39:07,120.02229666666666,31.968831666666667,7.4,113.1,113.0,
2025-07-05 13:41:08,120.02676833333334,31.967278333333333,7.4,113.1,113.0,
2025-07-05 13:43:08,120.03132166666668,31.96577333333333,7.5,109.8,109.0,
2025-07-05 13:45:08,120.03591833333331,31.964331666666663,7.5,109.8,109.0,
2025-07-05 13:47:08,120.04061333333334,31.96304333333333,7.5,107.1,107.0,
2025-07-05 13:49:08,120.04524,31.96175,7.4,109.2,109.0,
2025-07-05 13:51:08,120.04983166666666,31.960495,7.4,107.7,107.0,
2025-07-05 13:53:08,120.05442166666668,31.959225,7.4,106.4,106.0,
2025-07-05 13:55:08,120.059035,31.958096666666663,7.3,109.1,109.0,
2025-07-05 13:57:08,120.06351666666669,31.95672833333333,7.2,107.4,107.0,
2025-07-05 14:00:19,120.070625,31.954898333333333,7.1,108.6,108.0,
2025-07-05 14:02:20,120.07507666666666,31.953671666666665,7.1,109.9,109.0,
2025-07-05 14:04:50,120.08044333333332,31.95198333333333,6.9,110.0,110.0,
2025-07-05 14:06:50,120.08462,31.95056,6.9,112.0,112.0,
2025-07-05 14:09:01,120.08923333333334,31.94936333333333,6.7,106.0,106.0,
2025-07-05 14:11:01,120.09337333333332,31.948218333333333,6.7,107.2,107.0,
2025-07-05 14:13:01,120.0976,31.94718333333333,6.7,108.5,108.0,
2025-07-05 14:15:01,120.10165166666668,31.945971666666665,6.6,108.5,108.0,
2025-07-05 14:18:13,120.108025,31.943875,6.5,111.2,111.0,
2025-07-05 14:20:13,120.11205333333334,31.942871666666665,6.3,104.4,104.0,
2025-07-05 14:22:13,120.11601,31.94176833333333,6.3,108.8,108.0,
2025-07-05 14:24:13,120.11994,31.940943333333333,6.2,102.7,102.0,
2025-07-05 14:27:08,120.12564333333331,31.93962833333333,6.2,103.8,103.0,
2025-07-05 14:30:37,120.13257333333334,31.93807333333333,6.2,102.8,102.0,
2025-07-05 14:32:37,120.136535,31.93749833333333,6.2,101.5,101.0,
2025-07-05 14:34:38,120.14052666666667,31.93669,6.2,103.4,103.0,
2025-07-05 14:36:41,120.14457,31.935831666666665,6.2,103.5,103.0,
2025-07-05 14:39:08,120.14952,31.934908333333333,6.3,106.5,106.0,
2025-07-05 14:41:08,120.15341,31.933975,6.3,103.8,103.0,
2025-07-05 14:43:08,120.15738666666668,31.933316666666663,6.2,98.5,98.0,
2025-07-05 14:45:38,120.16235,31.93256166666667,6.1,102.4,102.0,
2025-07-05 14:47:49,120.166635,31.93184,6.1,99.1,99.0,
2025-07-05 14:49:49,120.17058333333334,31.93134166666667,6.1,99.4,99.0,
2025-07-05 14:51:50,120.17450333333332,31.93079833333333,6.1,95.3,95.0,
2025-07-05 14:53:50,120.17842666666668,31.930443333333333,6.0,97.6,97.0,
2025-07-05 14:55:50,120.182385,31.93011333333333,6.2,92.4,92.0,
2025-07-05 14:58:08,120.18700333333334,31.929953333333334,6.2,91.9,91.0,
2025-07-05 15:01:08,120.19309666666666,31.92986833333333,6.3,87.1,87.0,
2025-07-05 15:03:38,120.19832666666667,31.929926666666667,6.4,92.3,92.0,
2025-07-05 15:05:38,120.20247166666668,31.92979833333333,6.4,89.7,89.0,
2025-07-05 15:07:38,120.206555,31.92942,6.4,99.0,99.0,
2025-07-05 15:09:49,120.211045,31.929151666666662,6.2,87.9,87.0,
2025-07-05 15:11:49,120.215025,31.929041666666667,6.0,93.1,93.0,
2025-07-05 15:14:08,120.21947166666666,31.929355,6.0,78.8,78.0,
2025-07-05 15:17:08,120.22521166666668,31.929946666666662,5.8,82.1,82.0,
2025-07-05 15:20:08,120.230895,31.930665,5.8,85.2,85.0,
2025-07-05 15:23:08,120.236605,31.93163833333333,6.0,72.5,72.0,
2025-07-05 15:25:38,120.24129833333332,31.93288666666667,6.0,72.9,72.0,
2025-07-05 15:27:51,120.24549,31.93419833333333,6.1,70.8,70.0,
2025-07-05 15:30:08,120.24980333333332,31.935585,6.3,70.1,70.0,
2025-07-05 15:32:38,120.25443,31.937103333333333,6.2,64.4,64.0,
2025-07-05 15:34:38,120.258135,31.938551666666665,6.2,70.1,70.0,
2025-07-05 15:36:38,120.26171,31.940056666666667,6.1,59.8,59.0,
2025-07-05 15:38:49,120.26554666666668,31.94179833333333,6.1,63.7,63.0,
2025-07-05 15:40:49,120.26919833333334,31.943031666666663,6.0,71.5,71.0,
2025-07-05 15:43:49,120.27493333333334,31.944375,6.0,72.8,72.0,
2025-07-05 15:45:50,120.27849666666668,31.945733333333333,6.0,63.5,63.0,
2025-07-05 15:49:08,120.28434,31.948246666666662,6.2,63.7,63.0,
2025-07-05 15:51:08,120.28779333333334,31.949941666666668,6.1,59.3,59.0,
2025-07-05 15:53:08,120.29140666666666,31.95143833333333,6.1,67.7,67.0,
2025-07-05 15:55:31,120.29586666666668,31.952805,6.0,65.9,65.0,
2025-07-05 15:57:43,120.29962166666668,31.954685,6.2,56.3,56.0,
2025-07-05 16:00:08,120.30378166666668,31.956916666666668,6.3,58.8,58.0,
2025-07-05 16:03:08,120.309305,31.95917333333333,6.2,66.2,66.0,
2025-07-05 16:06:14,120.31499666666669,31.96196,6.6,52.3,52.0,
2025-07-05 16:08:37,120.31937166666668,31.964566666666663,6.9,60.1,60.0,
2025-07-05 16:11:15,120.32441,31.967016666666662,6.9,56.5,56.0,
2025-07-05 16:14:07,120.32956166666666,31.97033833333333,6.8,55.0,55.0,
2025-07-05 16:16:56,120.33472666666668,31.97316,6.7,59.6,59.0,
2025-07-05 16:19:07,120.33876166666668,31.975371666666668,6.7,52.9,52.0,
2025-07-05 16:21:07,120.34198,31.977766666666668,6.5,46.2,46.0,
2025-07-05 16:23:08,120.34511333333332,31.980296666666668,6.6,48.0,48.0,
2025-07-05 16:25:08,120.34839333333332,31.98257333333333,6.5,51.6,51.0,
2025-07-05 16:28:08,120.35303,31.986205,6.3,47.4,47.0,
2025-07-05 16:30:37,120.357195,31.988715,6.2,59.5,59.0,
2025-07-05 16:32:37,120.36070833333332,31.990435,6.3,57.5,57.0,
2025-07-05 16:34:38,120.36386333333331,31.99262833333333,6.2,48.6,48.0,
2025-07-05 16:37:08,120.36793,31.995241666666665,6.2,54.7,54.0,
2025-07-05 16:39:35,120.37200333333334,31.997785,6.3,51.9,51.0,
2025-07-05 16:41:37,120.37539166666669,31.999918333333333,6.4,54.5,54.0,
2025-07-05 16:43:40,120.37882666666668,32.00208666666666,6.4,54.2,54.0,
2025-07-05 16:46:07,120.38315833333333,32.004376666666666,6.3,59.5,59.0,
2025-07-05 16:48:07,120.38667333333332,32.00628666666667,6.4,56.6,56.0,
2025-07-05 16:50:08,120.390155,32.00817333333333,6.3,58.2,58.0,
2025-07-05 16:53:08,120.39568666666666,32.01067,6.3,62.6,62.0,
2025-07-05 16:55:08,120.399305,32.012505,6.4,57.9,57.0,
2025-07-05 16:57:19,120.40332333333332,32.0142,6.3,67.2,67.0,
2025-07-05 16:59:19,120.407085,32.015728333333335,6.4,63.2,63.0,
2025-07-05 17:01:19,120.41078166666668,32.01745,6.5,59.6,59.0,
2025-07-05 17:03:20,120.41447,32.019135,6.2,65.4,65.0,
2025-07-05 17:06:37,120.42035166666666,32.020588333333336,5.0,71.1,71.0,
2025-07-05 17:09:37,120.42464666666666,32.022463333333334,5.3,61.9,61.0,
2025-07-05 17:12:38,120.42968,32.024625,6.0,61.1,61.0,
2025-07-05 17:14:38,120.43328666666666,32.02616833333333,6.3,64.7,64.0,
2025-07-05 17:17:19,120.43856333333332,32.02782166666667,6.5,73.5,73.0,
2025-07-05 17:20:07,120.44440833333331,32.02878166666667,6.5,83.2,83.0,
2025-07-05 17:22:37,120.449695,32.02918666666667,6.5,80.8,80.0,
2025-07-05 17:24:58,120.45458333333332,32.03023666666667,6.5,74.4,74.0,
2025-07-05 17:27:07,120.45900333333331,32.030773333333336,6.4,86.2,86.0,
2025-07-05 17:29:08,120.46328,32.03089333333333,6.6,88.3,88.0,
2025-07-05 17:32:07,120.46980666666668,32.031065,6.7,85.4,85.0,
2025-07-05 17:35:38,120.47752833333334,32.03153833333333,6.8,90.0,90.0,
2025-07-05 17:38:08,120.48295333333331,32.03072,6.6,106.5,106.0,
2025-07-05 17:40:08,120.48710333333334,32.03006666666667,6.4,93.6,93.0,
2025-07-05 17:42:49,120.4927,32.030205,6.3,90.5,90.0,
2025-07-05 17:45:37,120.49830666666666,32.02931,6.4,104.9,104.0,
2025-07-05 17:48:07,120.50349166666666,32.0284,6.5,96.6,96.0,
2025-07-05 17:50:07,120.50776,32.027676666666665,6.5,104.8,104.0,
2025-07-05 17:52:38,120.51278833333332,32.02625333333334,6.5,113.5,113.0,
2025-07-05 17:55:07,120.51753333333332,32.02413166666667,6.6,120.0,120.0,
2025-07-05 17:57:38,120.52237166666669,32.022263333333335,6.6,110.3,110.0,
2025-07-05 17:59:38,120.52643666666668,32.020898333333335,6.6,115.0,115.0,
2025-07-05 18:01:38,120.53034833333334,32.01946,6.5,110.4,110.0,
2025-07-05 18:04:08,120.535355,32.01784,6.5,111.7,111.0,
2025-07-05 18:06:19,120.53983166666669,32.016468333333336,6.5,106.0,106.0,
2025-07-05 18:11:37,120.55087333333331,32.01363666666666,6.7,112.6,112.0,
2025-07-05 18:14:08,120.555995,32.01183666666667,6.9,111.0,111.0,
2025-07-05 18:17:08,120.56227666666666,32.00994333333333,6.7,113.8,113.0,
2025-07-05 18:19:49,120.56717333333332,32.00731,6.5,127.4,127.0,
2025-07-05 18:21:49,120.57076833333332,32.00539166666667,6.3,115.4,115.0,
2025-07-05 18:23:49,120.57454,32.003991666666664,6.3,115.5,115.0,
2025-07-05 18:25:49,120.57823333333332,32.00251166666666,6.3,116.1,116.0,
2025-07-05 18:27:50,120.58206,32.00104666666667,6.3,113.3,113.0,
2025-07-05 18:30:01,120.58639833333334,31.99988,6.4,104.0,104.0,
2025-07-05 18:33:01,120.59257666666667,31.998561666666667,6.5,106.0,106.0,
2025-07-05 18:35:32,120.59778333333334,31.997536666666665,6.5,98.1,98.0,
2025-07-05 18:37:32,120.60205,31.997191666666662,6.7,97.1,97.0,
2025-07-05 18:39:43,120.60673666666666,31.99633,6.7,103.5,103.0,
2025-07-05 18:42:07,120.61208666666668,31.99573833333333,6.8,93.5,93.0,
2025-07-05 18:45:37,120.62004166666668,31.99497833333333,7.0,98.1,98.0,
2025-07-05 18:47:38,120.62457333333332,31.994501666666668,7.1,95.5,95.0,
2025-07-05 18:50:08,120.63051,31.99451333333333,7.2,86.3,86.0,
2025-07-05 18:52:08,120.635245,31.994805,7.3,87.5,87.0,
2025-07-05 18:54:19,120.64041833333332,31.994721666666667,7.3,92.7,92.0,
2025-07-05 18:57:49,120.64886166666666,31.994776666666667,7.4,85.2,85.0,
2025-07-05 18:59:50,120.65370666666666,31.995401666666663,7.5,78.9,78.0,
2025-07-05 19:02:20,120.659765,31.996631666666666,7.7,77.9,77.0,
2025-07-05 19:04:31,120.66510666666667,31.996928333333333,7.6,90.5,90.0,
2025-07-05 19:06:32,120.67014,31.997321666666668,7.7,80.4,80.0,
2025-07-05 19:09:32,120.677745,31.99830333333333,8.0,84.7,84.0,
2025-07-05 19:11:32,120.68291,31.99855833333333,8.1,84.5,84.0,
2025-07-05 19:13:43,120.68870333333334,31.999143333333333,8.1,84.1,84.0,
2025-07-05 19:15:43,120.69402666666667,31.999395,8.0,85.2,85.0,
2025-07-05 19:17:43,120.69912666666669,32.00002833333333,7.8,82.9,82.0,
2025-07-05 19:19:43,120.70414833333334,32.00039666666667,7.7,85.0,85.0,
2025-07-05 19:21:43,120.709045,32.000971666666665,7.5,80.4,80.0,
2025-07-05 19:23:55,120.714345,32.00161166666667,7.5,82.9,82.0,
2025-07-05 19:26:25,120.72038666666668,32.00219,7.3,85.8,85.0,
2025-07-05 19:28:38,120.72565,32.00254,7.3,86.8,86.0,
2025-07-05 19:30:38,120.73024,32.00251166666666,6.9,90.8,90.0,
2025-07-05 19:32:50,120.73512666666667,32.002898333333334,6.8,79.9,79.0,
2025-07-05 19:35:00,120.73990166666668,32.00393,6.9,75.1,75.0,
2025-07-05 19:37:37,120.74566166666666,32.004848333333335,7.0,79.3,79.0,
2025-07-05 19:39:38,120.75015,32.005403333333334,7.0,84.4,84.0,
2025-07-05 19:42:08,120.75587666666668,32.005968333333335,7.1,80.6,80.0,
2025-07-05 19:44:08,120.760285,32.006746666666665,7.0,77.6,77.0,
2025-07-05 19:46:49,120.76643,32.00752166666667,7.1,84.2,84.0,
2025-07-05 19:49:20,120.77220833333334,32.007486666666665,7.2,95.6,95.0,
2025-07-05 19:51:20,120.776875,32.007235,7.1,92.2,92.0,
2025-07-05 19:53:20,120.78158666666668,32.007113333333336,7.1,89.1,89.0,
2025-07-05 19:55:20,120.78605333333331,32.00763666666667,6.8,80.4,80.0,
2025-07-05 19:57:31,120.79091833333334,32.00739333333333,7.0,103.0,103.0,
2025-07-05 19:59:31,120.79549666666666,32.00630833333334,7.4,106.7,106.0,
2025-07-05 20:01:31,120.80026833333334,32.0051,7.6,105.2,105.0,
2025-07-05 20:03:32,120.80512166666666,32.00387333333333,7.8,110.0,110.0,
2025-07-05 20:05:32,120.80975166666668,32.00194833333333,7.9,119.3,119.0,
2025-07-05 20:07:43,120.814595,31.999575,7.8,121.8,121.0,
2025-07-05 20:10:08,120.81943666666666,31.996511666666667,7.7,129.3,129.0,
2025-07-05 20:12:08,120.82322833333332,31.993736666666667,7.7,132.6,132.0,
2025-07-05 20:14:08,120.82685166666668,31.990873333333333,7.5,133.7,133.0,
2025-07-05 20:16:08,120.83034166666668,31.98798333333333,7.6,134.9,134.0,
2025-07-05 20:18:08,120.83388833333332,31.98507,7.5,135.3,135.0,
2025-07-05 20:20:08,120.83736,31.982145,7.6,136.0,136.0,
2025-07-05 20:22:08,120.84048,31.978863333333333,7.5,142.1,142.0,
2025-07-05 20:24:19,120.84385166666668,31.975155,7.7,141.9,141.0,
2025-07-05 20:26:19,120.84683166666667,31.97173,7.7,146.7,146.0,
2025-07-05 20:28:20,120.84925666666666,31.96813,7.6,151.1,151.0,
2025-07-05 20:30:20,120.85164,31.964396666666666,7.7,149.2,149.0,
2025-07-05 20:32:20,120.854345,31.960798333333333,7.6,150.7,150.0,
2025-07-05 20:34:31,120.85685,31.956706666666665,7.6,152.0,152.0,
2025-07-05 20:36:36,120.85932,31.95288,7.6,151.5,151.0,
2025-07-05 20:38:38,120.86121333333334,31.948933333333333,7.4,161.6,161.0,
2025-07-05 20:40:38,120.86260666666666,31.945081666666667,7.4,162.0,162.0,
2025-07-05 20:42:38,120.86399,31.941121666666668,7.2,164.4,164.0,
2025-07-05 20:44:38,120.86487833333334,31.937191666666667,7.1,170.6,170.0,
2025-07-05 20:46:49,120.8661,31.933035,6.9,162.4,162.0,
2025-07-05 20:48:49,120.86750333333332,31.92947,6.8,160.8,160.0,
2025-07-05 20:52:08,120.869715,31.92351833333333,6.6,164.0,164.0,
2025-07-05 20:54:08,120.87097166666666,31.91998333333333,6.6,162.5,162.0,
2025-07-05 20:56:08,120.87220333333332,31.916486666666668,6.7,164.2,164.0,
2025-07-05 20:58:08,120.87324333333332,31.91285833333333,6.6,166.7,166.0,
2025-07-05 21:00:08,120.87440666666669,31.90928,6.6,163.2,163.0,
2025-07-05 21:02:19,120.87562833333334,31.905331666666665,6.8,167.5,167.0,
2025-07-05 21:04:20,120.87655666666669,31.90162,6.8,168.4,168.0,
2025-07-05 21:06:20,120.87749166666669,31.897876666666665,6.9,167.0,167.0,
2025-07-05 21:08:50,120.87886,31.893283333333333,6.8,167.8,167.0,
2025-07-05 21:11:08,120.87966,31.888861666666667,7.0,173.0,173.0,
2025-07-05 21:13:08,120.88020333333333,31.885035,7.1,172.0,172.0,
2025-07-05 21:15:08,120.88094,31.881228333333333,6.9,170.2,170.0,
2025-07-05 21:17:08,120.88181166666666,31.877441666666662,6.9,167.8,167.0,
2025-07-05 21:19:08,120.88298666666668,31.873781666666662,6.7,164.2,164.0,
2025-07-05 21:21:49,120.884745,31.868953333333334,6.8,164.3,164.0,
2025-07-05 21:25:08,120.88683666666668,31.86301,6.7,160.3,160.0,
2025-07-05 21:27:08,120.88822666666668,31.859471666666668,6.7,162.6,162.0,
2025-07-05 21:29:27,120.88964833333333,31.855305,6.7,163.4,163.0,
2025-07-05 21:31:38,120.89135333333331,31.851501666666667,6.7,155.8,155.0,
2025-07-05 21:33:38,120.89315,31.84803,6.9,156.1,156.0,
2025-07-05 21:35:38,120.89514833333334,31.8446,7.0,152.4,152.0,
2025-07-05 21:37:38,120.89714,31.841103333333333,7.1,156.1,156.0,
2025-07-05 21:40:20,120.89968833333332,31.836046666666668,7.4,156.1,156.0,
2025-07-05 21:42:49,120.90254166666666,31.83133833333333,7.6,152.0,152.0,
2025-07-05 21:45:08,120.90531666666666,31.82691833333333,8.0,151.8,151.0,
2025-07-05 21:47:08,120.90794166666667,31.823056666666663,8.1,148.1,148.0,
2025-07-05 21:49:08,120.91043,31.819345,7.5,152.2,152.0,
2025-07-05 21:51:37,120.91313,31.8148,7.1,153.8,153.0,
2025-07-05 21:53:38,120.91531166666668,31.811375,7.1,148.6,148.0,
2025-07-05 21:55:38,120.917755,31.808036666666663,7.1,147.6,147.0,
2025-07-05 21:57:40,120.92019333333332,31.804646666666667,7.3,148.2,148.0,
2025-07-05 22:01:19,120.924795,31.798321666666663,7.3,146.3,146.0,
2025-07-05 22:03:49,120.928225,31.79412333333333,7.3,140.1,140.0,
2025-07-05 22:05:50,120.93145666666666,31.79123166666667,7.2,135.8,135.0,
2025-07-05 22:07:50,120.93487333333331,31.788433333333334,7.2,132.0,132.0,
2025-07-05 22:09:50,120.938515,31.78594333333333,7.2,126.2,126.0,
2025-07-05 22:13:31,120.94585,31.782121666666665,7.0,118.7,118.0,
2025-07-05 22:15:31,120.94991333333331,31.7803,7.0,116.3,116.0,
2025-07-07 20:14:07,120.99431666666666,31.780093333333333,4.2,272.6,272.0,
2025-07-07 20:17:37,120.98949666666668,31.780151666666665,4.3,271.5,271.0,
2025-07-07 20:20:37,120.985165,31.780318333333334,4.4,268.3,268.0,
2025-07-07 20:24:08,120.98015166666669,31.780255,4.4,269.2,269.0,
2025-07-07 20:27:19,120.975525,31.780528333333333,4.4,277.5,277.0,
2025-07-07 20:30:19,120.97122333333331,31.781361666666665,4.5,284.3,284.0,
2025-07-07 20:33:19,120.96679,31.78229,4.7,282.0,282.0,
2025-07-07 20:37:31,120.96084833333332,31.783856666666665,4.5,291.8,291.0,
2025-07-07 20:41:01,120.95619833333332,31.78561,4.5,297.2,297.0,
2025-07-07 20:44:01,120.95233,31.78724,4.3,291.7,291.0,
2025-07-07 20:47:13,120.94816,31.78879,4.4,297.6,297.0,
2025-07-07 20:50:13,120.94485666666668,31.79099,4.3,310.5,310.0,
2025-07-07 20:53:13,120.94222833333332,31.793686666666662,4.2,333.6,333.0,
2025-07-07 20:56:13,120.93977333333332,31.796478333333333,4.2,316.3,316.0,
2025-07-07 20:59:37,120.93634833333331,31.799345,4.4,308.9,308.0,
2025-07-07 21:02:38,120.93304,31.80179,4.3,315.7,315.0,
2025-07-07 21:06:07,120.92987666666669,31.805156666666665,4.5,324.7,324.0,
2025-07-07 21:09:37,120.92677666666668,31.808665,4.5,324.0,324.0,
2025-07-07 21:12:49,120.92380166666666,31.81188333333333,4.6,325.1,325.0,
2025-07-07 21:15:49,120.92122166666668,31.815141666666666,4.8,325.8,325.0,
2025-07-07 21:18:49,120.91838833333334,31.818303333333333,4.7,321.2,321.0,
2025-07-07 21:21:49,120.91553666666668,31.82131,4.6,319.7,319.0,
2025-07-07 21:25:07,120.91267666666668,31.8245,4.4,324.0,324.0,
2025-07-07 21:29:37,120.909475,31.828848333333333,3.8,335.1,335.0,
2025-07-07 21:33:08,120.90789666666667,31.83214333333333,3.7,341.5,341.0,
2025-07-07 21:36:37,120.90620166666666,31.83553333333333,3.8,339.1,339.0,
2025-07-07 21:39:37,120.9047,31.83850333333333,3.8,338.0,338.0,
2025-07-07 21:42:41,120.90339166666666,31.841585,3.9,342.2,342.0,
2025-07-07 21:46:07,120.90226166666666,31.845301666666668,4.0,345.0,345.0,
2025-07-07 21:49:07,120.90126333333332,31.84860833333333,4.2,345.0,345.0,
2025-07-07 21:52:07,120.90021333333334,31.851983333333333,4.2,344.1,344.0,
2025-07-07 21:55:38,120.89928666666668,31.85594,4.1,349.7,349.0,
2025-07-07 21:58:49,120.89836833333334,31.85959,4.2,346.9,346.0,
2025-07-07 22:02:08,120.897285,31.86326333333333,4.1,345.6,345.0,
2025-07-07 22:05:37,120.89608666666666,31.867161666666668,4.1,346.0,346.0,
2025-07-07 22:08:53,120.89501,31.87079,4.2,347.5,347.0,
2025-07-07 22:12:07,120.89427833333332,31.874413333333333,4.0,353.7,353.0,
2025-07-07 22:15:08,120.89418666666668,31.877736666666667,3.9,3.4,3.0,
2025-07-07 22:18:08,120.89417833333331,31.88106833333333,4.0,351.3,351.0,
2025-07-07 22:21:19,120.89327166666666,31.884596666666667,4.0,346.5,346.0,
2025-07-07 22:24:19,120.892045,31.887855,4.1,339.8,339.0,
2025-07-07 22:27:49,120.89063333333333,31.89164,4.1,341.8,341.0,
2025-07-07 22:31:01,120.889235,31.895135,4.2,343.5,343.0,
2025-07-07 22:34:01,120.88788666666666,31.89854,4.3,340.6,340.0,
2025-07-07 22:37:01,120.886675,31.902001666666667,4.3,341.3,341.0,
2025-07-07 22:40:13,120.88528166666669,31.905546666666663,4.3,343.0,343.0,
2025-07-07 22:44:07,120.883755,31.910063333333333,4.3,343.7,343.0,
2025-07-07 22:47:07,120.88235333333331,31.913408333333333,4.3,337.6,337.0,
2025-07-07 22:50:08,120.88081166666667,31.916825,4.3,340.1,340.0,
2025-07-07 22:53:08,120.87942166666669,31.92018333333333,4.2,343.7,343.0,
2025-07-07 22:56:19,120.878135,31.923738333333333,4.3,343.6,343.0,
2025-07-07 22:59:19,120.87680666666668,31.926981666666663,4.0,342.6,342.0,
2025-07-07 23:02:20,120.87541333333331,31.93006,4.0,336.1,336.0,
2025-07-07 23:05:31,120.87408333333332,31.933198333333333,3.7,337.4,337.0,
2025-07-07 23:08:31,120.87298666666666,31.935985,3.3,340.5,340.0,
2025-07-07 23:11:44,120.87171166666668,31.938775,3.4,338.6,338.0,
2025-07-07 23:15:07,120.87031166666668,31.941761666666668,3.5,340.0,340.0,
2025-07-07 23:18:08,120.8692,31.94433,3.3,343.1,343.0,
2025-07-07 23:21:08,120.86819666666666,31.946753333333334,3.1,340.2,340.0,
2025-07-07 23:25:07,120.86643,31.949506666666668,3.1,333.3,333.0,
2025-07-07 23:28:08,120.86503166666668,31.95184,3.2,338.9,338.0,
2025-07-07 23:31:08,120.86395833333331,31.954175,2.9,337.9,337.0,
2025-07-07 23:34:08,120.86289666666669,31.95617833333333,2.6,333.9,333.0,
2025-07-07 23:37:19,120.861615,31.958345,3.0,335.8,335.0,
2025-07-07 23:40:20,120.86028166666668,31.960733333333334,3.4,335.8,335.0,
2025-07-07 23:43:20,120.85951333333334,31.963306666666668,3.3,356.4,356.0,
2025-07-07 23:46:31,120.85938333333333,31.966193333333333,3.5,344.3,344.0,
2025-07-07 23:49:31,120.85739833333334,31.969096666666665,4.4,322.6,322.0,
2025-07-07 23:52:31,120.85451166666668,31.972071666666668,4.7,320.5,320.0,
2025-07-07 23:55:43,120.85145166666666,31.97522333333333,4.6,320.4,320.0,
2025-07-07 23:58:43,120.84845333333334,31.97829,4.8,318.3,318.0,
2025-07-08 00:01:43,120.8452,31.981436666666667,4.9,319.3,319.0,
2025-07-08 00:04:43,120.84196833333333,31.984125,4.6,312.8,312.0,
2025-07-08 00:07:55,120.83865333333334,31.986816666666662,4.2,319.4,319.0,
2025-07-08 00:10:55,120.83541833333334,31.98934,4.6,310.4,310.0,
2025-07-08 00:13:55,120.83192333333334,31.991826666666668,4.6,310.7,310.0,
2025-07-08 00:17:07,120.82841833333332,31.994595,4.5,312.7,312.0,
2025-07-08 00:20:07,120.82533833333332,31.996855,4.4,310.0,310.0,
2025-07-08 00:23:07,120.82230833333334,31.999521666666663,4.4,319.2,319.0,
2025-07-08 00:26:18,120.818895,32.002415,4.8,312.9,312.0,
2025-07-08 00:29:18,120.81518166666666,32.00501,5.0,304.0,304.0,
2025-07-08 00:32:18,120.81120833333334,32.00749,5.0,305.7,305.0,
2025-07-08 00:36:17,120.805665,32.01009333333333,4.6,293.7,293.0,
2025-07-08 00:39:37,120.80069166666668,32.01171,5.1,290.4,290.0,
2025-07-08 00:42:37,120.79621333333333,32.01325,4.8,291.1,291.0,
2025-07-08 00:45:38,120.79142166666666,32.014338333333335,5.3,278.9,278.0,
2025-07-08 00:48:49,120.78622,32.014988333333335,4.8,278.8,278.0,
2025-07-08 00:52:49,120.77965666666668,32.01564666666667,5.1,275.7,275.0,
2025-07-08 00:55:49,120.77475333333334,32.015906666666666,4.7,272.9,272.0,
2025-07-08 00:59:07,120.76976,32.01606833333334,4.4,268.2,268.0,
2025-07-08 01:02:37,120.76464666666666,32.015955,4.6,267.5,267.0,
2025-07-08 01:05:38,120.76011,32.01579,4.6,266.6,266.0,
2025-07-08 01:08:49,120.75535333333332,32.01564666666667,4.6,266.7,266.0,
2025-07-08 01:11:49,120.75072833333331,32.015548333333335,4.6,267.5,267.0,
2025-07-08 01:14:49,120.74628166666666,32.01542666666667,4.5,269.4,269.0,
2025-07-08 01:19:31,120.73933666666667,32.015328333333336,4.5,270.6,270.0,
2025-07-08 01:23:02,120.734135,32.015146666666666,4.7,265.3,265.0,
2025-07-08 01:26:02,120.72936333333334,32.01479333333333,5.1,263.0,263.0,
2025-07-08 01:29:13,120.72394666666666,32.014075,5.3,262.7,262.0,
2025-07-08 01:32:13,120.71861666666666,32.013305,5.7,258.9,258.0,
2025-07-08 01:34:13,120.71473,32.01260833333333,6.3,257.5,257.0,
2025-07-08 01:36:13,120.71064166666666,32.01181166666667,6.5,255.8,255.0,
2025-07-08 01:38:13,120.70646833333332,32.01080666666667,6.5,253.4,253.0,
2025-07-08 01:42:25,120.69906833333332,32.00884166666667,5.2,259.5,259.0,
2025-07-08 01:45:31,120.69395333333334,32.00762833333334,5.2,258.2,258.0,
2025-07-08 01:48:37,120.68899833333332,32.00683,4.8,253.8,253.0,
2025-07-08 01:52:07,120.68379333333333,32.00535333333333,4.6,256.6,256.0,
2025-07-08 01:55:07,120.6796,32.004706666666664,4.2,259.9,259.0,
2025-07-08 01:58:07,120.67559666666666,32.00412333333333,4.1,260.7,260.0,
2025-07-08 02:01:22,120.67115166666666,32.003285,4.4,256.8,256.0,
2025-07-08 02:05:08,120.665675,32.0024,4.7,260.4,260.0,
2025-07-08 02:08:08,120.660925,32.001576666666665,4.9,256.9,256.0,
2025-07-08 02:12:19,120.65500666666668,32.00074,4.1,266.2,266.0,
2025-07-08 02:15:19,120.65092,32.00038,4.1,266.1,266.0,
2025-07-08 02:18:37,120.64649666666666,32.00002833333333,4.1,260.5,260.0,
2025-07-08 02:21:37,120.642635,31.999423333333333,3.9,255.5,255.0,
2025-07-08 02:25:37,120.63755166666668,31.998655,4.0,262.9,262.0,
2025-07-08 02:29:08,120.63293833333331,31.99867833333333,4.1,271.3,271.0,
2025-07-08 02:32:37,120.62801666666668,31.99909333333333,4.4,274.8,274.0,
2025-07-08 02:36:38,120.62205833333331,31.99978,4.7,275.5,275.0,
2025-07-08 02:39:38,120.61744,32.00014,4.7,277.7,277.0,
2025-07-08 02:42:49,120.61263166666669,32.000901666666664,4.7,283.8,283.0,
2025-07-08 02:45:49,120.60808833333331,32.001801666666665,4.7,283.3,283.0,
2025-07-08 02:49:28,120.60268166666668,32.003168333333335,4.7,280.9,280.0,
2025-07-08 02:53:37,120.59661166666666,32.004758333333335,4.7,286.3,286.0,
2025-07-08 02:56:37,120.59224833333332,32.00593333333333,4.6,289.4,289.0,
2025-07-08 02:59:37,120.58790833333332,32.007108333333335,4.7,286.1,286.0,
2025-07-08 03:03:08,120.58292333333333,32.00865666666667,4.7,293.3,293.0,
2025-07-08 03:06:08,120.57866833333334,32.01009166666667,4.6,289.0,289.0,
2025-07-08 03:09:20,120.573985,32.01141,4.7,285.3,285.0,
2025-07-08 03:12:49,120.56863833333334,32.012575,4.9,278.1,278.0,
2025-07-08 03:15:49,120.56383166666669,32.01334166666667,5.0,280.7,280.0,
2025-07-08 03:19:01,120.55864166666667,32.01462,5.2,294.0,294.0,
2025-07-08 03:22:01,120.554,32.01665166666667,5.3,298.0,298.0,
2025-07-08 03:25:05,120.54948166666668,32.01880166666667,5.3,299.3,299.0,
2025-07-08 03:29:07,120.54356833333334,32.02179,5.1,298.3,298.0,
2025-07-08 03:32:37,120.53848666666669,32.023925,4.8,295.7,295.0,
2025-07-08 03:36:08,120.53325166666669,32.02554333333333,4.9,289.8,289.0,
2025-07-08 03:39:49,120.52759666666668,32.02742333333333,5.2,295.4,295.0,
2025-07-08 03:42:49,120.52289833333332,32.029545,5.5,301.0,301.0,
2025-07-08 03:45:49,120.51818333333334,32.031998333333334,5.7,300.3,300.0,
2025-07-08 03:49:01,120.51297166666669,32.034236666666665,5.6,293.6,293.0,
2025-07-08 03:52:31,120.50701666666669,32.03616666666667,5.5,290.9,290.0,
2025-07-08 03:56:01,120.501015,32.037508333333335,5.4,278.3,278.0,
2025-07-08 03:59:37,120.49479833333334,32.038428333333336,5.4,279.8,279.0,
2025-07-08 04:04:01,120.48708,32.038875,5.3,263.8,263.0,
2025-07-08 04:07:06,120.48206833333332,32.03837333333333,4.9,263.4,263.0,
2025-07-08 04:10:06,120.47719,32.03803333333333,4.8,266.0,266.0,
2025-07-08 04:13:36,120.472015,32.03772,4.4,263.8,263.0,
2025-07-08 04:17:11,120.46641166666669,32.03676166666666,5.7,257.3,257.0,
2025-07-08 04:19:36,120.461615,32.03605666666667,6.4,261.3,261.0,
2025-07-08 04:22:36,120.45592833333332,32.03435833333333,6.3,247.9,247.0,
2025-07-08 04:25:07,120.45103333333331,32.032531666666664,6.6,237.4,237.0,
2025-07-08 04:27:36,120.44648,32.02964,7.0,231.0,231.0,
2025-07-08 04:29:36,120.443765,32.026648333333334,7.0,207.0,207.0,
2025-07-08 04:31:36,120.44293,32.022771666666664,7.0,181.0,181.0,
2025-07-08 04:33:37,120.44331666666666,32.01902833333333,6.6,172.2,172.0,
2025-07-08 04:35:48,120.444355,32.015033333333335,6.8,165.2,165.0,
2025-07-08 04:37:53,120.44578666666666,32.011455,6.5,157.5,157.0,
2025-07-08 04:40:06,120.448045,32.008066666666664,6.2,149.1,149.0,
2025-07-08 04:42:07,120.44990833333334,32.00499166666667,6.3,156.9,156.0,
2025-07-08 04:44:07,120.45144333333332,32.00161,6.3,158.4,158.0,
2025-07-08 04:46:07,120.453145,31.998405,6.2,159.8,159.0,
2025-07-08 04:49:18,120.45339833333334,31.99295,6.3,186.5,186.0,
2025-07-08 04:51:18,120.452885,31.989481666666663,6.3,187.2,187.0,
2025-07-08 04:53:48,120.45131833333332,31.985331666666667,6.2,203.8,203.0,
2025-07-08 04:56:00,120.4492,31.98202333333333,6.3,211.3,211.0,
2025-07-08 04:58:36,120.445695,31.978586666666665,6.3,224.3,224.0,
2025-07-08 05:01:15,120.44167833333331,31.975531666666665,6.3,232.7,232.0,
2025-07-08 05:03:36,120.43763666666666,31.97326,6.1,239.7,239.0,
2025-07-08 05:06:07,120.43298,31.971636666666665,6.3,252.8,252.0,
2025-07-08 05:09:13,120.42689333333334,31.970266666666667,6.3,262.0,262.0,
2025-07-08 05:11:36,120.42200833333334,31.970485,6.3,275.9,275.0,
2025-07-08 05:13:36,120.41788833333334,31.970691666666667,6.3,272.1,272.0,
2025-07-08 05:15:36,120.41384333333332,31.970781666666667,6.1,273.6,273.0,
2025-07-08 05:17:37,120.40993666666668,31.970973333333333,6.1,271.8,271.0,
2025-07-08 05:20:16,120.40454333333334,31.971091666666663,6.3,270.5,270.0,
2025-07-08 05:22:36,120.39966166666666,31.97107,6.5,269.5,269.0,
2025-07-08 05:24:36,120.39544333333332,31.971005,6.6,267.5,267.0,
2025-07-08 05:26:37,120.39098,31.970831666666665,6.9,267.7,267.0,
2025-07-08 05:29:07,120.38553666666668,31.97067,6.4,269.3,269.0,
2025-07-08 05:31:18,120.38109,31.970516666666665,6.2,266.5,266.0,
2025-07-08 05:33:18,120.37705833333334,31.970296666666663,5.8,263.9,263.0,
2025-07-08 05:36:36,120.372535,31.969685,3.4,260.8,260.0,
2025-07-08 05:40:07,120.36937666666668,31.96974833333333,2.3,293.1,293.0,
2025-07-08 05:43:07,120.36747,31.97081833333333,2.5,314.7,314.0,
2025-07-08 05:49:41,120.3666,31.97156,0.2,159.0,159.0,
2025-07-08 06:23:37,120.36667166666666,31.971431666666668,0.2,116.4,116.0,
2025-07-08 06:50:07,120.369915,31.970775,4.0,111.6,111.0,
2025-07-08 06:53:41,120.37769333333334,31.969435,7.6,88.3,88.0,
2025-07-08 06:56:06,120.38348166666668,31.969686666666668,7.2,88.6,88.0,
2025-07-08 06:58:07,120.38826,31.969821666666668,7.1,86.7,86.0,
2025-07-08 07:00:37,120.39358166666666,31.97004,6.2,89.0,89.0,
2025-07-08 07:03:37,120.39933333333332,31.97007333333333,5.5,88.2,88.0,
2025-07-08 07:06:48,120.40462,31.969798333333333,4.9,96.6,96.0,
2025-07-08 07:09:48,120.40969833333334,31.96932333333333,5.8,93.5,93.0,
2025-07-08 07:11:48,120.41377166666666,31.969148333333333,6.6,92.4,92.0,
2025-07-08 07:13:49,120.41845,31.969058333333333,7.2,90.1,90.0,
2025-07-08 07:16:30,120.42415666666666,31.96921833333333,5.4,87.3,87.0,
2025-07-08 07:19:00,120.428845,31.969756666666665,6.7,77.3,77.0,
2025-07-08 07:21:30,120.43359333333332,31.970696666666665,4.9,76.8,76.0,
2025-07-08 07:24:31,120.43642166666666,31.972216666666668,2.3,23.8,23.0,
2025-07-08 07:27:51,120.43602333333334,31.97249,1.4,185.3,185.0,
2025-07-08 07:38:13,120.43661333333333,31.97079833333333,0.4,101.6,101.0,
2025-07-08 08:10:44,120.43655666666666,31.970806666666668,0.2,29.3,29.0,
2025-07-08 08:42:38,120.4366,31.970773333333334,0.1,29.5,29.0,
2025-07-08 09:15:44,120.43658666666668,31.970746666666667,0.2,181.6,181.0,
2025-07-08 09:45:56,120.43657166666668,31.97077,0.1,218.7,218.0,
2025-07-08 10:17:44,120.436555,31.970783333333333,0.1,311.1,311.0,
2025-07-08 10:49:44,120.43656,31.970783333333333,0.1,254.1,254.0,
2025-07-08 11:23:26,120.43658166666668,31.97076,0.1,254.0,254.0,
2025-07-08 11:58:51,120.436595,31.970781666666667,0.0,288.7,288.0,
2025-07-08 12:16:13,120.43476,31.97152833333333,3.1,272.8,272.0,
2025-07-08 12:19:14,120.43004,31.97103,5.5,254.6,254.0,
2025-07-08 12:22:14,120.42520833333332,31.97059,4.9,274.4,274.0,
2025-07-08 12:25:44,120.41963833333334,31.971046666666663,4.8,277.5,277.0,
2025-07-08 12:28:55,120.41476666666668,31.971151666666668,4.7,268.1,268.0,
2025-07-08 12:31:56,120.41017666666669,31.97106833333333,4.6,270.0,270.0,
2025-07-08 12:35:26,120.40490666666666,31.971136666666663,4.5,274.2,274.0,
2025-07-08 12:38:36,120.400035,31.971321666666668,4.9,269.3,269.0,
2025-07-08 12:41:36,120.39496666666666,31.971291666666666,5.5,267.3,267.0,
2025-07-08 12:44:36,120.38966,31.971028333333333,5.1,267.8,267.0,
2025-07-08 12:47:37,120.38500333333332,31.970855,4.5,263.3,263.0,
2025-07-08 12:50:48,120.38090333333334,31.97045333333333,3.7,263.7,263.0,
2025-07-08 12:53:48,120.37722,31.970151666666663,3.9,260.9,260.0,
2025-07-08 12:57:18,120.37248333333334,31.96964833333333,4.3,263.6,263.0,
2025-07-08 13:00:19,120.36834333333331,31.96924333333333,4.3,256.7,256.0,
2025-07-08 13:03:30,120.36381,31.96839,4.5,258.0,258.0,
2025-07-08 13:06:30,120.359375,31.967481666666668,4.6,259.1,259.0,
2025-07-08 13:10:36,120.35310833333334,31.96626333333333,4.8,258.2,258.0,
2025-07-08 13:13:36,120.348435,31.965216666666667,5.0,256.8,256.0,
2025-07-08 13:16:37,120.34362166666666,31.96409166666667,5.1,253.1,253.0,
2025-07-08 13:19:48,120.33848833333332,31.962951666666665,5.1,259.8,259.0,
2025-07-08 13:22:48,120.33328166666666,31.96218333333333,5.7,261.1,261.0,
2025-07-08 13:24:48,120.32938166666666,31.96230333333333,6.1,283.7,283.0,
2025-07-08 13:27:36,120.32432333333334,31.96508,7.0,312.7,312.0,
2025-07-08 13:29:36,120.32096166666666,31.96775833333333,6.2,306.6,306.0,
2025-07-08 13:32:37,120.316645,31.968955,4.8,295.3,295.0,
2025-07-08 13:36:06,120.31141,31.96974833333333,4.6,262.0,262.0,
2025-07-08 13:39:07,120.30713,31.96868333333333,4.4,249.3,249.0,
2025-07-08 13:42:07,120.30319,31.967075,4.4,242.5,242.0,
2025-07-08 13:45:07,120.29961833333331,31.965288333333334,4.1,239.2,239.0,
2025-07-08 13:48:18,120.295855,31.96335833333333,4.2,236.5,236.0,
2025-07-08 13:51:48,120.29175833333332,31.961171666666665,4.3,234.8,234.0,
2025-07-08 13:55:06,120.28804,31.958786666666665,4.3,233.7,233.0,
2025-07-08 13:58:36,120.28390833333331,31.956398333333333,4.4,237.8,237.0,
2025-07-08 14:02:07,120.27943833333332,31.95441,4.4,234.5,234.0,
2025-07-08 14:05:18,120.275295,31.952345,4.7,243.1,243.0,
2025-07-08 14:08:18,120.27118833333331,31.950306666666663,5.0,242.2,242.0,
2025-07-08 14:11:19,120.266625,31.94860333333333,5.3,249.3,249.0,
2025-07-08 14:14:19,120.26193,31.94668833333333,5.3,243.0,243.0,
2025-07-08 14:17:30,120.25709333333332,31.945385,4.6,255.0,255.0,
2025-07-08 14:20:30,120.25305166666666,31.944638333333334,4.2,259.5,259.0,
2025-07-08 14:23:31,120.248975,31.944116666666662,4.3,261.5,261.0,
2025-07-08 14:26:42,120.24452833333334,31.94334,4.3,257.6,257.0,
2025-07-08 14:29:42,120.24044666666668,31.942476666666668,4.3,252.2,252.0,
2025-07-08 14:32:42,120.23642833333334,31.94158,4.2,256.7,256.0,
2025-07-08 14:35:54,120.23229166666668,31.941215,4.0,266.2,266.0,
2025-07-08 14:38:54,120.22834833333332,31.94121833333333,4.1,273.0,273.0,
2025-07-08 14:42:08,120.22405666666668,31.941015,4.0,271.1,271.0,
2025-07-08 14:46:07,120.21878166666669,31.94129,4.1,274.5,274.0,
2025-07-08 14:49:07,120.214845,31.94157,4.0,274.9,274.0,
2025-07-08 14:52:07,120.21091166666666,31.94185833333333,4.0,275.6,275.0,
2025-07-08 14:55:18,120.20661666666666,31.942161666666667,4.3,270.0,270.0,
2025-07-08 14:58:19,120.20235666666666,31.94223,4.3,268.5,268.0,
2025-07-08 15:01:19,120.19827166666668,31.942566666666668,4.2,281.7,281.0,
2025-07-08 15:04:30,120.19381666666666,31.943146666666667,4.4,279.8,279.0,
2025-07-08 15:08:00,120.18875333333334,31.943785,4.7,273.0,273.0,
2025-07-08 15:11:07,120.183885,31.944326666666665,4.8,273.1,273.0,
2025-07-08 15:14:07,120.17912833333334,31.94497833333333,5.0,279.9,279.0,
2025-07-08 15:18:26,120.17226166666669,31.945633333333333,4.7,280.4,280.0,
2025-07-08 15:21:37,120.16745333333331,31.946176666666663,4.8,275.3,275.0,
2025-07-08 15:24:37,120.16286333333332,31.946761666666667,4.8,277.7,277.0,
2025-07-08 15:27:37,120.15819833333332,31.947388333333333,4.9,280.0,280.0,
2025-07-08 15:31:07,120.152655,31.94854833333333,5.0,287.6,287.0,
2025-07-08 15:34:07,120.14784,31.94964,5.1,279.1,279.0,
2025-07-08 15:37:07,120.14285666666666,31.95003,5.1,279.8,279.0,
2025-07-08 15:40:07,120.138065,31.9507,4.9,279.4,279.0,
2025-07-08 15:43:07,120.13331666666669,31.951546666666665,4.9,283.4,283.0,
2025-07-08 15:46:07,120.12883,31.95312833333333,5.0,294.5,294.0,
2025-07-08 15:49:48,120.12271833333334,31.95452,5.3,283.7,283.0,
2025-07-08 15:53:07,120.117105,31.955486666666665,5.4,279.6,279.0,
2025-07-08 15:56:07,120.11191166666669,31.9565,5.4,288.9,288.0,
2025-07-08 15:59:07,120.1068,31.958001666666668,5.6,289.0,289.0,
2025-07-08 16:02:08,120.10135833333334,31.959118333333333,5.8,283.1,283.0,
2025-07-08 16:06:38,120.09315,31.961186666666663,5.9,276.6,276.0,
2025-07-08 16:09:08,120.0883,31.96137333333333,6.1,270.8,270.0,
2025-07-08 16:12:08,120.08253,31.96175333333333,5.7,280.1,280.0,
2025-07-08 16:15:37,120.07613166666668,31.962881666666668,5.7,280.2,280.0,
2025-07-08 16:18:37,120.07065333333334,31.963915,5.8,284.5,284.0,
2025-07-08 16:21:38,120.06520166666668,31.965241666666667,5.8,286.4,286.0,
2025-07-08 16:24:08,120.06056166666669,31.966491666666663,6.0,284.3,284.0,
2025-07-08 16:26:57,120.05517333333331,31.967866666666666,6.2,289.6,289.0,
2025-07-08 16:29:07,120.05095333333334,31.96908833333333,6.3,288.3,288.0,
2025-07-08 16:31:07,120.04690166666668,31.96988,6.4,279.3,279.0,
2025-07-08 16:33:08,120.042845,31.97039,6.4,279.5,279.0,
2025-07-08 16:35:08,120.03891666666668,31.971408333333333,6.2,291.0,291.0,
2025-07-08 16:37:08,120.03516,31.972646666666662,6.2,287.6,287.0,
2025-07-08 16:39:08,120.03123333333332,31.97362,6.2,288.6,288.0,
2025-07-08 16:41:19,120.02719333333332,31.97509,6.4,295.7,295.0,
2025-07-08 16:43:19,120.02334833333332,31.976745,6.6,297.3,297.0,
2025-07-08 16:45:19,120.01962666666668,31.97858833333333,6.5,302.9,302.0,
2025-07-08 16:47:20,120.01608833333331,31.98082,6.6,311.0,311.0,
2025-07-08 16:49:20,120.01290833333331,31.983271666666667,6.6,309.6,309.0,
2025-07-08 16:51:31,120.00889833333332,31.985615,6.9,300.4,300.0,
2025-07-08 16:53:37,120.004965,31.98778833333333,6.8,303.1,303.0,
2025-07-08 16:55:37,120.001205,31.989968333333334,6.9,305.9,305.0,
2025-07-08 16:57:38,119.99762,31.992228333333333,6.8,305.5,305.0,
2025-07-08 16:59:38,119.99405166666666,31.99440333333333,6.7,305.0,305.0,
2025-07-08 17:01:38,119.99046333333334,31.99647833333333,6.5,303.7,303.0,
2025-07-08 17:04:22,119.98567333333334,31.99919166666667,6.2,306.6,306.0,
2025-07-08 17:07:07,119.98138666666668,32.00197,6.1,301.8,301.0,
2025-07-08 17:09:08,119.978085,32.00376166666667,5.9,305.5,305.0,
2025-07-08 17:11:08,119.97491666666669,32.00573166666667,6.1,305.5,305.0,
2025-07-08 17:13:08,119.97169666666667,32.00778666666667,6.1,309.5,309.0,
2025-07-08 17:15:08,119.96888333333334,32.01018833333333,6.0,319.7,319.0,
2025-07-08 17:17:19,119.96598666666668,32.012951666666666,6.1,314.0,314.0,
2025-07-08 17:19:37,119.96282833333332,32.015695,5.9,319.0,319.0,
2025-07-08 17:21:37,119.96052333333331,32.01839,6.1,323.7,323.0,
2025-07-08 17:23:38,119.958025,32.02099833333333,6.0,322.9,322.0,
2025-07-08 17:26:08,119.955785,32.024625,6.1,333.2,333.0,
2025-07-08 17:28:08,119.95392666666666,32.027681666666666,6.1,332.0,332.0,
2025-07-08 17:30:08,119.95195,32.0306,6.3,329.0,329.0,
2025-07-08 17:32:08,119.95007166666667,32.03369,6.2,336.3,336.0,
2025-07-08 17:34:08,119.94846,32.036908333333336,6.4,335.9,335.0,
2025-07-08 17:36:08,119.946495,32.04004166666667,6.5,329.7,329.0,
2025-07-08 17:38:09,119.94425833333334,32.04319,6.5,329.0,329.0,
2025-07-08 17:41:10,119.94113333333334,32.047935,6.4,335.9,335.0,
2025-07-08 17:43:37,119.93973333333334,32.052058333333335,6.3,345.3,345.0,
2025-07-08 17:45:38,119.93858,32.05543333333333,6.5,337.9,337.0,
2025-07-08 17:49:08,119.93540166666666,32.061173333333336,6.5,336.4,336.0,
2025-07-08 17:51:08,119.93388,32.064555,6.5,341.1,341.0,
2025-07-08 17:53:08,119.93251833333332,32.06802,6.5,340.6,340.0,
2025-07-08 17:55:08,119.93102666666668,32.07145,6.6,341.0,341.0,
2025-07-08 17:57:08,119.92976666666668,32.07487166666667,6.6,342.4,342.0,
2025-07-08 17:59:11,119.92851833333332,32.07848666666667,6.6,344.6,344.0,
2025-07-08 18:01:38,119.92710833333334,32.082875,6.7,342.7,342.0,
2025-07-08 18:03:39,119.92576833333334,32.08643166666667,6.7,342.9,342.0,
2025-07-08 18:06:10,119.92448,32.09088,6.5,349.0,349.0,
2025-07-08 18:08:50,119.92392,32.095706666666665,6.5,353.8,353.0,
2025-07-08 18:11:20,119.923015,32.100298333333335,6.8,347.8,347.0,
2025-07-08 18:13:20,119.922105,32.104058333333334,6.8,348.7,348.0,
2025-07-08 18:15:20,119.920985,32.10778833333333,6.9,347.1,347.0,
2025-07-08 18:19:38,119.91985333333334,32.11573,6.9,345.3,345.0,
2025-07-08 18:21:38,119.91832666666669,32.119461666666666,7.0,344.3,344.0,
2025-07-08 18:24:08,119.91672666666666,32.12405833333333,6.9,347.3,347.0,
2025-07-08 18:26:08,119.915445,32.12775833333333,7.0,342.5,342.0,
2025-07-08 18:28:09,119.91435666666666,32.131535,6.9,348.1,348.0,
2025-07-08 18:30:39,119.91309166666667,32.136356666666664,7.2,342.5,342.0,
2025-07-08 18:33:08,119.91093666666669,32.140975,7.0,344.9,344.0,
2025-07-08 18:35:20,119.90994166666668,32.145068333333334,6.9,348.7,348.0,
2025-07-08 18:37:20,119.90919166666669,32.14889,6.8,354.9,354.0,
2025-07-08 18:39:38,119.90938,32.153101666666664,6.7,3.6,3.0,
2025-07-08 18:41:38,119.90913666666668,32.15690333333333,6.9,350.3,350.0,
2025-07-08 18:43:38,119.90815833333332,32.16072333333334,7.0,347.9,347.0,
2025-07-08 18:45:38,119.90700166666667,32.16447,7.1,342.4,342.0,
2025-07-08 18:47:38,119.906095,32.168243333333336,6.9,351.9,351.0,
2025-07-08 18:49:49,119.90533166666668,32.172385,6.9,350.3,350.0,
2025-07-08 18:51:50,119.90485666666666,32.17625666666667,7.0,355.4,355.0,
2025-07-08 18:54:21,119.90340333333332,32.180895,7.1,341.6,341.0,
2025-07-08 18:57:08,119.90126,32.186051666666664,6.8,341.6,341.0,
2025-07-08 18:59:08,119.90042166666667,32.189721666666664,6.6,354.1,354.0,
2025-07-08 19:01:08,119.90063666666668,32.193365,6.5,10.7,10.0,
2025-07-08 19:03:09,119.90129,32.197005,6.6,0.7,0.0,
2025-07-08 19:05:38,119.90032333333332,32.20156166666667,6.8,344.8,344.0,
2025-07-08 19:07:49,119.89942166666668,32.205641666666665,6.8,352.7,352.0,
2025-07-08 19:10:20,119.89822333333332,32.210278333333335,6.9,340.2,340.0,
2025-07-08 19:12:39,119.89672,32.21449833333333,6.9,344.5,344.0,
2025-07-08 19:15:08,119.89549166666669,32.219075,6.9,349.2,349.0,
2025-07-08 19:17:08,119.89429,32.22282166666667,6.9,342.6,342.0,
2025-07-08 19:19:08,119.8929,32.22648,7.0,343.0,343.0,
2025-07-08 19:21:08,119.89142666666666,32.230135,6.9,340.9,340.0,
2025-07-08 19:23:08,119.88977666666666,32.23373,6.9,337.0,337.0,
2025-07-08 19:25:19,119.88795333333331,32.23766,6.9,342.6,342.0,
2025-07-08 21:59:18,119.67532666666666,32.23732833333333,5.9,200.8,200.0,
2025-07-08 22:02:19,119.67401666666666,32.232675,5.9,190.9,190.0,
2025-07-08 22:05:42,119.67240166666669,32.22736833333333,5.9,203.8,203.0,
2025-07-08 22:09:07,119.66883833333333,32.22262666666666,6.0,215.0,215.0,
2025-07-08 22:11:08,119.66666333333332,32.219855,5.9,213.3,213.0,
2025-07-08 22:16:07,119.66082666666668,32.21358333333333,5.8,222.0,222.0,
2025-07-08 22:19:07,119.65681833333332,32.21028666666667,5.7,227.2,227.0,
2025-07-08 22:22:07,119.65280833333334,32.20695166666667,5.7,226.1,226.0,
2025-07-08 22:25:07,119.648275,32.20427,5.6,239.2,239.0,
2025-07-08 22:28:19,119.64315333333332,32.202005,5.4,249.8,249.0,
2025-07-08 22:32:19,119.636115,32.19988333333333,6.2,240.0,240.0,
2025-07-08 22:34:36,119.63215,32.197955,5.6,247.7,247.0,
2025-07-08 22:37:07,119.62765166666668,32.196506666666664,6.1,245.6,245.0,
2025-07-08 22:41:07,119.62056,32.194563333333335,6.4,253.7,253.0,
2025-07-08 22:43:07,119.616285,32.19334333333333,6.6,253.4,253.0,
2025-07-08 22:45:36,119.61108,32.19284,6.3,268.6,268.0,
2025-07-08 22:47:37,119.60710666666668,32.19285333333333,6.0,272.0,272.0,
2025-07-08 22:50:37,119.60131166666666,32.192925,6.0,268.3,268.0,
2025-07-08 22:52:37,119.597325,32.192748333333334,6.2,265.1,265.0,
2025-07-08 22:54:37,119.593365,32.192145,6.1,257.3,257.0,
2025-07-08 22:56:37,119.58942666666668,32.191431666666666,6.2,257.6,257.0,
2025-07-08 22:59:01,119.58470666666666,32.190735,6.1,262.5,262.0,
2025-07-08 23:01:07,119.58049166666666,32.19042666666667,6.1,266.2,266.0,
2025-07-08 23:04:07,119.57474333333332,32.191206666666666,5.8,285.5,285.0,
2025-07-08 23:07:07,119.56919333333332,32.19247166666667,5.9,287.6,287.0,
2025-07-08 23:11:37,119.562365,32.19560166666667,4.6,296.6,296.0,
2025-07-08 23:14:37,119.55866166666668,32.197523333333336,4.4,305.4,305.0,
2025-07-08 23:17:37,119.55560833333334,32.19987833333333,4.1,314.9,314.0,
2025-07-08 23:20:39,119.553275,32.20254666666667,3.8,333.3,333.0,
2025-07-08 23:24:37,119.55238833333334,32.2067,4.1,358.0,358.0,
2025-07-08 23:28:07,119.55246166666667,32.210795,4.2,0.4,0.0,
2025-07-08 23:32:37,119.552025,32.21588833333333,5.4,355.8,355.0,
2025-07-08 23:35:37,119.551485,32.220733333333335,6.0,353.0,353.0,
2025-07-08 23:37:37,119.550965,32.224135,6.2,348.4,348.0,
2025-07-08 23:39:37,119.55021833333332,32.22747833333333,6.2,348.9,348.0,
2025-07-08 23:41:48,119.54904333333332,32.231105,6.1,345.1,345.0,
2025-07-08 23:44:19,119.54752333333332,32.23502666666667,5.8,333.1,333.0,
2025-07-08 23:47:49,119.54336833333332,32.23869166666667,5.2,310.0,310.0,
2025-07-09 01:44:38,119.39280333333332,32.23721,6.0,220.9,220.0,
2025-07-09 01:46:38,119.389915,32.234875,6.0,228.2,228.0,
2025-07-09 01:48:38,119.38714333333331,32.23245166666667,6.2,220.4,220.0,
2025-07-09 01:50:38,119.38459,32.229695,6.3,217.9,217.0,
2025-07-09 01:53:38,119.38094166666669,32.225836666666666,5.9,223.8,223.0,
2025-07-09 01:55:38,119.37826666666666,32.22327333333333,6.2,217.5,217.0,
2025-07-09 01:58:38,119.375145,32.219411666666666,5.4,216.2,216.0,
2025-07-09 02:01:49,119.37164,32.215833333333336,5.1,218.5,218.0,
2025-07-09 02:04:50,119.36824666666666,32.212711666666664,5.0,228.4,228.0,
2025-07-09 02:08:50,119.363675,32.208998333333334,4.6,230.6,230.0,
2025-07-09 02:12:08,119.35973666666666,32.20644,4.7,237.3,237.0,
2025-07-09 02:15:38,119.35515166666669,32.2041,4.7,236.6,236.0,
2025-07-09 02:19:08,119.35066166666668,32.201708333333336,4.6,242.1,242.0,
2025-07-09 02:22:20,119.34656333333334,32.199795,4.4,246.7,246.0,
2025-07-09 02:25:20,119.34266666666667,32.198463333333336,4.3,248.8,248.0,
2025-07-09 02:28:20,119.33858833333332,32.197448333333334,4.4,255.5,255.0,
2025-07-09 02:31:31,119.33420666666666,32.19661166666667,4.4,260.7,260.0,
2025-07-09 02:35:04,119.32919666666666,32.19583166666666,4.4,259.1,259.0,
2025-07-09 02:38:08,119.32489166666667,32.195315,4.3,263.3,263.0,
2025-07-09 02:43:08,119.31785666666669,32.194425,4.4,262.8,262.0,
2025-07-09 02:46:08,119.31355833333332,32.19424,4.4,267.7,267.0,
2025-07-09 02:49:38,119.30853,32.19412666666667,4.4,268.9,268.0,
2025-07-09 02:52:49,119.30403833333334,32.193936666666666,4.3,270.6,270.0,
2025-07-09 02:56:08,119.29942666666666,32.193715,4.2,273.7,273.0,
2025-07-09 02:59:08,119.29518833333331,32.193715,4.3,274.3,274.0,
2025-07-09 03:03:21,119.28930333333334,32.19447,4.6,283.8,283.0,
2025-07-09 03:06:50,119.28363666666668,32.19606,5.4,289.0,289.0,
2025-07-09 03:09:50,119.27872,32.197556666666664,5.1,289.7,289.0,
2025-07-09 03:13:01,119.27385166666669,32.19915,4.4,297.4,297.0,
2025-07-09 03:16:01,119.27015833333331,32.20080333333333,4.1,298.7,298.0,
2025-07-09 03:19:02,119.26671666666668,32.20254,4.1,302.4,302.0,
2025-07-09 03:22:02,119.26326666666668,32.204258333333335,4.1,296.5,296.0,
2025-07-09 03:25:13,119.25966833333334,32.206071666666666,3.9,304.4,304.0,
2025-07-09 03:28:13,119.25662,32.20805,3.9,310.5,310.0,
2025-07-09 03:31:13,119.25362333333334,32.210193333333336,4.0,304.3,304.0,
2025-07-09 03:34:25,119.25005,32.21213,4.0,301.4,301.0,
2025-07-09 03:37:25,119.24644666666669,32.213631666666664,4.2,298.8,298.0,
2025-07-09 03:40:25,119.24315333333334,32.215545,4.0,305.2,305.0,
2025-07-09 03:44:08,119.23954166666668,32.21823166666667,4.0,318.6,318.0,
2025-07-09 03:48:08,119.235625,32.22134333333333,4.1,310.0,310.0,
2025-07-09 03:51:08,119.23255666666668,32.223571666666665,4.2,303.7,303.0,
2025-07-09 03:54:08,119.22922666666666,32.22548,4.1,302.5,302.0,
2025-07-09 03:57:08,119.22594833333332,32.227563333333336,4.2,310.9,310.0,
2025-07-09 04:00:19,119.22285166666668,32.230295,4.2,316.6,316.0,
2025-07-09 04:03:49,119.2189,32.23215166666667,4.0,290.9,290.0,
2025-07-09 04:06:49,119.215135,32.23341166666667,4.2,293.5,293.0,
2025-07-09 04:10:00,119.21091833333334,32.23415833333333,4.0,278.8,278.0,
2025-07-09 04:14:07,119.205915,32.235526666666665,3.9,286.4,286.0,
2025-07-09 04:17:07,119.20236666666666,32.23673333333333,3.8,294.5,294.0,
2025-07-09 04:20:09,119.19887833333334,32.238185,4.0,292.5,292.0,
2025-07-09 04:23:37,119.194545,32.239558333333335,4.0,285.5,285.0,
2025-07-09 06:08:42,119.07353833333332,32.23802166666667,3.2,219.2,219.0,
2025-07-09 06:12:07,119.07107,32.23614,3.2,232.6,232.0,
2025-07-09 06:15:07,119.06924,32.234033333333336,3.3,210.3,210.0,
2025-07-09 06:18:07,119.06747166666666,32.23177666666667,3.1,216.7,216.0,
2025-07-09 06:21:19,119.065645,32.229415,3.2,211.7,211.0,
2025-07-09 06:24:49,119.06361,32.22677,3.3,218.9,218.0,
2025-07-09 06:28:19,119.061475,32.22421333333333,3.3,214.3,214.0,
2025-07-09 06:31:30,119.05945166666666,32.221891666666664,3.1,219.3,219.0,
2025-07-09 06:34:31,119.05741666666668,32.21967166666666,3.5,217.7,217.0,
2025-07-09 06:38:07,119.05502333333334,32.21666333333334,3.6,208.0,208.0,
2025-07-09 06:41:07,119.05308333333332,32.21396333333333,3.9,214.4,214.0,
2025-07-09 06:44:17,119.05055833333331,32.211171666666665,4.3,220.2,220.0,
2025-07-09 06:47:37,119.04740833333334,32.207946666666665,4.5,221.5,221.0,
2025-07-09 06:50:37,119.04466333333332,32.205148333333334,4.2,222.2,222.0,
2025-07-09 06:54:07,119.0417,32.202185,3.9,220.3,220.0,
2025-07-09 06:57:07,119.03929166666668,32.199705,3.8,221.9,221.0,
2025-07-09 07:00:07,119.036655,32.197921666666666,3.3,241.1,241.0,
2025-07-09 07:03:07,119.034795,32.19640666666667,2.2,217.8,217.0,
2025-07-09 07:06:07,119.032805,32.195206666666664,3.0,249.5,249.0,
2025-07-09 07:09:07,119.02985166666669,32.19437,2.6,259.2,259.0,
2025-07-09 07:14:37,119.02768333333331,32.193688333333334,0.4,241.8,241.0,
2025-07-09 07:46:23,119.02745666666668,32.193553333333334,0.0,2.4,2.0,
2025-07-09 08:16:30,119.02749,32.193556666666666,0.1,78.8,78.0,
2025-07-09 08:50:38,119.02744166666666,32.193538333333336,0.1,327.9,327.0,
2025-07-09 09:00:58,119.02858166666668,32.19314,3.4,204.2,204.0,
2025-07-09 09:03:58,119.02517166666668,32.190215,5.7,222.7,222.0,
2025-07-09 09:06:58,119.02201333333332,32.18660833333333,4.7,223.8,223.0,
2025-07-09 09:09:59,119.018325,32.184493333333336,4.5,242.1,242.0,
2025-07-09 09:13:10,119.01410666666666,32.182705,4.5,241.1,241.0,
2025-07-09 09:16:10,119.010285,32.180793333333334,4.7,240.2,240.0,
2025-07-09 09:19:10,119.00618,32.179098333333336,4.6,244.8,244.0,
2025-07-09 09:22:22,119.00190333333332,32.177798333333335,4.2,269.2,269.0,
2025-07-09 09:25:22,118.99775,32.1775,4.3,265.0,265.0,
2025-07-09 09:28:52,118.99275333333334,32.17693333333333,4.1,266.5,266.0,
2025-07-09 09:32:04,118.98877333333331,32.176435,3.8,259.1,259.0,
2025-07-09 09:35:04,118.98508,32.176278333333336,3.9,269.3,269.0,
2025-07-09 09:38:04,118.98114,32.17615,4.2,266.4,266.0,
2025-07-09 09:41:06,118.97703666666666,32.17557333333333,4.2,256.2,256.0,
2025-07-09 09:44:08,118.97316666666669,32.175065,3.9,265.4,265.0,
2025-07-09 09:47:08,118.96925,32.17465,4.0,256.1,256.0,
2025-07-09 09:51:08,118.96428833333331,32.17474333333333,3.9,279.5,279.0,
2025-07-09 09:54:38,118.95986666666668,32.175035,3.9,269.1,269.0,
2025-07-09 09:57:38,118.956105,32.174915,4.0,267.6,267.0,
2025-07-09 10:00:50,118.95228,32.17482,3.2,273.5,273.0,
2025-07-09 10:03:50,118.94940166666666,32.175358333333335,2.9,287.2,287.0,
2025-07-09 10:06:50,118.94654333333334,32.17592833333333,3.2,280.0,280.0,
2025-07-09 10:09:50,118.94336333333334,32.17640333333333,3.3,282.2,282.0,
2025-07-09 10:12:52,118.939375,32.177,4.7,276.6,276.0,
2025-07-09 10:16:08,118.93424,32.17791166666667,4.9,286.0,286.0,
2025-07-09 10:19:08,118.9297,32.17888,4.7,281.8,281.0,
2025-07-09 10:23:08,118.92330666666666,32.179545,4.9,279.3,279.0,
2025-07-09 10:26:08,118.91863166666668,32.18018333333333,4.7,282.1,282.0,
2025-07-09 10:29:08,118.91417833333334,32.18078833333333,4.6,283.3,283.0,
2025-07-09 10:32:08,118.90983833333334,32.18161833333333,4.6,281.8,281.0,
2025-07-09 10:35:50,118.90447166666668,32.18253166666667,4.5,283.8,283.0,
2025-07-09 10:38:50,118.90027333333332,32.183258333333335,4.4,279.3,279.0,
2025-07-09 10:42:20,118.89510666666666,32.183643333333336,4.7,272.4,272.0,
2025-07-09 10:45:32,118.89024833333332,32.18402,4.7,272.2,272.0,
2025-07-09 10:48:32,118.88531333333331,32.183508333333336,5.2,261.4,261.0,
2025-07-09 10:51:38,118.88023833333334,32.18311833333333,4.7,262.5,262.0,
2025-07-09 10:54:38,118.875655,32.18194166666667,5.0,245.5,245.0,
2025-07-09 10:57:38,118.87136166666669,32.17986166666667,4.9,238.3,238.0,
2025-07-09 11:00:50,118.86677,32.17771833333333,5.0,242.9,242.0,
2025-07-09 11:04:08,118.86167166666668,32.17596,5.1,244.7,244.0,
2025-07-09 11:07:08,118.85729833333332,32.17393666666667,5.0,240.8,240.0,
2025-07-09 11:10:08,118.85313666666669,32.17198166666667,4.8,241.8,241.0,
2025-07-09 11:14:30,118.84738333333334,32.16938,4.3,241.9,241.0,
2025-07-09 11:17:38,118.84373666666669,32.16755333333333,4.0,239.2,239.0,
2025-07-09 11:20:38,118.84038,32.16582666666667,4.0,241.0,241.0,
2025-07-09 11:23:38,118.83678666666668,32.164523333333335,3.9,251.5,251.0,
2025-07-09 11:26:50,118.832855,32.163246666666666,4.2,250.4,250.0,
2025-07-09 11:29:50,118.82891166666668,32.162045,4.5,249.9,249.0,
2025-07-09 11:33:08,118.824145,32.16117833333333,4.4,253.7,253.0,
2025-07-09 11:36:18,118.81978166666669,32.159816666666664,4.5,250.8,250.0,
2025-07-09 11:39:38,118.81529833333332,32.1582,4.6,243.8,243.0,
2025-07-09 11:42:38,118.8111,32.156688333333335,4.7,242.5,242.0,
2025-07-09 11:45:38,118.80716333333334,32.15450166666667,4.8,239.0,239.0,
2025-07-09 11:48:38,118.80305333333334,32.15239833333333,5.0,237.8,237.0,
2025-07-09 11:51:39,118.79902666666666,32.14985166666666,5.1,231.7,231.0,
2025-07-09 11:55:08,118.79419166666666,32.146953333333336,5.2,233.1,233.0,
2025-07-09 11:58:08,118.79011,32.144241666666666,5.3,222.4,222.0,
2025-07-09 12:01:37,118.78589166666669,32.14082333333333,4.9,228.0,228.0,
2025-07-09 12:04:48,118.78204833333334,32.13826666666667,4.5,237.0,237.0,
2025-07-09 12:09:07,118.77587333333334,32.136478333333336,4.7,260.8,260.0,
2025-07-09 12:12:07,118.77117166666666,32.136295,4.9,267.7,267.0,
2025-07-09 12:15:07,118.76603833333331,32.136035,5.7,271.0,271.0,
2025-07-09 12:18:07,118.76053,32.13588333333333,5.1,269.9,269.0,
2025-07-09 12:21:19,118.75621,32.135171666666665,4.0,250.0,250.0,
2025-07-09 12:24:19,118.75252333333331,32.133538333333334,4.4,238.3,238.0,
2025-07-09 12:27:30,118.74887166666667,32.13110666666667,4.5,229.3,229.0,
2025-07-09 12:30:37,118.74562166666666,32.12836333333333,4.5,220.1,220.0,
2025-07-09 12:33:37,118.743075,32.12548666666667,4.2,213.9,213.0,
2025-07-09 12:36:37,118.74060833333333,32.122791666666664,4.1,218.1,218.0,
2025-07-09 12:39:49,118.73798333333332,32.119875,4.1,215.6,215.0,
2025-07-09 12:42:49,118.73574333333332,32.11698833333333,4.2,214.6,214.0,
2025-07-09 12:45:49,118.73270666666669,32.11428,4.7,226.3,226.0,
2025-07-10 19:40:37,118.73001333333332,32.10429333333333,9.3,33.3,33.0,
2025-07-10 19:42:38,118.73341333333332,32.10851666666667,9.5,34.4,34.0,
2025-07-10 19:44:38,118.736905,32.112995,9.7,32.2,32.0,
2025-07-10 19:46:49,118.74090166666667,32.11784,9.3,44.8,44.0,
2025-07-10 19:49:19,118.74694166666669,32.121008333333336,8.5,64.6,64.0,
2025-07-10 19:51:49,118.75301166666668,32.12367666666667,8.4,60.2,60.0,
2025-07-10 19:54:50,118.76025666666666,32.12694833333333,8.4,65.9,65.0,
2025-07-10 19:57:31,118.767075,32.129306666666665,8.2,66.5,66.0,
2025-07-10 19:59:31,118.77191833333332,32.13123,8.2,63.3,63.0,
2025-07-10 20:01:31,118.77686333333334,32.133145,8.5,67.0,67.0,
2025-07-10 20:03:31,118.78205333333334,32.13498666666667,8.4,64.1,64.0,
2025-07-10 20:05:31,118.786855,32.13735833333333,8.6,57.1,57.0,
2025-07-10 20:07:43,118.79185833333334,32.14045333333333,8.8,53.7,53.0,
2025-07-10 20:09:43,118.79669166666666,32.14321833333333,8.9,56.3,56.0,
2025-07-10 20:12:07,118.80235833333332,32.14686,8.9,48.4,48.0,
2025-07-10 20:14:08,118.80662333333332,32.150205,8.9,48.2,48.0,
2025-07-10 20:16:08,118.81155333333334,32.15305333333333,9.0,61.4,61.0,
2025-07-10 20:18:08,118.81692166666669,32.154938333333334,8.9,70.4,70.0,
2025-07-10 20:20:38,118.82365333333334,32.15715333333333,8.8,67.2,67.0,
2025-07-10 20:22:49,118.829445,32.159218333333335,8.8,68.0,68.0,
2025-07-10 20:24:49,118.834915,32.160855,8.8,70.9,70.0,
2025-07-10 20:26:49,118.840165,32.16285666666667,8.7,62.0,62.0,
2025-07-10 20:29:07,118.845915,32.165508333333335,8.8,61.2,61.0,
2025-07-10 20:31:08,118.8509,32.168076666666664,8.8,57.5,57.0,
2025-07-10 20:33:14,118.85612333333331,32.17093,9.1,57.5,57.0,
2025-07-10 20:35:37,118.86219666666666,32.174135,9.2,59.4,59.0,
2025-07-10 20:37:37,118.86762666666668,32.17634833333334,9.2,68.4,68.0,
2025-07-10 20:39:38,118.87350666666669,32.17779,9.2,77.2,77.0,
2025-07-10 20:41:38,118.87938833333334,32.17870666666666,9.1,80.5,80.0,
2025-07-10 20:43:49,118.88585666666668,32.17958,9.0,81.6,81.0,
2025-07-10 20:45:49,118.89170666666666,32.180171666666666,9.0,85.6,85.0,
2025-07-10 20:48:49,118.90060833333334,32.18039,8.9,90.0,90.0,
2025-07-10 20:50:49,118.906395,32.17986833333333,8.9,99.2,99.0,
2025-07-10 20:53:31,118.91432833333332,32.17867833333333,9.2,100.3,100.0,
2025-07-10 20:55:31,118.92030166666666,32.177785,9.1,100.0,100.0,
2025-07-10 20:57:32,118.92617166666666,32.176901666666666,9.2,100.4,100.0,
2025-07-10 21:00:01,118.93369,32.17564333333333,9.2,102.0,102.0,
2025-07-10 21:02:01,118.93948666666668,32.17453666666667,9.1,102.2,102.0,
2025-07-10 21:04:13,118.94586,32.173285,9.1,103.1,103.0,
2025-07-10 21:06:13,118.951565,32.172518333333336,8.7,96.1,96.0,
2025-07-10 21:08:43,118.958755,32.17230333333333,8.7,89.0,89.0,
2025-07-10 21:11:17,118.96605,32.17221333333333,8.8,90.3,90.0,
2025-07-10 21:13:37,118.972795,32.17252,8.8,84.7,84.0,
2025-07-10 21:15:38,118.97868833333334,32.17295166666667,9.0,87.1,87.0,
2025-07-10 21:17:38,118.98457666666668,32.17316833333334,8.9,85.7,85.0,
2025-07-10 21:19:38,118.99031833333332,32.17365,8.9,83.0,83.0,
2025-07-10 21:21:49,118.99659,32.174346666666665,8.8,81.2,81.0,
2025-07-10 21:24:30,119.00400333333332,32.175845,8.7,71.9,71.0,
2025-07-10 21:26:37,119.00948833333334,32.17789333333333,8.6,64.1,64.0,
2025-07-10 21:28:37,119.014385,32.180225,8.6,59.0,59.0,
2025-07-10 21:30:38,119.01920333333334,32.18282,8.6,58.1,58.0,
2025-07-10 21:32:56,119.02463833333331,32.185885,8.6,53.1,53.0,
2025-07-10 21:35:08,119.02951,32.189245,8.8,50.6,50.0,
2025-07-10 21:37:08,119.033925,32.19233166666667,8.8,51.3,51.0,
2025-07-10 21:39:08,119.03830833333332,32.19551,8.8,50.1,50.0,
2025-07-10 21:41:08,119.04275666666666,32.19863,8.8,49.9,49.0,
2025-07-10 21:43:20,119.04733666666668,32.20227,8.7,43.6,43.0,
2025-07-10 21:45:49,119.05182333333332,32.20697166666667,8.6,37.2,37.0,
2025-07-10 21:47:49,119.05518166666668,32.210775,8.5,38.5,38.0,
2025-07-10 21:49:50,119.05848666666668,32.214546666666664,8.4,34.2,34.0,
2025-07-10 21:51:50,119.06104833333332,32.218575,8.3,25.8,25.0,
2025-07-10 21:54:01,119.06397166666666,32.222925,8.2,34.3,34.0,
2025-07-10 21:56:01,119.06696333333332,32.226675,8.3,32.6,32.0,
2025-07-10 21:58:01,119.07021666666668,32.23039833333333,8.4,40.3,40.0,
2025-07-10 22:00:01,119.07408166666669,32.233686666666664,8.4,46.9,46.0,
2025-07-10 22:02:32,119.07937666666666,32.237425,8.4,51.8,51.0,
2025-07-10 22:43:08,119.17988,32.239943333333336,7.7,103.5,103.0,
2025-07-10 22:45:19,119.18513333333334,32.2385,7.8,110.8,110.0,
2025-07-10 22:47:58,119.19118833333332,32.236155,7.6,116.0,116.0,
2025-07-10 22:50:08,119.19605333333334,32.234055,7.7,117.7,117.0,
2025-07-10 22:52:08,119.200535,32.23223,7.5,117.1,117.0,
2025-07-10 22:54:08,119.20496,32.230445,7.4,114.2,114.0,
2025-07-10 22:56:08,119.20929833333334,32.22859,7.4,120.0,120.0,
2025-07-10 22:58:49,119.21507666666666,32.22590833333334,7.3,122.8,122.0,
2025-07-10 23:00:49,119.21890166666668,32.223585,7.1,122.8,122.0,
2025-07-10 23:03:08,119.223345,32.221648333333334,6.2,115.7,115.0,
2025-07-10 23:06:38,119.22848,32.21930833333333,4.5,119.4,119.0,
2025-07-10 23:09:38,119.23197666666668,32.21750333333333,4.2,121.3,121.0,
2025-07-10 23:12:49,119.23541833333331,32.215718333333335,3.6,126.6,126.0,
2025-07-10 23:15:50,119.23841333333333,32.21374333333333,4.4,127.4,127.0,
2025-07-10 23:18:37,119.24255166666669,32.21097833333334,6.5,125.9,125.0,
2025-07-10 23:20:38,119.24623833333334,32.20885666666667,7.1,125.1,125.0,
2025-07-10 23:22:38,119.250245,32.20663166666667,7.2,119.4,119.0,
2025-07-10 23:24:38,119.254255,32.20435833333333,7.5,127.1,127.0,
2025-07-10 23:26:38,119.25814666666666,32.201771666666666,7.4,128.2,128.0,
2025-07-10 23:28:49,119.262465,32.199133333333336,7.4,123.8,123.0,
2025-07-10 23:30:49,119.26653666666668,32.196868333333335,7.4,124.0,124.0,
2025-07-10 23:32:50,119.27055666666666,32.19498333333333,7.0,117.2,117.0,
2025-07-10 23:35:20,119.275915,32.192998333333335,7.2,111.7,111.0,
2025-07-10 23:37:20,119.28033166666668,32.191725,7.1,106.0,106.0,
2025-07-10 23:39:31,119.285315,32.190783333333336,7.1,99.0,99.0,
2025-07-10 23:41:32,119.28993,32.190196666666665,7.2,97.9,97.0,
2025-07-10 23:44:02,119.29584,32.189795,7.3,92.9,92.0,
2025-07-10 23:46:42,119.302235,32.18955,7.3,93.6,93.0,
2025-07-10 23:49:31,119.308965,32.189436666666666,7.4,88.1,88.0,
2025-07-10 23:51:37,119.31411333333334,32.18961,7.5,89.2,89.0,
2025-07-10 23:53:38,119.31902833333334,32.189593333333335,7.5,88.6,88.0,
2025-07-10 23:55:38,119.323865,32.189901666666664,7.5,86.4,86.0,
2025-07-10 23:58:38,119.33107333333334,32.19079,7.4,77.2,77.0,
2025-07-11 00:00:49,119.33636,32.19184166666667,7.6,75.0,75.0,
2025-07-11 00:02:49,119.341165,32.193045,7.5,72.0,72.0,
2025-07-11 00:06:06,119.348625,32.19551,7.5,68.0,68.0,
2025-07-11 00:08:36,119.354135,32.197698333333335,7.5,62.5,62.0,
2025-07-11 00:10:37,119.35853833333331,32.199695,7.4,58.5,58.0,
2025-07-11 00:12:37,119.36227666666667,32.202241666666666,7.5,47.2,47.0,
2025-07-11 00:15:33,119.36756666666666,32.20697166666667,8.5,39.3,39.0,
2025-07-11 00:18:07,119.37209666666666,32.2121,9.3,36.3,36.0,
2025-07-11 00:20:07,119.37586666666668,32.216116666666665,9.3,39.7,39.0,
2025-07-11 00:22:07,119.37979333333334,32.220045,9.3,37.7,37.0,
2025-07-11 00:24:36,119.38449,32.22519,9.4,39.9,39.0,
2025-07-11 00:26:36,119.38827333333332,32.22891333333333,8.5,39.0,39.0,
2025-07-11 00:28:37,119.391595,32.23255,8.1,39.4,39.0,
2025-07-11 00:30:37,119.39491333333334,32.236023333333335,8.2,39.5,39.0,
2025-07-11 00:32:37,119.39823833333334,32.23955,8.0,39.2,39.0,
2025-07-11 01:36:19,119.53912166666667,32.23504666666667,8.0,138.0,138.0,
2025-07-11 01:38:19,119.54244666666666,32.23177666666667,7.3,139.0,139.0,
2025-07-11 01:40:49,119.54609666666668,32.22822,6.7,139.5,139.0,
2025-07-11 01:44:00,119.54933833333334,32.22210666666667,8.5,168.3,168.0,
2025-07-11 01:46:00,119.54975833333332,32.217215,9.1,178.4,178.0,
2025-07-11 01:48:00,119.54954,32.212085,9.0,184.4,184.0,
2025-07-11 01:50:00,119.54926,32.20747166666666,7.9,179.1,179.0,
2025-07-11 01:53:36,119.55045,32.20041666666667,7.0,163.0,163.0,
2025-07-11 01:55:37,119.55257833333332,32.19692166666667,7.1,144.0,144.0,
2025-07-11 01:58:37,119.55764166666668,32.192655,7.4,124.9,124.0,
2025-07-11 02:00:38,119.55764166666668,32.192655,7.4,124.9,124.0,
2025-07-11 02:04:13,119.57089333333332,32.188476666666666,8.2,102.6,102.0,
2025-07-11 02:06:37,119.57726,32.18760833333333,8.2,95.1,95.0,
2025-07-11 02:09:07,119.58393166666669,32.187261666666664,8.1,92.6,92.0,
2025-07-11 02:11:37,119.59028833333332,32.18718166666667,7.6,86.8,86.0,
2025-07-11 02:13:41,119.59151,32.18734,7.8,81.0,81.0,
2025-07-11 02:16:07,119.60316166666668,32.189011666666666,9.4,84.8,84.0,
2025-07-11 02:18:07,119.60886333333332,32.18989833333333,8.4,77.3,77.0,
2025-07-11 02:21:07,119.61243833333332,32.19072,7.1,73.4,73.0,
2025-07-11 02:23:25,119.61808,32.19192833333334,7.8,77.5,77.0,
2025-07-11 02:26:42,119.63071666666669,32.19368166666667,8.5,78.8,78.0,
2025-07-11 02:30:37,119.641315,32.196243333333335,8.7,70.5,70.0,
2025-07-11 02:33:59,119.64661166666669,32.198161666666664,8.7,65.0,65.0,
2025-07-11 02:36:07,119.65514333333331,32.202241666666666,8.4,55.1,55.0,
2025-07-11 02:38:31,119.65736,32.203653333333335,8.5,52.9,52.0,
2025-07-11 02:40:36,119.66440333333334,32.20912,8.3,41.1,41.0,
2025-07-11 02:42:37,119.66746166666668,32.213006666666665,8.6,30.1,30.0,
2025-07-11 02:45:37,119.67188833333331,32.21933833333333,8.8,30.1,30.0,
2025-07-11 02:47:37,119.67255666666668,32.220353333333335,8.7,29.2,29.0,
2025-07-11 02:49:37,119.67534833333332,32.224665,8.9,28.1,28.0,
2025-07-11 02:51:39,119.67760166666666,32.229615,8.5,17.4,17.0,
2025-07-11 02:53:45,119.67932166666668,32.23417166666667,8.7,18.3,18.0,
2025-07-11 04:42:15,119.87190166666667,32.239625,8.6,165.8,165.0,
2025-07-11 04:44:28,119.873485,32.23452833333333,8.8,164.7,164.0,
2025-07-11 04:46:31,119.87620333333334,32.226025,9.1,164.6,164.0,
2025-07-11 04:48:36,119.87659833333332,32.224801666666664,9.2,164.7,164.0,
2025-07-11 04:51:32,119.87936666666668,32.21337,9.4,170.6,170.0,
2025-07-11 04:53:38,119.878845,32.21602,9.4,170.0,170.0,
2025-07-11 04:55:43,119.881605,32.20250166666667,9.5,168.7,168.0,
2025-07-11 04:57:43,119.88247666666666,32.197335,9.0,174.7,174.0,
2025-07-11 04:59:52,119.88247666666666,32.197335,9.0,174.7,174.0,
2025-07-11 05:02:08,119.883755,32.187643333333334,7.1,171.4,171.0,
2025-07-11 05:04:53,119.88391166666666,32.186746666666664,6.7,171.5,171.0,
2025-07-11 05:07:08,119.88522,32.17662833333333,9.4,174.6,174.0,
2025-07-11 05:09:24,119.88552833333334,32.17406166666667,9.5,173.9,173.0,
2025-07-11 05:11:53,119.88609333333332,32.16814333333333,9.9,176.0,176.0,
2025-07-11 05:14:41,119.88774,32.158856666666665,9.6,166.9,166.0,
2025-07-11 05:17:07,119.890145,32.150241666666666,9.6,167.1,167.0,
2025-07-11 05:19:34,119.89142,32.14640833333333,9.6,162.9,162.0,
2025-07-11 05:21:38,119.89427,32.13874,9.6,161.8,161.0,
2025-07-11 05:24:08,119.89757666666668,32.13288333333333,9.1,149.4,149.0,
2025-07-11 05:26:15,119.89827166666667,32.13181,9.1,151.3,151.0,
2025-07-11 05:28:38,119.90224833333332,32.12218,9.3,167.5,167.0,
2025-07-11 05:31:08,119.90357166666666,32.11582666666666,9.3,168.8,168.0,
2025-07-11 05:33:19,119.90392333333334,32.11455,9.1,166.6,166.0,
2025-07-11 05:35:38,119.90731166666669,32.10486,9.1,167.1,167.0,
2025-07-11 05:37:38,119.90764333333334,32.10359,9.1,167.7,167.0,
2025-07-11 05:39:50,119.9088,32.09872166666667,8.9,167.9,167.0,
2025-07-11 05:42:11,119.91043666666668,32.09357,8.7,164.4,164.0,
2025-07-11 05:44:37,119.91284,32.087975,8.5,157.9,157.0,
2025-07-11 05:47:29,119.91830333333333,32.078085,8.5,150.0,150.0,
2025-07-11 05:49:47,119.91917166666668,32.076681666666666,8.8,152.8,152.0,
2025-07-11 05:52:08,119.92416666666666,32.06754166666666,9.1,151.7,151.0,
2025-07-11 05:54:08,119.92677,32.063065,8.9,156.0,156.0,
2025-07-11 05:56:08,119.92902333333332,32.058505,9.1,157.3,157.0,
2025-07-11 05:58:08,119.93164,32.05387666666667,9.3,154.5,154.0,
2025-07-11 06:00:38,119.93480166666669,32.048005,9.3,154.1,154.0,
2025-07-11 06:02:49,119.93777666666666,32.042845,9.4,154.2,154.0,
2025-07-11 06:05:20,119.94164333333332,32.03716166666667,9.4,145.5,145.0,
2025-07-11 06:07:24,119.94522666666668,32.032763333333335,9.5,148.0,148.0,
2025-07-11 06:09:38,119.94858,32.027715,9.1,151.6,151.0,
2025-07-11 06:11:38,119.951265,32.023425,8.5,150.8,150.0,
2025-07-11 06:13:38,119.95416166666666,32.01943833333333,8.4,148.6,148.0,
2025-07-11 06:15:38,119.95691666666669,32.01551333333333,8.0,148.9,148.0,
2025-07-11 06:17:49,119.96053166666668,32.01190833333333,7.8,129.0,129.0,
2025-07-11 06:19:49,119.96455166666668,32.008895,8.2,128.2,128.0,
2025-07-11 06:21:49,119.96893333333334,32.00592833333334,8.8,130.6,130.0,
2025-07-11 06:23:50,119.97359833333331,32.002865,9.0,125.1,125.0,
2025-07-11 06:25:50,119.97824166666666,31.99979833333333,9.1,129.9,129.0,
2025-07-11 06:28:01,119.98344,31.996346666666668,9.2,127.4,127.0,
2025-07-11 06:30:01,119.98770166666668,31.992691666666666,9.4,140.2,140.0,
2025-07-11 06:32:31,119.992505,31.987656666666663,9.2,141.5,141.0,
2025-07-11 06:34:32,119.9959,31.983525,8.9,145.6,145.0,
2025-07-11 06:36:32,119.99938166666666,31.97985,8.4,137.0,137.0,
2025-07-11 06:38:43,120.00380833333334,31.97676,7.8,126.5,126.0,
2025-07-11 06:40:43,120.00777833333332,31.974083333333333,7.7,129.6,129.0,
2025-07-11 06:42:43,120.01176666666667,31.971466666666668,7.7,124.9,124.0,
2025-07-11 06:45:13,120.01705166666666,31.96861,7.7,120.7,120.0,
2025-07-11 06:47:13,120.021605,31.966775,7.5,111.4,111.0,
2025-07-11 06:49:25,120.026725,31.96524833333333,7.7,109.2,109.0,
2025-07-11 06:51:25,120.03151,31.96377,7.8,110.7,110.0,
2025-07-11 06:53:56,120.03735666666668,31.96169666666667,7.7,114.1,114.0,
2025-07-11 06:56:25,120.043135,31.95987,7.4,106.7,106.0,
2025-07-11 06:58:37,120.04818666666668,31.95865,7.3,106.9,106.0,
2025-07-11 07:00:37,120.05278666666666,31.95751,7.3,106.5,106.0,
2025-07-11 07:03:07,120.05858833333332,31.956326666666666,7.2,102.3,102.0,
2025-07-11 07:05:07,120.06314,31.955471666666668,7.2,103.8,103.0,
2025-07-11 07:07:07,120.06758666666668,31.954211666666662,7.2,111.0,111.0,
2025-07-11 07:09:19,120.07227166666668,31.952706666666668,6.9,109.3,109.0,
2025-07-11 07:11:49,120.077575,31.950985,6.9,112.8,112.0,
2025-07-11 07:13:49,120.08172333333331,31.949646666666663,6.7,108.3,108.0,
2025-07-11 07:16:49,120.08792833333334,31.94828,6.4,105.3,105.0,
2025-07-11 07:19:30,120.09312166666666,31.94673833333333,6.2,112.3,112.0,
2025-07-11 07:21:30,120.09694166666668,31.945401666666665,6.2,113.5,113.0,
2025-07-11 07:23:31,120.10061833333332,31.94403833333333,6.2,110.7,110.0,
2025-07-11 07:25:31,120.10442,31.94307,6.1,106.4,106.0,
2025-07-11 07:27:31,120.10814833333332,31.94213333333333,6.0,107.3,107.0,
2025-07-11 07:30:08,120.11312833333334,31.94083,6.0,107.9,107.0,
2025-07-11 07:32:38,120.11787833333334,31.93945833333333,6.2,110.0,110.0,
2025-07-11 07:35:21,120.123105,31.938075,6.1,104.7,104.0,
2025-07-11 07:37:38,120.12749,31.93706,6.1,105.5,105.0,
2025-07-11 07:39:38,120.13130833333334,31.936106666666667,6.1,106.1,106.0,
2025-07-11 07:43:08,120.13791,31.934248333333333,6.0,103.5,103.0,
2025-07-11 07:46:38,120.14454833333332,31.933015,5.9,99.7,99.0,
2025-07-11 07:48:38,120.14839666666668,31.932455,6.0,99.4,99.0,
2025-07-11 07:50:38,120.1522,31.931836666666666,6.0,104.4,104.0,
2025-07-11 07:54:38,120.15951833333334,31.929728333333333,5.7,99.7,99.0,
2025-07-11 07:58:08,120.16604833333334,31.929046666666668,5.8,98.6,98.0,
2025-07-11 08:01:17,120.17188833333331,31.92856,5.5,94.1,94.0,
2025-07-11 08:05:14,120.17898666666666,31.928845,5.6,87.5,87.0,
2025-07-11 08:08:36,120.18529833333334,31.928645,5.7,94.3,94.0,
2025-07-11 08:11:07,120.19009333333334,31.92825833333333,6.0,93.7,93.0,
2025-07-11 08:14:37,120.19726333333334,31.928601666666665,6.4,84.4,84.0,
2025-07-11 08:16:37,120.20132166666669,31.92918833333333,6.3,77.3,77.0,
2025-07-11 08:19:18,120.207035,31.92928333333333,6.7,86.4,86.0,
2025-07-11 08:21:36,120.212205,31.92931833333333,7.0,93.6,93.0,
2025-07-11 08:23:37,120.21680333333332,31.92928833333333,6.9,89.1,89.0,
2025-07-11 08:25:37,120.22104,31.929585,6.3,85.1,85.0,
2025-07-11 08:27:37,120.225055,31.93002,6.1,84.2,84.0,
2025-07-11 08:29:37,120.22903666666669,31.93028333333333,6.1,87.0,87.0,
2025-07-11 08:32:19,120.23437333333334,31.93093333333333,6.0,82.4,82.0,
2025-07-11 08:34:19,120.23823666666668,31.931705,6.0,71.2,71.0,
2025-07-11 08:36:19,120.24189,31.932938333333333,6.1,68.4,68.0,
2025-07-11 08:39:41,120.24810833333332,31.934871666666663,6.2,69.7,69.0,
2025-07-11 08:42:36,120.25401166666668,31.936231666666668,6.4,75.6,75.0,
2025-07-11 08:44:36,120.25804333333332,31.93728833333333,6.3,67.9,67.0,
2025-07-11 08:46:36,120.26173166666666,31.938886666666665,6.3,62.4,62.0,
2025-07-11 08:48:36,120.26527,31.94067666666667,6.3,57.2,57.0,
2025-07-11 08:50:37,120.26880166666666,31.94230333333333,6.1,64.8,64.0,
2025-07-11 08:52:37,120.272465,31.943635,6.0,65.8,65.0,
2025-07-11 08:54:37,120.27622166666669,31.944786666666666,6.4,71.7,71.0,
2025-07-11 08:57:37,120.28202166666668,31.947033333333334,6.5,55.9,55.0,
2025-07-11 09:00:07,120.28635166666666,31.94951,6.2,59.5,59.0,
2025-07-11 09:02:37,120.29080666666668,31.951598333333333,6.2,61.1,61.0,
2025-07-11 09:04:37,120.294345,31.95313,5.9,65.1,65.0,
2025-07-11 09:08:07,120.30056666666668,31.95544333333333,6.0,69.6,69.0,
2025-07-11 09:10:07,120.30416333333334,31.95677833333333,6.1,62.2,62.0,
2025-07-11 09:12:37,120.30846,31.95899,6.0,59.9,59.0,
2025-07-11 09:14:58,120.312505,31.961026666666665,6.2,58.4,58.0,
2025-07-11 09:17:07,120.31627833333332,31.962906666666665,6.3,59.4,59.0,
2025-07-11 09:20:37,120.3225,31.96607833333333,6.3,57.2,57.0,
2025-07-11 09:22:37,120.32579166666666,31.96814,6.4,53.3,53.0,
2025-07-11 09:24:37,120.32918833333332,31.970205,6.3,54.7,54.0,
2025-07-11 09:26:37,120.33249833333332,31.97242,6.5,50.7,50.0,
2025-07-11 09:28:37,120.335695,31.97481,6.5,48.2,48.0,
2025-07-11 09:31:18,120.34001666666668,31.977971666666665,6.4,45.6,45.0,
2025-07-11 09:33:19,120.34310333333332,31.980416666666667,6.4,49.0,49.0,
2025-07-11 09:35:19,120.34628833333332,31.98276,6.4,48.7,48.0,
2025-07-11 09:37:19,120.34941833333332,31.985141666666667,6.4,50.0,50.0,
2025-07-11 09:39:50,120.35382166666666,31.987681666666667,6.4,57.1,57.0,
2025-07-11 09:42:07,120.35797166666669,31.989853333333333,6.6,60.1,60.0,
2025-07-11 09:44:07,120.36176833333332,31.99166,6.6,59.1,59.0,
2025-07-11 09:46:37,120.366535,31.994041666666668,6.7,64.1,64.0,
2025-07-11 09:49:07,120.37121166666668,31.996405,6.7,55.9,55.0,
2025-07-11 09:51:07,120.37478166666666,31.998541666666668,6.8,54.1,54.0,
2025-07-11 09:53:36,120.37913333333331,32.001646666666666,6.9,45.5,45.0,
2025-07-11 09:55:37,120.38225166666666,32.004333333333335,6.9,49.5,49.0,
2025-07-11 09:57:37,120.385815,32.00676833333333,7.0,51.3,51.0,
2025-07-11 09:59:37,120.38961333333332,32.00905,7.1,56.4,56.0,
2025-07-11 10:01:37,120.39345,32.01123833333333,7.1,55.1,55.0,
2025-07-11 10:03:48,120.3977,32.013553333333334,7.1,58.4,58.0,
2025-07-11 10:05:48,120.40189166666669,32.01526166666667,7.1,66.0,66.0,
2025-07-11 10:07:49,120.40621833333331,32.01688,7.3,67.5,67.0,
2025-07-11 10:10:49,120.41283833333334,32.01922833333333,7.3,65.9,65.0,
2025-07-11 10:13:00,120.417605,32.02112666666667,7.4,64.5,64.0,
2025-07-11 10:15:00,120.42196333333334,32.022846666666666,7.3,67.3,67.0,
2025-07-11 10:17:21,120.42722,32.02466166666667,7.4,68.3,68.0,
2025-07-11 10:19:37,120.43249,32.026246666666665,7.6,70.8,70.0,
2025-07-11 10:21:37,120.43717666666667,32.02758166666667,7.6,73.6,73.0,
2025-07-11 10:24:07,120.44327,32.028861666666664,7.7,75.0,75.0,
2025-07-11 10:26:07,120.44811166666666,32.03013,7.8,70.4,70.0,
2025-07-11 10:28:19,120.45337333333332,32.03160833333333,7.8,74.4,74.0,
2025-07-11 10:30:48,120.45968666666668,32.03228166666667,7.8,88.6,88.0,
2025-07-11 10:33:19,120.46599666666668,32.03243833333333,7.7,88.7,88.0,
2025-07-11 10:35:49,120.47226666666668,32.03183,7.7,98.3,98.0,
2025-07-11 10:38:00,120.47781333333332,32.031255,7.8,94.8,94.0,
2025-07-11 10:40:00,120.48289,32.03079833333334,7.7,96.4,96.0,
2025-07-11 10:42:37,120.48927,32.030295,7.4,93.5,93.0,
2025-07-11 10:45:37,120.49643333333331,32.02968166666667,7.4,94.8,94.0,
2025-07-11 10:47:37,120.50124333333332,32.02923,7.5,98.9,98.0,
2025-07-11 10:50:07,120.50711333333334,32.02782,7.4,106.0,106.0,
2025-07-11 10:52:18,120.51217,32.02634166666667,7.5,110.0,110.0,
2025-07-11 10:54:19,120.51674,32.024735,7.5,111.8,111.0,
2025-07-11 10:56:19,120.52110166666668,32.02314833333333,7.3,114.6,114.0,
2025-07-11 10:58:19,120.52547166666666,32.021265,7.5,116.4,116.0,
2025-07-11 11:00:19,120.52996833333331,32.01959,7.5,114.4,114.0,
2025-07-11 11:02:30,120.53479333333334,32.01794833333334,7.3,108.4,108.0,
2025-07-11 11:05:00,120.54047666666666,32.01607166666667,7.4,113.6,113.0,
2025-07-11 11:07:31,120.545985,32.014015,7.4,114.9,114.0,
2025-07-11 11:09:31,120.55042833333331,32.01226166666667,7.4,114.7,114.0,
2025-07-11 11:11:31,120.554835,32.01063666666667,7.3,110.8,110.0,
2025-07-11 11:13:42,120.55956666666668,32.008885,7.3,113.7,113.0,
2025-07-11 11:16:12,120.56497,32.007015,7.1,114.9,114.0,
2025-07-11 11:18:12,120.56917833333333,32.005221666666664,7.0,115.7,115.0,
2025-07-11 11:23:54,120.580805,32.000725,6.9,110.1,110.0,
2025-07-11 11:26:24,120.58620833333332,31.99936333333333,7.0,106.7,106.0,
2025-07-11 11:28:24,120.59063,31.998236666666667,7.2,106.0,106.0,
2025-07-11 11:30:24,120.59517333333334,31.997225,7.2,103.4,103.0,
2025-07-11 11:32:36,120.60033833333334,31.99633333333333,7.4,102.3,102.0,
2025-07-11 11:34:36,120.60504166666666,31.995585,7.4,99.2,99.0,
2025-07-11 11:36:36,120.609875,31.99508,7.6,95.8,95.0,
2025-07-11 11:38:37,120.614935,31.994606666666662,7.7,97.5,97.0,
2025-07-11 11:40:37,120.61995,31.994305,7.7,92.1,92.0,
2025-07-11 11:42:37,120.62510333333331,31.994256666666665,7.9,91.6,91.0,
2025-07-11 11:44:37,120.63032166666666,31.994191666666666,8.0,88.2,88.0,
2025-07-11 11:47:07,120.63696166666666,31.99460333333333,8.2,86.5,86.0,
2025-07-11 11:49:49,120.644125,31.994895,8.2,84.3,84.0,
2025-07-11 11:51:49,120.64943166666669,31.99558833333333,8.4,80.8,80.0,
2025-07-11 11:53:49,120.65479833333332,31.996635,8.3,76.0,76.0,
2025-07-11 11:57:19,120.664265,31.997445,8.2,88.8,88.0,
2025-07-11 11:59:30,120.67026333333334,31.99784333333333,8.4,84.1,84.0,
2025-07-11 12:02:00,120.6773,31.998521666666665,8.9,82.8,82.0,
2025-07-11 12:04:00,120.68319666666666,31.99941833333333,9.3,79.1,79.0,
2025-07-11 12:07:00,120.6923,32.001083333333334,9.6,77.0,77.0,
2025-07-11 12:09:42,120.70065166666669,32.002613333333336,9.7,77.8,77.0,
2025-07-11 12:11:42,120.70693,32.00353333333333,9.5,83.0,83.0,
2025-07-11 12:13:42,120.71281,32.00385,8.6,88.7,88.0,
2025-07-11 12:16:12,120.71954166666669,32.0037,8.2,92.6,92.0,
2025-07-11 12:18:36,120.72586666666666,32.002876666666666,7.9,97.8,97.0,
2025-07-11 12:20:37,120.73076666666668,32.00344,7.6,76.0,76.0,
2025-07-11 12:22:37,120.73585666666666,32.00416333333333,8.0,82.3,82.0,
2025-07-11 12:25:07,120.74236833333332,32.005028333333335,8.0,79.3,79.0,
2025-07-11 12:27:48,120.7495,32.006006666666664,8.3,81.0,81.0,
2025-07-11 12:29:53,120.75514833333334,32.006635,8.3,82.6,82.0,
2025-07-11 12:32:07,120.761115,32.00741166666667,8.3,82.5,82.0,
2025-07-11 12:34:07,120.76653666666668,32.007641666666665,8.3,87.0,87.0,
2025-07-11 12:36:07,120.77203166666666,32.007605,8.4,92.8,92.0,
2025-07-11 12:38:07,120.77753,32.007425,8.3,93.1,93.0,
2025-07-11 12:40:07,120.78296333333331,32.00672,8.4,102.9,102.0,
2025-07-11 12:42:18,120.78882833333331,32.005275,8.5,107.4,107.0,
2025-07-11 12:44:19,120.79410333333334,32.003663333333336,8.5,111.9,111.0,
2025-07-11 12:46:19,120.79917666666668,32.00199666666666,8.3,109.5,109.0,
2025-07-11 12:48:19,120.80449666666668,32.000861666666665,8.4,102.1,102.0,
2025-07-11 12:51:00,120.81157166666668,31.998745,8.6,115.2,115.0,
2025-07-11 12:53:00,120.816345,31.99618333333333,8.8,126.9,126.0,
2025-07-11 12:55:37,120.82242833333332,31.992328333333333,8.9,128.0,128.0,
2025-07-11 12:57:37,120.82683666666668,31.989266666666666,8.7,130.3,130.0,
2025-07-11 12:59:37,120.831215,31.98621,8.6,129.2,129.0,
2025-07-11 13:01:37,120.835245,31.98278833333333,8.8,140.5,140.0,
2025-07-11 13:03:37,120.83881666666667,31.978998333333333,8.7,142.5,142.0,
2025-07-11 13:05:48,120.84241,31.97465333333333,8.5,146.0,146.0,
2025-07-11 13:07:48,120.84568666666668,31.970891666666667,8.4,142.7,142.0,
2025-07-11 13:09:48,120.848875,31.96704666666667,8.5,145.5,145.0,
2025-07-11 13:11:49,120.85174166666668,31.96306833333333,8.6,150.7,150.0,
2025-07-11 13:13:49,120.85444666666666,31.958856666666662,8.5,152.1,152.0,
2025-07-11 13:16:00,120.85732166666666,31.954195,8.6,155.2,155.0,
2025-07-11 13:18:00,120.85969166666666,31.949841666666668,8.7,156.6,156.0,
2025-07-11 13:20:00,120.861765,31.94540333333333,8.5,158.5,158.0,
2025-07-11 13:22:00,120.86381666666666,31.941021666666668,8.4,159.8,159.0,
2025-07-11 13:24:01,120.86584166666668,31.936761666666666,8.2,157.8,157.0,
2025-07-11 13:26:12,120.86786333333332,31.932106666666662,8.2,161.7,161.0,
2025-07-11 13:28:12,120.86956166666668,31.927846666666667,8.0,161.4,161.0,
2025-07-11 13:30:12,120.87094,31.923535,7.9,166.9,166.0,
2025-07-11 13:32:12,120.872345,31.91943333333333,7.6,163.5,163.0,
2025-07-11 13:34:12,120.87353,31.915231666666667,7.7,167.6,167.0,
2025-07-11 13:36:24,120.87489,31.910823333333333,7.6,165.2,165.0,
2025-07-11 13:39:07,120.87624333333332,31.905115,7.7,169.7,169.0,
2025-07-11 13:41:07,120.87719333333334,31.900975,7.7,168.6,168.0,
2025-07-11 13:43:07,120.87837,31.89688333333333,7.5,163.7,163.0,
2025-07-11 13:45:07,120.87973,31.892896666666665,7.7,164.4,164.0,
2025-07-11 13:47:07,120.88091833333333,31.888721666666665,7.7,168.3,168.0,
2025-07-11 13:49:18,120.88187833333332,31.88409,7.8,171.6,171.0,
2025-07-11 13:51:19,120.88296666666666,31.879991666666665,7.6,163.6,163.0,
2025-07-11 13:53:19,120.88409333333334,31.875733333333333,7.9,171.1,171.0,
2025-07-11 13:55:37,120.885185,31.87071333333333,7.9,169.1,169.0,
2025-07-11 13:57:37,120.88625666666668,31.86644,7.8,166.3,166.0,
2025-07-11 13:59:37,120.88757,31.862176666666667,7.9,164.5,164.0,
2025-07-11 14:02:07,120.88931833333334,31.85693833333333,7.9,163.4,163.0,
2025-07-11 14:04:48,120.89154333333332,31.851388333333333,7.7,157.7,157.0,
2025-07-11 14:06:48,120.89358,31.847421666666666,7.8,156.6,156.0,
2025-07-11 14:08:49,120.89584833333332,31.843585,7.8,151.7,151.0,
2025-07-11 14:10:49,120.89804833333334,31.83943,8.4,157.6,157.0,
2025-07-11 14:13:19,120.90055,31.83388,8.6,158.1,158.0,
2025-07-11 14:16:00,120.90384666666668,31.827965,8.8,151.7,151.0,
2025-07-11 14:18:00,120.90641666666669,31.82346833333333,9.1,155.9,155.0,
2025-07-11 14:20:31,120.909495,31.81814333333333,8.2,152.9,152.0,
2025-07-11 14:22:31,120.91199833333332,31.814336666666662,7.7,146.0,146.0,
2025-07-11 14:25:12,120.91622,31.809596666666668,8.3,147.9,147.0,
2025-07-11 14:27:12,120.91898666666668,31.805656666666668,8.4,150.5,150.0,
2025-07-11 14:29:12,120.92144666666668,31.801223333333333,9.1,154.2,154.0,
2025-07-11 14:31:12,120.92387833333332,31.79638,9.4,157.3,157.0,
2025-07-11 14:33:43,120.92801833333333,31.79115333333333,8.8,135.7,135.0,
2025-07-11 14:36:24,120.93379,31.786725,8.8,129.6,129.0,
2025-07-11 14:38:24,120.938615,31.784425,8.5,112.1,112.0,
2025-07-11 14:41:24,120.94546833333334,31.78103833333333,7.6,117.3,117.0,
2025-07-13 18:26:37,120.98044666666668,31.780113333333333,10.6,271.2,271.0,
2025-07-13 18:28:37,120.97369333333332,31.780405,10.4,275.1,275.0,
2025-07-13 18:30:48,120.96628166666666,31.781126666666665,10.4,275.4,275.0,
2025-07-13 18:32:48,120.95959333333332,31.781856666666663,10.4,280.3,280.0,
2025-07-13 18:35:19,120.95161,31.783896666666667,10.0,292.7,292.0,
2025-07-13 18:37:19,120.94636833333334,31.786691666666663,8.7,305.3,305.0,
2025-07-13 18:39:49,120.94048333333332,31.790066666666668,9.1,305.1,305.0,
2025-07-13 18:43:00,120.93328833333334,31.795515,9.4,314.3,314.0,
2025-07-13 18:45:00,120.92940666666668,31.799603333333334,9.3,325.9,325.0,
2025-07-13 18:47:07,120.926235,31.80419,9.1,333.8,333.0,
2025-07-13 18:49:07,120.92392666666667,31.80871833333333,8.9,333.2,333.0,
2025-07-13 18:51:07,120.92144666666668,31.81328,9.1,337.0,337.0,
2025-07-13 18:53:07,120.91928833333333,31.81808,9.2,337.2,337.0,
2025-07-13 18:55:07,120.916295,31.822365,9.1,325.4,325.0,
2025-07-13 18:57:18,120.91234666666666,31.826815,9.2,325.2,325.0,
2025-07-13 19:00:42,120.90702333333331,31.834056666666665,9.1,338.5,338.0,
2025-07-13 19:03:07,120.90495333333334,31.84006833333333,9.3,341.8,341.0,
2025-07-13 19:05:07,120.90264166666668,31.84491166666667,9.5,338.8,338.0,
2025-07-13 19:07:37,120.90063333333332,31.851165,9.4,345.7,345.0,
2025-07-13 19:10:07,120.89829833333332,31.857188333333333,8.9,340.3,340.0,
2025-07-13 19:12:48,120.89686833333332,31.863671666666665,8.7,352.6,352.0,
2025-07-13 19:14:48,120.89546,31.868275,8.7,342.6,342.0,
2025-07-13 19:17:07,120.89359666666668,31.873625,8.9,347.7,347.0,
2025-07-13 19:19:07,120.89262833333332,31.87848333333333,8.8,350.7,350.0,
2025-07-13 19:21:07,120.89152,31.88323,8.7,346.8,346.0,
2025-07-13 19:23:07,120.88968,31.88783,8.6,337.1,337.0,
2025-07-13 19:25:07,120.88782,31.892395,8.7,345.5,345.0,
2025-07-13 19:27:18,120.88619333333334,31.89749,8.6,342.8,342.0,
2025-07-13 19:29:19,120.88440833333334,31.902006666666665,8.6,339.1,339.0,
2025-07-13 19:31:37,120.88217166666666,31.907171666666667,8.7,342.7,342.0,
2025-07-13 19:33:37,120.88069166666666,31.9119,8.8,344.3,344.0,
2025-07-13 19:35:37,120.87920166666666,31.91655833333333,8.8,345.6,345.0,
2025-07-13 19:37:37,120.87748666666668,31.92112,8.6,339.1,339.0,
2025-07-13 19:40:07,120.87443166666668,31.92656,8.9,334.3,334.0,
2025-07-13 19:42:07,120.87209333333334,31.93110666666667,8.9,338.4,338.0,
2025-07-13 19:44:07,120.86999833333331,31.935603333333333,8.6,338.1,338.0,
2025-07-13 19:46:07,120.86807833333332,31.940115,8.5,340.2,340.0,
2025-07-13 19:48:07,120.86622666666666,31.944366666666667,7.9,338.4,338.0,
2025-07-13 19:50:18,120.86418333333332,31.94878333333333,8.0,340.3,340.0,
2025-07-13 19:52:35,120.86227333333332,31.95372833333333,8.3,341.8,341.0,
2025-07-13 19:54:37,120.86053166666666,31.958265,8.8,343.4,343.0,
2025-07-13 19:56:37,120.85864833333332,31.96304,9.2,339.2,339.0,
2025-07-13 19:59:07,120.85589333333331,31.968018333333333,7.2,333.3,333.0,
2025-07-13 20:01:16,120.85319333333334,31.971556666666668,7.2,321.8,321.0,
2025-07-13 20:03:37,120.84906,31.975773333333333,8.9,319.5,319.0,
2025-07-13 20:05:37,120.84469833333333,31.979125,9.1,307.4,307.0,
2025-07-13 20:07:38,120.840095,31.982291666666665,9.1,310.0,310.0,
2025-07-13 20:09:38,120.83600166666666,31.985883333333334,8.8,321.8,321.0,
2025-07-13 20:11:38,120.83237,31.98954833333333,8.8,317.7,317.0,
2025-07-13 20:13:49,120.82800166666668,31.99331833333333,8.5,312.1,312.0,
2025-07-13 20:15:49,120.82382333333334,31.99651,8.8,313.4,313.0,
2025-07-13 20:17:49,120.81962833333333,31.999831666666665,8.5,312.1,312.0,
2025-07-13 20:19:50,120.81538833333332,32.002741666666665,8.3,306.9,306.0,
2025-07-13 20:21:50,120.81093,32.00533,8.2,303.9,303.0,
2025-07-13 20:24:01,120.80585666666668,32.007755,8.0,295.9,295.0,
2025-07-13 20:27:08,120.798105,32.010585,8.4,289.0,289.0,
2025-07-13 20:29:08,120.792735,32.01165666666667,8.5,280.8,280.0,
2025-07-13 20:31:08,120.787355,32.01249333333333,8.4,280.1,280.0,
2025-07-13 20:34:08,120.77927333333334,32.01320333333334,8.2,272.8,272.0,
2025-07-13 20:36:38,120.772605,32.01338,8.3,270.6,270.0,
2025-07-13 20:38:38,120.76705333333334,32.01330166666666,8.4,266.8,266.0,
2025-07-13 20:41:38,120.758915,32.01298666666667,8.4,268.4,268.0,
2025-07-13 20:44:34,120.75073,32.01210666666667,8.5,259.9,259.0,
2025-07-13 20:46:37,120.74511,32.011293333333334,8.6,260.4,260.0,
2025-07-13 20:48:38,120.73949166666668,32.01056666666667,8.6,259.3,259.0,
2025-07-13 20:51:08,120.73262166666666,32.009463333333336,8.6,259.2,259.0,
2025-07-13 20:53:38,120.72566166666668,32.00838,8.6,260.9,260.0,
2025-07-13 20:56:19,120.71801,32.00757333333333,8.7,263.2,263.0,
2025-07-13 20:58:20,120.71237666666669,32.00705166666667,8.6,262.1,262.0,
2025-07-13 21:00:20,120.70678,32.00638333333333,8.7,262.4,262.0,
2025-07-13 21:02:23,120.70100333333332,32.00551166666666,8.7,258.1,258.0,
2025-07-13 21:04:38,120.69483333333334,32.004423333333335,8.7,258.2,258.0,
2025-07-13 21:06:38,120.689205,32.00360166666667,8.7,260.6,260.0,
2025-07-13 21:08:38,120.68369333333334,32.002555,8.6,257.1,257.0,
2025-07-13 21:11:38,120.67535166666669,32.00145666666667,8.6,263.3,263.0,
2025-07-13 21:13:49,120.66918666666666,32.00098,8.6,266.6,266.0,
2025-07-13 21:17:16,120.65930333333333,32.000613333333334,9.2,269.6,269.0,
2025-07-13 21:19:38,120.65214166666668,32.00043,9.3,267.3,267.0,
2025-07-13 21:22:08,120.64467,32.00040833333333,9.1,270.6,270.0,
2025-07-13 21:25:08,120.63588666666666,32.00069166666667,8.9,273.7,273.0,
2025-07-13 21:27:19,120.62942,32.00120833333333,8.9,276.0,276.0,
2025-07-13 21:29:20,120.62362666666668,32.00163666666667,8.7,276.0,276.0,
2025-07-13 21:31:20,120.61829,32.002595,8.4,285.3,285.0,
2025-07-13 21:38:34,120.60171833333334,32.011633333333336,8.3,305.8,305.0,
2025-07-13 21:40:38,120.59735,32.01444166666667,8.0,308.6,308.0,
2025-07-13 21:42:38,120.59341,32.01732166666667,7.9,313.5,313.0,
2025-07-13 21:44:38,120.58988,32.02032,7.7,317.0,317.0,
2025-07-13 21:46:38,120.58684166666669,32.02379333333333,7.7,326.9,326.0,
2025-07-13 21:49:49,120.58203,32.02921666666666,7.4,319.5,319.0,
2025-07-13 21:52:50,120.57704333333334,32.03340166666667,7.3,311.6,311.0,
2025-07-13 21:54:50,120.57358166666668,32.036298333333335,7.5,318.4,318.0,
2025-07-13 21:56:50,120.57043666666668,32.039505,7.6,320.6,320.0,
2025-07-13 22:00:32,120.56420666666666,32.045046666666664,7.5,311.7,311.0,
2025-07-13 22:05:01,120.55514666666669,32.05041833333333,7.4,306.5,306.0,
2025-07-13 22:11:08,120.54273,32.05717166666667,7.3,302.0,302.0,
2025-07-13 22:14:08,120.53670333333334,32.06066666666667,7.3,302.4,302.0,
2025-07-13 22:17:12,120.53087333333332,32.064255,7.1,313.8,313.0,
2025-07-13 22:21:08,120.52404833333334,32.068751666666664,6.0,298.8,298.0,
2025-07-13 22:24:38,120.51768666666666,32.070715,6.3,284.3,284.0,
2025-07-13 22:27:38,120.51053166666668,32.071815,7.9,276.2,276.0,
2025-07-13 22:31:08,120.50145,32.07265833333334,8.1,280.9,280.0,
2025-07-13 22:34:06,120.493995,32.073725,7.4,273.9,273.0,
2025-07-13 22:37:08,120.486845,32.07313833333333,7.3,261.3,261.0,
2025-07-13 22:39:38,120.48106666666666,32.07219166666667,7.2,256.7,256.0,
2025-07-13 22:42:08,120.47555166666666,32.070546666666665,7.1,247.5,247.0,
2025-07-13 22:44:08,120.47128,32.06923666666667,7.0,252.1,252.0,
2025-07-13 22:46:08,120.46687833333333,32.068495,6.7,260.4,260.0,
2025-07-13 22:49:08,120.46042166666666,32.06726,6.8,253.9,253.0,
2025-07-13 22:52:38,120.45315166666668,32.064948333333334,6.8,241.2,241.0,
2025-07-13 22:55:34,120.447395,32.062353333333334,6.8,241.2,241.0,
2025-07-13 22:57:38,120.443325,32.06060333333333,6.8,241.2,241.0,
2025-07-13 23:00:08,120.43897,32.05773,6.6,230.8,230.0,
2025-07-13 23:02:38,120.43451666666668,32.055215,6.5,235.9,235.0,
2025-07-13 23:05:38,120.429985,32.05140333333333,6.5,228.8,228.0,
2025-07-13 23:09:08,120.424195,32.0472,6.7,227.2,227.0,
2025-07-13 23:11:38,120.41988666666668,32.044421666666665,6.5,232.9,232.0,
2025-07-13 23:14:08,120.41581166666668,32.041491666666666,6.7,229.1,229.0,
2025-07-13 23:16:08,120.41247666666666,32.03897166666667,6.8,229.4,229.0,
2025-07-13 23:19:38,120.40750333333334,32.03434,6.4,217.6,217.0,
2025-07-13 23:21:38,120.40478833333331,32.03159333333333,6.4,224.2,224.0,
2025-07-13 23:24:38,120.40024166666667,32.027795,6.7,222.7,222.0,
2025-07-13 23:27:08,120.39659333333331,32.02428166666667,6.7,221.2,221.0,
2025-07-13 23:29:38,120.39260166666666,32.021188333333335,6.6,231.1,231.0,
2025-07-13 23:32:08,120.38819333333332,32.01835166666667,6.8,233.2,233.0,
2025-07-13 23:34:08,120.38478833333332,32.01604,6.7,228.6,228.0,
2025-07-13 23:36:08,120.38149,32.013715,6.6,232.1,232.0,
2025-07-13 23:38:08,120.378075,32.01145666666667,6.5,232.5,232.0,
2025-07-13 23:40:08,120.37461666666668,32.00932666666667,6.5,234.1,234.0,
2025-07-13 23:42:08,120.37144,32.00697666666667,6.5,225.9,225.0,
2025-07-13 23:45:38,120.36611833333332,32.002768333333336,6.4,226.0,226.0,
2025-07-13 23:47:38,120.36296333333334,32.00045333333333,6.4,232.1,232.0,
2025-07-13 23:50:08,120.35909166666669,31.99743,6.4,226.8,226.0,
2025-07-13 23:52:08,120.35602166666666,31.9951,6.3,230.2,230.0,
2025-07-13 23:54:08,120.35281166666668,31.992801666666665,6.4,229.4,229.0,
2025-07-13 23:56:49,120.34872666666666,31.98959333333333,6.3,230.8,230.0,
2025-07-13 23:58:50,120.3455,31.98748,6.2,231.5,231.0,
2025-07-14 00:01:49,120.34088166666666,31.984123333333333,6.3,228.6,228.0,
2025-07-14 00:03:49,120.33768666666668,31.98189333333333,6.2,231.0,231.0,
2025-07-14 00:07:31,120.33084166666669,31.980771666666666,5.9,260.9,260.0,
2025-07-14 00:09:36,120.32680833333332,31.97982,6.1,252.3,252.0,
2025-07-14 00:12:07,120.32232166666668,31.97831333333333,6.0,244.1,244.0,
2025-07-14 00:18:07,120.31194166666668,31.973911666666663,5.8,239.8,239.0,
2025-07-14 00:21:07,120.30747333333332,31.97108833333333,5.6,229.9,229.0,
2025-07-14 00:24:37,120.30223666666669,31.96784333333333,5.7,232.9,232.0,
2025-07-14 00:27:48,120.29763,31.964883333333333,5.5,235.0,235.0,
2025-07-14 00:30:48,120.29329,31.96234,5.4,233.6,233.0,
2025-07-14 00:34:07,120.28852,31.959793333333334,4.9,237.0,237.0,
2025-07-14 00:37:07,120.28454166666668,31.95769,4.7,238.9,238.0,
2025-07-14 00:40:07,120.280655,31.955593333333333,4.7,234.1,234.0,
2025-07-14 00:43:18,120.27653,31.953278333333333,4.8,236.2,236.0,
2025-07-14 00:46:19,120.27242666666666,31.951236666666667,4.9,237.9,237.0,
2025-07-14 00:50:19,120.266835,31.94881,5.1,248.0,248.0,
2025-07-14 00:53:39,120.26188666666668,31.947205,5.0,247.7,247.0,
2025-07-14 00:57:07,120.25679,31.94532,4.8,249.9,249.0,
2025-07-14 01:01:07,120.25135666666668,31.94424,4.1,259.3,259.0,
2025-07-14 01:05:07,120.24596666666666,31.94307833333333,4.3,252.1,252.0,
2025-07-14 01:09:37,120.239805,31.941595,4.3,256.1,256.0,
2025-07-14 01:13:07,120.23509333333334,31.941165,4.0,270.1,270.0,
2025-07-14 01:16:48,120.23006333333332,31.941243333333333,4.1,271.9,271.0,
2025-07-14 01:20:37,120.224995,31.941411666666667,4.1,273.9,273.0,
2025-07-14 01:31:19,120.21094666666669,31.94226833333333,4.0,282.4,282.0,
2025-07-14 01:35:20,120.20557833333334,31.94286,4.1,280.8,280.0,
2025-07-14 01:41:30,120.19708833333334,31.94359,4.2,277.4,277.0,
2025-07-14 01:45:31,120.19147833333334,31.943711666666665,4.3,266.0,266.0,
2025-07-14 01:50:07,120.18516666666666,31.943841666666668,4.1,280.0,280.0,
2025-07-14 01:59:19,120.17260166666668,31.94559333333333,4.3,274.9,274.0,
2025-07-14 02:04:49,120.16508,31.946606666666668,4.3,273.3,273.0,
2025-07-14 02:10:30,120.15741833333334,31.947955,4.3,283.4,283.0,
2025-07-14 02:15:08,120.150185,31.94946333333333,5.4,285.9,285.0,
2025-07-14 02:24:37,120.13558166666668,31.951271666666667,4.0,282.2,282.0,
2025-07-14 02:34:24,120.12300666666668,31.953565,4.0,276.3,276.0,
2025-07-14 02:38:07,120.118425,31.954556666666665,3.9,290.0,290.0,
2025-07-14 02:41:07,120.11492166666666,31.955745,3.9,289.3,289.0,
2025-07-14 02:46:07,120.10862333333333,31.957221666666666,4.1,287.4,287.0,
2025-07-14 02:49:07,120.104625,31.95827833333333,4.5,279.8,279.0,
2025-07-14 02:52:37,120.09948666666666,31.958838333333333,4.4,281.6,281.0,
2025-07-14 02:56:19,120.09456166666666,31.959745,4.1,278.0,278.0,
2025-07-14 02:59:20,120.09087666666667,31.960655,3.9,284.9,284.0,
2025-07-14 03:02:49,120.08658333333334,31.961341666666662,3.8,281.3,281.0,
2025-07-14 03:06:07,120.08256166666666,31.961941666666668,3.9,277.2,277.0,
2025-07-14 03:09:07,120.07890833333332,31.962561666666662,3.7,286.7,286.0,
2025-07-14 03:12:07,120.07529,31.962991666666667,3.7,281.9,281.0,
2025-07-14 03:15:07,120.07186666666666,31.963756666666665,3.7,282.9,282.0,
2025-07-14 03:18:19,120.06824166666668,31.96479666666667,3.8,291.6,291.0,
2025-07-14 03:21:19,120.06465166666666,31.96588833333333,4.0,290.0,290.0,
2025-07-14 03:24:20,120.06065166666669,31.966915,4.3,281.0,281.0,
2025-07-14 03:27:30,120.05634166666668,31.96783333333333,4.3,284.4,284.0,
2025-07-14 03:31:07,120.05140833333331,31.969141666666665,4.3,283.8,283.0,
2025-07-14 03:35:07,120.04586,31.970401666666667,4.3,291.8,291.0,
2025-07-14 03:38:07,120.04177166666666,31.971466666666668,4.4,292.3,292.0,
2025-07-14 03:41:07,120.037685,31.972665,4.5,287.7,287.0,
2025-07-14 03:44:07,120.03366833333334,31.974055,4.4,294.9,294.0,
2025-07-14 03:47:19,120.02950333333334,31.97557833333333,4.4,287.1,287.0,
2025-07-14 03:50:19,120.025375,31.97691833333333,4.8,292.3,292.0,
2025-07-14 03:53:49,120.02051666666668,31.9792,4.9,305.5,305.0,
2025-07-14 03:57:00,120.01685833333332,31.982178333333334,5.0,311.9,311.0,
2025-07-14 04:00:01,120.01312833333331,31.98482333333333,5.0,310.1,310.0,
2025-07-14 04:03:01,120.00889166666668,31.98714333333333,5.2,298.8,298.0,
2025-07-14 04:06:12,120.00414666666668,31.98928,5.1,298.4,298.0,
2025-07-14 04:09:12,119.99987166666666,31.991245,4.7,295.6,295.0,
2025-07-14 04:12:12,119.99587333333334,31.992998333333333,4.4,301.0,301.0,
2025-07-14 04:15:24,119.992215,31.995138333333333,4.2,306.8,306.0,
2025-07-14 04:18:24,119.98893833333334,31.997243333333333,4.2,316.0,316.0,
2025-07-14 04:21:24,119.98648333333334,32.000186666666664,4.3,320.2,320.0,
2025-07-14 04:24:37,119.98692166666666,31.99974,4.4,323.8,323.0,
2025-07-14 04:27:37,119.97926666666666,32.00447333333334,4.0,306.4,306.0,
2025-07-14 04:30:37,119.97639166666669,32.00650666666667,3.8,312.0,312.0,
2025-07-14 04:33:37,119.97376833333334,32.00864333333333,3.6,317.8,317.0,
2025-07-14 04:36:48,119.97130166666666,32.01114,3.7,320.5,320.0,
2025-07-14 04:39:49,119.968795,32.013335,3.7,312.2,312.0,
2025-07-14 04:43:19,119.965665,32.01566166666667,3.7,313.6,313.0,
2025-07-14 04:46:30,119.96320166666666,32.01802,3.4,323.2,323.0,
2025-07-14 04:49:42,119.96112333333332,32.02035,3.3,323.1,323.0,
2025-07-14 04:53:07,119.95883833333332,32.022668333333336,3.1,322.8,322.0,
2025-07-14 04:56:07,119.95696833333334,32.024735,3.3,324.4,324.0,
2025-07-14 04:59:07,119.95519666666668,32.02690666666667,3.2,329.5,329.0,
2025-07-14 05:02:07,119.953635,32.02914666666667,3.3,330.8,330.0,
2025-07-14 05:05:07,119.951915,32.03142166666667,3.3,322.8,322.0,
2025-07-14 05:08:19,119.95012,32.03385166666666,3.3,333.5,333.0,
2025-07-14 05:11:19,119.94913166666667,32.03637833333333,3.2,343.1,343.0,
2025-07-14 05:14:19,119.94787333333332,32.038828333333335,3.2,330.3,330.0,
2025-07-14 05:17:19,119.94589833333332,32.04100833333333,3.2,322.2,322.0,
2025-07-14 05:21:37,119.94359333333334,32.044246666666666,3.2,332.8,332.0,
2025-07-14 05:25:37,119.94211,32.04763,3.3,348.4,348.0,
2025-07-14 05:29:22,119.94198333333334,32.048098333333336,3.3,346.6,346.0,
2025-07-14 05:32:48,119.93960166666666,32.053943333333336,3.3,342.3,342.0,
2025-07-14 05:36:33,119.93924333333334,32.054838333333336,3.4,340.4,340.0,
2025-07-14 05:40:13,119.93621833333331,32.05952666666666,2.8,330.7,330.0,
2025-07-14 05:44:24,119.93441666666666,32.06327666666667,3.5,344.0,344.0,
2025-07-14 05:48:07,119.933145,32.06662,3.3,345.0,345.0,
2025-07-14 05:51:07,119.93252666666666,32.069345,3.4,350.9,350.0,
2025-07-14 05:54:37,119.93165166666668,32.07251,3.4,345.2,345.0,
2025-07-14 05:57:37,119.93063,32.075181666666666,3.4,340.7,340.0,
2025-07-14 06:01:41,119.92979166666667,32.07767,3.6,346.7,346.0,
2025-07-14 06:04:49,119.928755,32.08206,3.6,346.1,346.0,
2025-07-14 06:08:45,119.92796,32.08449,3.6,344.4,344.0,
2025-07-14 06:11:48,119.92730166666666,32.087156666666665,3.7,350.0,350.0,
2025-07-14 06:15:07,119.92589666666667,32.09222833333333,3.8,347.0,347.0,
2025-07-14 06:19:07,119.92493666666668,32.09625333333334,3.8,349.5,349.0,
2025-07-14 06:22:36,119.924755,32.097303333333336,3.8,352.8,352.0,
2025-07-14 06:25:37,119.92369666666669,32.10313166666667,3.9,349.6,349.0,
2025-07-14 06:31:22,119.92255166666666,32.107231666666664,3.7,346.3,346.0,
2025-07-14 06:34:52,119.92158666666668,32.110168333333334,3.8,343.5,343.0,
2025-07-14 06:37:59,119.92029,32.11376833333333,3.9,342.6,342.0,
2025-07-14 06:41:05,119.918855,32.117241666666665,3.8,343.4,343.0,
2025-07-14 06:44:27,119.91758166666666,32.12072833333333,3.9,340.2,340.0,
2025-07-14 06:47:37,119.91612833333332,32.12540666666667,3.9,347.6,347.0,
2025-07-14 06:51:07,119.91520666666666,32.12898666666667,3.6,344.4,344.0,
2025-07-14 06:54:19,119.914075,32.132083333333334,3.6,349.8,349.0,
2025-07-14 06:57:19,119.91325333333332,32.134951666666666,3.6,344.1,344.0,
2025-07-14 07:00:34,119.91282833333334,32.13637,3.6,348.3,348.0,
2025-07-14 07:03:37,119.91133166666668,32.14080333333333,3.6,335.8,335.0,
2025-07-14 07:06:37,119.91086166666666,32.14404833333333,4.4,0.5,0.0,
2025-07-14 07:10:07,119.91090166666666,32.14861666666667,4.9,1.7,1.0,
2025-07-14 07:13:14,119.91085333333334,32.150585,4.8,354.5,354.0,
2025-07-14 07:16:35,119.91018666666666,32.154848333333334,3.8,350.5,350.0,
2025-07-14 07:19:48,119.90920333333334,32.15987833333333,4.0,348.5,348.0,
2025-07-14 07:22:55,119.90880833333334,32.163356666666665,4.3,356.4,356.0,
2025-07-14 07:26:18,119.907735,32.167145,5.2,343.1,343.0,
2025-07-14 07:29:37,119.90651,32.17260666666667,4.8,356.6,356.0,
2025-07-14 07:32:37,119.90593833333334,32.17591,3.6,353.0,353.0,
2025-07-14 07:36:07,119.90566833333334,32.17926166666667,3.5,1.2,1.0,
2025-07-14 07:39:07,119.90537,32.1822,3.6,345.7,345.0,
2025-07-14 07:42:34,119.90470333333332,32.18416666666667,3.6,345.3,345.0,
2025-07-14 07:46:07,119.90309166666668,32.18938333333333,4.1,351.5,351.0,
2025-07-14 07:49:53,119.90295,32.19220833333333,4.1,3.0,3.0,
2025-07-14 07:54:17,119.90278833333332,32.19645333333333,3.8,345.2,345.0,
2025-07-14 07:57:37,119.90040333333332,32.201235,3.6,331.0,331.0,
2025-07-14 08:01:07,119.89928333333332,32.20445333333333,3.3,346.5,346.0,
2025-07-14 08:04:07,119.8982,32.20706166666667,3.3,340.6,340.0,
2025-07-14 08:07:16,119.89774833333334,32.208353333333335,3.3,347.6,347.0,
2025-07-14 08:10:37,119.897075,32.21270333333333,3.2,356.6,356.0,
2025-07-14 08:13:37,119.89582166666666,32.215066666666665,3.3,329.0,329.0,
2025-07-14 08:17:07,119.89456166666666,32.21805,3.2,341.5,341.0,
2025-07-14 08:20:18,119.89416666666666,32.219008333333335,3.1,340.0,340.0,
2025-07-14 08:23:40,119.89328,32.22143666666667,3.0,343.3,343.0,
2025-07-14 08:26:49,119.89115666666666,32.22603,3.7,334.1,334.0,
2025-07-14 08:30:00,119.890125,32.22928,3.8,354.2,354.0,
2025-07-14 08:33:00,119.89024833333332,32.23265166666667,4.2,3.4,3.0,
2025-07-14 08:36:01,119.88931166666669,32.236036666666664,4.3,337.7,337.0,
2025-07-14 08:39:42,119.888185,32.238398333333336,4.1,340.3,340.0,
2025-07-14 11:53:19,119.67532833333334,32.237498333333335,7.1,189.2,189.0,
2025-07-14 11:55:20,119.67449166666668,32.233715,6.7,194.7,194.0,
2025-07-14 11:58:00,119.67265166666668,32.22909166666667,6.5,203.9,203.0,
2025-07-14 12:00:31,119.67037666666668,32.224895,6.5,209.3,209.0,
2025-07-14 12:02:31,119.66835166666668,32.221736666666665,6.4,209.0,209.0,
2025-07-14 12:04:31,119.66617,32.21881666666667,6.2,216.4,216.0,
2025-07-14 12:06:31,119.66360333333331,32.216076666666666,6.3,221.5,221.0,
2025-07-14 12:09:42,119.65943333333334,32.21223666666667,5.6,224.6,224.0,
2025-07-14 12:14:07,119.65300333333332,32.20771833333333,6.0,233.0,233.0,
2025-07-14 12:16:37,119.648955,32.205326666666664,6.0,235.4,235.0,
2025-07-14 12:19:06,119.64473333333332,32.20316,6.1,240.1,240.0,
2025-07-14 12:22:07,119.638805,32.20095833333333,6.9,247.3,247.0,
2025-07-14 12:24:07,119.63455,32.199535,7.3,247.8,247.0,
2025-07-14 12:26:07,119.62990666666668,32.198038333333336,7.7,249.1,249.0,
2025-07-14 12:28:07,119.62534833333332,32.197015,6.8,258.1,258.0,
2025-07-14 12:31:19,119.61962833333334,32.195265,5.6,246.5,246.0,
2025-07-14 12:33:49,119.61456333333334,32.194345,6.7,263.9,263.0,
2025-07-14 12:36:19,119.60931333333332,32.193443333333335,6.5,257.3,257.0,
2025-07-14 12:38:49,119.60413833333334,32.192885,6.4,264.4,264.0,
2025-07-14 12:41:00,119.59957833333333,32.192395,6.6,261.6,261.0,
2025-07-14 12:43:01,119.59526833333334,32.19200166666667,6.6,263.5,263.0,
2025-07-14 12:45:07,119.59077333333332,32.191465,6.5,261.4,261.0,
2025-07-14 12:47:07,119.58658,32.191026666666666,6.5,266.2,266.0,
2025-07-14 12:49:08,119.582265,32.190866666666665,6.6,264.6,264.0,
2025-07-14 12:51:37,119.57715666666668,32.190693333333336,6.0,277.7,277.0,
2025-07-14 12:54:49,119.57154666666666,32.192085,5.4,291.3,291.0,
2025-07-14 12:58:49,119.56503333333332,32.194685,5.8,298.1,298.0,
2025-07-14 13:01:37,119.56020666666667,32.196846666666666,6.1,298.6,298.0,
2025-07-14 13:03:37,119.55671333333332,32.198725,6.3,308.8,308.0,
2025-07-14 13:05:37,119.554045,32.20135666666667,6.1,327.0,327.0,
2025-07-14 13:10:07,119.55203166666666,32.20795,5.0,354.5,354.0,
2025-07-14 13:13:19,119.55196666666669,32.21230166666667,5.1,356.0,356.0,
2025-07-14 13:16:49,119.55187833333332,32.217335,5.2,357.3,357.0,
2025-07-14 13:19:49,119.55142833333332,32.22143833333333,4.7,355.8,355.0,
2025-07-14 13:23:01,119.55084666666669,32.22593333333333,5.4,349.4,349.0,
2025-07-14 13:26:01,119.54995,32.230475,5.5,347.0,347.0,
2025-07-14 13:29:01,119.54790666666666,32.23457833333333,5.1,328.5,328.0,
2025-07-14 13:32:12,119.544255,32.238075,5.4,307.7,307.0,
2025-07-14 15:19:19,119.39363833333331,32.23911,5.0,214.9,214.0,
2025-07-14 15:22:19,119.39062166666666,32.23580333333334,5.0,217.4,217.0,
2025-07-14 15:25:19,119.38752,32.232533333333336,5.1,217.2,217.0,
2025-07-14 15:28:31,119.38414666666668,32.229075,4.9,224.5,224.0,
2025-07-14 15:31:31,119.3809,32.22587333333333,5.1,220.7,220.0,
2025-07-14 15:35:31,119.37655833333334,32.22137333333333,5.5,215.6,215.0,
2025-07-14 15:38:43,119.37296666666668,32.21759333333333,5.5,217.7,217.0,
2025-07-14 15:41:43,119.36938666666668,32.21414166666667,5.4,224.0,224.0,
2025-07-14 15:44:43,119.36571,32.21100833333333,5.2,227.2,227.0,
2025-07-14 15:48:37,119.36118666666668,32.20720333333333,5.0,229.8,229.0,
2025-07-14 15:51:37,119.35696333333334,32.205391666666664,4.9,251.4,251.0,
2025-07-14 15:54:37,119.352945,32.203316666666666,4.8,231.3,231.0,
2025-07-14 15:57:49,119.34887166666668,32.200671666666665,4.8,237.4,237.0,
2025-07-14 16:00:49,119.34465333333333,32.19921166666666,4.7,251.4,251.0,
2025-07-14 16:03:49,119.34007,32.198005,4.9,254.8,254.0,
2025-07-14 16:07:00,119.33480166666666,32.19728,5.5,260.8,260.0,
2025-07-14 16:10:01,119.329355,32.19638166666667,5.7,262.1,262.0,
2025-07-14 16:13:01,119.32381833333334,32.19551,5.6,257.8,257.0,
2025-07-14 16:16:01,119.319035,32.19482333333333,4.5,264.2,264.0,
2025-07-14 16:19:12,119.31440833333332,32.19474666666667,4.4,271.7,271.0,
2025-07-14 16:22:43,119.30935666666667,32.19448333333333,4.4,260.7,260.0,
2025-07-14 16:25:43,119.30508666666668,32.19398,4.3,267.7,267.0,
2025-07-14 16:28:54,119.30054666666666,32.194065,4.5,265.7,265.0,
2025-07-14 16:31:54,119.29617666666668,32.19383,4.4,274.2,274.0,
2025-07-14 16:34:55,119.29179333333332,32.19423833333333,4.6,272.1,272.0,
2025-07-14 16:38:07,119.28695666666668,32.19447,4.5,284.1,284.0,
2025-07-14 16:41:07,119.28285,32.195998333333335,4.5,293.7,293.0,
2025-07-14 16:44:07,119.278625,32.197131666666664,4.5,288.7,288.0,
2025-07-14 16:47:07,119.27461,32.198438333333335,4.3,287.8,287.0,
2025-07-14 16:50:07,119.27049,32.19931166666667,4.5,279.5,279.0,
2025-07-14 16:53:07,119.26655833333334,32.20044166666667,4.2,298.5,298.0,
2025-07-14 16:56:07,119.263245,32.20236,4.0,306.0,306.0,
2025-07-14 16:59:07,119.25994833333333,32.20426666666667,4.1,304.0,304.0,
2025-07-14 17:02:07,119.25654166666666,32.20627,4.2,299.4,299.0,
2025-07-14 17:05:08,119.25287666666668,32.20798333333333,4.2,299.6,299.0,
2025-07-14 17:08:19,119.24928166666666,32.210211666666666,4.2,312.0,312.0,
2025-07-14 17:11:49,119.24555166666669,32.212743333333336,4.5,307.2,307.0,
2025-07-14 17:14:49,119.24166666666666,32.21487833333333,4.8,296.4,296.0,
2025-07-14 17:18:01,119.23754833333334,32.21763166666667,5.0,321.2,321.0,
2025-07-14 17:21:01,119.23500333333334,32.22096666666667,4.5,321.9,321.0,
2025-07-14 17:25:07,119.23045166666668,32.22412666666666,4.4,308.4,308.0,
2025-07-14 17:28:07,119.22724166666669,32.226615,4.5,309.9,309.0,
2025-07-14 17:31:07,119.223725,32.22884833333333,4.4,306.9,306.0,
2025-07-14 17:34:08,119.22030833333334,32.23104166666667,4.2,305.2,305.0,
2025-07-14 17:37:49,119.21568166666668,32.23270333333333,4.0,281.2,281.0,
2025-07-14 17:41:52,119.21018,32.23443666666667,4.7,291.8,291.0,
2025-07-14 17:45:07,119.205675,32.23586,4.0,288.4,288.0,
2025-07-14 17:48:07,119.20227666666666,32.23647166666667,3.4,277.9,277.0,
2025-07-14 17:51:07,119.19912166666668,32.23695333333333,3.2,285.2,285.0,
2025-07-14 17:54:19,119.19535,32.23777333333334,4.1,282.4,282.0,
2025-07-14 17:57:19,119.191465,32.23869833333333,4.0,284.5,284.0,
2025-07-14 19:33:44,119.07275166666666,32.237295,4.3,211.2,211.0,
2025-07-14 19:37:07,119.06973,32.23428,4.0,222.2,222.0,
2025-07-14 19:40:07,119.06769166666666,32.23170833333333,3.5,214.6,214.0,
2025-07-14 19:43:07,119.065555,32.22933333333334,3.7,214.2,214.0,
2025-07-14 19:46:07,119.063535,32.22663333333333,3.9,212.6,212.0,
2025-07-14 19:49:07,119.0615,32.223905,4.0,207.9,207.0,
2025-07-14 19:52:19,119.05929166666668,32.22118833333333,3.9,221.1,221.0,
2025-07-14 19:55:19,119.05651833333332,32.21817166666667,5.0,213.8,213.0,
2025-07-14 19:58:19,119.05374833333332,32.21453,5.2,218.7,218.0,
2025-07-14 20:01:19,119.05068666666666,32.21102,5.2,210.7,210.0,
2025-07-14 20:04:31,119.04759833333334,32.207685,4.6,222.8,222.0,
2025-07-14 20:08:30,119.043805,32.204085,4.4,219.0,219.0,
2025-07-14 20:11:37,119.04087666666666,32.20139833333333,4.2,226.1,226.0,
2025-07-14 20:14:37,119.03784,32.19901333333333,4.1,226.5,226.0,
2025-07-14 20:17:37,119.03474666666666,32.19680666666667,4.2,230.6,230.0,
2025-07-14 20:20:49,119.03066333333334,32.19427833333334,5.1,235.5,235.0,
2025-07-14 20:23:49,119.02736333333333,32.191613333333336,4.4,220.1,220.0,
2025-07-14 20:26:49,119.02512666666668,32.188736666666664,3.9,208.8,208.0,
2025-07-14 20:30:01,119.022795,32.18645166666666,3.2,225.2,225.0,
2025-07-14 20:33:01,119.02022166666669,32.18526166666667,3.1,243.7,243.0,
2025-07-14 20:36:01,119.01752,32.18378166666667,3.3,240.3,240.0,
2025-07-14 20:39:07,119.01437166666666,32.18257666666667,3.3,237.5,237.0,
2025-07-14 20:42:07,119.011615,32.18112166666667,3.5,244.5,244.0,
2025-07-14 20:45:07,119.00872666666666,32.17961,3.6,225.7,225.0,
2025-07-14 20:48:19,119.005645,32.17814166666667,3.5,257.5,257.0,
2025-07-14 20:51:19,119.00185333333332,32.17749333333333,4.2,258.5,258.0,
2025-07-14 20:54:37,118.99728833333332,32.177005,4.3,260.9,260.0,
2025-07-14 20:57:37,118.99306333333334,32.17601166666667,4.3,261.4,261.0,
2025-07-14 21:00:37,118.98882666666668,32.175846666666665,4.4,264.9,264.0,
2025-07-14 21:04:07,118.98389166666666,32.175735,4.4,272.7,272.0,
2025-07-14 21:07:07,118.97958166666666,32.175621666666665,4.4,263.5,263.0,
2025-07-14 21:10:36,118.97469333333332,32.175043333333335,4.1,265.4,265.0,
2025-07-14 21:13:37,118.97097166666668,32.17464666666667,3.6,251.8,251.0,
2025-07-14 21:16:37,118.96750666666668,32.174463333333335,3.5,272.5,272.0,
2025-07-14 21:19:38,118.96387,32.17446666666667,3.8,268.9,268.0,
2025-07-14 21:22:49,118.95996333333332,32.174458333333334,3.7,276.7,276.0,
2025-07-14 21:25:49,118.95648833333334,32.17494166666667,3.6,279.8,279.0,
2025-07-14 21:28:49,118.95312833333334,32.175596666666664,3.3,275.3,275.0,
2025-07-14 21:32:01,118.94943333333332,32.175625,3.6,274.9,274.0,
2025-07-14 21:35:01,118.9459,32.176231666666666,3.7,289.1,289.0,
2025-07-14 21:38:01,118.942445,32.176885,3.6,277.7,277.0,
2025-07-14 21:41:12,118.938815,32.177755,3.5,292.9,292.0,
2025-07-14 21:44:12,118.93555333333332,32.17836666666667,3.5,274.0,274.0,
2025-07-14 21:47:37,118.93152833333332,32.178488333333334,3.6,278.5,278.0,
2025-07-14 21:51:07,118.927755,32.17930166666667,3.3,281.5,281.0,
2025-07-14 21:55:07,118.92333166666668,32.17977166666667,3.4,277.6,277.0,
2025-07-14 21:59:07,118.91890166666668,32.180843333333335,3.5,291.6,291.0,
2025-07-14 22:02:07,118.915685,32.181333333333335,3.2,271.7,271.0,
2025-07-14 22:05:43,118.91210833333334,32.18165333333334,3.0,281.5,281.0,
2025-07-14 22:08:59,118.90881666666668,32.18219,3.2,274.2,274.0,
2025-07-14 22:12:07,118.905645,32.18268333333334,3.1,279.3,279.0,
2025-07-14 22:15:37,118.902,32.18317,3.4,290.6,290.0,
2025-07-14 22:18:37,118.89889,32.18371,3.2,272.7,272.0,
2025-07-14 22:21:37,118.89562166666668,32.18354333333333,3.4,267.4,267.0,
2025-07-14 22:24:37,118.89253333333332,32.184441666666665,3.3,290.6,290.0,
2025-07-14 22:27:37,118.88938833333332,32.18463333333333,3.2,270.7,270.0,
2025-07-14 22:30:49,118.88584333333333,32.184533333333334,3.6,260.6,260.0,
2025-07-14 22:34:07,118.88166,32.18400166666667,3.9,265.1,265.0,
2025-07-14 22:37:07,118.87806333333332,32.18365,3.6,257.2,257.0,
2025-07-14 22:40:07,118.87459166666666,32.18259833333333,4.1,243.8,243.0,
2025-07-14 22:43:37,118.87017166666666,32.18098333333333,3.9,240.2,240.0,
2025-07-14 22:46:37,118.86708666666668,32.179458333333336,3.6,243.6,243.0,
2025-07-14 22:49:49,118.86380833333334,32.17785,3.5,239.6,239.0,
2025-07-14 22:52:49,118.86092333333332,32.17639666666667,3.5,233.0,233.0,
2025-07-14 22:55:49,118.85813166666668,32.174915,3.5,240.2,240.0,
2025-07-14 22:59:01,118.85510833333332,32.17330333333334,3.5,239.2,239.0,
2025-07-14 23:02:01,118.852145,32.17203666666666,3.4,247.1,247.0,
2025-07-14 23:05:01,118.84914166666668,32.17071833333333,3.5,237.0,237.0,
2025-07-14 23:08:01,118.84625333333334,32.16909,3.5,236.4,236.0,
2025-07-14 23:11:12,118.84341833333332,32.16732666666667,3.3,228.0,228.0,
2025-07-14 23:14:13,118.84081,32.16588,3.0,241.3,241.0,
2025-07-14 23:17:13,118.83806333333334,32.164818333333336,3.2,247.1,247.0,
2025-07-14 23:20:24,118.83497333333334,32.16376666666667,3.3,246.0,246.0,
2025-07-14 23:23:24,118.83184333333334,32.162911666666666,3.3,247.9,247.0,
2025-07-14 23:26:37,118.82868833333332,32.16188666666667,3.3,260.4,260.0,
2025-07-14 23:29:37,118.82559,32.161363333333334,3.2,250.8,250.0,
2025-07-14 23:33:07,118.82194166666666,32.16030666666666,3.5,260.2,260.0,
2025-07-14 23:36:07,118.81873833333331,32.15955833333334,3.4,245.9,245.0,
2025-07-14 23:39:07,118.81558166666667,32.15844333333333,3.5,244.3,244.0,
2025-07-14 23:42:08,118.81239333333332,32.15713,3.6,241.2,241.0,
2025-07-14 23:45:19,118.80906666666668,32.15552666666667,3.6,238.7,238.0,
2025-07-14 23:48:19,118.80584666666668,32.154086666666664,3.7,248.3,248.0,
2025-07-14 23:51:19,118.80225333333334,32.152863333333336,4.0,244.9,244.0,
2025-07-14 23:54:37,118.79853,32.150615,4.2,229.7,229.0,
2025-07-14 23:58:07,118.795125,32.147616666666664,4.2,219.9,219.0,
2025-07-15 00:01:07,118.79225166666669,32.14548166666667,3.7,235.3,235.0,
2025-07-15 00:04:07,118.78947833333334,32.14369,3.5,229.3,229.0,
2025-07-15 00:07:07,118.787005,32.141848333333336,3.2,227.8,227.0,
2025-07-15 00:10:07,118.78404333333332,32.14003666666667,4.1,229.9,229.0,
2025-07-15 00:13:19,118.78051166666668,32.13801,4.2,241.1,241.0,
2025-07-15 00:16:19,118.77651666666668,32.136696666666666,4.6,253.2,253.0,
2025-07-15 00:19:19,118.772105,32.135738333333336,4.7,261.4,261.0,
2025-07-15 00:22:58,118.76622166666668,32.13535666666667,5.2,273.5,273.0,
2025-07-15 00:26:07,118.760875,32.13516666666667,5.4,269.4,269.0,
2025-07-15 00:29:07,118.75588833333332,32.13421,5.2,245.6,245.0,
2025-07-15 00:32:07,118.75164333333332,32.131625,5.4,229.0,229.0,
2025-07-15 00:35:19,118.74752,32.128638333333335,5.0,226.5,226.0,
2025-07-15 00:38:19,118.744075,32.12562833333333,4.7,225.9,225.0,
2025-07-15 00:41:19,118.741025,32.12285333333333,4.7,220.7,220.0,
2025-07-15 00:44:31,118.73785333333332,32.11942833333333,4.9,215.8,215.0,
2025-07-15 00:47:31,118.73503166666669,32.116231666666664,4.6,219.8,219.0,
2025-07-15 00:50:31,118.73165333333333,32.11363166666667,4.7,231.2,231.0,
2025-07-17 08:40:38,118.73317666666668,32.10837166666666,9.3,34.2,34.0,
2025-07-17 08:42:38,118.7365,32.11264166666667,9.2,32.7,32.0,
2025-07-17 08:44:38,118.73994666666668,32.11678166666667,9.2,40.3,40.0,
2025-07-17 08:46:38,118.74447333333332,32.119755,8.4,58.2,58.0,
2025-07-17 08:48:38,118.749265,32.12226166666667,8.5,58.6,58.0,
2025-07-17 08:50:49,118.754635,32.124586666666666,8.4,64.1,64.0,
2025-07-17 08:52:50,118.75945,32.12683666666667,8.5,62.5,62.0,
2025-07-17 08:55:20,118.76594333333334,32.128901666666664,8.3,68.9,68.0,
2025-07-17 08:57:20,118.77094833333334,32.13077333333333,8.4,66.2,66.0,
2025-07-17 08:59:20,118.77603166666668,32.132601666666666,8.4,65.4,65.0,
2025-07-17 09:01:38,118.78156833333334,32.135196666666666,8.5,58.4,58.0,
2025-07-17 09:03:38,118.786265,32.13789166666667,8.8,54.9,54.0,
2025-07-17 09:05:38,118.79105333333334,32.140745,9.0,54.3,54.0,
2025-07-17 09:07:38,118.79572166666668,32.143831666666664,9.1,50.2,50.0,
2025-07-17 09:09:38,118.800425,32.14700666666667,9.2,52.2,52.0,
2025-07-17 09:11:50,118.80557666666668,32.15058666666667,9.2,49.9,49.0,
2025-07-17 09:13:50,118.81055166666668,32.15340166666667,9.0,60.5,60.0,
2025-07-17 09:15:50,118.81583,32.15563,9.0,65.9,65.0,
2025-07-17 09:17:50,118.82137833333331,32.15763166666667,9.2,67.8,67.0,
2025-07-17 09:19:50,118.82702333333332,32.15898,8.6,77.8,77.0,
2025-07-17 09:22:32,118.83375333333332,32.160536666666665,7.4,69.0,69.0,
2025-07-17 09:24:32,118.83842166666666,32.16207833333333,8.0,67.6,67.0,
2025-07-17 09:26:32,118.843435,32.16417333333333,8.8,63.1,63.0,
2025-07-17 09:29:02,118.85017166666668,32.167375,9.6,60.3,60.0,
2025-07-17 09:31:13,118.856335,32.170186666666666,9.8,61.8,61.0,
2025-07-17 09:33:13,118.86193166666666,32.17301166666667,10.0,60.7,60.0,
2025-07-17 09:35:13,118.86772166666668,32.175475,9.9,67.2,67.0,
2025-07-17 09:37:13,118.87368833333332,32.17717666666667,9.4,74.5,74.0,
2025-07-17 09:39:14,118.87952,32.17821166666667,8.9,78.2,78.0,
2025-07-17 09:41:25,118.88565666666666,32.179085,8.6,81.7,81.0,
2025-07-17 09:43:25,118.89126833333331,32.17939166666667,8.7,90.0,90.0,
2025-07-17 09:46:08,118.899005,32.179345,8.8,92.0,92.0,
2025-07-17 09:48:08,118.90475166666668,32.179091666666665,8.8,94.8,94.0,
2025-07-17 09:50:38,118.91188,32.178185,8.7,97.9,97.0,
2025-07-17 09:52:38,118.91753333333334,32.17765833333333,8.7,96.8,96.0,
2025-07-17 09:54:38,118.9232,32.177006666666664,8.8,99.4,99.0,
2025-07-17 09:57:05,118.93026,32.17605833333333,9.0,98.9,98.0,
2025-07-17 09:59:38,118.93777333333334,32.175043333333335,9.1,98.3,98.0,
2025-07-17 10:01:47,118.94404166666666,32.173878333333334,9.0,105.6,105.0,
2025-07-17 10:04:38,118.95209,32.172421666666665,8.7,96.5,96.0,
2025-07-17 10:06:38,118.95774,32.17210333333333,8.6,93.0,93.0,
2025-07-17 10:08:58,118.96420166666668,32.171775,8.5,92.6,92.0,
2025-07-17 10:11:08,118.97013333333334,32.171765,8.3,86.5,86.0,
2025-07-17 10:13:08,118.97551333333334,32.17226,8.3,84.1,84.0,
2025-07-17 10:15:08,118.98101,32.17263833333333,8.6,86.3,86.0,
2025-07-17 10:17:08,118.98673,32.17306166666667,8.6,84.2,84.0,
2025-07-17 10:19:20,118.992785,32.173735,8.6,81.6,81.0,
2025-07-17 10:21:20,118.99836666666668,32.17464666666667,8.6,77.5,77.0,
2025-07-17 10:23:20,119.00383333333332,32.17594166666667,8.7,72.3,72.0,
2025-07-17 10:25:20,119.00905833333331,32.177708333333335,8.4,67.9,67.0,
2025-07-17 10:27:20,119.01385,32.179775,8.2,60.0,60.0,
2025-07-17 10:29:32,119.01889,32.182235,8.0,59.7,59.0,
2025-07-17 10:31:32,119.02327333333334,32.184575,7.8,57.1,57.0,
2025-07-17 10:33:32,119.02743333333332,32.187113333333336,7.9,51.3,51.0,
2025-07-17 10:35:32,119.03142833333334,32.19005666666666,8.0,50.3,50.0,
2025-07-17 10:37:32,119.035535,32.19285333333333,8.2,49.7,49.0,
2025-07-17 10:40:13,119.04097833333331,32.196995,8.3,46.0,46.0,
2025-07-17 10:42:42,119.04598666666666,32.201155,8.9,45.1,45.0,
2025-07-17 10:45:38,119.051705,32.20700333333333,9.6,35.5,35.0,
2025-07-17 10:47:38,119.05571166666668,32.211285,9.8,38.3,38.0,
2025-07-17 10:49:38,119.05915,32.215853333333335,9.9,32.1,32.0,
2025-07-17 10:51:38,119.062615,32.220533333333336,10.0,30.6,30.0,
2025-07-17 10:54:08,119.06730166666668,32.22635833333333,10.0,37.9,37.0,
2025-07-17 10:56:08,119.07123666666666,32.230556666666665,9.6,40.9,40.0,
2025-07-17 10:58:38,119.07688333333331,32.234966666666665,9.1,48.7,48.0,
2025-07-17 11:00:45,119.08176166666668,32.23841,9.2,53.0,53.0,
2025-07-17 11:36:50,119.183845,32.23902,8.5,111.7,111.0,
2025-07-17 11:38:50,119.18921333333331,32.237298333333335,8.9,111.3,111.0,
2025-07-17 11:40:50,119.19462833333333,32.235295,9.1,114.4,114.0,
2025-07-17 11:44:03,119.20328833333332,32.23182,9.3,114.1,114.0,
2025-07-17 11:46:32,119.21016,32.22898333333333,9.1,116.7,116.0,
2025-07-17 11:48:32,119.215385,32.22656,9.0,121.4,121.0,
2025-07-17 11:50:32,119.22036833333334,32.22392,8.9,121.5,121.0,
2025-07-17 11:52:32,119.22533,32.221378333333334,8.8,121.1,121.0,
2025-07-17 11:55:14,119.23179333333331,32.217975,8.6,123.7,123.0,
2025-07-17 11:57:44,119.23756333333333,32.21471666666667,8.3,125.7,125.0,
2025-07-17 11:59:44,119.24191,32.211875,8.3,128.3,128.0,
2025-07-17 12:02:13,119.24740166666666,32.20834333333333,8.3,125.0,125.0,
2025-07-17 12:04:25,119.25205333333334,32.205288333333336,8.3,128.3,128.0,
2025-07-17 12:06:55,119.25769833333334,32.201925,8.4,124.5,124.0,
2025-07-17 12:08:55,119.26232666666668,32.199398333333335,8.4,124.1,124.0,
2025-07-17 12:10:55,119.26700666666666,32.196828333333336,8.5,119.4,119.0,
2025-07-17 12:12:55,119.271945,32.19468666666667,8.5,116.5,116.0,
2025-07-17 12:15:07,119.27755166666668,32.192773333333335,8.4,108.0,108.0,
2025-07-17 12:17:07,119.28292333333331,32.191536666666664,8.5,105.7,105.0,
2025-07-17 12:19:07,119.28832166666666,32.19061,8.6,100.8,100.0,
2025-07-17 12:21:07,119.29395333333332,32.18987833333333,8.6,96.9,96.0,
2025-07-17 12:23:07,119.29970166666666,32.189548333333335,8.8,92.5,92.0,
2025-07-17 12:26:19,119.30892166666666,32.189495,8.8,87.9,87.0,
2025-07-17 12:28:19,119.31472,32.189843333333336,8.8,86.1,86.0,
2025-07-17 12:30:49,119.32196666666668,32.19021,8.8,85.9,85.0,
2025-07-17 12:32:49,119.32768666666666,32.19080666666667,8.8,80.4,80.0,
2025-07-17 12:35:01,119.33382333333331,32.19194,8.9,78.3,78.0,
2025-07-17 12:37:10,119.33999666666666,32.19340666666667,8.9,71.0,71.0,
2025-07-17 12:39:37,119.346705,32.19576333333333,9.2,65.5,65.0,
2025-07-17 12:41:38,119.35218833333332,32.19788,9.3,66.5,66.0,
2025-07-17 12:43:38,119.35776,32.200223333333334,9.5,60.9,60.0,
2025-07-17 12:45:38,119.36256,32.20325666666667,8.9,45.7,45.0,
2025-07-17 12:48:49,119.36913666666666,32.209493333333334,9.6,44.3,44.0,
2025-07-17 12:51:07,119.374045,32.21394166666666,9.5,41.7,41.0,
2025-07-17 12:53:08,119.37808,32.217805,9.2,41.8,41.0,
2025-07-17 12:55:08,119.38183,32.22174833333333,9.2,37.0,37.0,
2025-07-17 12:57:08,119.38557166666666,32.225748333333335,9.1,39.0,39.0,
2025-07-17 12:59:08,119.38906333333334,32.229795,9.0,34.9,34.0,
2025-07-17 13:02:19,119.39472333333332,32.236025,8.7,37.8,37.0,
2025-07-17 13:04:19,119.398365,32.239536666666666,8.6,42.7,42.0,
2025-07-17 14:06:08,119.53773833333334,32.23756,7.9,134.2,134.0,
2025-07-17 14:08:08,119.54104,32.23448166666667,7.2,138.9,138.0,
2025-07-17 14:11:37,119.545625,32.22946833333334,6.0,146.3,146.0,
2025-07-17 14:14:09,119.54808,32.22585333333333,5.9,155.4,155.0,
2025-07-17 14:17:38,119.54964666666666,32.22018833333333,6.3,174.0,174.0,
2025-07-17 14:19:38,119.55008666666669,32.216256666666666,7.4,176.5,176.0,
2025-07-17 14:21:49,119.55025666666668,32.21145333333333,8.2,180.7,180.0,
2025-07-17 14:24:19,119.550565,32.20555,8.8,176.2,176.0,
2025-07-17 14:27:20,119.55225166666666,32.19833166666667,8.6,159.8,159.0,
2025-07-17 14:29:55,119.55613833333334,32.19432833333333,7.0,131.2,131.0,
2025-07-17 14:32:01,119.56026833333334,32.19201833333333,6.8,118.3,118.0,
2025-07-17 14:34:34,119.56558333333334,32.190175,7.1,108.4,108.0,
2025-07-17 14:36:38,119.570215,32.189056666666666,7.2,107.4,107.0,
2025-07-17 14:38:38,119.57487166666668,32.18834666666667,7.3,96.8,96.0,
2025-07-17 14:41:38,119.58215,32.18798,7.5,90.9,90.0,
2025-07-17 14:43:38,119.58702833333334,32.187868333333334,7.3,91.0,91.0,
2025-07-17 14:46:19,119.59348833333334,32.18818,7.2,84.1,84.0,
2025-07-17 14:48:20,119.59834833333332,32.188678333333336,7.4,83.9,83.0,
2025-07-17 14:50:20,119.60308833333332,32.189215,7.2,81.8,81.0,
2025-07-17 14:52:20,119.60761833333332,32.189745,6.8,81.0,81.0,
2025-07-17 14:54:20,119.61190166666668,32.19036,6.6,78.5,78.0,
2025-07-17 14:56:31,119.61645333333334,32.19128666666667,6.4,73.2,73.0,
2025-07-17 14:59:01,119.62176,32.192465,6.8,77.1,77.0,
2025-07-17 15:01:01,119.62618833333332,32.19329666666667,7.0,76.7,76.0,
2025-07-17 15:03:32,119.63181166666666,32.19441833333333,7.0,74.3,74.0,
2025-07-17 15:06:13,119.63773,32.19611,7.0,75.9,75.0,
2025-07-17 15:08:37,119.643155,32.197428333333335,7.2,71.8,71.0,
2025-07-17 15:10:41,119.647775,32.198835,7.3,70.5,70.0,
2025-07-17 15:13:08,119.653035,32.20095333333333,7.3,57.6,57.0,
2025-07-17 15:15:08,119.65672,32.203485,7.2,50.5,50.0,
2025-07-17 15:17:38,119.66091,32.20675333333333,6.9,40.0,40.0,
2025-07-17 15:19:38,119.66399166666666,32.209725,7.0,42.1,42.0,
2025-07-17 15:21:49,119.666875,32.213301666666666,7.2,34.3,34.0,
2025-07-17 15:23:50,119.669755,32.21662166666667,7.4,35.7,35.0,
2025-07-17 15:25:50,119.67249833333334,32.22018833333333,7.7,30.5,30.0,
2025-07-17 15:27:50,119.674765,32.22396833333333,7.7,24.4,24.0,
2025-07-17 15:30:20,119.67735166666668,32.22886666666667,7.8,22.6,22.0,
2025-07-17 15:32:31,119.67962333333334,32.23319333333333,7.8,21.9,21.0,
2025-07-17 15:34:31,119.68153833333334,32.237188333333336,7.9,23.9,23.0,
2025-07-17 17:35:07,119.87330333333334,32.234925,7.7,162.8,162.0,
2025-07-17 17:37:18,119.875,32.23040833333334,7.9,164.3,164.0,
2025-07-17 17:39:18,119.87608666666668,32.22611666666667,7.9,171.0,171.0,
2025-07-17 17:41:19,119.87706833333333,32.221785,8.0,166.9,166.0,
2025-07-17 17:43:19,119.87823166666666,32.217435,8.0,167.7,167.0,
2025-07-17 17:45:19,119.87931833333332,32.21302333333333,8.2,169.4,169.0,
2025-07-17 17:48:30,119.880385,32.205756666666666,8.3,170.6,170.0,
2025-07-17 17:51:06,119.88191,32.19992166666667,8.5,166.8,166.0,
2025-07-17 17:54:08,119.88359166666666,32.19291833333333,8.5,168.3,168.0,
2025-07-17 17:56:37,119.88500333333332,32.187113333333336,8.4,170.1,170.0,
2025-07-17 17:58:38,119.88563666666668,32.18248166666667,8.4,174.3,174.0,
2025-07-17 18:01:07,119.88643333333331,32.176536666666664,8.6,173.9,173.0,
2025-07-17 18:03:08,119.886915,32.171795,8.5,176.3,176.0,
2025-07-17 18:05:19,119.88711833333332,32.166531666666664,8.6,177.6,177.0,
2025-07-17 18:07:19,119.887705,32.161863333333336,8.7,171.3,171.0,
2025-07-17 18:09:20,119.88905,32.15720666666667,8.5,163.8,163.0,
2025-07-17 18:11:51,119.89085666666666,32.151401666666665,8.6,167.2,167.0,
2025-07-17 18:14:01,119.89200666666666,32.146271666666664,8.6,169.7,169.0,
2025-07-17 18:16:01,119.893375,32.14169833333333,8.7,162.1,162.0,
2025-07-17 18:18:30,119.89602666666669,32.136195,8.5,156.4,156.0,
2025-07-17 18:20:31,119.89803333333332,32.13175,8.5,157.8,157.0,
2025-07-17 18:22:31,119.90071166666668,32.1278,8.2,152.0,152.0,
2025-07-17 18:24:42,119.90305666666669,32.123293333333336,8.2,158.8,158.0,
2025-07-17 18:26:42,119.904505,32.11886833333333,8.3,168.1,168.0,
2025-07-17 18:28:42,119.90524166666668,32.11430333333333,8.3,172.1,172.0,
2025-07-17 18:30:43,119.90634333333334,32.109748333333336,8.4,166.0,166.0,
2025-07-17 18:33:12,119.90841666666668,32.10424833333333,8.4,161.4,161.0,
2025-07-17 18:35:36,119.91067333333334,32.099015,8.4,156.8,156.0,
2025-07-17 18:37:38,119.913075,32.094921666666664,8.3,152.7,152.0,
2025-07-17 18:40:08,119.91531333333332,32.08951833333333,8.2,163.9,163.0,
2025-07-17 18:43:10,119.91805,32.082798333333336,8.4,158.4,158.0,
2025-07-17 18:45:38,119.92050833333332,32.07749666666667,8.7,159.9,159.0,
2025-07-17 18:48:07,119.92310166666668,32.07203,8.5,156.0,156.0,
2025-07-17 18:50:07,119.92561166666668,32.06773,8.6,153.8,153.0,
2025-07-17 18:52:07,119.927855,32.063381666666665,8.6,157.5,157.0,
2025-07-17 18:54:18,119.93045833333332,32.058545,8.6,154.8,154.0,
2025-07-17 18:56:36,119.93324666666666,32.053565,8.7,153.7,153.0,
2025-07-17 18:58:37,119.93582666666669,32.04926833333333,8.8,154.2,154.0,
2025-07-17 19:00:37,119.937665,32.04474666666667,8.5,165.9,165.0,
2025-07-17 19:02:37,119.93927333333332,32.040265,8.5,158.4,158.0,
2025-07-17 19:04:37,119.94139666666666,32.03588,8.5,156.8,156.0,
2025-07-17 19:06:56,119.94465,32.031146666666665,8.4,146.9,146.0,
2025-07-17 19:09:07,119.94802333333334,32.02695166666667,8.4,145.3,145.0,
2025-07-17 19:11:07,119.95084333333334,32.02298666666667,8.5,150.0,150.0,
2025-07-17 19:13:07,119.95385833333332,32.01904666666667,8.4,143.6,143.0,
2025-07-17 19:15:07,119.957325,32.01550666666667,8.3,139.6,139.0,
2025-07-17 19:17:07,119.96088,32.012078333333335,8.2,135.9,135.0,
2025-07-17 19:19:18,119.96528666666669,32.008691666666664,8.2,131.6,131.0,
2025-07-17 19:21:19,119.96925,32.005545,8.5,134.6,134.0,
2025-07-17 19:23:19,119.973305,32.00234,8.5,131.0,131.0,
2025-07-17 19:25:19,119.97762666666668,31.99933833333333,8.7,130.7,130.0,
2025-07-17 19:27:19,119.98138,31.99580333333333,8.7,142.3,142.0,
2025-07-17 19:29:30,119.98556,31.991745,8.9,136.9,136.0,
2025-07-17 19:31:30,119.989565,31.988108333333333,8.9,137.1,137.0,
2025-07-17 19:33:30,119.99311833333331,31.984336666666668,8.6,146.3,146.0,
2025-07-17 19:35:31,119.99657833333332,31.980695,8.2,134.9,134.0,
2025-07-17 19:37:31,120.00068166666668,31.977968333333333,8.0,127.7,127.0,
2025-07-17 19:39:42,120.00543333333331,31.975235,8.1,121.6,121.0,
2025-07-17 19:41:42,120.01009166666668,31.972961666666667,8.3,121.7,121.0,
2025-07-17 19:45:07,120.01810666666668,31.968801666666668,8.5,119.2,119.0,
2025-07-17 19:47:07,120.023085,31.96700333333333,8.4,108.7,108.0,
2025-07-17 19:49:07,120.02837,31.96553833333333,8.5,109.6,109.0,
2025-07-17 19:51:07,120.03382666666668,31.963935,8.8,109.8,109.0,
2025-07-17 19:53:07,120.03926666666666,31.962456666666668,8.7,104.8,104.0,
2025-07-17 19:55:07,120.04480333333332,31.96134333333333,8.8,103.3,103.0,
2025-07-17 19:57:07,120.050505,31.96011,8.9,105.3,105.0,
2025-07-17 20:00:37,120.06043,31.95768333333333,9.1,107.2,107.0,
2025-07-17 20:02:37,120.06601,31.95592333333333,8.9,110.7,110.0,
2025-07-17 20:04:56,120.07242166666668,31.954408333333333,8.9,103.8,103.0,
2025-07-17 20:07:08,120.07852333333334,31.952811666666666,8.8,109.1,109.0,
2025-07-17 20:09:08,120.08396833333332,31.951255,8.7,108.9,108.0,
2025-07-17 20:11:08,120.08936,31.949663333333334,8.7,108.4,108.0,
2025-07-17 20:13:08,120.094675,31.948151666666668,8.6,109.5,109.0,
2025-07-17 20:15:19,120.10050666666666,31.946428333333333,8.4,107.7,107.0,
2025-07-17 20:18:19,120.10822166666668,31.944165,8.3,108.2,108.0,
2025-07-17 20:20:49,120.11476666666668,31.94242833333333,8.2,106.4,106.0,
2025-07-17 20:23:07,120.12072333333332,31.940978333333334,8.1,107.1,107.0,
2025-07-17 20:25:08,120.12577166666668,31.939655,8.2,107.3,107.0,
2025-07-17 20:27:08,120.13094666666667,31.93832,8.2,105.6,105.0,
2025-07-17 20:30:08,120.13868833333332,31.93702,8.1,99.1,99.0,
2025-07-17 20:32:08,120.14392666666669,31.93628333333333,8.1,100.0,100.0,
2025-07-17 20:34:19,120.149715,31.93540833333333,8.2,100.2,100.0,
2025-07-17 20:39:16,120.16264833333334,31.93354666666667,8.2,100.7,100.0,
2025-07-17 20:41:38,120.16889833333332,31.932525,8.3,101.4,101.0,
2025-07-17 20:43:38,120.17425333333334,31.93148,8.4,105.1,105.0,
2025-07-17 20:45:38,120.17946666666668,31.930378333333334,8.3,100.1,100.0,
2025-07-17 20:48:08,120.186115,31.92942,8.2,100.2,100.0,
2025-07-17 20:50:19,120.19184666666666,31.928655,8.2,98.4,98.0,
2025-07-17 20:52:19,120.19724333333332,31.928228333333333,8.3,92.6,92.0,
2025-07-17 20:54:49,120.20408833333332,31.92819,8.4,88.5,88.0,
2025-07-17 20:56:50,120.209585,31.92837833333333,8.4,86.6,86.0,
2025-07-17 20:59:20,120.21638333333334,31.928518333333333,8.3,87.1,87.0,
2025-07-17 21:02:07,120.223815,31.929335,8.2,82.3,82.0,
2025-07-17 21:04:08,120.229135,31.92991,8.2,82.7,82.0,
2025-07-17 21:06:42,120.23597,31.93101,8.2,77.6,77.0,
2025-07-17 21:09:08,120.24227,31.932251666666662,8.2,74.9,74.0,
2025-07-17 21:11:08,120.247245,31.93383833333333,8.1,67.0,67.0,
2025-07-17 21:13:38,120.25342666666668,31.93596833333333,8.2,68.4,68.0,
2025-07-17 21:15:38,120.25833333333334,31.93782833333333,8.2,62.7,62.0,
2025-07-17 21:17:49,120.26346166666669,31.94029,8.2,60.5,60.0,
2025-07-17 21:19:49,120.26825666666667,31.942443333333333,8.3,64.2,64.0,
2025-07-17 21:22:29,120.27503666666668,31.94459833333333,8.2,70.8,70.0,
2025-07-17 21:24:47,120.280745,31.946563333333334,8.3,68.4,68.0,
2025-07-17 21:27:08,120.28648,31.94866,8.1,63.2,63.0,
2025-07-17 21:29:08,120.29098833333332,31.95096,8.0,58.3,58.0,
2025-07-17 21:31:08,120.2956,31.95307333333333,8.0,64.2,64.0,
2025-07-17 21:33:08,120.30032166666666,31.95501,8.0,63.6,63.0,
2025-07-17 21:35:08,120.30495666666668,31.95709,8.0,60.9,60.0,
2025-07-17 21:38:19,120.31239666666669,31.960148333333333,7.8,68.0,68.0,
2025-07-17 21:40:20,120.316855,31.962086666666668,7.6,59.3,59.0,
2025-07-17 21:42:20,120.32088166666666,31.964503333333333,7.5,52.2,52.0,
2025-07-17 21:44:20,120.32486166666666,31.96697333333333,7.5,54.4,54.0,
2025-07-17 21:46:37,120.32935166666668,31.969843333333333,7.4,52.0,52.0,
2025-07-17 21:50:08,120.33579,31.974183333333333,7.2,51.9,51.0,
2025-07-17 21:52:08,120.33947166666668,31.976661666666665,7.0,52.7,52.0,
2025-07-17 21:54:08,120.34309333333331,31.97904833333333,7.0,51.1,51.0,
2025-07-17 21:56:19,120.34681166666668,31.981951666666667,7.0,45.5,45.0,
2025-07-17 21:59:08,120.35167,31.98531833333333,6.7,55.2,55.0,
2025-07-17 22:01:08,120.35528166666668,31.987381666666668,6.7,54.1,54.0,
2025-07-17 22:03:35,120.35946166666666,31.99009333333333,6.5,55.6,55.0,
2025-07-17 22:05:38,120.363115,31.991955,6.4,57.8,57.0,
2025-07-17 22:08:08,120.367415,31.994491666666665,6.3,57.1,57.0,
2025-07-17 22:10:37,120.371675,31.996983333333333,6.4,55.4,55.0,
2025-07-17 22:12:37,120.37501666666668,31.998975,6.3,51.7,51.0,
2025-07-17 22:15:08,120.378925,32.001781666666666,6.3,47.4,47.0,
2025-07-17 22:17:08,120.38212666666666,32.00382333333334,6.0,55.3,55.0,
2025-07-17 22:20:08,120.3869,32.00679,6.0,56.2,56.0,
2025-07-17 22:23:08,120.39159166666668,32.00967,5.9,51.7,51.0,
2025-07-17 22:26:08,120.39655833333332,32.0119,5.6,60.3,60.0,
2025-07-17 22:29:08,120.40097666666666,32.01470666666667,5.6,55.7,55.0,
2025-07-17 22:32:49,120.40682333333334,32.01733333333333,5.5,58.2,58.0,
2025-07-17 22:36:50,120.413525,32.019765,5.8,70.5,70.0,
2025-07-17 22:38:50,120.41718166666666,32.021045,6.1,65.7,65.0,
2025-07-17 22:41:01,120.421335,32.022483333333334,6.4,69.2,69.0,
2025-07-17 22:43:08,120.42547166666668,32.023865,6.3,69.5,69.0,
2025-07-17 22:45:38,120.43018333333332,32.02515,5.8,69.7,69.0,
2025-07-17 22:49:08,120.43624,32.027055,5.5,69.3,69.0,
2025-07-17 22:52:08,120.44142833333332,32.028335,5.4,73.3,73.0,
2025-07-17 22:56:08,120.44809333333332,32.030453333333334,5.5,76.0,76.0,
2025-07-17 22:59:38,120.454285,32.031823333333335,5.7,76.9,76.0,
2025-07-17 23:02:38,120.45985,32.03211666666667,5.6,88.2,88.0,
2025-07-17 23:05:49,120.46535833333331,32.03253333333333,5.1,84.6,84.0,
2025-07-17 23:09:08,120.47077333333333,32.03310833333333,5.0,87.6,87.0,
2025-07-17 23:12:08,120.475665,32.03308333333333,4.9,89.7,89.0,
2025-07-17 23:16:37,120.48281166666666,32.03219166666667,4.9,99.8,99.0,
2025-07-17 23:19:38,120.48762666666669,32.03158166666667,5.0,102.9,102.0,
2025-07-17 23:24:08,120.494685,32.0305,4.8,100.6,100.0,
2025-07-17 23:27:08,120.49927166666669,32.02952666666667,4.9,105.3,105.0,
2025-07-17 23:30:08,120.50384833333334,32.02846666666667,4.9,107.4,107.0,
2025-07-17 23:34:51,120.510995,32.026435,4.8,110.8,110.0,
2025-07-17 23:38:08,120.51583,32.024811666666665,5.0,114.6,114.0,
2025-07-17 23:41:08,120.52041833333334,32.023275,5.0,116.1,116.0,
2025-07-17 23:45:08,120.52666666666669,32.02118333333333,5.2,109.1,109.0,
2025-07-17 23:48:08,120.53153666666668,32.01992,5.2,100.6,100.0,
2025-07-17 23:51:38,120.53723,32.01865333333333,5.2,108.9,108.0,
2025-07-17 23:56:20,120.544785,32.016533333333335,5.3,112.2,112.0,
2025-07-17 23:59:50,120.55031,32.014361666666666,5.3,114.4,114.0,
2025-07-18 00:05:05,120.55909666666666,32.011093333333335,5.7,114.3,114.0,
2025-07-18 00:08:07,120.56434833333331,32.009143333333334,5.8,115.1,115.0,
2025-07-18 00:11:07,120.569565,32.007101666666664,5.9,117.6,117.0,
2025-07-18 00:14:07,120.57486833333331,32.005053333333336,5.9,112.9,112.0,
2025-07-18 00:19:37,120.58478833333334,32.001625,6.1,108.8,108.0,
2025-07-18 00:21:37,120.588555,32.00045333333333,6.1,109.5,109.0,
2025-07-18 00:25:36,120.59630166666666,31.99839833333333,6.2,104.3,104.0,
2025-07-18 00:27:37,120.600195,31.997415,6.2,104.6,104.0,
2025-07-18 00:33:36,120.61211333333334,31.995676666666668,6.2,90.6,90.0,
2025-07-18 00:36:03,120.61706666666667,31.99556,6.3,92.4,92.0,
2025-07-18 00:38:37,120.62232,31.99546833333333,6.5,89.8,89.0,
2025-07-18 00:41:07,120.62756333333331,31.995205,6.6,93.5,93.0,
2025-07-18 00:44:07,120.63418166666666,31.995046666666667,6.8,89.2,89.0,
2025-07-18 00:46:18,120.63905166666666,31.99510666666667,6.9,87.9,87.0,
2025-07-18 00:48:19,120.64358,31.995203333333333,7.0,87.9,87.0,
2025-07-18 00:52:19,120.652865,31.995866666666668,7.1,80.6,80.0,
2025-07-18 00:54:19,120.657385,31.99649,7.1,80.5,80.0,
2025-07-18 00:56:30,120.662485,31.99719333333333,7.3,80.9,80.0,
2025-07-18 00:59:07,120.66849833333332,31.997585,6.8,94.2,94.0,
2025-07-18 01:01:37,120.673795,31.99786,6.4,81.4,81.0,
2025-07-18 01:04:07,120.678905,31.99865,6.4,79.5,79.0,
2025-07-18 01:06:37,120.684055,31.999458333333333,6.5,77.5,77.0,
2025-07-18 01:08:37,120.688255,32.000188333333334,6.5,80.3,80.0,
2025-07-18 01:10:37,120.692495,32.00072,6.5,82.6,82.0,
2025-07-18 01:12:37,120.69666833333332,32.00132333333333,6.5,78.4,78.0,
2025-07-18 01:14:37,120.70087333333332,32.00190333333333,6.6,80.6,80.0,
2025-07-18 01:17:07,120.70632,32.00270666666667,6.7,80.5,80.0,
2025-07-18 01:19:19,120.711145,32.00331333333333,6.8,81.2,81.0,
2025-07-18 01:21:19,120.71559666666668,32.003793333333334,6.9,83.4,83.0,
2025-07-18 01:23:19,120.72004,32.00427666666667,6.9,80.8,80.0,
2025-07-18 01:25:19,120.724475,32.00472666666667,6.9,86.2,86.0,
2025-07-18 01:27:19,120.72892333333331,32.00515166666667,6.8,79.5,79.0,
2025-07-18 01:29:31,120.73378333333334,32.00570166666667,6.8,83.8,83.0,
2025-07-18 01:32:38,120.74062333333332,32.00647,6.8,82.3,82.0,
2025-07-18 01:35:07,120.74615166666666,32.00680166666667,6.8,87.0,87.0,
2025-07-18 01:38:07,120.75284,32.00714333333333,6.8,87.0,87.0,
2025-07-18 01:40:07,120.75738166666666,32.00742,6.9,88.4,88.0,
2025-07-18 01:42:07,120.76188,32.00756,6.9,85.5,85.0,
2025-07-18 01:44:07,120.76634666666666,32.00781166666667,7.0,88.0,88.0,
2025-07-18 01:46:07,120.770885,32.007635,6.9,93.2,93.0,
2025-07-18 01:48:07,120.77551333333334,32.007261666666665,7.1,96.8,96.0,
2025-07-18 01:50:53,120.78184833333331,32.00678166666667,7.1,96.9,96.0,
2025-07-18 01:53:07,120.78700166666668,32.006045,7.1,103.1,103.0,
2025-07-18 01:55:07,120.79154333333334,32.005066666666664,7.2,103.9,103.0,
2025-07-18 01:57:07,120.796015,32.004015,7.1,106.3,106.0,
2025-07-18 01:59:07,120.80050333333334,32.00299833333333,7.1,106.1,106.0,
2025-07-18 02:01:07,120.80497666666666,32.00166,7.2,111.5,111.0,
2025-07-18 02:03:19,120.80972333333334,31.99999833333333,7.2,116.2,116.0,
2025-07-18 02:05:19,120.81367833333331,31.99788333333333,7.3,124.5,124.0,
2025-07-18 02:07:19,120.81757666666668,31.99553,7.3,126.6,126.0,
2025-07-18 02:09:19,120.82124166666668,31.992866666666668,7.3,131.7,131.0,
2025-07-18 02:11:19,120.82469833333332,31.990086666666667,7.4,135.9,135.0,
2025-07-18 02:13:30,120.82849833333331,31.98683,7.7,137.5,137.0,
2025-07-18 02:15:31,120.83198833333331,31.983655,8.0,136.4,136.0,
2025-07-18 02:18:31,120.83737,31.978695,8.2,140.1,140.0,
2025-07-18 02:20:31,120.84084833333333,31.975211666666667,8.3,137.4,137.0,
2025-07-18 02:22:42,120.84475333333332,31.97129,8.6,142.0,142.0,
2025-07-18 02:24:42,120.84765,31.96723833333333,8.6,153.8,153.0,
2025-07-18 02:26:42,120.85048333333332,31.96303,8.8,147.0,147.0,
2025-07-18 02:28:43,120.853735,31.958766666666666,9.2,147.9,147.0,
2025-07-18 02:30:43,120.85672666666666,31.95434833333333,9.1,151.8,151.0,
2025-07-18 02:32:54,120.85955833333334,31.949416666666668,9.2,154.7,154.0,
2025-07-18 02:34:54,120.861675,31.944955,8.4,156.7,156.0,
2025-07-18 02:36:54,120.86375166666669,31.94078833333333,8.0,158.2,158.0,
2025-07-18 02:38:54,120.86551166666666,31.936601666666668,7.8,163.3,163.0,
2025-07-18 02:42:07,120.86842833333333,31.930253333333333,7.7,158.1,158.0,
2025-07-18 02:44:07,120.870025,31.92618833333333,7.7,163.3,163.0,
2025-07-18 02:46:37,120.87166333333332,31.92101333333333,7.7,164.6,164.0,
2025-07-18 02:48:37,120.87302666666666,31.916906666666662,7.6,165.3,165.0,
2025-07-18 02:50:37,120.87425,31.91279,7.8,164.8,164.0,
2025-07-18 02:52:37,120.87573833333332,31.908706666666667,7.7,165.9,165.0,
2025-07-18 02:54:37,120.87671,31.90455333333333,7.3,166.9,166.0,
2025-07-18 02:56:48,120.87795166666666,31.900023333333333,7.6,166.9,166.0,
2025-07-18 02:58:49,120.87917166666666,31.8959,7.7,166.8,166.0,
2025-07-18 03:00:49,120.88021333333332,31.891741666666668,7.6,166.3,166.0,
2025-07-18 03:02:49,120.88144,31.887631666666667,7.8,167.1,167.0,
2025-07-18 03:04:49,120.88268333333332,31.883555,7.5,162.8,162.0,
2025-07-18 03:07:00,120.88403833333334,31.879101666666667,7.4,170.2,170.0,
2025-07-18 03:09:01,120.88520833333334,31.875105,7.5,163.3,163.0,
2025-07-18 03:11:31,120.886845,31.8701,7.4,163.5,163.0,
2025-07-18 03:14:01,120.888325,31.86499166666667,7.5,170.2,170.0,
2025-07-18 03:16:12,120.88955333333334,31.860595,7.4,162.4,162.0,
2025-07-18 03:18:12,120.89086333333331,31.856585,7.5,165.8,165.0,
2025-07-18 03:20:12,120.89225,31.852606666666667,7.5,161.6,161.0,
2025-07-18 03:22:13,120.89357,31.84859833333333,7.4,164.5,164.0,
2025-07-18 03:25:07,120.89568166666666,31.842786666666665,7.6,161.2,161.0,
2025-07-18 03:27:37,120.89801,31.83768,8.0,158.5,158.0,
2025-07-18 03:29:37,120.90024333333334,31.83352,8.3,152.7,152.0,
2025-07-18 03:31:37,120.90293833333334,31.82941,8.6,152.0,152.0,
2025-07-18 03:33:49,120.90569666666669,31.824631666666665,8.9,154.3,154.0,
2025-07-18 03:36:07,120.908615,31.819593333333334,8.4,151.6,151.0,
2025-07-18 03:38:37,120.91228833333334,31.81479333333333,8.2,144.3,144.0,
2025-07-18 03:40:37,120.91523166666668,31.81094333333333,8.4,150.9,150.0,
2025-07-18 03:46:19,120.92368,31.799595,8.8,147.0,147.0,
2025-07-18 03:48:19,120.92709833333332,31.79565,8.8,140.3,140.0,
2025-07-18 03:51:19,120.93279666666666,31.790198333333333,8.8,139.7,139.0,
2025-07-18 03:53:51,120.93785333333334,31.78594333333333,8.7,129.7,129.0,
2025-07-18 03:56:30,120.94401,31.781861666666668,8.7,124.9,124.0,
2025-07-22 22:44:07,121.00243,31.780591666666663,3.4,281.3,281.0,
2025-07-22 22:47:07,120.99903666666668,31.780791666666666,3.6,274.9,274.0,
2025-07-22 22:50:37,120.99509,31.780941666666667,3.4,281.4,281.0,
2025-07-22 22:53:37,120.99188333333332,31.78143333333333,3.2,276.6,276.0,
2025-07-22 22:56:49,120.98847666666668,31.781613333333333,3.2,263.4,263.0,
2025-07-22 23:00:07,120.98503333333332,31.781441666666662,3.1,271.0,271.0,
2025-07-22 23:03:10,120.9818,31.78139,3.3,277.5,277.0,
2025-07-22 23:06:37,120.97788666666666,31.78175333333333,3.6,278.7,278.0,
2025-07-22 23:09:37,120.97434,31.782236666666662,3.6,277.2,277.0,
2025-07-22 23:13:07,120.97006166666668,31.782626666666665,3.9,270.7,270.0,
2025-07-22 23:16:07,120.96632666666666,31.782586666666667,3.8,272.3,272.0,
2025-07-22 23:19:37,120.96222666666668,31.78322,3.6,280.4,280.0,
2025-07-22 23:23:19,120.95788166666668,31.784055,3.8,281.5,281.0,
2025-07-22 23:27:19,120.95360666666669,31.78595,3.7,299.6,299.0,
2025-07-22 23:30:19,120.95047,31.787461666666665,3.7,303.9,303.0,
2025-07-22 23:34:01,120.94659833333333,31.789155,3.6,294.3,294.0,
2025-07-22 23:37:01,120.94364166666666,31.79083,3.6,301.0,301.0,
2025-07-22 23:40:01,120.94119833333332,31.79291333333333,3.6,320.6,320.0,
2025-07-22 23:43:37,120.93856666666667,31.795495,3.3,315.4,315.0,
2025-07-22 23:46:38,120.93617833333332,31.79757,3.6,320.0,320.0,
2025-07-22 23:50:07,120.93333666666666,31.800255,3.9,320.7,320.0,
2025-07-22 23:53:07,120.93114,31.802846666666667,3.9,321.2,321.0,
2025-07-22 23:56:07,120.92896333333331,31.805491666666665,3.9,321.6,321.0,
2025-07-23 00:01:07,120.92504166666669,31.809831666666668,3.9,323.5,323.0,
2025-07-23 00:04:07,120.92278,31.812555,4.1,320.8,320.0,
2025-07-23 00:08:12,120.91977166666666,31.816481666666668,4.2,327.7,327.0,
2025-07-23 00:11:37,120.91683333333332,31.81949333333333,4.3,314.1,314.0,
2025-07-23 00:14:37,120.91383833333332,31.821955,4.0,319.2,319.0,
2025-07-23 00:19:37,120.91034666666668,31.826441666666668,3.9,326.6,326.0,
2025-07-23 00:22:37,120.908985,31.829165,3.5,339.6,339.0,
2025-07-23 00:25:37,120.90815666666668,31.83168,2.9,342.5,342.0,
2025-07-23 00:28:37,120.90703,31.83425833333333,3.6,337.8,337.0,
2025-07-23 00:31:37,120.90581,31.837046666666662,3.6,338.8,338.0,
2025-07-23 00:34:37,120.904615,31.83984166666667,3.7,336.9,336.0,
2025-07-23 00:37:49,120.90353,31.84301333333333,3.8,339.9,339.0,
2025-07-23 00:41:07,120.90229333333332,31.846488333333333,4.1,342.8,342.0,
2025-07-23 00:44:07,120.90124,31.84974,4.0,338.7,338.0,
2025-07-23 00:47:37,120.89980333333334,31.853495,4.1,343.6,343.0,
2025-07-23 00:50:49,120.89867333333332,31.85693333333333,4.0,342.8,342.0,
2025-07-23 00:54:22,120.89749333333332,31.86071,3.8,347.4,347.0,
2025-07-23 00:57:37,120.89670166666669,31.864146666666667,3.9,351.9,351.0,
2025-07-23 01:00:37,120.89591833333331,31.867206666666668,3.7,349.5,349.0,
2025-07-23 01:04:07,120.89508333333332,31.87059,3.5,344.8,344.0,
2025-07-23 01:07:16,120.89441333333332,31.873715,3.8,344.4,344.0,
2025-07-23 01:10:37,120.893915,31.87716,3.6,352.3,352.0,
2025-07-23 01:13:37,120.89334333333332,31.880065,3.6,351.9,351.0,
2025-07-23 01:17:07,120.89280166666668,31.883756666666667,3.9,354.4,354.0,
2025-07-23 01:20:49,120.89209166666669,31.887676666666668,3.9,346.8,346.0,
2025-07-23 01:23:49,120.89066,31.890636666666666,3.9,343.3,343.0,
2025-07-23 01:26:49,120.88964166666666,31.893826666666666,4.0,347.1,347.0,
2025-07-23 01:30:02,120.88854166666668,31.897223333333333,4.0,347.8,347.0,
2025-07-23 01:33:31,120.88736166666666,31.901035,4.1,342.6,342.0,
2025-07-23 01:36:31,120.88621166666668,31.90437,4.3,339.5,339.0,
2025-07-23 01:39:43,120.88469,31.90811,4.6,344.6,344.0,
2025-07-23 01:43:13,120.88299,31.912615,5.0,342.3,342.0,
2025-07-23 01:47:07,120.88092666666668,31.91773333333333,5.0,331.7,331.0,
2025-07-23 01:50:07,120.878835,31.92150333333333,5.0,336.9,336.0,
2025-07-23 01:53:07,120.87698,31.925398333333334,5.1,336.3,336.0,
2025-07-23 01:56:07,120.87528666666668,31.929325,4.9,340.7,340.0,
2025-07-23 01:59:07,120.87320166666667,31.93284,4.6,334.5,334.0,
2025-07-23 02:02:07,120.87175,31.93626666666667,4.2,337.8,337.0,
2025-07-23 02:05:19,120.87031666666668,31.939806666666662,4.2,340.2,340.0,
2025-07-23 02:08:58,120.86879333333331,31.94391333333333,4.2,344.3,344.0,
2025-07-23 02:12:37,120.86703666666666,31.947635,3.7,333.4,333.0,
2025-07-23 02:15:37,120.86518,31.950271666666666,3.5,326.3,326.0,
2025-07-23 02:18:37,120.86369333333332,31.952776666666665,3.3,345.2,345.0,
2025-07-23 02:21:37,120.86264833333334,31.955236666666668,3.0,328.4,328.0,
2025-07-23 02:24:37,120.86157,31.957606666666667,3.2,343.0,343.0,
2025-07-23 02:27:49,120.86017,31.96029,3.4,332.7,332.0,
2025-07-23 02:30:49,120.858645,31.96285,3.3,325.6,325.0,
2025-07-23 02:33:49,120.85764666666668,31.965423333333334,3.4,1.9,1.0,
2025-07-23 02:36:49,120.85726166666667,31.968345,3.8,335.3,335.0,
2025-07-23 02:40:01,120.85485333333334,31.971595,4.7,325.6,325.0,
2025-07-23 02:43:01,120.85186833333331,31.97494,5.2,322.0,322.0,
2025-07-23 02:46:01,120.84842,31.978255,5.3,318.9,318.0,
2025-07-23 02:49:07,120.84488,31.98206,5.9,322.4,322.0,
2025-07-23 02:51:37,120.84144,31.98503,6.2,312.4,312.0,
2025-07-23 02:53:44,120.83809,31.987456666666667,6.3,309.3,309.0,
2025-07-23 02:56:37,120.83368333333334,31.990655,6.1,308.3,308.0,
2025-07-23 02:58:37,120.830645,31.99273833333333,5.7,315.6,315.0,
2025-07-23 03:03:07,120.82607333333333,31.9961,3.1,317.1,317.0,
2025-07-23 03:06:07,120.82397333333331,31.99793,3.4,310.7,310.0,
2025-07-23 03:09:07,120.8209,32.00019666666667,4.4,309.2,309.0,
2025-07-23 03:12:07,120.81775333333331,32.002385,3.7,315.9,315.0,
2025-07-23 03:15:07,120.81437666666666,32.005015,5.3,309.2,309.0,
2025-07-23 03:18:19,120.80965,32.00808166666667,5.8,299.4,299.0,
2025-07-23 03:21:49,120.80355,32.010538333333336,6.0,292.4,292.0,
2025-07-23 03:23:49,120.80005,32.01192666666667,6.0,293.1,293.0,
2025-07-23 03:25:49,120.79633833333334,32.012978333333336,6.0,285.6,285.0,
2025-07-23 03:28:31,120.79122,32.01414166666667,6.0,281.1,281.0,
2025-07-23 03:30:31,120.78729333333334,32.014575,6.0,272.5,272.0,
2025-07-23 03:32:45,120.78290833333334,32.01472666666667,6.0,275.8,275.0,
2025-07-23 03:36:07,120.77653,32.01521,5.8,271.0,271.0,
2025-07-23 03:39:07,120.77068833333334,32.015595,6.0,271.7,271.0,
2025-07-23 03:41:08,120.76673666666667,32.01571,6.2,271.1,271.0,
2025-07-23 03:43:19,120.76232333333331,32.01587166666667,6.1,271.5,271.0,
2025-07-23 03:45:19,120.758285,32.01577833333333,6.1,269.6,269.0,
2025-07-23 03:47:19,120.75416333333334,32.015825,6.4,272.4,272.0,
2025-07-23 03:49:19,120.74993166666668,32.015945,6.5,270.4,270.0,
2025-07-23 03:51:19,120.74579,32.01569166666667,6.4,266.2,266.0,
2025-07-23 03:53:37,120.74089666666669,32.015438333333336,6.5,265.8,265.0,
2025-07-23 03:55:37,120.73689,32.01528,6.0,267.2,267.0,
2025-07-23 03:58:37,120.73179166666668,32.014853333333335,4.8,265.6,265.0,
2025-07-23 04:01:37,120.72729,32.01456,4.5,264.8,264.0,
2025-07-23 04:05:09,120.72147833333334,32.01362666666667,5.5,255.1,255.0,
2025-07-23 04:07:37,120.71688833333332,32.012566666666665,6.3,255.3,255.0,
2025-07-23 04:09:37,120.712705,32.01169,6.6,257.6,257.0,
2025-07-23 04:11:37,120.70864166666668,32.010713333333335,6.5,252.1,252.0,
2025-07-23 04:13:37,120.70458166666668,32.00954,6.5,251.2,251.0,
2025-07-23 04:17:19,120.69687,32.00772333333333,6.7,251.4,251.0,
2025-07-23 04:19:19,120.69275333333331,32.006386666666664,6.8,249.8,249.0,
2025-07-23 04:22:37,120.68568833333332,32.00550333333333,6.6,264.9,264.0,
2025-07-23 04:25:37,120.67924333333332,32.00429,6.8,257.0,257.0,
2025-07-23 04:28:07,120.67370333333334,32.00317833333333,6.9,257.7,257.0,
2025-07-23 04:31:07,120.66697666666668,32.002385,7.0,263.9,263.0,
2025-07-23 04:33:49,120.660645,32.001781666666666,7.4,263.5,263.0,
2025-07-23 04:36:19,120.65454,32.000605,8.0,256.7,256.0,
2025-07-23 04:41:07,120.64185833333332,32.000276666666664,8.0,277.1,277.0,
2025-07-23 04:43:37,120.63549333333332,32.0006,7.6,270.5,270.0,
2025-07-23 04:46:37,120.62840833333334,32.00148,7.1,280.8,280.0,
2025-07-23 04:48:37,120.62379833333334,32.00173,7.1,273.3,273.0,
2025-07-23 04:52:37,120.61489833333331,32.00413833333333,7.2,298.1,298.0,
2025-07-23 04:55:07,120.61016166666668,32.00704833333333,7.1,308.1,308.0,
2025-07-23 04:58:07,120.60455166666668,32.010545,7.0,307.2,307.0,
2025-07-23 05:00:07,120.60078666666666,32.01265166666666,6.9,298.4,298.0,
2025-07-23 05:02:19,120.596475,32.014696666666666,6.9,305.5,305.0,
2025-07-23 05:04:23,120.59336833333332,32.017493333333334,6.8,322.1,322.0,
2025-07-23 05:06:37,120.59047833333334,32.02086,6.8,321.7,321.0,
2025-07-23 05:13:07,120.58027333333334,32.030256666666666,7.1,312.5,312.0,
2025-07-23 05:15:07,120.57678333333334,32.03303,7.3,314.4,314.0,
2025-07-23 05:18:07,120.571545,32.03709833333333,7.2,317.0,317.0,
2025-07-23 05:20:07,120.568505,32.03998333333333,6.9,314.8,314.0,
2025-07-23 05:22:19,120.56481,32.04293166666667,7.2,315.0,315.0,
2025-07-23 05:24:49,120.56080666666666,32.04649166666667,7.0,317.3,317.0,
2025-07-23 05:28:19,120.55457833333334,32.050675,7.0,302.7,302.0,
2025-07-23 05:30:49,120.55001666666666,32.05390833333333,7.2,309.4,309.0,
2025-07-23 05:33:31,120.544395,32.05664,7.3,301.4,301.0,
2025-07-23 05:35:31,120.54055333333334,32.05904,7.4,307.0,307.0,
2025-07-23 05:38:03,120.53535833333332,32.061778333333336,7.5,307.0,307.0,
2025-07-23 05:40:31,120.53051,32.064773333333335,7.2,307.6,307.0,
2025-07-23 05:42:42,120.52678,32.06720833333333,6.2,303.4,303.0,
2025-07-23 05:45:43,120.52153166666666,32.069651666666665,6.4,298.9,298.0,
2025-07-23 05:48:12,120.51653666666668,32.07095833333333,6.5,285.7,285.0,
2025-07-23 05:50:43,120.51166833333332,32.07279166666667,6.4,286.6,286.0,
2025-07-23 05:52:54,120.506945,32.073385,6.7,276.3,276.0,
2025-07-23 05:54:54,120.502605,32.07385,6.6,278.8,278.0,
2025-07-23 05:57:24,120.49739333333332,32.07437,6.3,269.5,269.0,
2025-07-23 05:59:24,120.493315,32.07416833333333,6.4,266.8,266.0,
2025-07-23 06:01:25,120.48923333333332,32.073773333333335,6.2,262.3,262.0,
2025-07-23 06:03:36,120.48483833333331,32.07327,6.1,258.9,258.0,
2025-07-23 06:05:36,120.48088333333334,32.07268166666667,6.1,259.8,259.0,
2025-07-23 06:07:36,120.47702333333334,32.071695,6.1,250.0,250.0,
2025-07-23 06:10:36,120.47128166666668,32.06983,6.4,252.9,252.0,
2025-07-23 06:12:48,120.46664166666666,32.068715,7.2,254.2,254.0,
2025-07-23 06:14:48,120.46202333333332,32.06769166666667,7.3,255.6,255.0,
2025-07-23 06:17:46,120.45545,32.065736666666666,6.9,246.8,246.0,
2025-07-23 06:20:07,120.45081,32.06392,6.5,246.6,246.0,
2025-07-23 06:22:07,120.44702166666669,32.06218833333333,6.5,241.9,241.0,
2025-07-23 06:25:37,120.44062,32.058976666666666,6.5,235.0,235.0,
2025-07-23 06:27:49,120.43707666666668,32.056455,6.4,226.8,226.0,
2025-07-23 06:29:49,120.43394333333332,32.054091666666665,6.5,229.1,229.0,
2025-07-23 06:32:49,120.42908333333334,32.050583333333336,6.3,230.7,230.0,
2025-07-23 06:34:49,120.42577833333333,32.04828833333333,6.5,228.5,228.0,
2025-07-23 06:36:49,120.42258666666666,32.04590666666667,6.6,229.3,229.0,
2025-07-23 06:39:31,120.41803833333331,32.04271833333333,6.7,227.4,227.0,
2025-07-23 06:42:37,120.41300166666667,32.038801666666664,6.9,228.1,228.0,
2025-07-23 06:44:37,120.40985833333332,32.03605666666667,6.8,222.8,222.0,
2025-07-23 06:46:48,120.40631833333332,32.033125,6.9,228.0,228.0,
2025-07-23 06:50:07,120.400925,32.02875,6.9,231.6,231.0,
2025-07-23 06:52:07,120.39743666666666,32.0263,7.0,225.4,225.0,
2025-07-23 06:54:37,120.393525,32.022815,7.0,224.6,224.0,
2025-07-23 06:58:07,120.387335,32.01855166666667,6.9,236.5,236.0,
2025-07-23 07:00:19,120.38340833333334,32.016025,6.8,230.1,230.0,
2025-07-23 07:02:19,120.37992,32.01354833333333,6.8,228.8,228.0,
2025-07-23 07:04:19,120.376555,32.011028333333336,7.0,230.7,230.0,
2025-07-23 07:06:19,120.37307666666666,32.00860333333333,6.9,228.1,228.0,
2025-07-23 07:09:07,120.36856,32.00498833333333,6.8,225.7,225.0,
2025-07-23 07:11:07,120.365295,32.002338333333334,6.8,227.0,227.0,
2025-07-23 07:14:07,120.359845,31.99892333333333,7.0,235.8,235.0,
2025-07-23 07:16:07,120.35625833333332,31.996565,6.9,229.3,229.0,
2025-07-23 07:19:19,120.35148166666669,31.992075,6.9,219.1,219.0,
2025-07-23 07:22:19,120.34695666666669,31.98777833333333,6.9,220.0,220.0,
2025-07-23 07:25:19,120.34175333333332,31.984371666666668,6.7,237.9,237.0,
2025-07-23 07:27:19,120.3384,31.98211166666667,6.4,231.9,231.0,
2025-07-23 07:29:31,120.33467,31.98027,6.2,244.7,244.0,
2025-07-23 07:31:31,120.33089333333334,31.978556666666663,6.6,246.6,246.0,
2025-07-23 07:33:31,120.32655,31.978165,6.9,268.6,268.0,
2025-07-23 07:37:31,120.31719166666667,31.977196666666668,7.1,250.7,250.0,
2025-07-23 07:40:44,120.310525,31.974291666666662,7.2,236.0,236.0,
2025-07-23 07:43:07,120.30562666666668,31.971696666666663,7.4,237.4,237.0,
2025-07-23 07:45:37,120.30074166666668,31.96873,7.6,235.2,235.0,
2025-07-23 07:49:37,120.29348333333331,31.96327833333333,7.4,232.8,232.0,
2025-07-23 07:51:49,120.28899166666666,31.96072,7.5,236.2,236.0,
2025-07-23 07:54:19,120.28400166666668,31.95773833333333,7.5,234.8,234.0,
2025-07-23 07:58:49,120.27486833333332,31.95315,7.1,234.9,234.0,
2025-07-23 08:02:07,120.26852333333332,31.94946333333333,7.1,239.9,239.0,
2025-07-23 08:04:07,120.26442333333334,31.94763833333333,7.0,245.0,245.0,
2025-07-23 08:06:37,120.25906666666668,31.945706666666663,7.1,252.6,252.0,
2025-07-23 08:08:37,120.25470333333334,31.944615,7.0,251.7,251.0,
2025-07-23 08:12:19,120.24651,31.943611666666666,6.6,259.1,259.0,
2025-07-23 08:19:37,120.231365,31.941026666666662,6.3,269.1,269.0,
2025-07-23 08:25:37,120.21916166666666,31.941973333333333,6.2,275.9,275.0,
2025-07-23 08:28:07,120.21408,31.942163333333333,6.2,270.2,270.0,
2025-07-23 08:31:07,120.20869166666668,31.942668333333334,5.5,279.5,279.0,
2025-07-23 08:34:07,120.20289333333334,31.94311,6.0,270.4,270.0,
2025-07-23 08:40:07,120.19109,31.944043333333333,6.1,277.2,277.0,
2025-07-23 08:45:37,120.18019833333334,31.944835,6.1,272.1,272.0,
2025-07-23 08:49:37,120.172325,31.9457,6.0,280.3,280.0,
2025-07-23 08:54:48,120.16223666666669,31.947401666666668,6.1,286.1,286.0,
2025-07-23 08:59:19,120.15340833333332,31.94904,6.3,280.6,280.0,
2025-07-23 09:05:31,120.14100666666668,31.95080833333333,6.2,276.1,276.0,
2025-07-23 09:11:37,120.12910333333332,31.952635,6.0,273.2,273.0,
2025-07-23 09:14:07,120.124375,31.953341666666667,5.9,284.8,284.0,
2025-07-23 09:21:37,120.11044833333334,31.956755,6.0,289.1,289.0,
2025-07-23 09:25:37,120.10321666666668,31.95894,5.9,295.5,295.0,
2025-07-23 09:28:37,120.09765,31.960256666666663,5.9,278.7,278.0,
2025-07-23 09:32:49,120.08961833333332,31.96147333333333,5.9,275.5,275.0,
2025-07-23 09:38:19,120.07921666666668,31.96240166666667,5.8,281.0,281.0,
2025-07-23 09:41:31,120.073225,31.963138333333333,5.7,281.4,281.0,
2025-07-23 09:47:31,120.06222333333334,31.965685,6.1,287.8,287.0,
2025-07-23 09:50:12,120.05698333333332,31.96700333333333,6.3,287.8,287.0,
2025-07-23 09:52:43,120.05221833333331,31.96826833333333,5.8,284.1,284.0,
2025-07-23 09:56:43,120.045455,31.970368333333333,5.3,287.8,287.0,
2025-07-23 09:59:43,120.04058666666668,31.97145666666667,5.1,288.3,288.0,
2025-07-23 10:02:54,120.03558333333334,31.973296666666663,5.1,291.3,291.0,
2025-07-23 10:05:54,120.03080833333334,31.974851666666662,5.2,295.1,295.0,
2025-07-23 10:09:25,120.02553,31.977218333333333,5.2,296.2,296.0,
2025-07-23 10:12:37,120.020845,31.979746666666667,5.3,305.3,305.0,
2025-07-23 10:15:37,120.01655,31.982343333333333,5.5,304.2,304.0,
2025-07-23 10:18:37,120.01197833333332,31.98503,5.9,304.3,304.0,
2025-07-23 10:20:49,120.00847833333331,31.987115,6.1,306.1,306.0,
2025-07-23 10:22:49,120.00509666666666,31.989116666666668,6.3,302.5,302.0,
2025-07-23 10:24:49,120.00166166666666,31.991071666666667,6.5,304.0,304.0,
2025-07-23 10:26:49,119.99803333333334,31.993075,6.6,301.7,301.0,
2025-07-23 10:28:49,119.994395,31.995005,6.4,303.5,303.0,
2025-07-23 10:31:20,119.99353833333332,31.99549,6.3,303.5,303.0,
2025-07-23 10:34:29,119.98865833333332,31.998355,5.2,309.3,309.0,
2025-07-23 10:37:31,119.98213666666666,32.002606666666665,4.9,306.3,306.0,
2025-07-23 10:40:37,119.978365,32.00523833333333,4.8,311.7,311.0,
2025-07-23 10:43:37,119.974935,32.00776333333334,4.6,314.5,314.0,
2025-07-23 10:46:37,119.97187333333332,32.01056166666667,4.6,315.8,315.0,
2025-07-23 10:49:49,119.96845833333332,32.013513333333336,4.6,316.1,316.0,
2025-07-23 10:52:49,119.96542666666669,32.01634833333333,4.6,322.8,322.0,
2025-07-23 10:55:49,119.96253166666666,32.019238333333334,4.6,317.9,317.0,
2025-07-23 10:59:19,119.95887333333332,32.02244,4.6,313.1,313.0,
2025-07-23 11:02:31,119.95611833333334,32.02558333333333,4.2,332.5,332.0,
2025-07-23 11:05:31,119.95431333333332,32.028823333333335,4.3,329.7,329.0,
2025-07-23 11:08:31,119.952115,32.031978333333335,4.4,330.3,330.0,
2025-07-23 11:12:45,119.95035333333334,32.03485,4.4,335.1,335.0,
2025-07-23 11:16:37,119.94673833333331,32.040713333333336,4.4,330.5,330.0,
2025-07-23 11:19:37,119.94450166666668,32.04389333333334,4.5,325.9,325.0,
2025-07-23 11:22:49,119.94206666666666,32.04729,4.5,329.2,329.0,
2025-07-23 11:25:50,119.94024666666668,32.05063333333333,4.2,326.0,326.0,
2025-07-23 11:30:20,119.93779333333332,32.05540333333333,4.4,341.8,341.0,
2025-07-23 11:34:02,119.936355,32.05981166666667,4.5,347.7,347.0,
2025-07-23 11:38:01,119.934375,32.064708333333336,4.7,340.0,340.0,
2025-07-23 11:41:02,119.93287,32.068395,4.7,343.0,343.0,
2025-07-23 11:44:12,119.93155333333333,32.072273333333335,4.6,343.5,343.0,
2025-07-23 11:47:13,119.930475,32.07595,4.6,345.6,345.0,
2025-07-23 11:50:13,119.92912833333334,32.07959,4.6,345.0,345.0,
2025-07-23 11:53:24,119.92768,32.083506666666665,4.6,341.6,341.0,
2025-07-23 11:56:25,119.926375,32.08717333333333,4.6,340.5,340.0,
2025-07-23 11:59:25,119.925465,32.09097333333333,4.6,339.1,339.0,
2025-07-23 12:02:55,119.92421166666666,32.095295,4.6,352.0,352.0,
2025-07-23 12:06:00,119.92357666666666,32.0993,4.8,354.6,354.0,
2025-07-23 12:09:07,119.92281166666666,32.103471666666664,4.9,355.5,355.0,
2025-07-23 12:12:07,119.92218,32.10751,4.9,348.0,348.0,
2025-07-23 12:15:08,119.92116833333333,32.11145166666667,4.8,346.1,346.0,
2025-07-23 12:18:09,119.91982833333331,32.11526166666667,4.8,342.6,342.0,
2025-07-23 12:21:19,119.91849833333332,32.11931333333333,4.7,348.2,348.0,
2025-07-23 12:24:21,119.91736166666666,32.12320833333333,4.8,342.8,342.0,
2025-07-23 12:27:49,119.91610666666666,32.12765,4.7,345.5,345.0,
2025-07-23 12:31:06,119.91477666666668,32.131638333333335,4.6,347.3,347.0,
2025-07-23 12:34:32,119.913225,32.13591666666667,4.6,346.7,346.0,
2025-07-23 12:38:02,119.91230166666666,32.14027,4.6,351.9,351.0,
2025-07-23 12:41:14,119.91167333333334,32.14432333333333,4.5,354.4,354.0,
2025-07-23 12:44:44,119.91083666666668,32.148653333333336,4.5,348.5,348.0,
2025-07-23 12:47:44,119.91004666666667,32.152405,4.6,349.7,349.0,
2025-07-23 12:51:24,119.90914,32.156998333333334,4.6,351.9,351.0,
2025-07-23 12:54:24,119.90831,32.160761666666666,4.6,345.6,345.0,
2025-07-23 12:57:25,119.907435,32.164535,4.5,342.5,342.0,
2025-07-23 13:00:25,119.90622666666668,32.16804166666667,4.5,346.9,346.0,
2025-07-23 13:03:36,119.905615,32.17198833333333,4.5,351.6,351.0,
2025-07-23 13:06:52,119.90505666666668,32.17596833333333,4.5,350.5,350.0,
2025-07-23 13:10:09,119.90457833333332,32.179946666666666,4.4,352.4,352.0,
2025-07-23 13:13:37,119.9039,32.184131666666666,4.3,355.7,355.0,
2025-07-23 13:16:37,119.903165,32.187668333333335,4.2,356.4,356.0,
2025-07-23 13:19:49,119.90236666666668,32.19128666666667,4.1,353.2,353.0,
2025-07-23 13:22:49,119.90195833333334,32.19482166666667,4.3,353.0,353.0,
2025-07-23 13:25:49,119.900955,32.19839833333333,4.4,349.4,349.0,
2025-07-23 13:29:01,119.90009166666668,32.202575,5.2,343.9,343.0,
2025-07-23 13:32:02,119.89787666666666,32.20665666666667,5.2,340.0,340.0,
2025-07-23 13:35:33,119.89737833333334,32.21163,5.3,347.6,347.0,
2025-07-23 13:38:42,119.895965,32.216348333333336,5.6,349.2,349.0,
2025-07-23 13:41:43,119.89479,32.22079333333333,5.5,345.9,345.0,
2025-07-23 13:44:43,119.89323833333331,32.22515166666667,5.4,342.0,342.0,
2025-07-23 13:49:07,119.89054,32.23137666666667,4.9,346.3,346.0,
2025-07-23 13:52:07,119.88956,32.235105,4.6,342.1,342.0,
2025-07-23 13:55:07,119.88806,32.23869833333333,4.6,339.1,339.0,
2025-07-23 17:30:37,119.67578166666668,32.23910333333333,4.8,198.2,198.0,
2025-07-23 17:33:38,119.67422333333332,32.23516,5.0,194.0,194.0,
2025-07-23 17:37:07,119.67288833333332,32.230623333333334,4.8,188.7,188.0,
2025-07-23 17:40:08,119.67118166666668,32.22705166666667,4.6,209.5,209.0,
2025-07-23 17:43:49,119.66784166666666,32.222825,4.9,213.1,213.0,
2025-07-23 17:46:49,119.66546,32.21933666666666,4.7,214.4,214.0,
2025-07-23 17:49:49,119.66288333333334,32.216105,4.7,211.1,211.0,
2025-07-23 17:52:50,119.65975333333331,32.21335,4.3,228.9,228.0,
2025-07-23 17:56:01,119.65675833333331,32.21051166666667,4.2,224.9,224.0,
2025-07-23 17:59:02,119.65383666666666,32.20792333333333,4.3,225.2,225.0,
2025-07-23 18:02:02,119.65060166666666,32.20583666666667,4.1,237.6,237.0,
2025-07-23 18:05:12,119.6467,32.20409,4.3,242.7,242.0,
2025-07-23 18:08:37,119.64232833333334,32.20229666666667,4.5,243.6,243.0,
2025-07-23 18:14:37,119.63378666666668,32.19956666666667,4.8,253.5,253.0,
2025-07-23 18:18:07,119.62835666666666,32.19828833333333,5.0,248.4,248.0,
2025-07-23 18:21:08,119.62375666666668,32.196963333333336,4.9,252.3,252.0,
2025-07-23 18:24:19,119.61917166666667,32.19535333333334,4.8,252.0,252.0,
2025-07-23 18:27:49,119.61323666666668,32.19383,5.4,254.7,254.0,
2025-07-23 18:30:49,119.60876,32.194085,4.4,272.2,272.0,
2025-07-23 18:34:01,119.604175,32.193688333333334,4.2,259.8,259.0,
2025-07-23 18:37:07,119.59997833333334,32.19325,4.2,264.4,264.0,
2025-07-23 18:40:08,119.59538666666668,32.19292,5.1,264.9,264.0,
2025-07-23 18:43:08,119.59033666666669,32.19207,5.3,261.7,261.0,
2025-07-23 18:46:22,119.584765,32.191601666666664,5.2,263.6,263.0,
2025-07-23 18:49:37,119.57923166666669,32.19110333333333,5.2,270.8,270.0,
2025-07-23 18:52:37,119.574245,32.19182,5.2,280.4,280.0,
2025-07-23 18:55:37,119.56963333333331,32.193485,5.1,294.7,294.0,
2025-07-23 18:58:37,119.56484333333331,32.19475666666666,5.1,288.6,288.0,
2025-07-23 19:02:08,119.55977666666666,32.19728166666667,5.1,300.2,300.0,
2025-07-23 19:05:19,119.55585833333332,32.20039833333333,5.2,320.8,320.0,
2025-07-23 19:09:07,119.55261166666666,32.204861666666666,4.7,351.7,351.0,
2025-07-23 19:12:07,119.552595,32.208686666666665,4.6,2.6,2.0,
2025-07-23 19:15:08,119.55264666666666,32.212653333333336,4.8,1.1,1.0,
2025-07-23 19:18:19,119.55242333333334,32.216885,4.7,357.2,357.0,
2025-07-23 19:21:19,119.55205166666669,32.220855,4.7,350.7,350.0,
2025-07-23 19:24:19,119.55116833333334,32.22473,4.9,340.3,340.0,
2025-07-23 19:27:20,119.54956,32.22869166666667,5.1,349.1,349.0,
2025-07-23 19:31:02,119.54810166666668,32.234048333333334,5.4,341.4,341.0,
2025-07-23 19:34:07,119.54524166666668,32.238145,5.7,325.7,325.0,
2025-07-23 21:01:31,119.39022333333334,32.23707666666667,7.1,215.4,215.0,
2025-07-23 21:03:43,119.38723,32.23366,7.1,215.2,215.0,
2025-07-23 21:06:13,119.38361833333332,32.22979,7.2,218.2,218.0,
2025-07-23 21:08:43,119.38040666666669,32.225705,7.0,210.7,210.0,
2025-07-23 21:10:43,119.37777,32.222633333333334,7.0,222.0,222.0,
2025-07-23 21:12:54,119.37423,32.219496666666664,7.2,220.2,220.0,
2025-07-23 21:14:55,119.37117166666668,32.216483333333336,7.1,220.8,220.0,
2025-07-23 21:17:37,119.36678333333332,32.21257333333333,7.2,226.2,226.0,
2025-07-23 21:19:37,119.36373666666668,32.209575,7.0,221.8,221.0,
2025-07-23 21:24:19,119.35506,32.20457833333333,6.8,239.4,239.0,
2025-07-23 21:26:37,119.35058333333332,32.202346666666664,6.7,237.0,237.0,
2025-07-23 21:28:37,119.34688666666666,32.200315,6.7,241.0,241.0,
2025-07-23 21:30:37,119.34290833333333,32.199005,6.6,252.5,252.0,
2025-07-23 21:32:38,119.33875,32.197835,6.7,251.7,251.0,
2025-07-23 21:36:19,119.331565,32.19538166666667,6.4,250.6,250.0,
2025-07-23 21:38:19,119.32742333333331,32.19457,6.6,257.9,257.0,
2025-07-23 21:40:19,119.32332333333332,32.19362666666667,6.5,252.3,252.0,
2025-07-23 21:42:19,119.31933666666669,32.19254166666666,6.3,257.1,257.0,
2025-07-23 21:44:19,119.31521666666669,32.19217833333333,6.3,265.3,265.0,
2025-07-23 21:46:31,119.31066666666666,32.19178333333333,6.4,264.9,264.0,
2025-07-23 21:48:31,119.30653666666667,32.19167,6.3,269.0,269.0,
2025-07-23 21:50:31,119.30242333333334,32.19130166666667,6.0,261.1,261.0,
2025-07-23 21:53:31,119.29710666666666,32.19159833333333,5.2,275.3,275.0,
2025-07-23 21:56:43,119.29182,32.19210666666667,5.0,277.2,277.0,
2025-07-23 22:00:13,119.28582333333334,32.192861666666666,5.5,287.5,287.0,
2025-07-23 22:02:13,119.282315,32.194298333333336,6.2,299.5,299.0,
2025-07-23 22:04:13,119.27856666666666,32.19623166666667,6.8,304.3,304.0,
2025-07-23 22:06:55,119.27351,32.199178333333336,7.0,303.3,303.0,
2025-07-23 22:08:55,119.26969833333334,32.201211666666666,6.8,299.3,299.0,
2025-07-23 22:10:55,119.265675,32.20290333333333,6.9,295.5,295.0,
2025-07-23 22:12:55,119.261605,32.204645,7.0,298.6,298.0,
2025-07-23 22:14:55,119.25759833333332,32.206511666666664,6.8,297.7,297.0,
2025-07-23 22:17:06,119.253425,32.208686666666665,6.9,304.9,304.0,
2025-07-23 22:19:06,119.24979666666668,32.21099666666667,6.9,306.3,306.0,
2025-07-23 22:21:07,119.24630833333332,32.21343,6.9,312.0,312.0,
2025-07-23 22:23:07,119.24282666666667,32.215815,6.8,307.5,307.0,
2025-07-23 22:26:18,119.237085,32.219565,6.9,307.8,307.0,
2025-07-23 22:28:18,119.23343666666666,32.221775,6.9,307.5,307.0,
2025-07-23 22:30:18,119.229895,32.22414166666667,6.9,307.0,307.0,
2025-07-23 22:32:18,119.22619833333331,32.226256666666664,6.8,302.1,302.0,
2025-07-23 22:34:19,119.22241666666666,32.22808,6.4,298.0,298.0,
2025-07-23 22:36:30,119.21839666666666,32.22989166666667,6.3,296.5,296.0,
2025-07-23 22:38:30,119.21483166666668,32.23163,6.1,306.3,306.0,
2025-07-23 22:40:30,119.21175666666667,32.23379333333333,6.1,306.8,306.0,
2025-07-23 22:42:30,119.20825833333332,32.23534333333333,6.1,294.5,294.0,
2025-07-23 22:44:30,119.20454666666669,32.2367,6.1,295.3,295.0,
2025-07-23 22:46:42,119.20046,32.238175,6.2,292.7,292.0,
2025-07-23 22:48:42,119.19663,32.23941666666666,6.2,291.3,291.0,
2025-07-23 23:59:07,119.070705,32.236601666666665,5.9,217.7,217.0,
2025-07-24 00:01:07,119.06844666666667,32.23386333333333,6.0,214.9,214.0,
2025-07-24 00:04:08,119.06536166666666,32.229746666666664,5.8,206.3,206.0,
2025-07-24 00:07:37,119.06248333333332,32.22475166666667,5.7,210.5,210.0,
2025-07-24 00:10:37,119.05969833333332,32.220713333333336,5.4,207.2,207.0,
2025-07-24 00:13:37,119.05625666666668,32.217196666666666,5.6,222.0,222.0,
2025-07-24 00:16:49,119.052565,32.213271666666664,5.7,214.2,214.0,
2025-07-24 00:20:19,119.04864833333332,32.20872833333333,5.7,220.8,220.0,
2025-07-24 00:23:49,119.04471833333334,32.204215,5.7,216.0,216.0,
2025-07-24 00:27:01,119.040995,32.20034,5.6,219.7,219.0,
2025-07-24 00:30:07,119.03704833333332,32.196895,5.5,230.1,230.0,
2025-07-24 00:33:07,119.03294333333334,32.194005,5.5,231.3,231.0,
2025-07-24 00:36:44,119.0281,32.19052333333333,5.3,230.5,230.0,
2025-07-24 00:40:07,119.02356166666668,32.18745333333333,5.3,229.6,229.0,
2025-07-24 00:43:08,119.01941333333332,32.18487,5.3,237.6,237.0,
2025-07-24 00:46:08,119.01486333333334,32.182793333333336,5.2,242.5,242.0,
2025-07-24 00:49:49,119.009245,32.180235,5.3,236.7,236.0,
2025-07-24 00:55:37,118.99979666666668,32.177778333333336,5.1,264.5,264.0,
2025-07-24 00:58:37,118.99453166666666,32.17719,5.4,264.0,264.0,
2025-07-24 01:01:38,118.98927666666668,32.176676666666665,5.3,269.7,269.0,
2025-07-24 01:04:49,118.98373166666669,32.176426666666664,5.4,270.2,270.0,
2025-07-24 01:08:49,118.976765,32.175913333333334,5.3,271.8,271.0,
2025-07-24 01:11:49,118.97176,32.175365,5.1,263.2,263.0,
2025-07-24 01:16:01,118.96473666666668,32.17515,5.2,268.7,268.0,
2025-07-24 01:19:01,118.95964833333332,32.17489833333333,5.2,265.5,265.0,
2025-07-24 01:23:02,118.95278833333332,32.17531833333334,5.2,275.3,275.0,
2025-07-24 01:26:13,118.94746333333332,32.17605666666667,5.2,279.4,279.0,
2025-07-24 01:29:13,118.94241833333334,32.17698333333333,5.3,289.5,289.0,
2025-07-24 01:32:13,118.93757,32.17777666666667,5.0,282.1,282.0,
2025-07-24 01:35:24,118.932335,32.17879,5.2,275.9,275.0,
2025-07-24 01:38:37,118.92707333333334,32.1796,5.1,281.4,281.0,
2025-07-24 01:41:37,118.92217,32.18057666666667,5.0,278.9,278.0,
2025-07-24 01:45:07,118.91652833333332,32.18132833333333,5.0,280.1,280.0,
2025-07-24 01:48:07,118.91192666666667,32.18212333333334,4.7,276.2,276.0,
2025-07-24 01:51:37,118.90648666666668,32.18281833333333,4.9,278.4,278.0,
2025-07-24 01:54:37,118.901725,32.18329,4.9,273.8,273.0,
2025-07-24 01:57:38,118.89693333333334,32.18322833333333,4.9,268.1,268.0,
2025-07-24 02:01:19,118.89096666666669,32.183056666666666,4.9,272.3,272.0,
2025-07-24 02:04:49,118.88551166666667,32.182935,4.7,270.3,270.0,
2025-07-24 02:07:49,118.88098833333332,32.18279666666667,4.6,262.9,262.0,
2025-07-24 02:11:01,118.87633333333332,32.18221166666667,4.4,260.4,260.0,
2025-07-24 02:14:01,118.872175,32.18131666666667,4.4,254.3,254.0,
2025-07-24 02:17:32,118.86753166666666,32.17969166666666,4.3,242.6,242.0,
2025-07-24 02:21:13,118.86286833333334,32.17762166666667,4.3,240.8,240.0,
2025-07-24 02:24:13,118.85935833333332,32.17575166666666,4.2,236.0,236.0,
2025-07-24 02:27:13,118.85597166666666,32.17363833333334,4.2,236.1,236.0,
2025-07-24 02:30:13,118.85231,32.171635,4.7,230.8,230.0,
2025-07-24 02:33:24,118.84793166666668,32.169265,5.2,236.6,236.0,
2025-07-24 02:36:25,118.84357333333334,32.16717166666667,5.1,240.6,240.0,
2025-07-24 02:39:25,118.83914666666666,32.16504,5.2,244.0,244.0,
2025-07-24 02:42:36,118.83429166666669,32.16329666666667,4.9,248.5,248.0,
2025-07-24 02:46:07,118.82934,32.162076666666664,4.3,251.9,251.0,
2025-07-24 02:49:07,118.82523833333332,32.16149,4.2,265.7,265.0,
2025-07-24 02:52:08,118.82143,32.16036166666667,4.2,249.3,249.0,
2025-07-24 02:55:49,118.816755,32.1588,4.2,248.6,248.0,
2025-07-24 02:58:49,118.81293333333332,32.15725,4.2,245.0,245.0,
2025-07-24 03:01:49,118.809195,32.15556333333333,4.3,239.3,239.0,
2025-07-24 03:04:50,118.80550833333334,32.15360666666667,4.4,240.8,240.0,
2025-07-24 03:08:01,118.8015,32.15153166666666,4.4,236.8,236.0,
2025-07-24 03:11:14,118.797765,32.14903833333333,4.5,232.0,232.0,
2025-07-24 03:14:37,118.79398666666668,32.146345,4.4,226.6,226.0,
2025-07-24 03:17:37,118.79039833333331,32.144045,4.9,237.2,237.0,
2025-07-24 03:20:38,118.78636666666668,32.141555,5.0,235.1,235.0,
2025-07-24 03:24:07,118.78163333333332,32.139293333333335,4.4,245.2,245.0,
2025-07-24 03:27:08,118.77793833333334,32.138105,3.9,251.6,251.0,
2025-07-24 03:30:08,118.77432333333331,32.13724333333333,4.2,259.0,259.0,
2025-07-24 03:33:19,118.76957333333333,32.13654833333333,4.8,259.3,259.0,
2025-07-24 03:36:19,118.76462666666669,32.13612333333333,5.2,266.4,266.0,
2025-07-24 03:39:19,118.75943,32.135933333333334,5.4,265.8,265.0,
2025-07-24 03:42:20,118.75444,32.134695,5.4,248.4,248.0,
2025-07-24 03:45:31,118.74990166666667,32.13197666666667,5.0,224.4,224.0,
2025-07-24 03:48:31,118.74705333333333,32.129175,4.7,222.5,222.0,
2025-07-24 03:51:31,118.74382833333334,32.126055,5.0,218.4,218.0,
2025-07-24 03:54:43,118.74053166666668,32.12253833333333,5.1,220.9,220.0,
2025-07-24 03:57:43,118.737515,32.11921666666667,4.9,211.1,211.0,
2025-07-24 04:00:43,118.734995,32.11586333333333,4.6,217.6,217.0,
2025-07-24 04:03:55,118.73115,32.113598333333336,4.5,233.9,233.0,
2025-07-25 12:24:48,118.73307166666666,32.108555,8.1,34.3,34.0,
2025-07-25 12:27:19,118.73680833333331,32.113263333333336,8.2,34.1,34.0,
2025-07-25 12:29:19,118.73994666666668,32.116971666666664,8.1,39.0,39.0,
2025-07-25 12:31:19,118.743885,32.119235,6.8,60.7,60.0,
2025-07-25 12:33:19,118.74771,32.121105,6.8,60.2,60.0,
2025-07-25 12:35:30,118.75194666666668,32.123175,6.8,57.9,57.0,
2025-07-25 12:37:31,118.75585333333332,32.12488666666667,6.7,65.0,65.0,
2025-07-25 12:40:00,118.76081166666668,32.126985,6.9,64.1,64.0,
2025-07-25 12:42:01,118.76496,32.128411666666665,6.8,70.3,70.0,
2025-07-25 12:44:01,118.76895666666668,32.13001333333333,6.8,62.4,62.0,
2025-07-25 12:46:12,118.77349666666667,32.13160833333333,6.8,72.8,72.0,
2025-07-25 12:48:37,118.77850166666668,32.133226666666665,6.7,65.4,65.0,
2025-07-25 12:50:37,118.78248,32.134996666666666,7.0,60.5,60.0,
2025-07-25 12:52:37,118.78642166666668,32.13702166666667,7.1,58.4,58.0,
2025-07-25 12:54:37,118.79032333333332,32.13916833333333,7.1,56.1,56.0,
2025-07-25 12:56:37,118.79405333333334,32.141455,7.1,54.0,54.0,
2025-07-25 12:59:11,118.79880166666666,32.14463333333333,7.1,53.7,53.0,
2025-07-25 13:01:37,118.803235,32.147641666666665,7.2,47.9,47.0,
2025-07-25 13:03:37,118.80691166666666,32.15031,7.4,50.5,50.0,
2025-07-25 13:05:37,118.81092833333334,32.15258,7.4,60.1,60.0,
2025-07-25 13:07:37,118.815285,32.15446,7.4,61.9,61.0,
2025-07-25 13:10:07,118.82077166666669,32.156713333333336,7.5,65.9,65.0,
2025-07-25 13:12:07,118.82520166666669,32.158561666666664,7.5,63.3,63.0,
2025-07-25 13:14:07,118.82988666666668,32.16013,8.0,69.0,69.0,
2025-07-25 13:16:19,118.835485,32.16202166666667,8.6,68.8,68.0,
2025-07-25 13:18:19,118.84060833333334,32.16399833333333,8.7,62.1,62.0,
2025-07-25 13:20:19,118.84569333333332,32.166311666666665,8.8,60.7,60.0,
2025-07-25 13:22:19,118.85053166666668,32.16869833333333,8.4,58.3,58.0,
2025-07-25 13:24:19,118.85509666666668,32.17116,8.2,57.4,57.0,
2025-07-25 13:26:31,118.86014166666666,32.173766666666666,8.2,60.5,60.0,
2025-07-25 13:28:31,118.86482666666669,32.17604,8.2,62.0,62.0,
2025-07-25 13:30:31,118.869895,32.17753833333333,8.2,75.6,75.0,
2025-07-25 13:33:02,118.87662166666668,32.17876166666667,8.5,79.8,79.0,
2025-07-25 13:35:12,118.88264,32.17924,8.4,85.8,85.0,
2025-07-25 13:37:12,118.888215,32.17946,8.4,87.9,87.0,
2025-07-25 13:39:12,118.893665,32.17954,8.2,88.7,88.0,
2025-07-25 13:42:07,118.901085,32.17960166666667,7.6,92.6,92.0,
2025-07-25 13:44:07,118.90599833333332,32.17928166666667,7.4,97.3,97.0,
2025-07-25 13:46:37,118.91187666666669,32.178695,7.3,96.2,96.0,
2025-07-25 13:48:37,118.91661333333332,32.17813666666667,7.2,97.8,97.0,
2025-07-25 13:50:37,118.92132833333334,32.177526666666665,7.3,100.4,100.0,
2025-07-25 13:52:37,118.925995,32.176581666666664,7.3,103.7,103.0,
2025-07-25 13:55:07,118.93186,32.17544,7.2,101.2,101.0,
2025-07-25 13:57:53,118.93835666666666,32.174505,7.3,100.3,100.0,
2025-07-25 14:00:07,118.943535,32.17375833333333,7.2,99.3,99.0,
2025-07-25 14:02:07,118.94813,32.17323,7.0,96.1,96.0,
2025-07-25 14:04:07,118.95281,32.172835,7.1,94.5,94.0,
2025-07-25 14:06:07,118.95743833333331,32.17279833333333,7.1,91.3,91.0,
2025-07-25 14:08:19,118.96246333333332,32.17255,7.0,94.1,94.0,
2025-07-25 14:10:37,118.96779,32.172331666666665,7.0,89.0,89.0,
2025-07-25 14:12:37,118.97240833333332,32.17245,7.2,88.5,88.0,
2025-07-25 14:14:37,118.97714,32.17265,7.3,86.2,86.0,
2025-07-25 14:16:37,118.98199166666669,32.172855,7.4,87.9,87.0,
2025-07-25 14:18:37,118.986745,32.17315333333333,7.3,82.7,82.0,
2025-07-25 14:20:49,118.99196833333332,32.17384166666667,7.2,76.1,76.0,
2025-07-25 14:22:49,118.99666333333332,32.174825,7.4,80.2,80.0,
2025-07-25 14:24:49,119.00139166666666,32.175575,7.4,77.1,77.0,
2025-07-25 14:27:07,119.00665666666669,32.17715833333333,7.5,68.7,68.0,
2025-07-25 14:29:07,119.01131833333334,32.17875,7.6,66.4,66.0,
2025-07-25 14:31:07,119.01567,32.18080833333333,7.6,57.4,57.0,
2025-07-25 14:33:07,119.01990666666669,32.183123333333334,7.8,58.4,58.0,
2025-07-25 14:35:07,119.02431666666666,32.185295,7.5,58.3,58.0,
2025-07-25 14:37:19,119.02836166666668,32.187751666666664,6.6,52.5,52.0,
2025-07-25 14:40:07,119.03283,32.19094833333333,6.7,46.0,46.0,
2025-07-25 14:42:07,119.03627333333333,32.19355,7.3,48.2,48.0,
2025-07-25 14:45:37,119.04275,32.198625,7.9,45.5,45.0,
2025-07-25 14:47:37,119.046445,32.2019,8.2,43.5,43.0,
2025-07-25 14:49:37,119.05003833333332,32.205175,8.1,43.6,43.0,
2025-07-25 14:51:37,119.05360833333332,32.208595,8.2,39.4,39.0,
2025-07-25 14:55:07,119.05890333333332,32.214956666666666,8.1,33.2,33.0,
2025-07-25 14:57:07,119.061685,32.21884333333333,8.1,30.7,30.0,
2025-07-25 14:59:07,119.064545,32.22289833333333,8.6,30.9,30.0,
2025-07-25 15:01:37,119.06844166666669,32.227853333333336,8.5,35.8,35.0,
2025-07-25 15:03:37,119.07186,32.231413333333336,8.2,39.2,39.0,
2025-07-25 15:05:37,119.07540166666666,32.23484,8.1,44.4,44.0,
2025-07-25 15:07:37,119.07929,32.237761666666664,7.8,53.4,53.0,
2025-07-25 15:48:19,119.18317166666668,32.23893666666667,8.0,110.7,110.0,
2025-07-25 15:50:19,119.18816666666666,32.237605,8.0,105.4,105.0,
2025-07-25 15:52:19,119.19312,32.236025,8.0,115.7,115.0,
2025-07-25 15:54:19,119.19771,32.23390666666667,8.1,119.7,119.0,
2025-07-25 15:56:19,119.202165,32.23144833333333,8.1,124.7,124.0,
2025-07-25 15:58:31,119.207035,32.22889333333333,7.9,119.8,119.0,
2025-07-25 16:01:01,119.212605,32.22618333333333,7.8,122.6,122.0,
2025-07-25 16:03:01,119.21682833333334,32.223731666666666,7.7,124.2,124.0,
2025-07-25 16:05:04,119.22083,32.22129833333333,7.5,126.2,126.0,
2025-07-25 16:08:13,119.227325,32.217695,7.3,121.6,121.0,
2025-07-25 16:10:35,119.23203833333334,32.214998333333334,7.5,125.8,125.0,
2025-07-25 16:12:38,119.236165,32.21256833333333,7.3,121.9,121.0,
2025-07-25 16:14:38,119.24039666666668,32.210775,7.3,115.2,115.0,
2025-07-25 16:17:38,119.24654333333334,32.20733333333333,7.5,126.0,126.0,
2025-07-25 16:19:38,119.25064333333331,32.20502666666667,7.5,119.7,119.0,
2025-07-25 16:21:38,119.25514,32.203118333333336,7.6,116.5,116.0,
2025-07-25 16:24:08,119.260405,32.20028666666666,7.8,123.9,123.0,
2025-07-25 16:26:38,119.26573333333332,32.197505,7.5,120.0,120.0,
2025-07-25 16:28:38,119.27001666666666,32.195235,7.7,124.7,124.0,
2025-07-25 16:30:38,119.274295,32.192991666666664,7.5,116.7,116.0,
2025-07-25 16:32:38,119.27889166666668,32.19184166666667,7.3,100.9,100.0,
2025-07-25 16:35:08,119.284845,32.191053333333336,7.4,98.8,98.0,
2025-07-25 16:37:08,119.28970333333334,32.19022666666667,7.9,103.4,103.0,
2025-07-25 16:39:08,119.29513166666666,32.18947166666667,8.5,94.1,94.0,
2025-07-25 16:41:08,119.300265,32.18940833333333,7.2,91.3,91.0,
2025-07-25 16:43:38,119.30547166666666,32.189148333333335,6.0,95.3,95.0,
2025-07-25 16:45:38,119.30938666666668,32.18901833333334,6.3,89.9,89.0,
2025-07-25 16:48:20,119.31556166666668,32.18923,7.5,85.7,85.0,
2025-07-25 16:50:20,119.32061833333331,32.18982666666667,8.0,80.3,80.0,
2025-07-25 16:52:50,119.32734833333332,32.190405,8.3,87.9,87.0,
2025-07-25 16:54:50,119.33285833333332,32.19072833333333,8.3,82.6,82.0,
2025-07-25 16:57:01,119.33863,32.191968333333335,8.5,73.0,73.0,
2025-07-25 16:59:32,119.345135,32.19412833333333,8.5,63.9,63.0,
2025-07-25 17:01:32,119.35032,32.19612166666667,8.8,66.8,66.0,
2025-07-25 17:03:51,119.35619,32.19877,8.7,55.5,55.0,
2025-07-25 17:06:08,119.36149333333331,32.20211333333334,9.1,55.0,55.0,
2025-07-25 17:08:08,119.36616666666669,32.20541,9.3,45.4,45.0,
2025-07-25 17:10:38,119.37131833333332,32.210386666666665,9.8,40.4,40.0,
2025-07-25 17:12:38,119.37567333333334,32.214571666666664,9.8,42.1,42.0,
2025-07-25 17:14:38,119.37951166666667,32.21870666666667,9.4,36.7,36.0,
2025-07-25 17:17:20,119.38407833333332,32.224421666666665,9.2,34.9,34.0,
2025-07-25 17:19:20,119.38780833333334,32.228405,9.0,40.7,40.0,
2025-07-25 17:21:20,119.391605,32.232155,9.0,39.0,39.0,
2025-07-25 17:23:20,119.39546666666666,32.235971666666664,9.1,40.5,40.0,
2025-07-25 17:25:20,119.3993,32.23992166666667,9.1,38.3,38.0,
2025-07-25 18:22:46,119.53906333333332,32.236536666666666,9.3,136.7,136.0,
2025-07-25 18:25:08,119.543765,32.23184166666667,9.3,141.0,141.0,
2025-07-25 18:27:38,119.54797666666668,32.22666,8.7,154.6,154.0,
2025-07-25 18:29:38,119.54895666666668,32.22223,8.0,176.0,176.0,
2025-07-25 18:31:38,119.54927166666668,32.21787666666667,7.2,176.0,176.0,
2025-07-25 18:33:50,119.54958333333332,32.214085,5.8,179.9,179.0,
2025-07-25 18:35:50,119.549515,32.21041666666667,7.2,180.8,180.0,
2025-07-25 18:38:38,119.55029333333331,32.204386666666664,8.0,168.1,168.0,
2025-07-25 18:42:08,119.55411333333332,32.19688,8.7,146.1,146.0,
2025-07-25 18:44:08,119.55812833333331,32.193353333333334,8.8,130.1,130.0,
2025-07-25 18:47:08,119.56576166666666,32.190423333333335,8.5,105.8,105.0,
2025-07-25 18:49:38,119.57281166666668,32.18918,8.9,101.3,101.0,
2025-07-25 18:52:08,119.58002666666668,32.18789,9.1,100.1,100.0,
2025-07-25 18:54:08,119.585955,32.18752,8.8,89.5,89.0,
2025-07-25 18:56:46,119.59335666666666,32.18783166666667,8.6,87.9,87.0,
2025-07-25 18:59:39,119.60112666666669,32.18906666666667,8.2,76.3,76.0,
2025-07-25 19:03:08,119.61021833333334,32.190583333333336,7.9,79.5,79.0,
2025-07-25 19:05:08,119.61500166666669,32.191408333333335,7.0,77.1,77.0,
2025-07-25 19:07:08,119.61953333333334,32.19219833333333,7.2,80.3,80.0,
2025-07-25 19:10:08,119.62719166666666,32.193281666666664,8.6,81.7,81.0,
2025-07-25 19:13:38,119.63772166666666,32.196035,10.1,67.6,67.0,
2025-07-25 19:16:09,119.645735,32.198348333333335,10.3,75.5,75.0,
2025-07-25 19:18:39,119.653045,32.200225,8.8,65.8,65.0,
2025-07-25 19:21:38,119.65938166666666,32.203915,7.6,49.7,49.0,
2025-07-25 19:23:38,119.66306666666668,32.207205,8.7,40.8,40.0,
2025-07-25 19:26:08,119.66718666666668,32.21243,9.3,28.9,28.0,
2025-07-25 19:28:08,119.67058166666666,32.21702333333333,9.6,36.1,36.0,
2025-07-25 19:30:20,119.67436333333332,32.221788333333336,9.5,30.2,30.0,
2025-07-25 19:32:20,119.67703833333331,32.22652,9.1,20.7,20.0,
2025-07-25 19:34:50,119.67907666666666,32.232475,8.9,15.6,15.0,
2025-07-25 19:36:50,119.680495,32.23732666666667,8.9,13.8,13.0,
2025-07-25 21:57:27,119.87246166666668,32.239018333333334,6.0,164.2,164.0,
2025-07-25 22:00:38,119.87442333333334,32.23261333333333,6.0,167.4,167.0,
2025-07-25 22:04:38,119.8763,32.22622,6.0,172.4,172.0,
2025-07-25 22:08:00,119.87728333333334,32.22181666666667,6.0,168.7,168.0,
2025-07-25 22:10:11,119.87788,32.218515,6.1,172.6,172.0,
2025-07-25 22:12:20,119.87904166666668,32.21362666666667,5.9,168.1,168.0,
2025-07-25 22:16:03,119.87962833333332,32.207701666666665,5.7,172.5,172.0,
2025-07-25 22:19:05,119.88009333333332,32.205326666666664,5.7,168.6,168.0,
2025-07-25 22:22:13,119.881125,32.199693333333336,5.7,170.8,170.0,
2025-07-25 22:25:38,119.882715,32.192643333333336,5.8,169.7,169.0,
2025-07-25 22:28:40,119.88353833333332,32.18953,5.8,166.1,166.0,
2025-07-25 22:31:20,119.88474333333332,32.18351333333333,6.0,178.8,178.0,
2025-07-25 22:33:36,119.88468,32.180235,6.0,180.4,180.0,
2025-07-25 22:35:56,119.88495166666668,32.176395,6.1,176.4,176.0,
2025-07-25 22:38:08,119.88532166666668,32.17214333333333,6.1,176.6,176.0,
2025-07-25 22:41:24,119.885575,32.168765,6.0,175.9,175.0,
2025-07-25 22:45:16,119.88650333333334,32.16225,5.8,168.5,168.0,
2025-07-25 22:48:20,119.88833333333334,32.155498333333334,6.0,167.9,167.0,
2025-07-25 22:50:49,119.88971666666669,32.15156,6.0,162.6,162.0,
2025-07-25 22:52:50,119.89086166666668,32.148361666666666,6.0,162.8,162.0,
2025-07-25 22:55:12,119.891745,32.145921666666666,6.0,162.3,162.0,
2025-07-25 22:57:12,119.89284333333332,32.143245,6.1,159.4,159.0,
2025-07-25 22:59:13,119.89442333333334,32.139145,6.2,162.2,162.0,
2025-07-25 23:02:00,119.89578166666666,32.135885,6.3,159.7,159.0,
2025-07-25 23:04:08,119.89833833333331,32.12992833333333,6.3,158.6,158.0,
2025-07-25 23:06:08,119.899905,32.12669833333333,6.3,157.5,157.0,
2025-07-25 23:08:08,119.90108666666669,32.12325666666667,6.3,164.5,164.0,
2025-07-25 23:10:29,119.90132666666666,32.122386666666664,6.5,166.9,166.0,
2025-07-25 23:12:38,119.90268166666668,32.11803833333333,6.5,164.3,164.0,
2025-07-25 23:14:45,119.90371666666668,32.11510333333333,6.6,164.9,164.0,
2025-07-25 23:16:45,119.90577166666668,32.11,6.4,163.6,163.0,
2025-07-25 23:19:20,119.90799666666666,32.103865,6.7,161.5,161.0,
2025-07-25 23:21:20,119.90931833333332,32.10035166666667,6.7,160.6,160.0,
2025-07-25 23:24:28,119.91063833333334,32.097386666666665,6.7,159.2,159.0,
2025-07-25 23:26:31,119.91331333333332,32.09117166666667,6.8,158.9,158.0,
2025-07-25 23:28:32,119.91486666666668,32.08762,6.9,161.3,161.0,
2025-07-25 23:30:32,119.916535,32.08410833333333,6.7,153.1,153.0,
2025-07-25 23:32:32,119.91843833333331,32.080785,6.8,157.3,157.0,
2025-07-25 23:34:43,119.92036666666668,32.07692333333333,6.9,154.4,154.0,
2025-07-25 23:36:52,119.92132,32.07521833333333,7.0,156.2,156.0,
2025-07-25 23:39:13,119.924325,32.068865,7.1,156.7,156.0,
2025-07-25 23:41:14,119.92612833333334,32.065223333333336,7.1,156.4,156.0,
2025-07-25 23:43:25,119.92798666666668,32.06120833333333,7.1,158.7,158.0,
2025-07-25 23:45:44,119.93002166666666,32.056958333333334,7.1,157.9,157.0,
2025-07-25 23:47:45,119.93077166666669,32.05533666666667,7.1,158.9,158.0,
2025-07-25 23:50:08,119.93412833333332,32.049013333333335,7.1,154.5,154.0,
2025-07-25 23:52:08,119.936095,32.045471666666664,7.2,153.6,153.0,
2025-07-25 23:54:08,119.93817333333334,32.041815,7.3,154.9,154.0,
2025-07-25 23:56:20,119.94046833333331,32.03782666666667,7.3,153.8,153.0,
2025-07-25 23:58:20,119.94266166666668,32.03422333333334,7.3,153.0,153.0,
2025-07-26 00:00:48,119.945615,32.029846666666664,7.3,150.1,150.0,
2025-07-26 00:02:49,119.94806,32.02643666666667,7.3,149.3,149.0,
2025-07-26 00:05:19,119.95099833333332,32.021991666666665,7.2,148.7,148.0,
2025-07-26 00:07:30,119.95379833333334,32.01830833333333,7.1,144.0,144.0,
2025-07-26 00:09:30,119.95678166666669,32.015258333333335,7.1,139.1,139.0,
2025-07-26 00:11:30,119.95995833333332,32.012386666666664,7.1,134.1,134.0,
2025-07-26 00:14:00,119.96413666666666,32.00911,7.1,132.1,132.0,
2025-07-26 00:16:12,119.96793666666666,32.00623,7.1,131.5,131.0,
2025-07-26 00:18:12,119.97154,32.003598333333336,7.3,131.7,131.0,
2025-07-26 00:20:12,119.97516333333331,32.00098,7.3,129.7,129.0,
2025-07-26 00:22:12,119.978875,31.998248333333333,7.6,134.2,134.0,
2025-07-26 00:24:12,119.98266,31.994961666666665,8.6,136.9,136.0,
2025-07-26 00:27:07,119.98844833333334,31.99000333333333,8.8,135.3,135.0,
2025-07-26 00:29:07,119.99255833333332,31.986461666666667,8.8,134.1,134.0,
2025-07-26 00:32:07,119.99869833333334,31.98137333333333,8.5,137.2,137.0,
2025-07-26 00:34:07,120.002735,31.978626666666667,7.6,123.8,123.0,
2025-07-26 00:36:07,120.00676333333334,31.97623,7.6,125.1,125.0,
2025-07-26 00:38:07,120.01096,31.9738,7.8,122.7,122.0,
2025-07-26 00:40:07,120.015305,31.97164666666667,7.8,119.9,119.0,
2025-07-26 00:42:08,120.019855,31.96955833333333,7.8,116.4,116.0,
2025-07-26 00:44:36,120.02571666666668,31.96735,7.9,113.2,113.0,
2025-07-26 00:46:37,120.03057333333334,31.96563833333333,8.0,111.0,111.0,
2025-07-26 00:48:37,120.035475,31.964285,8.0,109.1,109.0,
2025-07-26 00:51:07,120.04173833333331,31.962388333333333,8.1,107.8,107.0,
2025-07-26 00:53:48,120.04860166666668,31.960451666666668,8.1,109.0,109.0,
2025-07-26 00:55:48,120.05361166666668,31.959005,8.2,107.7,107.0,
2025-07-26 00:57:48,120.05869666666666,31.95766833333333,8.1,106.6,106.0,
2025-07-26 01:00:49,120.06630166666666,31.95567,8.0,106.0,106.0,
2025-07-26 01:03:00,120.07183666666668,31.954283333333333,8.0,108.2,108.0,
2025-07-26 01:05:00,120.07673166666666,31.952818333333333,8.0,108.8,108.0,
2025-07-26 01:07:30,120.08297666666668,31.951028333333333,7.9,110.3,110.0,
2025-07-26 01:09:31,120.08776666666668,31.949548333333333,7.8,110.2,110.0,
2025-07-26 01:11:31,120.09252166666668,31.948065,7.7,107.7,107.0,
2025-07-26 01:13:42,120.09779333333331,31.946701666666662,7.6,107.2,107.0,
2025-07-26 01:16:15,120.10379333333331,31.945115,7.6,108.1,108.0,
2025-07-26 01:20:07,120.112845,31.94237833333333,7.5,108.7,108.0,
2025-07-26 01:23:07,120.119805,31.94063166666667,7.4,104.7,104.0,
2025-07-26 01:27:37,120.13030666666668,31.938413333333333,7.3,101.6,101.0,
2025-07-26 01:29:37,120.13498833333334,31.93768833333333,7.4,102.3,102.0,
2025-07-26 01:31:37,120.139695,31.936666666666667,7.5,102.8,102.0,
2025-07-26 01:33:48,120.14507333333331,31.935691666666667,7.6,103.7,103.0,
2025-07-26 01:35:49,120.149885,31.934726666666663,7.6,102.7,102.0,
2025-07-26 01:38:19,120.156035,31.9336,7.6,101.6,101.0,
2025-07-26 01:41:19,120.16336,31.93245,7.6,99.0,99.0,
2025-07-26 01:44:30,120.17125333333334,31.931336666666667,7.8,99.8,99.0,
2025-07-26 01:49:07,120.18298333333334,31.9296,7.8,98.9,98.0,
2025-07-26 01:52:37,120.19176666666668,31.928886666666667,7.8,92.8,92.0,
2025-07-26 01:55:36,120.19959,31.928596666666667,8.0,91.5,91.0,
2025-07-26 01:57:37,120.204825,31.928615,8.1,88.7,88.0,
2025-07-26 01:59:37,120.21012166666668,31.928606666666667,8.1,88.3,88.0,
2025-07-26 02:01:37,120.215375,31.928753333333333,8.0,89.1,89.0,
2025-07-26 02:03:37,120.22055,31.928996666666663,8.0,85.7,85.0,
2025-07-26 02:05:54,120.22654833333333,31.929551666666665,8.1,81.1,81.0,
2025-07-26 02:08:07,120.23228833333332,31.93049,8.2,77.7,77.0,
2025-07-26 02:10:37,120.23871833333334,31.93202,8.2,74.6,74.0,
2025-07-26 02:13:07,120.24515,31.93378833333333,8.3,68.8,68.0,
2025-07-26 02:15:07,120.25015166666668,31.935495,8.2,68.1,68.0,
2025-07-26 02:17:08,120.25520833333331,31.937515,8.4,62.3,62.0,
2025-07-26 02:20:07,120.26231666666666,31.940826666666663,8.5,60.7,60.0,
2025-07-26 02:23:37,120.271135,31.943706666666667,8.3,72.7,72.0,
2025-07-26 02:25:37,120.276305,31.945236666666663,8.3,70.2,70.0,
2025-07-26 02:27:59,120.28238166666668,31.94723833333333,8.4,68.3,68.0,
2025-07-26 02:30:07,120.287635,31.949306666666665,8.4,64.2,64.0,
2025-07-26 02:32:07,120.29259166666668,31.951291666666663,8.2,64.4,64.0,
2025-07-26 02:34:37,120.29850833333332,31.953896666666665,8.2,64.0,64.0,
2025-07-26 02:36:37,120.30341,31.955956666666665,8.3,62.0,62.0,
2025-07-26 02:39:18,120.30971666666667,31.958956666666666,8.2,63.7,63.0,
2025-07-26 02:41:19,120.31455833333334,31.960866666666668,8.1,62.4,62.0,
2025-07-26 02:43:49,120.32011666666666,31.96386833333333,8.1,55.4,55.0,
2025-07-26 02:45:49,120.32431166666667,31.9664,7.9,53.2,53.0,
2025-07-26 02:48:30,120.32970333333331,31.970033333333333,7.7,50.5,50.0,
2025-07-26 02:50:31,120.33360166666668,31.972831666666668,7.7,49.1,49.0,
2025-07-26 02:52:31,120.33750166666668,31.975505,7.7,50.0,50.0,
2025-07-26 02:54:31,120.34121833333332,31.97838833333333,7.6,48.1,48.0,
2025-07-26 02:56:31,120.34491666666666,31.981155,7.6,48.9,48.0,
2025-07-26 02:58:42,120.34909833333332,31.984146666666668,7.7,52.9,52.0,
2025-07-26 03:02:07,120.35593833333331,31.988551666666662,7.8,50.3,50.0,
2025-07-26 03:04:07,120.360055,31.99111,7.7,56.8,56.0,
2025-07-26 03:06:07,120.36432833333332,31.993431666666662,7.7,57.6,57.0,
2025-07-26 03:09:07,120.37072166666668,31.996846666666663,7.8,57.6,57.0,
2025-07-26 03:11:07,120.37506,31.99920833333333,7.7,58.0,58.0,
2025-07-26 03:13:07,120.37927833333332,32.00147833333333,7.8,57.1,57.0,
2025-07-26 03:15:48,120.38522333333331,32.004493333333336,7.9,58.3,58.0,
2025-07-26 03:18:07,120.39019666666668,32.00715666666667,7.9,54.7,54.0,
2025-07-26 03:20:07,120.394395,32.00962166666667,7.8,54.4,54.0,
2025-07-26 03:22:07,120.398595,32.01206333333333,7.8,57.6,57.0,
2025-07-26 03:24:07,120.40291666666668,32.014298333333336,7.9,60.0,60.0,
2025-07-26 03:26:07,120.407455,32.01634166666667,7.9,62.9,62.0,
2025-07-26 03:28:19,120.41250166666669,32.01864333333333,8.1,61.2,61.0,
2025-07-26 03:30:45,120.41828,32.02116,8.1,63.4,63.0,
2025-07-26 03:33:07,120.42403333333333,32.023356666666665,8.1,68.4,68.0,
2025-07-26 03:35:37,120.43026833333332,32.025285,8.3,70.2,70.0,
2025-07-26 03:37:37,120.43540833333331,32.02694666666667,8.5,67.9,67.0,
2025-07-26 03:39:37,120.44060833333332,32.02854,8.6,71.7,71.0,
2025-07-26 03:41:48,120.44667166666666,32.03023833333334,8.7,70.0,70.0,
2025-07-26 03:44:19,120.45351333333332,32.03222,8.9,74.9,74.0,
2025-07-26 03:48:07,120.46412333333332,32.03349333333333,8.3,88.0,88.0,
2025-07-26 03:50:07,120.46948833333332,32.033501666666666,8.1,90.7,90.0,
2025-07-26 03:52:37,120.47591833333334,32.03332833333333,7.9,92.1,92.0,
2025-07-26 03:55:07,120.48240333333334,32.033098333333335,7.9,91.3,91.0,
2025-07-26 03:57:07,120.487475,32.032446666666665,7.7,104.8,104.0,
2025-07-26 03:59:07,120.49225666666666,32.031295,7.5,103.3,103.0,
2025-07-26 04:01:08,120.49698833333332,32.03029333333333,7.5,106.9,106.0,
2025-07-26 04:03:08,120.501595,32.028885,7.4,108.8,108.0,
2025-07-26 04:05:49,120.50782,32.02718333333333,7.4,108.3,108.0,
2025-07-26 04:08:20,120.51344166666668,32.02518,7.4,112.8,112.0,
2025-07-26 04:10:20,120.517825,32.0235,7.3,115.0,115.0,
2025-07-26 04:12:50,120.523255,32.02144166666667,7.3,111.6,111.0,
2025-07-26 04:15:01,120.52813833333332,32.019711666666666,7.4,113.6,113.0,
2025-07-26 04:17:31,120.53383166666669,32.01797666666667,7.3,107.2,107.0,
2025-07-26 04:19:31,120.53837166666666,32.01659166666666,7.4,110.6,110.0,
2025-07-26 04:21:32,120.54279166666667,32.01523666666667,7.3,109.8,109.0,
2025-07-26 04:23:32,120.54729666666668,32.013706666666664,7.4,113.4,113.0,
2025-07-26 04:25:43,120.552175,32.01188333333333,7.4,113.6,113.0,
2025-07-26 04:28:13,120.5577,32.00985,7.4,114.7,114.0,
2025-07-26 04:30:13,120.56204333333334,32.008116666666666,7.3,115.7,115.0,
2025-07-26 04:33:08,120.56821833333332,32.00544166666667,7.1,119.4,119.0,
2025-07-26 04:35:38,120.573325,32.003555,6.7,106.7,106.0,
2025-07-26 04:39:08,120.58074333333332,32.00198666666667,6.7,103.9,103.0,
2025-07-26 04:41:08,120.58513166666668,32.00116666666667,6.8,102.4,102.0,
2025-07-26 04:44:12,120.59173,31.99895,7.3,115.4,115.0,
2025-07-26 04:47:08,120.59791833333334,31.99643333333333,7.2,112.1,112.0,
2025-07-26 04:49:08,120.60240833333332,31.995495,7.0,98.0,98.0,
2025-07-26 04:51:08,120.60705333333334,31.99504,7.3,94.7,94.0,
2025-07-26 04:53:09,120.61186833333332,31.99465333333333,7.6,96.7,96.0,
2025-07-26 04:55:20,120.61724666666667,31.99398833333333,7.6,96.7,96.0,
2025-07-26 04:57:50,120.623525,31.993503333333333,7.8,93.8,93.0,
2025-07-26 04:59:50,120.62868833333332,31.993425,8.0,91.6,91.0,
2025-07-26 05:01:50,120.63384,31.992916666666662,7.9,98.4,98.0,
2025-07-26 05:04:02,120.63956166666668,31.992653333333333,7.9,89.9,89.0,
2025-07-26 05:06:03,120.64472666666668,31.99294,7.9,85.0,85.0,
2025-07-26 05:08:22,120.650865,31.993303333333333,8.1,85.0,85.0,
2025-07-26 05:11:08,120.65804666666666,31.994325,7.9,77.8,77.0,
2025-07-26 05:13:08,120.66319166666666,31.995145,8.0,81.2,81.0,
2025-07-26 05:16:08,120.67089333333334,31.996041666666667,7.8,82.2,82.0,
2025-07-26 05:18:08,120.67592166666668,31.996806666666668,7.8,79.3,79.0,
2025-07-26 05:20:08,120.68092666666666,31.99744,7.8,83.0,83.0,
2025-07-26 05:22:08,120.68593166666666,31.99809833333333,7.7,78.9,78.0,
2025-07-26 05:24:08,120.69081333333334,31.99908333333333,7.6,77.2,77.0,
2025-07-26 05:26:38,120.696865,31.999896666666668,7.5,81.9,81.0,
2025-07-26 05:28:38,120.70165333333334,32.00042833333333,7.4,82.2,82.0,
2025-07-26 05:30:50,120.70680833333331,32.00111,7.2,82.2,82.0,
2025-07-26 05:33:20,120.71256,32.00165166666667,7.0,83.4,83.0,
2025-07-26 05:35:50,120.71810166666668,32.00246,6.7,79.0,79.0,
2025-07-26 05:39:08,120.72503833333332,32.00336333333333,6.3,88.6,88.0,
2025-07-26 05:41:08,120.72903833333334,32.00345,5.9,86.4,86.0,
2025-07-26 05:44:08,120.734625,32.00373333333334,5.5,84.8,84.0,
2025-07-26 05:47:38,120.74074166666666,32.00457,5.3,78.8,78.0,
2025-07-26 05:50:49,120.746085,32.00523833333333,5.1,83.0,83.0,
2025-07-26 05:53:49,120.750985,32.006035,5.1,77.6,77.0,
2025-07-26 05:56:50,120.75593833333332,32.006796666666666,5.1,85.3,85.0,
2025-07-26 06:01:02,120.76274833333332,32.00725666666666,4.9,84.6,84.0,
2025-07-26 06:04:02,120.76753666666669,32.007495,5.0,87.1,87.0,
2025-07-26 06:07:02,120.77239166666666,32.00736,4.9,94.3,94.0,
2025-07-26 06:10:02,120.77716333333332,32.00715666666667,4.8,95.7,95.0,
2025-07-26 06:13:44,120.78289166666669,32.006515,4.8,96.4,96.0,
2025-07-26 06:17:08,120.78818166666667,32.005955,4.9,103.2,103.0,
2025-07-26 06:20:08,120.792735,32.004801666666665,4.8,106.2,106.0,
2025-07-26 06:23:08,120.79725166666668,32.003746666666665,4.8,107.9,107.0,
2025-07-26 06:26:08,120.80151,32.00225833333333,4.6,108.7,108.0,
2025-07-26 06:29:20,120.80607666666668,32.000765,4.7,115.1,115.0,
2025-07-26 06:32:20,120.809985,31.99859,4.8,121.1,121.0,
2025-07-26 06:35:20,120.81382,31.996415,4.7,127.8,127.0,
2025-07-26 06:38:20,120.81757,31.994275,4.6,124.7,124.0,
2025-07-26 06:41:32,120.82155333333333,31.991861666666665,4.7,127.1,127.0,
2025-07-26 06:44:32,120.82486666666668,31.98906333333333,4.8,137.5,137.0,
2025-07-26 06:47:32,120.82799,31.98621333333333,4.6,138.4,138.0,
2025-07-26 06:50:43,120.83130166666666,31.983616666666663,4.4,126.8,126.0,
2025-07-26 06:53:44,120.834355,31.98106,4.3,143.2,143.0,
2025-07-26 06:57:08,120.83703,31.97765,4.3,145.3,145.0,
2025-07-26 07:00:08,120.839385,31.97465833333333,4.4,146.7,146.0,
2025-07-26 07:03:08,120.84167666666669,31.97153833333333,4.3,145.6,145.0,
2025-07-26 07:06:08,120.84408666666668,31.96877,4.0,136.9,136.0,
2025-07-26 07:09:08,120.846555,31.966203333333333,3.9,142.3,142.0,
2025-07-26 07:12:08,120.84866333333332,31.9633,4.2,149.3,149.0,
2025-07-26 07:15:08,120.85075333333332,31.96037833333333,4.1,154.0,154.0,
2025-07-26 07:18:08,120.852215,31.95725333333333,3.9,157.0,157.0,
2025-07-26 07:21:08,120.85369666666666,31.954195,3.9,154.1,154.0,
2025-07-26 07:24:08,120.855525,31.95133833333333,3.9,151.4,151.0,
2025-07-26 07:27:20,120.85754666666666,31.94833,4.0,152.7,152.0,
2025-07-26 07:30:38,120.85957166666668,31.94489,4.3,152.9,152.0,
2025-07-26 07:33:38,120.861355,31.941726666666668,4.2,153.2,153.0,
2025-07-26 07:36:38,120.86333166666668,31.93867833333333,4.2,150.6,150.0,
2025-07-26 07:39:50,120.86517,31.935166666666667,4.4,159.8,159.0,
2025-07-26 07:42:50,120.86638333333332,31.93164833333333,4.4,163.2,163.0,
2025-07-26 07:46:20,120.86833,31.92783,4.3,152.1,152.0,
2025-07-26 07:49:20,120.87024166666669,31.92447,4.6,159.0,159.0,
2025-07-26 07:52:32,120.87170166666668,31.920476666666666,4.9,165.5,165.0,
2025-07-26 07:55:32,120.87260166666668,31.916563333333333,4.8,171.3,171.0,
2025-07-26 07:59:02,120.87405833333334,31.912135,4.8,166.6,166.0,
2025-07-26 08:02:12,120.875545,31.908013333333333,5.0,166.8,166.0,
2025-07-26 08:05:12,120.87642666666666,31.90393,5.0,164.0,164.0,
2025-07-26 08:08:42,120.87818166666666,31.89928,5.1,168.7,168.0,
2025-07-26 08:11:54,120.87924833333334,31.894891666666663,5.1,166.8,166.0,
2025-07-26 08:14:54,120.88029,31.89074833333333,5.1,168.7,168.0,
2025-07-26 08:17:54,120.88124666666668,31.886521666666667,5.1,166.5,166.0,
2025-07-26 08:21:06,120.88193,31.88180833333333,5.4,175.1,175.0,
2025-07-26 08:24:06,120.88271333333331,31.877378333333333,5.3,168.3,168.0,
2025-07-26 08:27:06,120.88378666666668,31.872886666666663,5.5,168.2,168.0,
2025-07-26 08:30:06,120.88482833333332,31.868278333333333,5.6,170.1,170.0,
2025-07-26 08:33:18,120.88660166666666,31.863521666666667,5.7,162.5,162.0,
2025-07-26 08:36:18,120.887905,31.858823333333333,5.7,161.5,161.0,
2025-07-26 08:39:48,120.89009666666666,31.853546666666663,5.9,161.4,161.0,
2025-07-26 08:42:30,120.89154666666668,31.849181666666667,6.0,162.9,162.0,
2025-07-26 08:44:30,120.892685,31.84598833333333,5.9,160.3,160.0,
2025-07-26 08:46:30,120.89404333333331,31.84285,6.0,160.3,160.0,
2025-07-26 08:48:30,120.89541833333334,31.839695,6.0,158.1,158.0,
2025-07-26 08:51:11,120.897915,31.835816666666663,6.0,148.1,148.0,
2025-07-26 08:53:11,120.89993,31.832886666666667,6.2,150.2,150.0,
2025-07-26 08:55:11,120.90213,31.83000833333333,6.2,145.9,145.0,
2025-07-26 08:58:04,120.90497833333332,31.82568,6.2,152.5,152.0,
2025-07-26 09:00:07,120.906915,31.822596666666666,6.2,150.1,150.0,
2025-07-26 09:02:37,120.90959,31.818956666666665,6.2,149.6,149.0,
2025-07-26 09:04:38,120.91156333333332,31.81597333333333,6.3,151.3,151.0,
2025-07-26 09:07:07,120.91406833333332,31.812266666666662,6.2,148.3,148.0,
2025-07-26 09:10:07,120.91719666666668,31.80789,6.2,150.3,150.0,
2025-07-26 09:12:07,120.91899333333332,31.80480333333333,6.1,153.4,153.0,
2025-07-26 09:15:07,120.92204833333334,31.800421666666665,6.1,149.6,149.0,
2025-07-26 09:17:19,120.92452,31.79738333333333,6.1,141.1,141.0,
2025-07-26 09:19:19,120.92703666666668,31.794805,6.0,139.5,139.0,
2025-07-26 09:22:19,120.93073166666667,31.790936666666667,6.0,139.7,139.0,
2025-07-26 09:26:01,120.93584166666666,31.78677833333333,5.9,130.6,130.0,
2025-07-26 09:29:01,120.94048666666669,31.784,5.8,122.1,122.0,
2025-07-26 09:33:37,120.94816833333331,31.780426666666667,5.8,115.2,115.0,
2025-07-27 09:35:49,121.003225,31.78016,7.0,275.9,275.0,
2025-07-27 09:37:49,120.99878166666667,31.780663333333333,6.9,277.7,277.0,
2025-07-27 09:39:49,120.994385,31.78115,6.8,277.8,277.0,
2025-07-27 09:43:01,120.98752333333331,31.781811666666663,6.6,274.4,274.0,
2025-07-27 09:45:02,120.983175,31.781925,6.7,270.6,270.0,
2025-07-27 09:48:31,120.97550166666667,31.782295,6.7,276.4,276.0,
2025-07-27 09:50:31,120.97118833333332,31.78273,6.6,277.7,277.0,
2025-07-27 09:53:12,120.965355,31.78312333333333,6.8,273.0,273.0,
2025-07-27 09:55:37,120.96004,31.783763333333333,6.7,278.4,278.0,
2025-07-27 09:57:37,120.95581,31.784625,6.5,291.6,291.0,
2025-07-27 09:59:37,120.95196833333334,31.78631333333333,6.7,299.4,299.0,
2025-07-27 10:01:37,120.94830833333332,31.788245,6.5,301.9,301.0,
2025-07-27 10:03:37,120.94465833333334,31.79009333333333,6.5,300.9,300.0,
2025-07-27 10:05:49,120.94114833333332,31.79250833333333,6.2,317.8,317.0,
2025-07-27 10:08:49,120.93753833333334,31.79615833333333,5.7,322.1,322.0,
2025-07-27 10:13:19,120.93258333333333,31.801856666666666,5.6,325.4,325.0,
2025-07-27 10:16:31,120.92925833333334,31.80573833333333,5.4,320.3,320.0,
2025-07-27 10:20:31,120.92502166666668,31.81047333333333,5.2,323.0,323.0,
2025-07-27 10:24:01,120.92152166666666,31.814606666666663,5.4,325.6,325.0,
2025-07-27 10:28:12,120.917105,31.819626666666668,5.5,322.4,322.0,
2025-07-27 10:31:13,120.91390333333334,31.823346666666662,5.4,326.7,326.0,
2025-07-27 10:34:43,120.91023666666666,31.827683333333333,5.3,328.5,328.0,
2025-07-27 10:39:24,120.90737333333334,31.83399,5.4,340.1,340.0,
2025-07-27 10:43:07,120.90505,31.839205,5.5,339.5,339.0,
2025-07-27 10:46:07,120.90347333333334,31.84354833333333,5.5,344.5,344.0,
2025-07-27 10:49:37,120.90147333333331,31.84861833333333,5.5,340.8,340.0,
2025-07-27 10:52:49,120.89991333333332,31.85319,5.3,344.6,344.0,
2025-07-27 10:57:19,120.89799833333332,31.859785,5.4,351.9,351.0,
2025-07-27 11:03:07,120.89638833333332,31.86818,5.3,349.2,349.0,
2025-07-27 11:06:07,120.89532166666666,31.872361666666663,5.1,350.2,350.0,
2025-07-27 11:11:19,120.89401333333332,31.879775,5.2,351.8,351.0,
2025-07-27 11:16:37,120.89223833333334,31.88751,5.4,342.1,342.0,
2025-07-27 11:19:37,120.89069666666668,31.891721666666665,5.3,344.3,344.0,
2025-07-27 11:22:37,120.88885833333332,31.89588333333333,5.3,338.0,338.0,
2025-07-27 11:25:37,120.887425,31.900046666666668,5.2,343.8,343.0,
2025-07-27 11:29:19,120.88557166666666,31.905161666666668,5.2,342.9,342.0,
2025-07-27 11:32:19,120.88398666666669,31.909315,5.3,340.5,340.0,
2025-07-27 11:35:19,120.88201666666669,31.91347333333333,5.4,338.1,338.0,
2025-07-27 11:38:19,120.88016666666668,31.91761333333333,5.4,338.5,338.0,
2025-07-27 11:41:31,120.87816,31.922135,5.4,339.2,339.0,
2025-07-27 11:44:31,120.87648,31.926306666666665,5.2,339.8,339.0,
2025-07-27 11:47:31,120.8746,31.930155,4.9,339.2,339.0,
2025-07-27 11:50:43,120.872995,31.934185,4.8,342.0,342.0,
2025-07-27 11:53:43,120.87145166666669,31.937775,4.5,340.5,340.0,
2025-07-27 11:56:43,120.86998166666666,31.941411666666667,4.7,340.7,340.0,
2025-07-27 11:59:55,120.86842,31.945271666666667,4.7,340.3,340.0,
2025-07-27 12:03:07,120.86637666666668,31.948896666666663,4.6,331.7,331.0,
2025-07-27 12:06:07,120.864505,31.952291666666667,4.5,331.5,331.0,
2025-07-27 12:09:07,120.86262666666669,31.95534,4.0,330.9,330.0,
2025-07-27 12:12:19,120.86097166666669,31.958566666666663,4.1,339.6,339.0,
2025-07-27 12:15:19,120.859715,31.961906666666668,4.2,339.4,339.0,
2025-07-27 12:18:19,120.858575,31.965218333333333,4.2,354.5,354.0,
2025-07-27 12:21:19,120.85753333333334,31.968556666666668,4.3,330.0,330.0,
2025-07-27 12:24:31,120.85444166666667,31.971816666666665,4.9,320.1,320.0,
2025-07-27 12:27:31,120.85132666666668,31.974961666666665,4.9,322.4,322.0,
2025-07-27 12:30:31,120.84847,31.97817833333333,4.9,321.2,321.0,
2025-07-27 12:33:42,120.845,31.981521666666666,5.1,312.9,312.0,
2025-07-27 12:37:07,120.84103666666668,31.984671666666667,4.7,311.4,311.0,
2025-07-27 12:40:07,120.83765,31.987266666666667,4.6,316.6,316.0,
2025-07-27 12:43:07,120.83448333333334,31.989966666666668,4.5,312.4,312.0,
2025-07-27 12:46:19,120.83104166666666,31.99266,4.5,312.5,312.0,
2025-07-27 12:49:19,120.82769333333331,31.995075,4.4,306.5,306.0,
2025-07-27 12:52:37,120.82421666666669,31.997915,4.5,315.5,315.0,
2025-07-27 12:55:37,120.82061,32.000265,4.7,306.0,306.0,
2025-07-27 12:58:37,120.817115,32.00279333333334,4.7,314.8,314.0,
2025-07-27 13:01:49,120.81376,32.00591,4.8,315.5,315.0,
2025-07-27 13:04:49,120.80981333333334,32.008111666666665,4.9,297.1,297.0,
2025-07-27 13:08:07,120.80520166666666,32.010016666666665,4.7,290.5,290.0,
2025-07-27 13:12:07,120.798975,32.01202166666667,5.3,289.2,289.0,
2025-07-27 13:15:50,120.79289333333334,32.01365833333333,5.3,284.6,284.0,
2025-07-27 13:19:37,120.78658666666666,32.01497333333333,5.0,278.5,278.0,
2025-07-27 13:22:37,120.78165166666666,32.01517166666667,4.7,279.5,279.0,
2025-07-27 13:25:49,120.77694833333334,32.01536333333333,4.4,271.0,271.0,
2025-07-27 13:28:49,120.77214,32.01526333333333,5.3,264.5,264.0,
2025-07-27 13:32:07,120.76631666666668,32.01464,5.5,262.7,262.0,
2025-07-27 13:35:07,120.76101166666666,32.014451666666666,5.4,272.9,272.0,
2025-07-27 13:38:09,120.75563166666667,32.01464,5.5,266.7,266.0,
2025-07-27 13:43:07,120.74670833333332,32.014045,5.3,267.4,267.0,
2025-07-27 13:46:07,120.74204666666668,32.014028333333336,4.6,274.9,274.0,
2025-07-27 13:49:37,120.736915,32.01441166666667,4.5,271.8,271.0,
2025-07-27 13:53:19,120.73133,32.01436666666667,4.8,268.6,268.0,
2025-07-27 13:56:49,120.72556833333331,32.013785,5.3,258.0,258.0,
2025-07-27 14:00:44,120.71871166666666,32.01241666666667,5.7,259.1,259.0,
2025-07-27 14:04:37,120.71156333333332,32.0114,5.7,262.3,262.0,
2025-07-27 14:07:37,120.70626666666666,32.010505,5.5,252.9,252.0,
2025-07-27 14:10:37,120.70139833333332,32.00928,4.7,257.7,257.0,
2025-07-27 14:13:49,120.69685333333334,32.00827,4.4,260.2,260.0,
2025-07-27 14:17:19,120.69217333333332,32.006825,4.4,245.2,245.0,
2025-07-27 14:20:19,120.68824833333332,32.00599,3.9,259.8,259.0,
2025-07-27 14:23:19,120.68451833333332,32.005175,3.9,254.9,254.0,
2025-07-27 14:26:31,120.68058166666668,32.00438333333334,3.8,256.4,256.0,
2025-07-27 14:29:31,120.67700666666668,32.00368666666667,3.7,257.5,257.0,
2025-07-27 14:32:33,120.67325166666669,32.00309,4.0,260.2,260.0,
2025-07-27 14:35:37,120.66926,32.00266333333333,4.0,264.9,264.0,
2025-07-27 14:39:04,120.66466,32.002098333333336,4.2,258.8,258.0,
2025-07-27 14:42:07,120.66050333333334,32.001378333333335,4.1,258.9,258.0,
2025-07-27 14:46:07,120.655305,32.000791666666665,3.9,261.9,261.0,
2025-07-27 14:49:37,120.65107,32.000526666666666,3.9,262.3,262.0,
2025-07-27 14:53:19,120.64653833333334,32.00000333333333,3.7,259.8,259.0,
2025-07-27 14:56:19,120.643105,31.999241666666663,3.7,258.3,258.0,
2025-07-27 15:01:07,120.63742166666668,31.99845333333333,3.6,267.8,267.0,
2025-07-27 15:04:37,120.633245,31.99885,3.8,276.6,276.0,
2025-07-27 15:08:37,120.62813666666666,31.998355,4.0,270.5,270.0,
2025-07-27 15:12:07,120.62340166666668,31.998701666666665,4.2,283.7,283.0,
2025-07-27 15:17:07,120.616705,32.000083333333336,4.2,282.8,282.0,
2025-07-27 15:20:08,120.61261333333331,32.000991666666664,4.3,286.0,286.0,
2025-07-27 15:24:49,120.60621,32.00197166666667,4.3,275.5,275.0,
2025-07-27 15:29:07,120.60049333333332,32.00326,4.2,285.6,285.0,
2025-07-27 15:32:37,120.59610666666669,32.004385,4.1,287.7,287.0,
2025-07-27 15:35:37,120.59228833333331,32.00550333333333,4.1,289.5,289.0,
2025-07-27 15:38:49,120.58831833333332,32.006838333333334,4.1,291.3,291.0,
2025-07-27 15:41:49,120.58448833333334,32.00799833333333,4.2,288.8,288.0,
2025-07-27 15:45:19,120.580045,32.00931333333333,4.0,289.0,289.0,
2025-07-27 15:48:37,120.57595666666668,32.010513333333336,4.0,291.4,291.0,
2025-07-27 15:51:37,120.57219833333332,32.01163,4.1,290.2,290.0,
2025-07-27 15:54:37,120.56845666666666,32.012675,3.9,289.2,289.0,
2025-07-27 15:57:37,120.56473166666666,32.01402,4.1,295.0,295.0,
2025-07-27 16:00:38,120.56109833333332,32.01547,4.1,297.1,297.0,
2025-07-27 16:05:38,120.55531166666668,32.01797333333333,3.9,298.2,298.0,
2025-07-27 16:11:08,120.54922,32.02061166666667,3.7,287.5,287.0,
2025-07-27 16:14:08,120.54569666666669,32.02149166666667,3.7,289.9,289.0,
2025-07-27 16:18:16,120.54155666666666,32.02381666666667,3.7,306.7,306.0,
2025-07-27 16:21:38,120.538,32.02498666666666,3.5,265.2,265.0,
2025-07-27 16:25:08,120.53367,32.024255,3.8,270.6,270.0,
2025-07-27 16:31:42,120.525605,32.02661166666667,4.1,289.1,289.0,
2025-07-27 16:35:08,120.52160166666668,32.02872166666667,4.3,309.8,309.0,
2025-07-27 16:38:08,120.51839,32.031011666666664,4.0,301.9,301.0,
2025-07-27 16:42:08,120.51340333333332,32.03267833333334,4.1,291.6,291.0,
2025-07-27 16:45:38,120.50908333333334,32.03434166666667,4.0,294.8,294.0,
2025-07-27 16:48:38,120.50554166666667,32.035898333333336,4.0,300.0,300.0,
2025-07-27 16:51:50,120.50170666666666,32.03689166666667,3.8,278.0,278.0,
2025-07-27 16:54:50,120.497895,32.037175,4.0,271.1,271.0,
2025-07-27 16:57:50,120.49402333333332,32.03733666666667,3.9,278.7,278.0,
2025-07-27 17:00:50,120.490285,32.03774333333333,3.9,277.6,277.0,
2025-07-27 17:04:02,120.486245,32.038066666666666,3.9,265.5,265.0,
2025-07-27 17:07:32,120.48188166666668,32.037888333333335,3.8,272.8,272.0,
2025-07-27 17:11:03,120.47752166666666,32.03802,3.9,268.1,268.0,
2025-07-27 17:14:13,120.47320833333332,32.037933333333335,4.2,265.4,265.0,
2025-07-27 17:18:16,120.467715,32.03723,4.3,261.7,261.0,
2025-07-27 17:22:08,120.46211166666669,32.03670666666667,4.6,261.6,261.0,
2025-07-27 17:25:38,120.45714833333334,32.03570666666667,4.5,253.1,253.0,
2025-07-27 17:28:50,120.45259666666666,32.034685,4.5,252.0,252.0,
2025-07-27 17:32:20,120.44824666666666,32.03174833333333,5.2,215.6,215.0,
2025-07-27 17:35:20,120.44601333333334,32.02788,5.1,208.7,208.0,
2025-07-27 17:39:03,120.44303833333332,32.02280833333333,5.5,191.1,191.0,
2025-07-27 17:42:32,120.44367333333334,32.01730833333333,5.8,166.6,166.0,
2025-07-27 17:45:32,120.44515833333334,32.01262666666667,5.9,164.4,164.0,
2025-07-27 17:47:32,120.44680666666666,32.00958333333333,6.2,151.2,151.0,
2025-07-27 17:50:18,120.44947166666668,32.00515333333333,6.6,154.4,154.0,
2025-07-27 17:53:38,120.4526,31.999765,6.3,158.8,158.0,
2025-07-27 17:55:38,120.45325833333334,31.996416666666665,6.0,175.9,175.0,
2025-07-27 17:58:38,120.453235,31.991468333333334,6.1,185.6,185.0,
2025-07-27 18:00:50,120.45223,31.98795833333333,5.9,201.3,201.0,
2025-07-27 18:03:50,120.449555,31.983543333333333,6.0,206.6,206.0,
2025-07-27 18:05:50,120.44773666666669,31.98065833333333,6.0,212.0,212.0,
2025-07-27 18:09:20,120.44325,31.97648333333333,5.4,223.5,223.0,
2025-07-27 18:12:32,120.441075,31.974038333333333,2.3,219.7,219.0,
2025-07-27 18:15:32,120.43970666666668,31.97272,2.6,225.6,225.0,
2025-07-27 18:25:08,120.43785,31.97131333333333,0.1,352.8,352.0,
2025-07-27 18:55:34,120.43785,31.971298333333333,0.2,173.3,173.0,
2025-07-27 19:27:58,120.43789666666666,31.971306666666667,0.1,55.6,55.0,
2025-07-27 19:58:45,120.437865,31.97132833333333,0.0,163.6,163.0,
2025-07-27 20:30:44,120.43788666666669,31.971318333333333,0.2,23.4,23.0,
2025-07-27 21:04:43,120.43787666666668,31.971291666666666,0.2,150.9,150.0,
2025-07-27 21:34:44,120.43786333333334,31.97132,0.2,235.4,235.0,
2025-07-27 22:09:44,120.43785333333334,31.97132333333333,0.1,21.5,21.0,
2025-07-27 22:41:50,120.43787833333332,31.971306666666667,0.1,7.3,7.0,
2025-07-27 23:16:44,120.43787166666668,31.971316666666667,0.0,206.6,206.0,
2025-07-27 23:26:24,120.43672666666669,31.971531666666667,3.6,259.6,259.0,
2025-07-27 23:29:24,120.431065,31.9707,6.8,261.1,261.0,
2025-07-27 23:31:25,120.42645333333331,31.970161666666662,7.2,267.5,267.0,
2025-07-27 23:33:25,120.42178,31.970251666666663,7.3,271.0,271.0,
2025-07-27 23:35:25,120.416965,31.97038833333333,7.3,273.2,273.0,
2025-07-27 23:37:36,120.411735,31.970725,7.3,276.6,276.0,
2025-07-27 23:39:36,120.40706333333334,31.971056666666662,7.2,272.0,272.0,
2025-07-27 23:42:06,120.4012,31.971195,7.1,274.2,274.0,
2025-07-27 23:45:07,120.39410666666669,31.97115833333333,7.2,265.7,265.0,
2025-07-27 23:47:07,120.38943333333332,31.97092,7.3,267.0,267.0,
2025-07-27 23:49:08,120.38473166666668,31.970805,7.2,267.0,267.0,
2025-07-27 23:51:08,120.38013333333332,31.97044333333333,7.0,263.3,263.0,
2025-07-27 23:53:08,120.37550166666666,31.97007,7.0,264.0,264.0,
2025-07-27 23:55:19,120.370545,31.969401666666663,7.0,257.0,257.0,
2025-07-27 23:57:19,120.366045,31.96881,6.9,260.6,260.0,
2025-07-27 23:59:19,120.36154333333332,31.968035,7.0,257.5,257.0,
2025-07-28 00:02:28,120.35455333333331,31.966631666666668,6.9,257.6,257.0,
2025-07-28 00:04:37,120.3499,31.965633333333333,6.8,255.7,255.0,
2025-07-28 00:09:08,120.34025,31.963753333333333,6.6,262.4,262.0,
2025-07-28 00:11:08,120.33612333333332,31.962941666666666,6.4,251.1,251.0,
2025-07-28 00:13:49,120.33070666666669,31.96166833333333,6.4,261.7,261.0,
2025-07-28 00:15:49,120.3265,31.961455,6.4,265.2,265.0,
2025-07-28 00:18:19,120.32100833333334,31.961301666666667,7.0,272.3,272.0,
2025-07-28 00:20:19,120.31637166666668,31.961883333333333,7.2,285.4,285.0,
2025-07-28 00:22:49,120.31150666666667,31.96412833333333,6.8,302.3,302.0,
2025-07-28 00:25:07,120.30705666666668,31.96642,6.9,299.0,299.0,
2025-07-28 00:28:07,120.30141166666668,31.96645,5.7,246.5,246.0,
2025-07-28 00:31:07,120.296325,31.964121666666667,5.9,245.3,245.0,
2025-07-28 00:34:07,120.291345,31.961706666666668,5.9,239.5,239.0,
2025-07-28 00:39:07,120.28382833333332,31.95746833333333,5.4,233.6,233.0,
2025-07-28 00:45:26,120.27476166666666,31.95236,5.1,241.7,241.0,
2025-07-28 00:48:37,120.27031166666669,31.949991666666666,5.1,242.4,242.0,
2025-07-28 00:51:37,120.26555,31.948345,5.2,248.2,248.0,
2025-07-28 00:54:37,120.26097666666666,31.94662333333333,5.0,246.3,246.0,
2025-07-28 00:57:49,120.25608833333334,31.945208333333333,4.8,251.8,251.0,
2025-07-28 01:01:07,120.25121166666666,31.94408,4.6,256.6,256.0,
2025-07-28 01:05:58,120.24403833333334,31.94245,4.8,251.1,251.0,
2025-07-28 01:09:07,120.23923166666668,31.941435,4.8,256.5,256.0,
2025-07-28 01:12:26,120.234225,31.9405,4.7,263.3,263.0,
2025-07-28 01:16:07,120.22863833333334,31.941151666666663,4.7,281.6,281.0,
2025-07-28 01:19:07,120.22422166666666,31.941695,4.1,279.1,279.0,
2025-07-28 01:22:07,120.220635,31.941966666666666,3.4,267.8,267.0,
2025-07-28 01:26:07,120.21598166666666,31.94221333333333,4.0,269.2,269.0,
2025-07-28 01:32:08,120.20714,31.942215,4.6,276.5,276.0,
2025-07-28 01:35:49,120.201155,31.94232833333333,5.3,265.7,265.0,
2025-07-28 01:42:19,120.19048166666668,31.94301833333333,4.6,278.7,278.0,
2025-07-28 01:59:08,120.16525166666666,31.946138333333334,4.5,281.1,281.0,
2025-07-28 02:02:51,120.15981666666669,31.946755,4.6,273.6,273.0,
2025-07-28 02:06:49,120.1539,31.94752666666667,4.5,284.4,284.0,
2025-07-28 02:09:49,120.14960666666668,31.948353333333333,4.6,284.1,284.0,
2025-07-28 02:13:11,120.14464333333332,31.94941,5.1,282.4,282.0,
2025-07-28 02:16:37,120.138895,31.950796666666665,5.4,286.2,286.0,
2025-07-28 02:19:37,120.1341,31.95172833333333,4.8,284.6,284.0,
2025-07-28 02:22:38,120.12956333333334,31.952625,4.8,284.0,284.0,
2025-07-28 02:26:34,120.12362333333331,31.953993333333333,4.8,284.7,284.0,
2025-07-28 02:29:37,120.11902833333332,31.955031666666667,4.7,285.8,285.0,
2025-07-28 02:32:37,120.11467833333332,31.95583333333333,4.6,280.6,280.0,
2025-07-28 02:36:07,120.10959666666666,31.956768333333333,4.5,288.3,288.0,
2025-07-28 02:39:37,120.10479333333332,31.95813,4.5,286.6,286.0,
2025-07-28 02:42:37,120.10064833333334,31.95896,4.3,286.3,286.0,
2025-07-28 02:46:07,120.09577333333333,31.95964333333333,4.4,276.8,276.0,
2025-07-28 02:49:08,120.09150166666667,31.96025833333333,4.4,278.3,278.0,
2025-07-28 02:52:08,120.08713,31.96048833333333,4.5,272.3,272.0,
2025-07-28 02:55:19,120.08233166666666,31.96072,4.5,279.2,279.0,
2025-07-28 02:58:19,120.07826333333334,31.961106666666662,4.0,270.7,270.0,
2025-07-28 03:01:20,120.07421333333332,31.961836666666667,4.6,288.9,288.0,
2025-07-28 03:04:31,120.06969666666669,31.96328,4.6,291.4,291.0,
2025-07-28 03:07:31,120.06580666666666,31.964891666666663,4.2,293.6,293.0,
2025-07-28 03:10:31,120.06183,31.96605333333333,4.4,285.6,285.0,
2025-07-28 03:13:31,120.05771,31.967268333333333,4.5,290.9,290.0,
2025-07-28 03:16:43,120.05325166666668,31.968525,4.6,286.1,286.0,
2025-07-28 03:19:43,120.04879833333334,31.969446666666663,4.6,282.6,282.0,
2025-07-28 03:23:43,120.04298666666666,31.970828333333333,4.7,285.9,285.0,
2025-07-28 03:26:55,120.038445,31.97199833333333,4.6,289.5,289.0,
2025-07-28 03:29:55,120.03429,31.97324833333333,4.4,289.3,289.0,
2025-07-28 03:32:55,120.03022666666666,31.974388333333334,4.4,289.4,289.0,
2025-07-28 03:36:07,120.02605333333334,31.975905,4.4,296.7,296.0,
2025-07-28 03:39:07,120.02247833333334,31.97777,4.2,305.1,305.0,
2025-07-28 03:42:37,120.01844333333334,31.98018,4.4,309.4,309.0,
2025-07-28 03:45:38,120.01489,31.982271666666666,4.5,304.5,304.0,
2025-07-28 03:48:38,120.01144166666668,31.98458,4.5,309.1,309.0,
2025-07-28 03:51:49,120.00776833333332,31.987105,4.6,308.6,308.0,
2025-07-28 03:54:49,120.003835,31.988921666666663,4.7,292.6,292.0,
2025-07-28 03:57:54,120.00161833333334,31.98963,4.7,292.3,292.0,
2025-07-28 04:01:16,119.997905,31.991668333333333,4.5,307.3,307.0,
2025-07-28 04:04:37,119.99189666666666,31.99542,4.2,307.8,307.0,
2025-07-28 04:07:37,119.98851666666668,31.997485,4.2,303.6,303.0,
2025-07-28 04:10:38,119.98524666666668,31.999596666666665,4.0,312.6,312.0,
2025-07-28 04:13:49,119.9823,32.001823333333334,3.8,301.9,301.0,
2025-07-28 04:16:49,119.97937333333331,32.003688333333336,3.7,314.2,314.0,
2025-07-28 04:20:19,119.976015,32.00588666666667,3.7,303.8,303.0,
2025-07-28 04:23:37,119.97276666666669,32.008026666666666,3.7,310.4,310.0,
2025-07-28 04:27:18,119.96919166666666,32.010493333333336,3.8,309.0,309.0,
2025-07-28 04:31:07,119.96549833333331,32.013176666666666,3.9,310.1,310.0,
2025-07-28 04:34:37,119.96246833333332,32.016398333333335,4.8,325.6,325.0,
2025-07-28 04:38:19,119.96202333333332,32.016981666666666,4.8,327.0,327.0,
2025-07-28 04:41:19,119.95733666666666,32.023133333333334,3.9,336.2,336.0,
2025-07-28 04:44:19,119.9556,32.02603833333333,3.8,330.5,330.0,
2025-07-28 04:47:19,119.95383,32.028848333333336,3.9,330.9,330.0,
2025-07-28 04:50:37,119.95183666666668,32.0319,3.8,336.9,336.0,
2025-07-28 04:53:37,119.950165,32.03476833333333,3.9,332.8,332.0,
2025-07-28 04:56:38,119.94824833333334,32.037645,4.0,329.2,329.0,
2025-07-28 05:00:19,119.94536166666668,32.04107166666667,4.1,327.2,327.0,
2025-07-28 05:04:19,119.942725,32.045093333333334,4.1,338.7,338.0,
2025-07-28 05:07:50,119.94084166666669,32.048921666666665,4.6,335.3,335.0,
2025-07-28 05:11:37,119.93864666666668,32.05343833333333,4.6,339.8,339.0,
2025-07-28 05:14:37,119.93720666666668,32.05683833333333,4.2,343.0,343.0,
2025-07-28 05:17:43,119.936655,32.05849333333333,4.1,344.9,344.0,
2025-07-28 05:20:49,119.93446333333333,32.063625,4.2,333.8,333.0,
2025-07-28 05:24:07,119.93300833333332,32.06725,4.1,342.8,342.0,
2025-07-28 05:27:37,119.931625,32.07103333333333,4.0,343.3,343.0,
2025-07-28 05:31:08,119.93025333333334,32.07482,4.1,344.9,344.0,
2025-07-28 05:34:15,119.92970333333334,32.07669333333333,4.1,346.4,346.0,
2025-07-28 05:37:20,119.927695,32.08164166666667,4.6,338.7,338.0,
2025-07-28 05:40:20,119.92633333333332,32.08546333333334,5.0,345.4,345.0,
2025-07-28 05:43:24,119.92551,32.08812666666667,5.0,348.2,348.0,
2025-07-28 05:46:31,119.92421166666666,32.09386166666667,5.0,344.1,344.0,
2025-07-28 05:49:32,119.92314833333332,32.09806833333333,5.2,348.0,348.0,
2025-07-28 05:53:23,119.92256666666668,32.10108666666667,5.3,353.7,353.0,
2025-07-28 05:56:30,119.92228,32.10478,5.4,355.6,355.0,
2025-07-28 06:00:08,119.920065,32.11355666666667,5.4,343.0,343.0,
2025-07-28 06:03:37,119.918045,32.11840333333333,5.2,341.5,341.0,
2025-07-28 06:06:37,119.91661333333332,32.12260833333333,5.3,340.6,340.0,
2025-07-28 06:09:38,119.91490333333331,32.12673,5.2,341.5,341.0,
2025-07-28 06:12:40,119.91442833333332,32.12808,5.0,344.4,344.0,
2025-07-28 06:16:49,119.91362666666669,32.136163333333336,4.7,346.4,346.0,
2025-07-28 06:19:49,119.912315,32.13981166666667,4.5,343.8,343.0,
2025-07-28 06:23:01,119.91134833333334,32.143575,4.2,354.0,354.0,
2025-07-28 06:26:01,119.91095,32.14714333333333,4.4,357.7,357.0,
2025-07-28 06:29:16,119.91090166666666,32.148338333333335,4.3,356.2,356.0,
2025-07-28 06:32:43,119.9092,32.155295,4.6,344.1,344.0,
2025-07-28 06:35:48,119.9092,32.155295,4.6,344.1,344.0,
2025-07-28 06:38:52,119.90832666666668,32.16139166666667,4.1,1.1,1.0,
2025-07-28 06:42:25,119.90620666666666,32.166775,4.3,335.6,335.0,
2025-07-28 06:45:25,119.90529666666669,32.17025,4.2,351.4,351.0,
2025-07-28 06:48:28,119.90521666666666,32.172585,4.1,1.7,1.0,
2025-07-28 06:51:55,119.90516666666667,32.17794,4.5,354.9,354.0,
2025-07-28 06:55:06,119.90492166666668,32.17937333333333,4.5,352.0,352.0,
2025-07-28 06:58:08,119.90401666666666,32.18545833333334,4.4,355.6,355.0,
2025-07-28 07:01:08,119.90347333333334,32.18908166666667,4.4,353.5,353.0,
2025-07-28 07:04:34,119.90337666666667,32.19024,4.5,356.1,356.0,
2025-07-28 07:08:20,119.90224666666668,32.19847166666667,5.1,345.5,345.0,
2025-07-28 07:12:17,119.90126833333332,32.201116666666664,4.9,344.0,344.0,
2025-07-28 07:15:20,119.89874833333332,32.20703833333334,4.3,343.4,343.0,
2025-07-28 07:18:29,119.89832833333334,32.20841166666667,4.1,346.0,346.0,
2025-07-28 07:21:31,119.89668333333331,32.213921666666664,4.1,354.6,354.0,
2025-07-28 07:25:01,119.89635,32.21793666666667,4.4,350.4,350.0,
2025-07-28 07:28:44,119.89598166666669,32.21935666666667,4.4,349.1,349.0,
2025-07-28 07:32:08,119.89356333333332,32.22631333333333,4.6,337.5,337.0,
2025-07-28 07:35:08,119.89176833333332,32.229906666666665,4.6,335.2,335.0,
2025-07-28 07:38:08,119.89006333333332,32.233385,4.4,333.1,333.0,
2025-07-28 07:41:19,119.88860666666666,32.237021666666664,4.4,342.8,342.0,
2025-07-28 10:56:49,119.67620833333334,32.23894666666666,7.1,196.4,196.0,
2025-07-28 10:58:50,119.67488,32.23502166666667,7.4,195.8,195.0,
2025-07-28 11:00:50,119.67346166666668,32.231055,7.6,196.6,196.0,
2025-07-28 11:02:50,119.67163666666669,32.22707833333333,7.6,206.0,206.0,
2025-07-28 11:05:32,119.66879,32.22213166666667,7.1,211.4,211.0,
2025-07-28 11:08:38,119.664635,32.21735666666667,6.9,219.3,219.0,
2025-07-28 11:11:08,119.66085833333334,32.213593333333336,7.1,222.5,222.0,
2025-07-28 11:13:08,119.65763166666666,32.21071833333333,7.2,224.9,224.0,
2025-07-28 11:15:08,119.65411,32.208133333333336,7.1,231.4,231.0,
2025-07-28 11:17:08,119.65049666666668,32.205641666666665,7.1,231.2,231.0,
2025-07-28 11:19:50,119.645235,32.20288166666667,7.1,242.9,242.0,
2025-07-28 11:21:50,119.64108,32.201095,7.0,243.1,243.0,
2025-07-28 11:24:20,119.63585833333332,32.19911666666667,6.9,247.0,247.0,
2025-07-28 11:26:20,119.63157,32.19775666666666,6.9,253.7,253.0,
2025-07-28 11:28:31,119.62662,32.19681666666666,7.0,258.3,258.0,
2025-07-28 11:30:31,119.62217833333334,32.195945,6.9,253.5,253.0,
2025-07-28 11:32:31,119.61787833333334,32.19472,7.0,254.9,254.0,
2025-07-28 11:34:31,119.61334666666669,32.194028333333335,6.9,260.6,260.0,
2025-07-28 11:36:33,119.60885666666668,32.193465,6.9,260.5,260.0,
2025-07-28 11:39:49,119.60160166666668,32.19251,6.5,259.0,259.0,
2025-07-28 11:42:08,119.59694166666668,32.19179,6.1,261.1,261.0,
2025-07-28 11:44:08,119.592835,32.19139833333333,6.5,263.8,263.0,
2025-07-28 11:46:08,119.58846333333334,32.19103666666667,6.8,264.6,264.0,
2025-07-28 11:48:08,119.584,32.19063333333333,6.8,266.5,266.0,
2025-07-28 11:50:08,119.579505,32.190583333333336,7.0,269.2,269.0,
2025-07-28 11:52:19,119.57453333333332,32.19063166666667,6.9,271.8,271.0,
2025-07-28 11:54:49,119.56900333333331,32.19135166666667,6.9,292.3,292.0,
2025-07-28 11:56:49,119.56483,32.19328,7.4,299.7,299.0,
2025-07-28 11:58:50,119.560745,32.19562166666667,7.5,303.9,303.0,
2025-07-28 12:01:00,119.556975,32.19796,5.6,311.7,311.0,
2025-07-28 12:04:30,119.55321333333332,32.20155166666667,4.8,320.9,320.0,
2025-07-28 12:07:31,119.55169833333332,32.205996666666664,6.6,352.8,352.0,
2025-07-28 12:09:31,119.55120333333332,32.209795,7.0,355.7,355.0,
2025-07-28 12:13:07,119.55090666666666,32.21702333333333,7.4,359.6,359.0,
2025-07-28 12:15:07,119.55106166666668,32.22105333333333,7.0,1.9,1.0,
2025-07-28 12:17:07,119.55083,32.22470333333333,6.4,350.0,350.0,
2025-07-28 12:19:07,119.54980833333332,32.228165,6.4,343.7,343.0,
2025-07-28 12:21:07,119.54830166666666,32.23153666666666,6.5,337.1,337.0,
2025-07-28 12:23:48,119.54550166666668,32.23564,6.5,320.9,320.0,
2025-07-28 12:25:48,119.542735,32.238438333333335,6.7,317.8,317.0,
2025-07-28 13:48:49,119.39354333333333,32.23770666666667,6.5,218.5,218.0,
2025-07-28 13:50:49,119.39099833333331,32.234806666666664,6.4,215.6,215.0,
2025-07-28 13:53:19,119.38797833333334,32.231215,6.1,216.2,216.0,
2025-07-28 13:55:30,119.38547666666666,32.228271666666664,5.9,215.9,215.0,
2025-07-28 13:57:30,119.38326666666669,32.225485,5.6,215.1,215.0,
2025-07-28 14:01:00,119.37904333333331,32.22222,5.7,233.1,233.0,
2025-07-28 14:03:01,119.37574833333332,32.22020833333333,6.5,232.2,232.0,
2025-07-28 14:05:12,119.372165,32.21721,7.3,220.5,220.0,
2025-07-28 14:07:12,119.36897833333332,32.21426833333334,7.1,221.6,221.0,
2025-07-28 14:09:12,119.366075,32.21144666666667,6.7,219.8,219.0,
2025-07-28 14:11:13,119.36316333333332,32.208843333333334,6.4,225.9,225.0,
2025-07-28 14:13:13,119.36007666666669,32.206536666666665,6.3,229.6,229.0,
2025-07-28 14:15:24,119.35654666666667,32.2044,6.0,238.9,238.0,
2025-07-28 14:17:24,119.35320166666666,32.20274,6.0,238.5,238.0,
2025-07-28 14:20:24,119.34818,32.20054833333333,5.8,242.7,242.0,
2025-07-28 14:23:24,119.34333,32.198191666666666,5.6,247.1,247.0,
2025-07-28 14:26:36,119.33775333333334,32.196976666666664,5.5,256.9,256.0,
2025-07-28 14:29:36,119.33226666666668,32.195985,5.8,259.5,259.0,
2025-07-28 14:32:36,119.32657833333332,32.19537166666667,5.9,268.0,268.0,
2025-07-28 14:35:47,119.320465,32.194775,5.9,263.2,263.0,
2025-07-28 14:38:48,119.31474833333333,32.19457666666667,5.8,267.5,267.0,
2025-07-28 14:41:18,119.30994,32.19428166666667,6.0,262.6,262.0,
2025-07-28 14:45:07,119.30255666666666,32.19416,5.8,268.9,268.0,
2025-07-28 14:48:37,119.295885,32.193778333333334,5.8,267.2,267.0,
2025-07-28 14:51:37,119.29024333333334,32.19413333333333,5.7,277.9,277.0,
2025-07-28 14:54:37,119.284585,32.19497833333333,5.9,285.9,285.0,
2025-07-28 14:57:37,119.27908833333332,32.19635666666667,5.9,288.0,288.0,
2025-07-28 15:00:19,119.27427333333333,32.198325,6.1,296.9,296.0,
2025-07-28 15:02:49,119.26966666666668,32.20019833333333,6.1,298.0,298.0,
2025-07-28 15:04:49,119.26627333333332,32.201951666666666,6.1,302.3,302.0,
2025-07-28 15:06:49,119.26276666666666,32.203633333333336,6.0,298.7,298.0,
2025-07-28 15:09:19,119.258545,32.20576,6.1,302.2,302.0,
2025-07-28 15:11:30,119.254855,32.207753333333336,6.0,301.6,301.0,
2025-07-28 15:14:07,119.25049166666666,32.21019,6.1,304.5,304.0,
2025-07-28 15:17:07,119.24550666666669,32.212916666666665,6.0,301.9,301.0,
2025-07-28 15:19:07,119.24206666666667,32.21463833333333,6.1,298.7,298.0,
2025-07-28 15:21:07,119.23867,32.216411666666666,6.2,302.4,302.0,
2025-07-28 15:23:07,119.23539333333332,32.21850666666667,6.2,312.5,312.0,
2025-07-28 15:26:07,119.23092833333334,32.22170666666667,5.8,309.5,309.0,
2025-07-28 15:29:19,119.22638666666668,32.22497833333333,5.7,312.5,312.0,
2025-07-28 15:32:49,119.221525,32.228568333333335,5.5,303.2,303.0,
2025-07-28 15:35:49,119.21669833333333,32.230491666666666,5.4,294.0,294.0,
2025-07-28 15:39:31,119.211585,32.233685,5.1,307.7,307.0,
2025-07-28 15:42:59,119.20652166666666,32.235868333333336,5.1,293.7,293.0,
2025-07-28 15:46:07,119.20149833333332,32.23735,5.1,289.9,289.0,
2025-07-28 15:49:07,119.19690666666666,32.23900833333333,5.1,289.6,289.0,
